epoch,train_loss,val_loss
1,0.9643734668044005,0.9756624372774897
2,0.9300794108800915,0.9445403626766374
3,0.8993200588856307,0.916778768223567
4,0.8693653090943726,0.8891340195671691
5,0.8421114311737975,0.8645121235639224
6,0.816524114084486,0.8424435694955015
7,0.7924807270005745,0.8213335470072911
8,0.7693085947448395,0.8017384042264328
9,0.7486094893059451,0.7837275865132596
10,0.7295131128034056,0.7674020339119157
11,0.7107470471305208,0.7522127857242862
12,0.6926416325125144,0.7357492962916906
13,0.6771739583420886,0.7240261975866144
14,0.6612978911781136,0.7103418793819484
15,0.6474120685381797,0.6984703620390829
16,0.6335864032463188,0.6869452039777991
17,0.6206974151952013,0.6763937950373361
18,0.6081584383984538,0.667762563050985
19,0.5954023063411702,0.6581645733185261
20,0.5841261014873493,0.6495684203166583
21,0.5734852944762062,0.6408463242866107
22,0.5626072735442251,0.6328214266216778
23,0.5526100201551347,0.6252313178462789
24,0.5436632697556862,0.6184777600657313
25,0.534600842489576,0.612237384211934
26,0.525828102554783,0.6058435232704845
27,0.5177464956667966,0.600176670520455
28,0.5096462891077488,0.5947431463755265
29,0.5022635664518732,0.5900747304267558
30,0.49464383168108433,0.5838490935297698
31,0.4875533127694932,0.5790250919174953
32,0.48086938356227343,0.5744800343677612
33,0.4741905766502738,0.5706741924833156
34,0.4681958648628126,0.5668505535407624
35,0.46254496021764874,0.5628042913377133
36,0.4562348222874071,0.5587164582002409
37,0.45062363890976453,0.555144456759741
38,0.4453229981864385,0.5515924372921889
39,0.4403042133142294,0.54853463965206
40,0.43533583946097426,0.5457453467745609
41,0.43054525625770007,0.5433454200845067
42,0.4261465462727648,0.5413549187543665
43,0.4215448132660328,0.5389150513638152
44,0.41685345193830764,0.5363859148503266
45,0.412238305341612,0.5338501912523882
46,0.4081955127765288,0.532093217169508
47,0.404225736228555,0.5304038141759659
48,0.4001997950850862,0.5281690776462992
49,0.3958468504984957,0.52594304116928
50,0.39138868604956284,0.5227004018420683
51,0.38716655924023036,0.5205435706049374
52,0.38349650902158516,0.5192457931406149
53,0.3798103841938681,0.5177098978656153
54,0.375978205386055,0.5160562558835831
55,0.37245706433962184,0.5139016078929025
56,0.3687623003946704,0.5124485712529739
57,0.3653123355629138,0.5105444568925948
58,0.3617134468997495,0.5084824898714648
59,0.3584724004248343,0.5069809735743855
60,0.35535935944103214,0.5056726052875303
61,0.3521471037063853,0.5040270594430754
62,0.3487404721980617,0.5022463104548438
63,0.34557800340864875,0.5008498031236722
64,0.34278534400618177,0.4995684409753251
65,0.33977602286561515,0.4984380976455292
66,0.336672798465352,0.4966538196980865
67,0.3337986423985343,0.49549155540489825
68,0.33109134156066194,0.4941857137216338
69,0.32823029202147397,0.4931518780513755
70,0.32570056698941374,0.4923317476701969
71,0.32313660777595665,0.4908360723234934
72,0.32064825212036524,0.48995434028830853
73,0.31797184485573965,0.48865834706588945
74,0.3151410039059172,0.486687029684561
75,0.31260163207985986,0.4855807162157373
76,0.31005494134331846,0.4850311765123105
77,0.307547166829752,0.4840371745408906
78,0.30512621795504247,0.48292907879774905
79,0.3026507074570562,0.48188485805474435
80,0.30013243873386675,0.4807102627790308
81,0.2979543154250457,0.4804912791093748
82,0.2957607628908662,0.47902708164501107
83,0.29339162924400997,0.477793579897385
84,0.29110662300473295,0.47690923391658585
85,0.2887145681429629,0.4759984367179303
86,0.2864903917069782,0.4748694178573946
87,0.2842171607296199,0.47369134798937934
88,0.2820360015360129,0.472524905226464
89,0.2798730091556153,0.47168803802283277
90,0.27779612240638074,0.4709168189414395
91,0.27571821997422763,0.47000636751325464
92,0.27372343542932337,0.4690974502014305
93,0.27177234037798303,0.4685904351228676
94,0.2697725093890273,0.46807888661518376
95,0.2677215962495466,0.46779082277991235
96,0.2656921254989425,0.46721602840470533
97,0.26369178554896056,0.4663382708446674
98,0.2617127894850509,0.4660649361587901
99,0.25981143587887007,0.4653402157275712
100,0.2577685366509688,0.46486071765140174
101,0.2559971838942916,0.46383974145278417
102,0.2541539535151856,0.46252975162788984
103,0.2521881982720166,0.46155625227909963
104,0.25037518421877536,0.46076967757885634
105,0.24871602967987827,0.4600897077300375
106,0.2470329962499439,0.45946308849142264
107,0.24528577386208517,0.4589721238700311
108,0.24362814772554736,0.4574180913773546
109,0.24201991387452623,0.45710601160243497
110,0.24037396305361822,0.4565400426949144
111,0.23866900005401018,0.45599713121348795
112,0.23699123462337482,0.4548651828197529
113,0.23523531847425172,0.4541965299627938
114,0.23359327627388843,0.45322069166302476
115,0.23193592502879315,0.45254668717815705
116,0.23020100331558432,0.45166768985718403
117,0.2286297204865764,0.45090245933525613
118,0.2269508985402396,0.45059926658916
119,0.22532398443545193,0.4497769793367979
120,0.22371663363213878,0.44937725545975477
121,0.2221333915070717,0.44891113975823155
122,0.22060699421996924,0.44801313107286456
123,0.21919090053996887,0.4475360722653093
124,0.21781492274163855,0.44706857442465575
125,0.2163111979454899,0.44667743225265877
126,0.2148058418351787,0.4458579609650456
127,0.213311270573134,0.4455794678497847
128,0.21183783721158073,0.4455627124272428
129,0.21041245808646464,0.44462123807219167
130,0.20899846363683652,0.44426819905995996
131,0.20765182696006765,0.44394099291920835
132,0.20619728560868258,0.44364418414506085
133,0.20484883834159404,0.44323757132167996
134,0.20349845387451462,0.4428429486308879
135,0.20216571159830862,0.44238338900524643
136,0.20094577409625253,0.4418010501914012
137,0.19957968040824164,0.4411157705114695
138,0.19825891727074968,0.4408617847576457
139,0.19696832651026822,0.44066605668562825
140,0.19576557882135395,0.4401103952118695
141,0.19452496904658867,0.4400610259994298
142,0.19328282423911927,0.4397318858039675
143,0.19190999984100174,0.43887539472333204
144,0.1906831686677299,0.438307389672622
145,0.18938776541595242,0.4380698386096219
146,0.1882583002313712,0.43786061102709045
147,0.1871369437658945,0.43756082983778866
148,0.1858678923365043,0.43695838227104783
149,0.18470431861088835,0.43647833653066775
150,0.18354257994092377,0.43588708798507964
151,0.18241188442244785,0.4353561382021903
152,0.18134469310378482,0.4354049325372944
153,0.1802360266501743,0.4349293645957804
154,0.17902164760978154,0.43426104551290917
155,0.1778555841619233,0.4339060184408933
156,0.1767087068596175,0.4333597823731431
157,0.17558597020544478,0.4331021571538139
158,0.1744854294414349,0.4328570955963178
159,0.1734300362651556,0.4328215571340211
160,0.17231004821923043,0.4323877339477129
161,0.17123472402369935,0.43221770414169264
162,0.1701216186478076,0.43216111532921436
163,0.16902158320545121,0.4321117400332928
164,0.16805260219333604,0.4320094291809626
165,0.1669750410414182,0.43155407059819706
166,0.16595359468088505,0.43154729546004394
167,0.16497336692225778,0.4313821636837031
168,0.1640600123637148,0.4315193139294349
169,0.16310741530017075,0.4314402869621191
170,0.1621558157078419,0.43155748022843154
171,0.16119702748153605,0.4313617547011705
172,0.16025615807487475,0.43100769470905176
173,0.1592926244896614,0.43048544383094406
174,0.15834060660734675,0.43025868460753897
175,0.15737439478104626,0.43021645799928687
176,0.15643387520415183,0.4299171825562438
177,0.15549019352869256,0.4297847050000224
178,0.15451590408820848,0.42951516135617984
179,0.15355338319518597,0.4294946107338859
180,0.1526309930985393,0.4290817207484811
181,0.15174341199787122,0.42875688291600533
182,0.15090872937523275,0.42846354922971097
183,0.15000107429423296,0.42801110971410805
184,0.14909526535123574,0.42768572769768065
185,0.14823467279399108,0.4273209312861521
186,0.14727824196499795,0.42690159213611434
187,0.14639229803522033,0.42637699394611417
188,0.1455537775683207,0.4263639421733708
189,0.14466885718767772,0.4260772611590661
190,0.14378712137726674,0.42606431564292935
191,0.14289618359142922,0.4259591014190168
192,0.14207955177964188,0.4257239644144343
193,0.14127076945883832,0.42568445638697794
194,0.14039816589549922,0.4253819915782369
195,0.13957685112771234,0.42544858139960134
196,0.13877000853150764,0.4253280333727972
197,0.13795790563440002,0.4250878988448098
198,0.13713779284815003,0.42492426628080865
199,0.1363690516027658,0.42443671732546656
200,0.1355828636019992,0.42418975780806906
201,0.13479097829441142,0.423914589216527
202,0.13404672794766648,0.42370518938065377
203,0.1333018801633236,0.42344308112166146
204,0.13251877021670674,0.4233793267217799
205,0.13176260142132493,0.42307304030004717
206,0.13097660038216832,0.4228645081616263
207,0.13021419446052093,0.4226525301597629
208,0.12948909274977868,0.42249458623060626
209,0.1288015598477907,0.42238632739233445
210,0.1281117218918888,0.42171381290706367
211,0.12735863596719202,0.4213947851478527
212,0.12662988924569352,0.4212798725029524
213,0.12591538172278405,0.42096812780961496
214,0.12519054352007508,0.42089782055607766
215,0.12449479113307524,0.4208076995203206
216,0.12377772209379083,0.4209227533875824
217,0.12298599740812645,0.4208644433089346
218,0.12227686129027655,0.42070485237831695
219,0.12156663844174058,0.4204903769796837
220,0.12082581241182334,0.4203388551998236
221,0.12017412870311178,0.42033498264030555
222,0.11955632057651315,0.42020083474474484
223,0.1188583253986954,0.4200271266629897
224,0.11823387469833581,0.41958761637356534
225,0.11758839256539509,0.4192533974273912
226,0.1169258403950936,0.41912078098508393
227,0.11627896389739478,0.4190791623976678
228,0.11556627705309046,0.41867057154802495
229,0.11491454924595881,0.41853359485510594
230,0.1142252244838146,0.4184676820160102
231,0.1135880815256484,0.41837287796159056
232,0.1129764547059108,0.4180805352441124
233,0.11236499958021683,0.4179958403578455
234,0.11172133601209998,0.41767522282642733
235,0.11111359446334448,0.4177463295825607
236,0.11053296984392322,0.41773305313883374
237,0.10987552182331002,0.41741321311319546
238,0.10928608704029542,0.4173644098442751
239,0.10868629632298919,0.41733323344955475
240,0.10812769301773853,0.4172828124100009
241,0.10755673759818542,0.41717140885017523
242,0.10697045959158358,0.4170917640297826
243,0.10630752101550842,0.41699129969510584
244,0.10571872233445631,0.4166277071969714
245,0.1051086976211523,0.4161471579826174
246,0.10455725486757017,0.4161468368939698
247,0.10398218211337268,0.4160563588237676
248,0.1034509070008769,0.4158189549213017
249,0.10288706860061934,0.41569155705825905
250,0.10232792227153181,0.41574427933837343
251,0.10173219394514667,0.4156033668590052
252,0.10114938648366893,0.4150484747900429
253,0.10058854322858152,0.4146995495091457
254,0.1000119995971685,0.4145338245878194
255,0.09947183445518909,0.4144419025787109
256,0.0989488241864117,0.4144143344126646
257,0.09839185299370957,0.4143027226187287
258,0.0978446359751971,0.4140224459443871
259,0.09732941112126615,0.41396698233618023
260,0.09679303380519408,0.4141196035394248
261,0.09630697902284327,0.414079663792402
262,0.09578342687418691,0.4139989734582266
263,0.09528415686044972,0.41384630405880224
264,0.09470461091038315,0.413750605186756
265,0.0941817043035224,0.4135181835199216
266,0.09367762990902075,0.4134491973459258
267,0.09316727413755928,0.4134224663822384
268,0.09266218627351955,0.41330587127750845
269,0.09217834708476813,0.41321096993336043
270,0.09169967888682462,0.4129110732345492
271,0.09124460473694904,0.413115722176736
272,0.09077283982615686,0.4127890917947246
273,0.09024851491663977,0.41256589047220893
274,0.08973429176565076,0.41223912654755895
275,0.08928406283837056,0.4122653824634182
276,0.08877389553201802,0.41214724111573003
277,0.08828288558377526,0.41226728370922133
278,0.08781021788409427,0.4122693227107273
279,0.08734102245838722,0.4122134571333322
280,0.08687080529619856,0.41231990640516525
281,0.0864240514621562,0.4121191614753264
282,0.08598094004668536,0.41188775084069973
283,0.08552368327152055,0.41172159831948857
284,0.0850559124053536,0.4117112897506679
285,0.08456957188701389,0.4114680656493813
286,0.08412293342361257,0.4113508132721922
287,0.08367944261239857,0.4112167102582299
288,0.0832310684486956,0.4111708531424908
289,0.08278685299388892,0.41117552227821913
290,0.08232886783210741,0.41105203350512903
291,0.08191567392145367,0.4109567164179294
292,0.08148256677441419,0.41060447926130456
293,0.08104619292247842,0.4103350840231487
294,0.08065552372937884,0.41021418023052536
295,0.08022589801386243,0.4102160095003814
296,0.07979195305746245,0.41000467667428064
297,0.07936013747979254,0.40984153454853484
298,0.07897264836359713,0.40970444493400093
299,0.07855453443711995,0.4096117593701251
300,0.07812183687451438,0.40946502366536275
301,0.0777103680276799,0.4094324756097111
302,0.07728476484496326,0.40949083219164256
303,0.07691895939935103,0.4095136322843277
304,0.07649072913307478,0.40933419250221564
305,0.07611762809407664,0.4092927684248672
306,0.07570415168270277,0.4092966643949205
307,0.07529912640542481,0.40909703257573904
308,0.07490980997209742,0.4090324706040347
309,0.07450659870673966,0.40900552077347213
310,0.07411491665810031,0.4089437411367842
311,0.07374802086006679,0.4089134181725109
312,0.07336539401452397,0.4088064332116989
313,0.07300656927652008,0.40875317660121147
314,0.0726243134828041,0.40863680387955154
315,0.07224143552894677,0.40859307726667227
316,0.07185188416993317,0.4085356165018989
317,0.07146654956006858,0.40845570656240776
318,0.07111468335605771,0.40855243669669883
319,0.07078499056941645,0.40833441220822947
320,0.07041092698277679,0.40798905841119615
321,0.07004064138340063,0.4080820900955386
322,0.06967266847083893,0.40803606783122615
323,0.0693360441965397,0.40798426724946574
324,0.06897159339803954,0.408066269402351
325,0.06862334383697954,0.40797811660266875
326,0.06824343788519766,0.4080521740359241
327,0.06787633143159709,0.4080336851063193
328,0.0675406541664886,0.40810816666574073
329,0.06715559501702792,0.4079526747755985
330,0.06680816998814446,0.40770036969322704
331,0.06645444627161405,0.40760106318149997
332,0.06609699656937841,0.4076008259074979
333,0.06574412274220738,0.40748356907999544
334,0.06542485042868601,0.40738979845385404
335,0.06510404140560787,0.40728518408286757
336,0.06477566130076683,0.4073267744996948
337,0.06443203548613985,0.40758730481860866
338,0.06411426862515798,0.40772291323835336
339,0.06380617403656388,0.40775186851373146
340,0.06347719302116717,0.40756622918461644
341,0.06315592626464274,0.4074016100507485
342,0.06284324335964278,0.40740828037250465
343,0.06251504828260478,0.4072955001834514
344,0.06220601584508752,0.4072061440623328
345,0.06190817624524024,0.40714143904329914
346,0.06160095491430049,0.4072711168016815
347,0.06126931014115392,0.40717622235819867
348,0.06094495515043729,0.4072117535361288
349,0.06063958640068043,0.4073899736859743
350,0.060348124703374265,0.40741223857085834
351,0.06003169578923777,0.4073283127627987
352,0.059729083858306734,0.40729153116441696
353,0.05939570902789564,0.40719197179901756
354,0.05913138292264015,0.40719807408795916
355,0.05881733320212289,0.40715081747718335
356,0.05853121607314907,0.40703621906543996
357,0.05823830843028788,0.40698072585849154
358,0.0579467788105913,0.40685849125871604
359,0.05762541008694954,0.406876865973243
360,0.057314340368113594,0.4068266263906129
361,0.05699857667159788,0.406858827201516
362,0.05669145936368895,0.4070067783710047
363,0.05640108089236355,0.407004630300703
364,0.05614082944535138,0.4069470594554025
365,0.05584672412588127,0.40692394981757035
366,0.055585651684220465,0.40685456039094664
367,0.055281338464050464,0.40693280331636267
368,0.055020464742503286,0.4068304210373935
369,0.05473834921665779,0.4066774870323976
370,0.0544449977798261,0.4066307549410295
371,0.05416852112012078,0.40655973929484435
372,0.05388773546865573,0.40656672777342545
373,0.053606091664122855,0.40659195534803305
374,0.05334423771858412,0.4065103673167139
375,0.05309722076277539,0.4064887351725571
376,0.052822291765390966,0.4063114370325883
377,0.05258835465461942,0.406329137353773
378,0.05233566512061794,0.40607289130372437
379,0.05209545426026011,0.40601008249112874
380,0.05183200325337978,0.40591372815556215
381,0.05157868818936981,0.40590265205357184
382,0.051337056623543896,0.405992941196364
383,0.05109873696173969,0.4059296663767238
384,0.05084769208597314,0.40592087273516236
385,0.05059172117923164,0.4057800872453917
386,0.05034651118251767,0.4056592586882139
387,0.0501030720498297,0.4056983491836709
388,0.049858327811743215,0.405552914624903
389,0.04960425265874567,0.40569494515382276
390,0.04934213976746589,0.4054572729430952
391,0.04909516738837347,0.4053327202109174
392,0.04882878919481841,0.40525490780604606
393,0.04858021561730956,0.4051685827512826
394,0.0483349553370732,0.4051685399540456
395,0.048085032415445816,0.40503033160514784
396,0.047840571384859844,0.40487705073173785
397,0.047608475245234295,0.40478733645382653
398,0.04737707732004663,0.4048671015159387
399,0.047135193816143714,0.4049448233333283
400,0.04689093884536718,0.40490375477429713
401,0.04666012240975319,0.4049227249108057
402,0.04641669733932277,0.4048621126567418
403,0.04617100562325434,0.40485999556585184
404,0.04595744515556024,0.4047025393891031
405,0.04573270202960131,0.4047620153644633
406,0.045508989843604096,0.4048432053706016
407,0.04525510438679037,0.4047417403793868
408,0.04502530095348289,0.4047080225601943
409,0.04480470161561172,0.40468499484485965
410,0.044598694701121815,0.4047254112950239
411,0.044387009459760464,0.4046790970969534
412,0.04415721672687263,0.40437592793831284
413,0.04392215663094964,0.4043690480857742
414,0.04369537804948461,0.40426783005211503
415,0.043474540957431966,0.4042728263061385
416,0.043266991661975354,0.4043233709328206
417,0.04306480497135429,0.40442078824187055
418,0.04285186564084158,0.4043514215763076
419,0.042641070372096315,0.4043686394344492
420,0.04242657953617217,0.404351149411562
421,0.04223484245866398,0.4043617742092664
422,0.042023155885057645,0.4041652197782249
423,0.04181011910657878,0.4041839453413811
424,0.041607232049349414,0.40415370136901996
425,0.04140436630277929,0.4042605399895516
426,0.04119442922651063,0.4041822921796594
427,0.041008072602844246,0.4040620995633518
428,0.04080069779713288,0.40402217094630904
429,0.04061865498604634,0.4039607722989246
430,0.040428286374399915,0.4039771402030651
431,0.04022417946911661,0.4038474059000391
432,0.04003195682793087,0.4037598646420716
433,0.0398343829512311,0.40373588244569597
434,0.03962121203113859,0.4036676733780991
435,0.03942345135920002,0.40369982463177206
436,0.039231853607384716,0.40367986954824936
437,0.03905249655188532,0.40365127944648715
438,0.038865234689752434,0.40353887377656683
439,0.03868428402125213,0.4036886646728642
440,0.038510813878911,0.4036895369750351
441,0.03831692820280468,0.40368921269841473
442,0.038129472465408466,0.40372090873598315
443,0.03794633974767418,0.4036368508084789
444,0.037758634130030055,0.4036751975995196
445,0.03759167434701216,0.4036157102796793
446,0.03741107970777665,0.4036474014640349
447,0.03723924269489893,0.4036646515104223
448,0.03706095298828393,0.4035083321898271
449,0.03688544948250334,0.403564704557788
450,0.03669778053901595,0.4035559857135761
451,0.03653304752556096,0.40359863101056265
452,0.036332706205338676,0.4034661245474338
453,0.036153771881871674,0.4033728109543002
454,0.0359754366206799,0.40325972304318364
455,0.035804088585936984,0.40321618911688584
456,0.03562847956972466,0.40323792501099764
457,0.03544665689112372,0.4030230122835193
458,0.035291269101798466,0.4029724841483943
459,0.03510857298424477,0.40286425965225564
460,0.03493675726835678,0.4028380031945515
461,0.03476951022007508,0.40275040227068076
462,0.03459234840808412,0.40279981300811324
463,0.03443032029645889,0.402744398938317
464,0.034274172707425755,0.40257653443682095
465,0.03411137898964686,0.40254159533150113
466,0.033936349715734386,0.40241981820804673
467,0.03377082392323336,0.4023660677103523
468,0.03360601033052569,0.4023729126546899
469,0.033442960953985613,0.40231389256255257
470,0.033288826774581295,0.4021925941270563
471,0.03311885611244045,0.40221571683681134
472,0.03296148403526779,0.4022092555468528
473,0.032793247083036554,0.4022367228337734
474,0.032654438118336425,0.40227793581712773
475,0.03247778586772173,0.4022180179777035
476,0.03231881000542556,0.4021873953729907
477,0.032145923289937296,0.402067596296573
478,0.031975523869582446,0.4020939746138448
479,0.0318075570821825,0.4021226939233196
480,0.031642528456834684,0.4021955595774014
481,0.03147983882784712,0.4022198297872209
482,0.031334143950164685,0.40223864012244503
483,0.03117880478905606,0.40232143096537115
484,0.031032027550003963,0.4023742157193167
485,0.030869103026222335,0.4024214376710875
486,0.03070915356841946,0.40232541998397064
487,0.030560892930433722,0.40232593849721826
488,0.030416015940570734,0.40222938804662306
489,0.030276435466259757,0.40216123366116535
490,0.030136976619786024,0.40214236129073877
491,0.029975968377477926,0.4020575626886643
492,0.02983966772120166,0.40191222544855126
493,0.02969538822588493,0.4018556574579685
494,0.029553351546379572,0.40181932146300786
495,0.029410003075656246,0.4017367067111229
496,0.029284098981915505,0.40174404788702245
497,0.029144080138571716,0.4018562912239434
498,0.02900349644583881,0.40173286624184046
499,0.028870554651450112,0.4017341104094342
500,0.028720187777037273,0.4016262676111122
501,0.028595035752067587,0.40165366983795314
502,0.028461628146694565,0.4015330287322298
503,0.0283295460659433,0.40155964522548104
504,0.028212798118953133,0.4015591514378514
505,0.02808226696243089,0.40156816047112764
506,0.027946023817379678,0.4015792759400757
507,0.027806648259238502,0.4016050264271549
508,0.027671777125892607,0.40156805562295067
509,0.027541019267568346,0.4014961697762282
510,0.027399184758963496,0.4014319568617885
511,0.02728096862779099,0.4014684387930415
512,0.02714793579019731,0.40141250781704096
513,0.027023887437902103,0.40144755602188176
514,0.026897961787887344,0.4014949018637819
515,0.026769009185195727,0.40138931997383254
516,0.026634639484672738,0.40141807780184746
517,0.026510290620419232,0.40148340321603443
518,0.026384406207519286,0.4014359584353358
519,0.02625269850777263,0.40148610492019626
520,0.02610840849370287,0.4013849931801087
521,0.025975949529971194,0.40142677755292827
522,0.025844993899000586,0.40144330379977566
523,0.025716521971106063,0.4014198895871502
524,0.02559590207393704,0.40132387400377934
525,0.025472269356881527,0.40129649375233156
526,0.025350392536608576,0.4012301475770534
527,0.02522742639130262,0.40127644558235853
528,0.025108595408488272,0.401132991254399
529,0.024993077351706004,0.4011002126993375
530,0.024878287264179663,0.40109229247308903
531,0.024760518978383862,0.40102199984524484
532,0.024644230354626075,0.40104903334288233
533,0.024535734982046316,0.40106233656198
534,0.024431143080731403,0.40106105054747193
535,0.02432443440787477,0.4010270730326726
536,0.024225526179906,0.4009267165310907
537,0.02411016766348336,0.4008424962492648
538,0.023989032759983733,0.4008324990586896
539,0.023885496360082744,0.40075446046226343
540,0.023767620069674263,0.40063387015054747
541,0.023657586357709263,0.40063675355735273
542,0.02354359827886712,0.40064304399610523
543,0.02343678243528619,0.40057707809030063
544,0.023337610130418848,0.4005808622177508
545,0.023230675089706113,0.40044354900955426
546,0.023117052972349096,0.40045541736074663
547,0.023006079350819476,0.40051379257574454
548,0.022903605305362257,0.4005994567701859
549,0.02279492683017489,0.40053255400738924
550,0.022692313400120193,0.4005269527516043
551,0.022594292584471178,0.4004857506553392
552,0.022488284689622304,0.4003944465242703
553,0.022388945561545276,0.4003870091752633
554,0.022272976969493433,0.4003986032245685
555,0.0221664781716916,0.40040969189543973
556,0.022063710877643316,0.4003334004032233
557,0.021964086311452802,0.4002976004108447
558,0.02186958430387089,0.40030796938760216
559,0.02177256267502112,0.400400770916439
560,0.021676644890267653,0.400353329305266
561,0.021572769394465393,0.40043001604078043
562,0.021461992914390892,0.4002420441320076
563,0.021358515480012844,0.4002380811269856
564,0.021249809087046816,0.4002887689271634
565,0.021152295500232215,0.40024706878060623
566,0.02105596558260149,0.40018167413672523
567,0.020967012247747913,0.40013362560999793
568,0.020868906318010715,0.4001654320378347
569,0.02076848067675606,0.400121329512233
570,0.02067065012956165,0.4002382591955182
571,0.020570631582007774,0.40019773256659374
572,0.020477887470384107,0.40011205890358675
573,0.02037956809179998,0.40015714947617975
574,0.02028161600376214,0.4001674035946327
575,0.020192727760632474,0.4001522983719399
576,0.020097201607798557,0.400089440839147
577,0.0200043864196256,0.40006960684164894
578,0.019907525928574525,0.4000767470444579
579,0.019806677567641744,0.40004348645182575
580,0.019722202003754085,0.4000118051928826
581,0.019622173580763298,0.4000724364199602
582,0.019525323599186212,0.40012175891680035
583,0.01944052656185962,0.40009712519152946
584,0.019342091152106056,0.40003978506830395
585,0.019257308441427555,0.39995510214023094
586,0.019174369672707584,0.39995797443692355
587,0.019079364627825127,0.39996659842716586
588,0.018992807208861925,0.39998985175225843
589,0.01891268482034093,0.3999225554359795
590,0.01881804090401432,0.3998757395981045
591,0.01873082977927509,0.39981037130081604
592,0.018649438789166858,0.3997384786979093
593,0.018568122671183532,0.3997531855793771
594,0.01847893396678857,0.3998352456353446
595,0.01840131315644291,0.3997574584410145
596,0.018313117473738094,0.39980012539032983
597,0.018219648138212415,0.39978500152581664
598,0.018140296165446643,0.39977785751067146
599,0.018053282443200293,0.3997371639693226
600,0.01797364150099334,0.39973045402602375
601,0.01788848778940673,0.39975116313418246
602,0.01780594975635224,0.39969213677384047
603,0.01772310323669651,0.39971456599171157
604,0.01764360922860462,0.3997600843982443
605,0.017548976519162665,0.3997067863332797
606,0.017473991070645085,0.39971944976306584
607,0.01739656403302052,0.399685281407146
608,0.01731285033299185,0.3996880979789937
609,0.017237962447496025,0.3996907321213441
610,0.017161890900881212,0.3996992516591702
611,0.01707959448585525,0.39971032882307406
612,0.017004950379460454,0.39968017965671304
613,0.016924542000685393,0.3996400274233081
614,0.016848320894073548,0.3996094953862539
615,0.016770176659112332,0.3996090346411689
616,0.016695810689727798,0.39959536338867757
617,0.016616068174744102,0.39959433045375303
618,0.016538879350462193,0.39959964167685214
619,0.016458200028750213,0.39947726817790236
620,0.016375473429068758,0.3994135003164867
621,0.016299121675266846,0.39936853342052414
622,0.01622130471841188,0.39928231493619654
623,0.016150336030396298,0.3992424906978001
624,0.01608427743134325,0.3992517548490626
625,0.016007536694012007,0.3992326585384899
626,0.01592948985977723,0.39916810185289126
627,0.015845160899600103,0.39910206970096557
628,0.015774435795528407,0.39924612236246393
629,0.01570259002183938,0.3992770848785303
630,0.015627177713559124,0.3993037988308343
631,0.0155572249019856,0.39932662287274384
632,0.015488954032492067,0.39927815187234406
633,0.015416532552079263,0.3993049844628496
634,0.015353327815122183,0.39931117180372033
635,0.015287770143269205,0.3993058662834149
636,0.015212671095654332,0.39926745933608415
637,0.015139536697471237,0.39925073421693474
638,0.015068385338598065,0.3992175931173736
639,0.015006980890881228,0.39914151911973395
640,0.014942036012656423,0.3991601802576975
641,0.014876293310256038,0.39919422409856165
642,0.01480294126032382,0.3991892881176396
643,0.014739449565169148,0.39918227148406416
644,0.0146715519731703,0.39921842886614284
645,0.014604016254251544,0.3992012089533125
646,0.014534491182889176,0.39926553663464837
647,0.014466659371502027,0.3991658607947148
648,0.01439438372007663,0.39907427401689577
649,0.014330326542197623,0.3989820753237709
650,0.014266141285836116,0.39899262856478795
651,0.014206560791301968,0.3990018713349072
652,0.014138696775199126,0.3989467415080096
653,0.014077321241654882,0.39890296888477
654,0.014020022993123783,0.39894461601451986
655,0.013961083537630769,0.398935960419466
656,0.013890948641098785,0.3989427620690576
657,0.013829253399754727,0.3989867562906672
658,0.013771085709537797,0.398968076620911
659,0.013710464114726982,0.39892686573583325
660,0.013640025237265168,0.39881910465715303
661,0.013574898410692687,0.3988019942491072
662,0.013511561268163254,0.3988380524152178
663,0.01345137270299508,0.398840574667274
664,0.01339010283946076,0.3988343164528652
665,0.013328497255443083,0.3987914212393606
666,0.013270935638678124,0.3988140975362206
667,0.01320777042481384,0.39884477070514207
668,0.013149705312595603,0.39890197523984566
669,0.013086233073351768,0.39891915747236345
670,0.01303214992832705,0.3989273265172749
671,0.012976597877401332,0.3989371746247065
672,0.012921704314502678,0.398849714724744
673,0.01286620489181212,0.39889911861079635
674,0.012811948476548598,0.3989233694370024
675,0.012752097119190233,0.39902344040437027
676,0.012693027211053936,0.39898937349150226
677,0.012633180460001683,0.39896203693000515
678,0.012576763002733062,0.39896062421385126
679,0.01252292540325543,0.3988127744376125
680,0.012469735000567798,0.398791338830575
681,0.012416382911146627,0.3987822900535085
682,0.012366253039865912,0.3987729583088207
683,0.012311843824176974,0.3987891284793805
684,0.012254011218951295,0.39883568539438485
685,0.012200726734823341,0.39881946964866327
686,0.012150471187829531,0.39872810724709457
687,0.012099350613103532,0.39868090932020617
688,0.012046493365938727,0.39871580210819213
689,0.011987059585402542,0.3987346477428692
690,0.011936456319977395,0.3987330381127005
691,0.011882873527879692,0.3987979904860472
692,0.01182952464891547,0.39881330600533954
693,0.01177814246968911,0.3987908999647611
694,0.011730578580103167,0.3987313392751739
695,0.011680165835705376,0.39870763739929754
696,0.01162662528994783,0.39865315939268925
697,0.011576243856297883,0.398562012817473
698,0.011524654600804518,0.3985636654701844
699,0.011473331190882787,0.3985094936256686
700,0.011428417058659669,0.3984298881323365
701,0.011381005338788447,0.39843965169546675
702,0.011335651639240085,0.39845152425754976
703,0.011281047686831617,0.39848451694959985
704,0.0112323757920769,0.398445600404286
705,0.011186336779315827,0.39843169465068845
706,0.011132318493024906,0.39845036262836303
707,0.01108056433138211,0.39846040415947775
708,0.011028485726872182,0.3984677892170847
709,0.010978176569729709,0.3983581996244148
710,0.01092408818472269,0.3982415461615753
711,0.010870237839713439,0.3982184843345456
712,0.010820029880172614,0.3981902955091795
713,0.010765452728334861,0.3981267909979149
714,0.010716542736376589,0.398070316073515
715,0.01066722633198198,0.397962544463522
716,0.01062513244007043,0.39795724589539255
717,0.010577168320444573,0.3979348200103106
718,0.010536114168083456,0.3978936013256008
719,0.010490620702405775,0.3978934908458492
720,0.010439683332008095,0.3978901850715886
721,0.01039628330412521,0.39789126736597613
722,0.010354122450961928,0.39790261704936253
723,0.010302821999887359,0.3979087299030803
724,0.010254914176474832,0.39791390769051055
725,0.010209903800397999,0.39783866033510445
726,0.010164177241601204,0.39793306877989276
727,0.01011996334344333,0.39796077310176386
728,0.01007918596776728,0.39796299456001055
729,0.010036263810776068,0.3979886634269198
730,0.009993417884724775,0.39799507797085304
731,0.009954142089828297,0.3979787307014657
732,0.009911143980530392,0.3979753455930108
733,0.009869521837488439,0.3979737882897648
734,0.009826740327282877,0.3979081554175698
735,0.009782555142600706,0.3978809974055278
736,0.009737154011180211,0.39787983748428546
737,0.009691756261300697,0.3979365997390192
738,0.009649863661722935,0.3979165786580782
739,0.009609569421742008,0.39791262574767894
740,0.009566069730959985,0.39791216012820835
741,0.009521290771341676,0.397854179698231
742,0.009480380489734633,0.39785296977597207
743,0.009437842848390743,0.3978140041366584
744,0.009395189897577224,0.3978331192029471
745,0.00935092921192047,0.39781126448003307
746,0.009304945117661277,0.39777631624169413
747,0.009261416859287153,0.39780084395375903
748,0.009221793863858047,0.39771627034218066
749,0.009178241830149364,0.39770537922534194
750,0.00913299853656245,0.39766957497311467
751,0.009094103877272566,0.3976554908343718
752,0.009053540503076178,0.39765092260162127
753,0.009008314866182858,0.3976008458449766
754,0.008970922980937712,0.3975923851674805
755,0.008927880389085412,0.3976317330640348
756,0.008888961723467115,0.39763747202537914
757,0.008848797370551515,0.3976223119170321
758,0.008810358719409508,0.3975939663808439
759,0.00877034946997489,0.39757900882917024
760,0.008735545645648502,0.39754154657675206
761,0.008695422469161386,0.39755073322499845
762,0.008654756311757801,0.3974734418832193
763,0.008615005405621207,0.39749912366371215
764,0.008575944208474554,0.3975055358897756
765,0.008539248218161726,0.39747903124690587
766,0.008502313776726179,0.39747304643198395
767,0.00846334747140364,0.3974425486456654
768,0.008420231280101017,0.3974394924431463
769,0.008381923299565691,0.39742588690719277
770,0.00834858420379276,0.397411180078618
771,0.008311148769220152,0.39747298888178506
772,0.008273181350762928,0.3973964539240095
773,0.008237260979446487,0.3973931682736072
774,0.008199679070076201,0.39739522493490403
775,0.008165034379022636,0.39735398135817085
776,0.00812726493114764,0.3972998595295097
777,0.008091777142411306,0.3972399263870359
778,0.008052871271080123,0.3972460219645804
779,0.00802044743174824,0.39723786963562613
780,0.007983267225942298,0.39720628926503687
781,0.00794964562148883,0.3971984221604059
782,0.00791886439240867,0.3971826467099514
783,0.0078826607757065,0.397165829983672
784,0.007844619519020959,0.3971501894991379
785,0.007810118619014936,0.39709437745288767
786,0.007777262594235172,0.39709329548634076
787,0.007742909010369274,0.39701574427859115
788,0.007711205336161361,0.3969907529099671
789,0.007680986134188072,0.39699395689166594
790,0.007642445013013853,0.39696950018070676
791,0.0076097818603329485,0.3969623895628034
792,0.007575703613629958,0.39696676371516226
793,0.007542831130155995,0.3969407816707895
794,0.007506945005244155,0.39697179931506976
795,0.007472871049729839,0.3969759755244253
796,0.007439978786790812,0.39705621769856847
797,0.007406346915821284,0.39708993077370786
798,0.007370200465491643,0.39707406290711245
799,0.007336696274977956,0.39712708460926527
800,0.007304044105029351,0.3971348841449424
801,0.007274833845149043,0.39711024640997683
802,0.0072396734941694635,0.39710557473789077
803,0.007210721402984138,0.3970555410906281
804,0.007175655280685444,0.39702863963340834
805,0.007147273314623559,0.3970298231834183
806,0.0071188567472580426,0.3970161230166588
807,0.007086297798177139,0.39700884976449646
808,0.007053741066823257,0.3970257818521973
809,0.007023095341522097,0.3970188156695263
810,0.006992635674335434,0.39702752838614164
811,0.006966313481293855,0.39700652577807544
812,0.0069386071368457355,0.39698122048829165
813,0.006911954146636929,0.39697541797618857
814,0.006881247842122809,0.39694012276719176
815,0.006850350967096534,0.3969558071330089
816,0.006819429961907743,0.3969141060890823
817,0.006789927052439305,0.3968482431145943
818,0.006759156326840065,0.39682390556991676
819,0.0067280420331871605,0.3968436442952269
820,0.006699300693804951,0.3968269820267563
821,0.006666691393583575,0.3968026838819445
822,0.006637975067808591,0.39680597275864227
823,0.0066095201725172486,0.39673465339431074
824,0.006580430708443278,0.39677695498826987
825,0.006551571002836647,0.39674343341609136
826,0.0065250904848396536,0.39671541128152144
827,0.006497860207739043,0.3966740788770518
828,0.006471501763168016,0.3966789346163751
829,0.006442328900199872,0.39674002906627875
830,0.006415747450257664,0.39671554078477683
831,0.006388402445820677,0.3967157420375042
832,0.006359706184573457,0.39677983857973875
833,0.006333752087223211,0.39676004623683564
834,0.006309455512985251,0.39676547857968275
835,0.006285237283741618,0.39679760291666344
836,0.006258925915940027,0.39676626812696175
837,0.006233033018482519,0.39674141595152757
838,0.006209643908674409,0.3967120075163396
839,0.006183533215684191,0.3966734746423778
840,0.006157088362564116,0.3966240048828724
841,0.006130840001769112,0.39662256805565527
842,0.006102732191928183,0.3965721829549506
843,0.006075229860854518,0.39657539318788265
844,0.006046448048728273,0.3965795797411739
845,0.006017769277463487,0.3965915484853483
846,0.005993861380770388,0.3965572221570146
847,0.005968275861835803,0.3965701727928513
848,0.005941669212248877,0.39656422920942547
849,0.005915718469324152,0.39659448076926757
850,0.00588910120607409,0.39658278319109147
851,0.005860834091365239,0.39654637250686875
852,0.005834767656489025,0.39652996118633044
853,0.00580850280296805,0.3965127357556432
854,0.005784396859234871,0.3964852220344841
855,0.0057582216835608485,0.39649228782180485
856,0.0057337126345617115,0.3964786560612489
857,0.005710472136357513,0.396503715158024
858,0.0056837085496487865,0.39647559194953125
859,0.005657254316711938,0.39647769745763106
860,0.005629864257315244,0.3964797013985149
861,0.005610129336720584,0.39647156830868663
862,0.0055820278215830575,0.3964183313808097
863,0.00555861470237974,0.39639474371827865
864,0.005533210383378102,0.39636857100176304
865,0.005509278405511264,0.39638315754473386
866,0.005483607638756976,0.3964147342429483
867,0.0054606281874301586,0.39642624345201094
868,0.005434963696260775,0.3964378778610291
869,0.005412183284460159,0.39647894291182706
870,0.005389079720853526,0.39646762559568793
871,0.005366423599659199,0.39645603128765255
872,0.005341934696628375,0.3965123368307261
873,0.005318713584702695,0.39653517185916165
874,0.005296040770806212,0.39653262608960227
875,0.005274180640222981,0.39654756460567203
876,0.00525139102171529,0.3965689577769559
877,0.005230100801847167,0.39654857519383063
878,0.005209976570545258,0.39655058275842875
879,0.005188108552898189,0.3965438838818849
880,0.005165336429248411,0.39648289987878543
881,0.005141755588776012,0.39647270237956045
882,0.005119107808935159,0.39645769230619177
883,0.005095348247101903,0.3964626171424505
884,0.005071283658009647,0.3964812413495918
885,0.0050501193245499135,0.396483048966296
886,0.005028139287980126,0.39651279309648324
887,0.005006834664720569,0.3965129749427962
888,0.0049836477758864696,0.3965312337283458
889,0.004961305818637761,0.3964979866369079
890,0.004938588058957298,0.3964848028605672
891,0.0049195270499026505,0.396498132304997
892,0.004897986385807204,0.39649759985344024
893,0.0048754873782389605,0.3964830558262371
894,0.004855560365663654,0.396482950757501
895,0.0048363208972330195,0.39648423177655556
896,0.0048164559268163275,0.39649803728929045
897,0.004797405356635686,0.39652009993051035
898,0.004778265478509102,0.3965064336146369
899,0.00475662584168497,0.39651178642540696
900,0.004735793967003048,0.3965097845993041
901,0.004715266518525838,0.39650117634381443
902,0.004692992004312698,0.39650414647370635
903,0.00467388646633335,0.396537006462202
904,0.004651396339684124,0.39650815896194935
905,0.004632316543979548,0.396536363009677
906,0.004612316519027061,0.3965005383340034
907,0.004592607480805114,0.39651413874397956
908,0.004574038557763769,0.3964867283440719
909,0.0045543428443166846,0.3964758600939899
910,0.0045342573121572045,0.3964812664613971
911,0.004516541761785835,0.3964730745022141
912,0.004498222385070124,0.39647490886008174
913,0.0044797408277322676,0.3964557449845432
914,0.004459746214162734,0.3964456110375145
915,0.004440575004265292,0.3964063706256107
916,0.0044198052092104066,0.396421892741889
917,0.004401519236723246,0.39641250267187905
918,0.004383511773337452,0.39636723821031916
919,0.004361782006385357,0.39635663198536625
920,0.004343666101877968,0.3963436652004256
921,0.004325819715676802,0.39635403625654436
922,0.004307067058589533,0.3963790029113812
923,0.004288097629239913,0.39635487496303423
924,0.0042701819029736035,0.39637477131010956
925,0.0042508897857096994,0.39638235117721216
926,0.0042339603513630395,0.3963961498375453
927,0.004217006480096853,0.39640245069872937
928,0.004201981519474513,0.3964070205095208
929,0.004184708147881624,0.3964099906731638
930,0.0041664018376366295,0.3963847905090054
931,0.004147242859404538,0.39637637592826896
932,0.00413157602368357,0.3963705991343076
933,0.004116461332251483,0.39637436385678965
934,0.004098948912356529,0.39636641711927695
935,0.004083070471280849,0.3963542091534529
936,0.004064576934800486,0.39634944962069246
937,0.004046690433588981,0.39632659526138747
938,0.004029467930900009,0.3963557495865086
939,0.0040127698280285045,0.396345338042821
940,0.003995331875998274,0.39634459625226925
941,0.003978186858779705,0.39633438353433276
942,0.003959261579700076,0.3963072173887945
943,0.0039435547403036016,0.3963033657905471
944,0.003927310631237992,0.3962670536942954
945,0.003908682862897,0.39623369171093853
946,0.0038925607772989966,0.39621422644490345
947,0.0038761452700140225,0.3962330684578925
948,0.003859129589967201,0.39621114927385487
949,0.003844570715115426,0.39619551619648347
950,0.0038281184756344196,0.3961756627150922
951,0.0038113365557521767,0.39619272352113616
952,0.0037956635553137714,0.3961707631390335
953,0.003778681941446562,0.39616642505933447
954,0.0037626403295312996,0.3961427046637904
955,0.003746921298855112,0.3961300580750605
956,0.0037311314970092614,0.39611570776317867
957,0.003715325836882944,0.396129697683148
958,0.0037009068122386096,0.3961213452576827
959,0.0036849755088326024,0.3960961763605598
960,0.0036678053726367918,0.3960874400585645
961,0.0036517145616310055,0.39605451642315925
962,0.003634228526588034,0.3960348977754416
963,0.003619197420951792,0.3960042319844465
964,0.0036050808911692023,0.3959997635640578
965,0.0035899698515611312,0.39599401619386326
966,0.0035755562672100897,0.39601281382893794
967,0.0035596158548048358,0.396013985954162
968,0.003544708659678977,0.3960208486477337
969,0.0035278556174057874,0.3960396920272965
970,0.003513703248474756,0.39605521430394114
971,0.003498394223472263,0.3960497349696703
972,0.003483151819597426,0.39604831065107116
973,0.0034667256062914224,0.3960300295818689
974,0.0034509288706512063,0.39605836744169487
975,0.0034363857660758054,0.39606746809582116
976,0.003421234746317043,0.39607753537660806
977,0.0034068868986636704,0.39607130707434246
978,0.0033920221167314563,0.3960533648530895
979,0.0033783566694862294,0.3960910735910855
980,0.003365196340860339,0.396065336774324
981,0.0033500910874523435,0.3960692663587974
982,0.003334839043551752,0.3960824073282631
983,0.0033191164314754886,0.3961076803420907
984,0.0033042702447944956,0.3961131622532933
985,0.0032904784530911613,0.3961166549759941
986,0.003276501869291487,0.3960895376208594
987,0.0032613787729146573,0.39611717883492636
988,0.0032464036868729874,0.3961071847005805
989,0.003234419721329453,0.3960918874887712
990,0.0032212205933874047,0.39608445001200854
991,0.00320717450250323,0.3960994611553454
992,0.0031936285390245607,0.39610172042459674
993,0.0031805393847040273,0.39610633849533805
994,0.003167424186127798,0.396068331141764
995,0.003152741081299938,0.3960648455170658
996,0.003138051610311368,0.3960850794746909
997,0.003125198473806137,0.39606305662848085
998,0.0031106549370583953,0.39604608085525467
999,0.0030983493946176678,0.3960034913674307
1000,0.0030845073594763972,0.39598488014433153
1001,0.0030717322516917197,0.39596173247621763
1002,0.003059226220987543,0.395970080265318
1003,0.0030458646932430135,0.39595306264320385
1004,0.0030327769554595457,0.3959122297141099
1005,0.003020350117783102,0.3959079521116852
1006,0.0030084368927078163,0.3958949158381759
1007,0.002995117071312733,0.3958933084731467
1008,0.0029824615023489862,0.39588382900151126
1009,0.002969066895986064,0.3958700150025864
1010,0.0029561332506503613,0.3958672610052779
1011,0.002943521580486116,0.3958512637576919
1012,0.0029312068645616684,0.3958300581634007
1013,0.0029185556252377272,0.3958242407075859
1014,0.0029066522731787336,0.39579959946921645
1015,0.0028939503416619324,0.3958080223168055
1016,0.0028820836829086312,0.395772863935542
1017,0.0028686170061468807,0.39578630387710767
1018,0.0028573262797196835,0.3957709729833616
1019,0.0028472263532909126,0.39577721088560147
1020,0.0028360177385882866,0.395756863429873
1021,0.002824167912851839,0.39575127660093556
1022,0.0028127863137520403,0.3957784740617226
1023,0.002800820623436604,0.39578452459335534
1024,0.0027902472092518277,0.39575905263120814
1025,0.00277676411878526,0.3957615557051643
1026,0.0027658010177343787,0.395737242737516
1027,0.002754765164762579,0.3957455377002621
1028,0.002743091257817716,0.3957434055333663
1029,0.002731540671444724,0.39572697842106086
1030,0.002720930068836918,0.39573385232421504
1031,0.0027096649567546066,0.3957117098775382
1032,0.0026990440646712695,0.39569576977809845
1033,0.002688220083730409,0.3957059289962765
1034,0.0026766011677364777,0.39571485205568363
1035,0.0026662027023313987,0.395710410580707
1036,0.0026556979962072754,0.3957098706426822
1037,0.0026460484122132625,0.3957242012276653
1038,0.002634529419134719,0.3957003663442476
1039,0.002623610659179611,0.39568899207020003
1040,0.002611439996183647,0.395650458197025
1041,0.0026010694909540783,0.3956548528090593
1042,0.0025902061524912218,0.3956242472554745
1043,0.0025789795436157756,0.39563926491348095
1044,0.0025674739157326046,0.39563931013145964
1045,0.0025563646044602217,0.39565917552647345
1046,0.0025456610578703477,0.3956678519579398
1047,0.0025353479706513387,0.3956655496356199
1048,0.002525044633445635,0.3956650670840365
1049,0.0025153719171491277,0.39566459459805997
1050,0.002504014264456816,0.3956689273416251
1051,0.0024934294766420636,0.39564610606806294
1052,0.002482219366714026,0.3956250070987368
1053,0.0024720294565428384,0.39560745262447927
1054,0.002459998256748512,0.3956042113077255
1055,0.002448242005048842,0.3956350255852539
1056,0.0024387047372542896,0.395645017317871
1057,0.0024296910201278576,0.3956653028939505
1058,0.002418358361226932,0.3956606437407376
1059,0.0024085819385996385,0.3956502309220104
1060,0.0023975155022362233,0.3956674167092204
1061,0.0023867070673207823,0.39566693739342335
1062,0.0023757310490876414,0.3956940642216115
1063,0.002364934242879985,0.3957085076482445
1064,0.002353975271351023,0.39567795766383057
1065,0.0023444346472541195,0.39568363449838223
1066,0.002334963266615506,0.3956467417517282
1067,0.00232494405928721,0.39564998599249374
1068,0.0023155494622095507,0.3956409842647988
1069,0.002305934165747912,0.39565125495491926
1070,0.0022963630773130753,0.3956184615024714
1071,0.00228637950634717,0.39560123957163695
1072,0.0022757135788226907,0.3955684027618124
1073,0.0022653668126598496,0.39557075018314897
1074,0.0022561142949274905,0.39557171549399184
1075,0.0022450090915079996,0.3955686452573775
1076,0.0022353857330110376,0.39557673692502604
1077,0.0022266010331633223,0.39559849700213323
1078,0.0022166254753577513,0.3955820110489767
1079,0.0022075152910525082,0.3955886864869941
1080,0.0021968253100316405,0.3955678962503722
1081,0.002187801703231434,0.39559264430443125
1082,0.002177810286101334,0.3955815843179709
1083,0.0021677996101497803,0.39560018349149617
1084,0.002158585304353332,0.39559715886605656
1085,0.0021490857250098757,0.3955813861617993
1086,0.002140027066994352,0.39558124783637466
1087,0.00213180122046667,0.39558494883579154
1088,0.00212252908056604,0.3955837399678504
1089,0.0021126768226827214,0.39554851199572094
1090,0.002104309915283138,0.39553661279242375
1091,0.0020949589896538073,0.39554638518412694
1092,0.002086271568643826,0.3955392339986771
1093,0.0020763653366224935,0.39554212725327176
1094,0.0020665180028800008,0.3955497753534572
1095,0.0020570486096001157,0.3955659452938305
1096,0.00204856007574113,0.39556035575496773
1097,0.002039842394251167,0.39556249130268095
1098,0.0020304766654531724,0.39554613073145695
1099,0.0020200469881716822,0.3955326331568799
1100,0.0020120699027137944,0.39552257054118073
1101,0.0020037662061268874,0.3955156861519649
1102,0.0019955247284426537,0.39552304418713935
1103,0.0019875052975384497,0.3955324148839018
1104,0.0019794036260854203,0.39553962521479585
1105,0.001970601419548244,0.39554762582048164
1106,0.0019627613739722,0.39553522584035106
1107,0.0019549026862024977,0.39553430611911083
1108,0.001946952606700681,0.3955305390799315
1109,0.001938409351455357,0.39551201410122544
1110,0.0019302240375323636,0.39550242907412153
1111,0.0019212035371089756,0.3955321355643678
1112,0.001913455250703123,0.3955332021478709
1113,0.0019048965032791656,0.39553460032038695
1114,0.0018970895937975608,0.3955244957667919
1115,0.001889332292285351,0.3955033303510825
1116,0.00188175370673045,0.3954805603633172
1117,0.0018743143302700535,0.39545942481524626
1118,0.0018665410278289889,0.39545892981572195
1119,0.001858281187106892,0.3954671943410914
1120,0.0018502817857493808,0.39547679087672505
1121,0.0018420972287722518,0.39547852425664304
1122,0.001833760899165815,0.3954839506407837
1123,0.001825462431343277,0.39548159257360904
1124,0.001818208947579927,0.39549096344995044
1125,0.001810325157675951,0.3954946665420138
1126,0.0018026375580022088,0.3954750440940388
1127,0.0017944076519886567,0.39548382908347596
1128,0.0017880586954611565,0.39547740102716655
1129,0.001779913884187042,0.3954837123201064
1130,0.0017720637333702588,0.3954848509162023
1131,0.0017642313147210142,0.39550162140050676
1132,0.0017569359579001375,0.39550028990022623
1133,0.0017507457117949146,0.39548693750477637
1134,0.0017437850627510145,0.39548225217365673
1135,0.00173539216949264,0.39546033827779203
1136,0.0017274862710335386,0.39546805173676164
1137,0.00171907767135903,0.3954311430722107
1138,0.0017106537248076429,0.39544585922954945
1139,0.0017042519963292144,0.3954423769322992
1140,0.001696319780445367,0.395401960522106
1141,0.001688419387490921,0.3953859446358273
1142,0.0016809168311831698,0.3953884761385259
1143,0.0016744041967512882,0.39538991060487877
1144,0.0016682239231976055,0.3953948725371251
1145,0.0016609984978234904,0.395395608844864
1146,0.0016535978369804068,0.3954097094434437
1147,0.0016473714253828996,0.3954140541500622
1148,0.0016403911268442993,0.3954141753544488
1149,0.0016344850149129192,0.39539836177228066
1150,0.0016269336141356782,0.39537618374010997
1151,0.001619862371542377,0.39535823813334203
1152,0.0016127811842832017,0.39536081714519566
1153,0.0016058003727550522,0.3953539041812031
1154,0.0015992611217482279,0.39536758619755435
1155,0.0015932499275101062,0.39536709261319514
1156,0.001587160023028629,0.39535861373411335
1157,0.0015804126950178406,0.3953641134653806
1158,0.0015741389141031483,0.3953645085480794
1159,0.0015674844613797509,0.3953640804959182
1160,0.0015605713292012192,0.39534106154759807
1161,0.0015533780517773075,0.3953322954725135
1162,0.0015468426547995138,0.3953495176889265
1163,0.0015398766207306448,0.3953498910850272
1164,0.0015334780152648625,0.39534091869460597
1165,0.0015273921923816655,0.39534427136072625
1166,0.0015214042159159536,0.3953652821956429
1167,0.0015156478379231679,0.3953763177367839
1168,0.001508629423291676,0.3953887005928641
1169,0.001503292942623122,0.39538370943804824
1170,0.001496663586439667,0.3953985202601027
1171,0.0014907214999477704,0.395395244950239
1172,0.0014853086173798628,0.3954087194159234
1173,0.001479121814288827,0.3953900657479482
1174,0.0014723907733745407,0.39538214097994806
1175,0.0014658479821520992,0.3953879400818314
1176,0.0014598174027662324,0.3953939773745539
1177,0.0014537099646204099,0.3953760434016706
1178,0.001446986636859542,0.3953856830890949
1179,0.0014412215895373659,0.3953967927502952
1180,0.0014353416189821172,0.3953812973624665
1181,0.001429401756171674,0.39538208161746996
1182,0.001423393806863569,0.39536697543359384
1183,0.001417124679817998,0.3953697335509784
1184,0.0014111182175061312,0.39536313280058055
1185,0.0014060331863118929,0.39534062821074645
1186,0.0013993597277512449,0.3953501871205829
1187,0.0013936351443676151,0.39534435052426514
1188,0.0013877427501908521,0.39534467588133215
1189,0.0013824268995479918,0.39531175066276064
1190,0.0013765839192210287,0.3953030879596359
1191,0.001370818631964671,0.39530692482088775
1192,0.0013649572412969134,0.3952717467096024
1193,0.0013594148415498927,0.3952861233460705
1194,0.001353618635009866,0.39529492054935045
1195,0.0013477108870258408,0.39530415754240855
1196,0.0013414573462218226,0.39529319571397825
1197,0.0013363576787865088,0.3952836502394172
1198,0.0013307576962208704,0.39527716716414046
1199,0.0013252529628507911,0.39525701943922525
1200,0.0013190628352347706,0.39524277159592797
1201,0.001313775872505655,0.39523548240754847
1202,0.0013091515491310815,0.39523146963753636
1203,0.0013040839783052805,0.39524629345509293
1204,0.0012987631271798399,0.3952382249181706
1205,0.0012935979673748823,0.3952444654770909
1206,0.0012880789097397638,0.39524213226425947
1207,0.0012831360160699796,0.39523892352335166
1208,0.0012770414949813717,0.39525692507043164
1209,0.0012714946158491065,0.3952585763913173
1210,0.001266549475494484,0.3952622671178466
1211,0.001261365677781617,0.3952593861434234
1212,0.0012557210161170465,0.3952361253089593
1213,0.001251023689084046,0.3952125068748202
1214,0.0012456423342920723,0.39521612794776756
1215,0.001240419537357191,0.395216228560245
1216,0.0012355491060337548,0.3952257556225991
1217,0.0012295270028839294,0.3952218195993562
1218,0.001224492340457467,0.3952160936831399
1219,0.0012199385447481876,0.3952075340639183
1220,0.0012154441694550097,0.39521066741077326
1221,0.0012106720996611408,0.3951995893487249
1222,0.0012054571866867633,0.39520126082873164
1223,0.0012002547558012079,0.39521613736278893
1224,0.0011951456071472204,0.395201479383595
1225,0.0011896780678329062,0.3952015300299208
1226,0.0011846632443797145,0.39519959661429926
1227,0.001180053478306493,0.39519098765090505
1228,0.001175005505799659,0.3951785610813469
1229,0.0011701420481237022,0.3951818610723206
1230,0.0011652174773851426,0.3951678744198286
1231,0.0011604990050810592,0.39517087823940206
1232,0.001155588002206359,0.3951708794336836
1233,0.0011508738319779758,0.39516739296062725
1234,0.0011463060909544056,0.39516261672502856
1235,0.00114190744208311,0.39515251386547806
1236,0.0011372083146657767,0.39513208259590255
1237,0.0011324589249482656,0.3951397006866542
1238,0.0011278849828788601,0.3951450217115796
1239,0.0011231472355441123,0.39515478855519026
1240,0.0011185340545573398,0.39516083797069856
1241,0.001114445275382471,0.3951638723010272
1242,0.0011102312561811838,0.3951418163723702
1243,0.001105783696055922,0.3951478242775235
1244,0.001100369952294919,0.3951349023644238
1245,0.0010957333834625868,0.3951554390918646
1246,0.0010910272050927061,0.3951542282485354
1247,0.001087004946519572,0.3951588113205139
1248,0.0010823941320801938,0.3951594591673779
1249,0.0010778396881556266,0.3951539360020652
1250,0.0010730047665565294,0.39515303413271924
1251,0.0010685179899579992,0.39515721825499805
1252,0.0010640717161945366,0.39516919509909826
1253,0.001059943180610977,0.39517771143863833
1254,0.001055576800399123,0.3951873686959844
1255,0.0010510113285652181,0.3951829086028035
1256,0.0010468732937032642,0.3951836103202729
1257,0.0010422771808377084,0.39516021329624273
1258,0.0010382168656484822,0.39516238951985305
1259,0.0010340438269922005,0.39517167416233895
1260,0.001029777332459786,0.39517291243599384
1261,0.0010248600829313218,0.3951728504765788
1262,0.0010202062909906349,0.3951591815403643
1263,0.0010158658529944259,0.39517381972905674
1264,0.0010115919509341626,0.39516207367003137
1265,0.0010079980567817425,0.39515660209923137
1266,0.0010037141122462704,0.39515887428056273
1267,0.0009998803398498471,0.3951698420871302
1268,0.000996222150113464,0.39515819423767934
1269,0.0009925055490736868,0.3951578034607146
1270,0.0009882103967486908,0.3951517000273082
1271,0.0009843066435257445,0.3951452596860667
1272,0.0009807554583263238,0.39514295895147944
1273,0.0009759415811252321,0.39513840636855774
1274,0.0009712175367390543,0.3951239211963031
1275,0.0009669646262084394,0.3951267666387665
1276,0.0009631106762009365,0.3951237473628948
1277,0.000959739827098543,0.39511362769150515
1278,0.0009555734489865364,0.3950952486733942
1279,0.0009514660029504143,0.3950805410116692
1280,0.000947708428576419,0.39507738262470515
1281,0.0009438603808511448,0.39507006607320905
1282,0.0009394885138519071,0.3950651954883359
1283,0.0009353677091079081,0.3950557622618315
1284,0.0009308685609303292,0.3950652723164637
1285,0.0009265520928667986,0.39507733743327245
1286,0.0009223407125486712,0.39506353514796555
1287,0.0009187178319423214,0.3950569617372087
1288,0.0009151280173983211,0.39505368655864725
1289,0.0009112665262475542,0.3950482020099828
1290,0.000907216151765253,0.3950544144764868
1291,0.0009034495344204226,0.39504794138906413
1292,0.0008992123351738013,0.39504715163960485
1293,0.0008957481437863044,0.3950583059495689
1294,0.0008916295967540009,0.39506935766833
1295,0.0008878891767753014,0.39507607987217924
1296,0.0008841802399930999,0.3950666660214239
1297,0.0008806160064616042,0.3950600617969686
1298,0.0008766220593108109,0.3950394450702374
1299,0.000873202320752479,0.39502330605041525
1300,0.0008694731212731035,0.39502039167026126
1301,0.000865661836158468,0.3950193061512525
1302,0.0008620987062687261,0.39502021402182047
1303,0.0008584693901164117,0.39502369419767297
1304,0.0008549631101915586,0.3950151409486694
1305,0.0008514048606882633,0.39501181797606466
1306,0.0008482669494415017,0.3950079147575531
1307,0.0008451746330054645,0.39500328635755205
1308,0.0008413621062933033,0.3949944796205846
1309,0.000837629263326481,0.39498590020631674
1310,0.0008345123928642017,0.3949780623257894
1311,0.0008311695159141593,0.394971648787694
1312,0.0008274796059479005,0.39499656189016374
1313,0.0008239137078164365,0.39498957064255485
1314,0.0008207006049057615,0.39497465361743905
1315,0.0008172671896962982,0.3949813938716565
1316,0.0008132910818213124,0.39498596110681317
1317,0.0008101234187711348,0.3949831436169153
1318,0.0008067062113430237,0.39498272757349434
1319,0.0008034470691337906,0.39497720680522563
1320,0.0007997337820575706,0.39496697360593686
1321,0.0007963906344444252,0.39497443207762584
1322,0.0007926919110034104,0.3949827154521852
1323,0.0007896062217096298,0.39497990645031483
1324,0.0007860123583782892,0.3949874639024202
1325,0.0007829374122759319,0.39500258251951387
1326,0.0007796882695956766,0.3949960753634105
1327,0.0007768198925425006,0.3950087616463737
1328,0.0007736416228246633,0.395018539974829
1329,0.0007704067494103418,0.3950242947555976
1330,0.0007670949771824791,0.39502547343233463
1331,0.0007638761459337659,0.3950287781532251
1332,0.0007604502613510683,0.39502697955935195
1333,0.0007569975338554331,0.3950189673864763
1334,0.0007538241531117142,0.39500637352753554
1335,0.0007508180922485235,0.39501328206682645
1336,0.0007475556650914582,0.39501455545471903
1337,0.0007447537968774117,0.39500841224552474
1338,0.0007417617253722353,0.3950140949091804
1339,0.0007385150064323169,0.3950130131687802
1340,0.0007356632067076775,0.39500539539962454
1341,0.0007326217668653563,0.3950011643167046
1342,0.000729669471575628,0.3950061717434172
1343,0.0007266522550468374,0.3950172318852516
1344,0.0007237778613675091,0.39501912786514404
1345,0.0007209270388427855,0.39502011748315685
1346,0.0007180879111597948,0.3950206720493304
1347,0.0007150652899380129,0.39501274197561453
1348,0.0007123062096656045,0.3949992282052382
1349,0.0007096222148086355,0.3950039696181555
1350,0.0007069140378828504,0.3949968876881421
1351,0.0007038768235826945,0.39500803699124093
1352,0.0007015254006711661,0.39499900560452467
1353,0.0006983799695092819,0.3950038721207851
1354,0.000695619619264714,0.395000123863891
1355,0.0006928449235328132,0.3950127415430293
1356,0.0006899051423508328,0.3950057130999824
1357,0.0006869584753619417,0.395005444179318
1358,0.0006841896453145344,0.39500542016361484
1359,0.0006814226637886307,0.39499829118982716
1360,0.0006784908789045156,0.3949874363849264
1361,0.00067582961923223,0.3949646082542998
1362,0.0006732202854971915,0.3949678391438343
1363,0.0006705722444259488,0.39498220347282226
1364,0.0006675901816032467,0.39496725999417376
1365,0.0006645821338044494,0.39497846399613695
1366,0.0006614439228400712,0.3949825143980723
1367,0.0006590256308933468,0.39498231850552196
1368,0.0006565467616602238,0.394967659596363
1369,0.0006536925042443082,0.3949697500851709
1370,0.0006512415772745924,0.3949660455818143
1371,0.0006488314513299281,0.3949644945139592
1372,0.0006461473588212395,0.39496435792142853
1373,0.0006434050667445293,0.3949579620842109
1374,0.0006407060551130469,0.3949602080421298
1375,0.0006381830031333976,0.39496022006871395
1376,0.0006356059606786982,0.3949492051512919
1377,0.0006331373837759638,0.39495381923106904
1378,0.0006303194914665206,0.39496619079706835
1379,0.000627464754893642,0.3949774505704911
1380,0.0006246455053990467,0.39498690886003107
1381,0.0006218186282841337,0.3949921082820135
1382,0.0006193696640479363,0.3949844026988292
1383,0.0006169514024652162,0.3949843211593143
1384,0.000614038293657661,0.39499454846729387
1385,0.0006115578516105353,0.39500074140279895
1386,0.0006089074010755356,0.395004575476473
1387,0.0006063074833086993,0.3950135351705869
1388,0.0006037256719322823,0.39501443605954045
1389,0.0006014865625635911,0.3949988390396693
1390,0.0005987967891141464,0.394999899695628
1391,0.0005964157371309827,0.3949947640892573
1392,0.0005938131395211881,0.39498933555480176
1393,0.0005912844391600389,0.39497668885833637
1394,0.0005888046007126058,0.3949844716483772
1395,0.0005865084890444983,0.3949920266941387
1396,0.0005840999577367904,0.39500219166406436
1397,0.0005819845438620615,0.39501256353378705
1398,0.000579570631116447,0.3950164811689078
1399,0.0005775086103744218,0.3950219666476375
1400,0.0005750118216635045,0.39502296254637415
1401,0.0005727257169489682,0.39500583998967825
1402,0.0005703487038741848,0.3950011226480582
1403,0.0005677705498815254,0.3949975622665772
1404,0.000565482887437936,0.3949911623839183
1405,0.0005633307764076935,0.39498472144070196
1406,0.0005607545346312726,0.39497330879416737
1407,0.0005581643743586652,0.394951559394594
1408,0.0005556181040559122,0.39495581664807944
1409,0.0005532715053575173,0.3949463235234025
1410,0.000550997436977099,0.3949474529109426
1411,0.0005486950983831269,0.39495520260309985
1412,0.000546283076471553,0.3949635524385349
1413,0.0005437175166049518,0.3949566388463252
1414,0.0005415196945196042,0.39495179063572833
1415,0.0005389947286102333,0.3949423374069198
1416,0.0005368379596011099,0.394937746530941
1417,0.0005349142316769447,0.39493387173365724
1418,0.0005328503153821877,0.3949332780591216
1419,0.0005305089398408526,0.39494250562528954
1420,0.0005282725186975287,0.39493870512972395
1421,0.0005260138619956276,0.3949353837226628
1422,0.0005238302785978943,0.3949425381009078
1423,0.0005216294210252157,0.394942832729195
1424,0.000519638063430022,0.39495063002676967
1425,0.0005174441676775677,0.39494307330467227
1426,0.0005155664386645636,0.3949422242865274
1427,0.0005134769917683593,0.3949308901443321
1428,0.0005113155698446094,0.3949389736711097
1429,0.0005091818166553577,0.39493843443881504
1430,0.0005071234233163351,0.39493125132739565
1431,0.0005046543241215914,0.39492381154063955
1432,0.0005024415642542389,0.39492499764242434
1433,0.0005003951677199886,0.3949240432173742
1434,0.0004987294689988115,0.39492404579656537
1435,0.0004968536769001611,0.3949289364050459
1436,0.0004948702137209654,0.39493288788704817
1437,0.0004927247717854351,0.39492024550485866
1438,0.0004908706242860462,0.3949145767236087
1439,0.000488560177248654,0.39490561163021753
1440,0.0004865701328381523,0.39489571878116936
1441,0.0004845106142296178,0.3948974285634436
1442,0.00048253833077980325,0.39489996280387546
1443,0.0004804844649256813,0.3948902314465399
1444,0.0004782032700472761,0.39488765098623724
1445,0.0004763207453717655,0.3948865613158573
1446,0.0004742185048090965,0.39489333370414165
1447,0.00047206333019290324,0.3948962675748842
1448,0.0004701511694015552,0.39489047497061786
1449,0.00046814327064259353,0.3948904367319096
1450,0.00046608929749727865,0.394901085086819
1451,0.00046418321289827774,0.39490854215995197
1452,0.0004622997733423754,0.3948923815612437
1453,0.0004602702055802823,0.3948780166100222
1454,0.0004582781839925818,0.39487226720885904
1455,0.0004564666821319335,0.3948733237271813
1456,0.0004545835203192312,0.39486613107948787
1457,0.00045248801855448046,0.39487338796120225
1458,0.0004506163997670888,0.39487256671708254
1459,0.00044875715734207544,0.3948677914101846
1460,0.000446957125985035,0.3948675558417242
1461,0.0004452610517762631,0.39487439969975796
1462,0.00044356617198051886,0.39486041061879434
1463,0.00044159499714451595,0.3948602946056616
1464,0.00043990651864546804,0.3948528674216961
1465,0.0004381088464740427,0.39485064217728977
1466,0.00043647747906538415,0.3948582664543164
1467,0.00043479731875020934,0.39485607766828906
1468,0.0004330197935664176,0.39484675000070396
1469,0.00043140421361406923,0.39484440077017446
1470,0.00042963391227343535,0.39484128597539386
1471,0.000427934322547516,0.3948514450889978
1472,0.0004261861813459601,0.3948424230443003
1473,0.000424362677964957,0.39484769300342226
1474,0.0004225910838378547,0.39484571191810397
1475,0.0004208328770016521,0.39484588468614606
1476,0.00041886886208069836,0.39485671737316613
1477,0.00041716881841418136,0.3948533094693254
1478,0.0004155382957110755,0.3948458482880732
1479,0.0004140087533871835,0.3948539055971286
1480,0.00041219680210765117,0.39485102877424416
1481,0.0004105435883183783,0.3948331850761434
1482,0.00040885834662870746,0.3948334854747918
1483,0.0004071115160551573,0.39483129947956414
1484,0.0004054625727929945,0.3948183294873587
1485,0.00040384762707796246,0.3948116259091559
1486,0.00040240214236584714,0.3948089341224113
1487,0.0004007968533467646,0.39481413055320014
1488,0.0003993535354768551,0.39480939150461775
1489,0.00039754306755399385,0.3948092647266257
1490,0.00039589190122248373,0.3948062317911351
1491,0.0003943600773638016,0.3948131160611149
1492,0.0003926202256315753,0.39480764392194334
1493,0.0003912557547872479,0.3948158433346313
1494,0.0003898901736201978,0.39481541672546283
1495,0.0003881680454644418,0.394824822027233
1496,0.0003867016718667857,0.39482348319994426
1497,0.0003849925357907959,0.3948174336705685
1498,0.0003834464557424835,0.39481532384436807
1499,0.0003817294378643371,0.3948179992261163
1500,0.0003803848918364163,0.39479362757903935
1501,0.000378671280416938,0.39479092641639446
1502,0.0003770712609721736,0.39478801354223353
1503,0.0003755482592702997,0.3947842275281451
1504,0.0003740020464577857,0.39478100644191483
1505,0.00037280693104109323,0.394785063225604
1506,0.00037118874846582317,0.3947761072854693
1507,0.0003697556768367751,0.39477417369893714
1508,0.0003681308038919127,0.39476551359162976
1509,0.00036656071618065215,0.39477084634342813
1510,0.00036513607005810554,0.39477248190391145
1511,0.0003639641877061974,0.3947606780818698
1512,0.0003624884458215239,0.3947506508555207
1513,0.0003610323134323196,0.39473584050308125
1514,0.0003595744578444209,0.3947420286582532
1515,0.00035795680526690024,0.39473879374630144
1516,0.0003565452469267918,0.3947273414948441
1517,0.00035515808688442734,0.394724504787164
1518,0.000353656583611673,0.3947284035017605
1519,0.00035226196620996895,0.3947363085257524
1520,0.00035086677192695657,0.3947307685405736
1521,0.00034946657416285603,0.39472226397250415
1522,0.00034810320180560624,0.3947209756243809
1523,0.00034658532816621095,0.39471777586186446
1524,0.00034525641865104406,0.3947244694293369
1525,0.0003437584454475001,0.3947164115822936
1526,0.0003422364478967655,0.3947180980594552
1527,0.0003407467552104013,0.3947169008511177
1528,0.00033938059634141794,0.3947088750432692
1529,0.0003379910435788361,0.3947001261830778
1530,0.0003365545127533493,0.3946931233198178
1531,0.0003351403083559805,0.39469075184463925
1532,0.0003336155314516527,0.39468742491833453
1533,0.000332271988590644,0.39468634731774266
1534,0.0003309584118412577,0.39469020836566954
1535,0.00032969189725444957,0.394684142541015
1536,0.00032831152643956254,0.394692503619483
1537,0.00032681633724897875,0.3946935523175731
1538,0.0003255388241459774,0.39469500224899934
1539,0.0003241259907915725,0.39470646156343603
1540,0.00032276797737254803,0.39470536022873665
1541,0.00032165075878208793,0.3946932936411759
1542,0.0003203579764260582,0.3946992461662048
1543,0.0003190497146519849,0.39469461094807734
1544,0.0003177436547463394,0.39470224677752336
1545,0.0003162925460587691,0.39469204423134197
1546,0.00031515313516328577,0.39469289199925306
1547,0.0003139329278180015,0.3946907947825567
1548,0.0003126208971769,0.394685653242533
1549,0.0003112938468073657,0.39467039764387885
1550,0.0003100622660320392,0.3946756771187238
1551,0.00030872852551935164,0.39467439670262594
1552,0.00030732235706035373,0.3946578717168429
1553,0.0003061022594015098,0.39465982596141375
1554,0.0003048696280161393,0.3946571275007215
1555,0.00030345575289359133,0.394662276591464
1556,0.0003022257155183058,0.3946577694475981
1557,0.0003010969648590025,0.39465616383951274
1558,0.00029966452233685237,0.3946484479402812
1559,0.0002983980628011414,0.39465542445271934
1560,0.0002970978918944557,0.3946523169835264
1561,0.0002959796897944024,0.3946465465421183
1562,0.00029465388486759784,0.394651897017598
1563,0.00029341488810456296,0.3946580110968861
1564,0.00029223005789391306,0.39466889767720686
1565,0.0002909991053473853,0.39466063889201647
1566,0.00028973144715241535,0.39465845388998533
1567,0.00028863649441172287,0.3946596377551706
1568,0.00028744340861944337,0.3946561816535095
1569,0.00028604903833262773,0.3946538229173874
1570,0.0002849275418982857,0.39465394362093126
1571,0.00028376605494254267,0.39465116644106485
1572,0.00028251079444118783,0.39465617019189814
1573,0.0002812810167980225,0.39465570293006946
1574,0.0002800535883514119,0.39465209643553545
1575,0.0002787768349909427,0.3946518423717862
1576,0.00027779152270335835,0.39465578472741936
1577,0.0002767336762976041,0.39466462382037026
1578,0.00027559926766191234,0.39466621774720634
1579,0.00027453567183550174,0.3946686314862047
1580,0.00027342671594584423,0.39466679585219433
1581,0.00027234665827620977,0.39466798766173916
1582,0.0002711639506389246,0.394672738309648
1583,0.00027026504726653834,0.3946826078191394
1584,0.000269104975199041,0.3946857797735828
1585,0.0002680291884468456,0.394685758368567
1586,0.0002669647825867015,0.3946877537800796
1587,0.00026593981240374825,0.3946833899413663
1588,0.0002648412583756978,0.39469161230794897
1589,0.0002637406386555925,0.3946900057750046
1590,0.00026255951223729624,0.394687592227295
1591,0.00026159083382445015,0.3946910222225956
1592,0.00026061511922019373,0.39468834492892263
1593,0.0002594202233377824,0.3946854305417622
1594,0.00025825866850725946,0.3946748857209251
1595,0.00025728674988783094,0.3946750791183582
1596,0.0002561901016166408,0.39467238667304594
1597,0.0002550196320759047,0.39467612405860647
1598,0.0002539974390571175,0.3946747292198983
1599,0.0002529033732358801,0.39467352677379025
1600,0.00025189592339212223,0.39467411087166915
1601,0.00025090058009840017,0.3946678622363432
1602,0.0002499606558503721,0.39466552268239746
1603,0.0002488056323954363,0.39466748340648566
1604,0.0002477820908960878,0.3946720681225395
1605,0.0002468911867134196,0.39467379385843265
1606,0.00024584820879165964,0.3946703855447361
1607,0.00024482105281880564,0.3946623984725163
1608,0.00024383143796516459,0.3946558150075673
1609,0.00024282851690181714,0.39465862001487084
1610,0.00024189288147974044,0.39466182060030913
1611,0.00024089959309263825,0.3946610457748263
1612,0.00023992376027461723,0.3946593728098869
1613,0.00023891386207393697,0.3946634419454465
1614,0.0002378729792512541,0.39466122369931805
1615,0.0002369792873478309,0.39465260354324305
1616,0.00023596037431114036,0.39465871732583285
1617,0.00023505126507517447,0.3946594327855748
1618,0.0002341578734780682,0.3946553180153478
1619,0.0002332383933027547,0.3946512496114555
1620,0.0002323629951906394,0.394651866337727
1621,0.00023129416361985264,0.39466235596076865
1622,0.00023041857290610786,0.3946552111284345
1623,0.0002294987159369349,0.3946551353078884
1624,0.000228619452901506,0.39466386752298066
1625,0.00022757488230732643,0.39466001857276267
1626,0.00022660795385596186,0.3946611172896915
1627,0.00022579451165658963,0.3946555449942565
1628,0.00022480173958972055,0.39465539465471866
1629,0.00022394952810708978,0.39465718945332323
1630,0.00022298813868444923,0.39465268283610105
1631,0.0002220722269349198,0.3946561382054037
1632,0.00022117322480094014,0.394652749827159
1633,0.0002201355000059173,0.39465488878390237
1634,0.00021924553271396202,0.3946542341714242
1635,0.0002183973376342426,0.3946594208418268
1636,0.0002175983276506766,0.3946679307004526
1637,0.00021665591422086145,0.3946604885444788
1638,0.0002157119207244278,0.39466234652137105
1639,0.0002148791904279701,0.39466185842582185
1640,0.0002139337511989992,0.39466226822122863
1641,0.00021313413480724593,0.3946530193074188
1642,0.0002123413092734975,0.3946505241895971
1643,0.00021153644102713022,0.3946421323042368
1644,0.00021063412503541073,0.39463786583486754
1645,0.00020979914009842262,0.39462284521453733
1646,0.0002089591057475248,0.39462312750464845
1647,0.0002080839641657199,0.3946156663141227
1648,0.00020726985246146307,0.39461652915995366
1649,0.00020652663508181603,0.39461202656587474
1650,0.00020571644499050491,0.3946264806406268
1651,0.00020487525408704872,0.39461958818285064
1652,0.00020408698766426626,0.39462115466092706
1653,0.00020316324872815813,0.3946226301389045
1654,0.00020233038442896123,0.39461572018422686
1655,0.00020134366150241094,0.39461505538659175
1656,0.00020056778250030562,0.3946141722025054
1657,0.00019972896758641158,0.39460634922693716
1658,0.00019901492428392922,0.39459582040085783
1659,0.00019824921377278518,0.39458724034776826
1660,0.00019751568064766328,0.3945881947245473
1661,0.00019685963016023372,0.39458832479138206
1662,0.000196122057970532,0.39458436487283793
1663,0.00019535814854638038,0.3945923589829344
1664,0.00019465072630917935,0.3945998775428368
1665,0.00019374568471171774,0.39460622607306967
1666,0.00019295918189835286,0.39460144482752124
1667,0.00019209770857047442,0.39460417601228404
1668,0.00019129383939665493,0.3946021855494346
1669,0.0001904679705253503,0.3946024569759175
1670,0.00018973478157383234,0.3946014072567934
1671,0.00018900518923567708,0.39459798486363273
1672,0.00018821607180509375,0.3945991341266572
1673,0.00018747536904840557,0.39459418457507334
1674,0.0001867239461048625,0.39459453569666586
1675,0.0001860230856526612,0.39460611414294317
1676,0.00018531334885708213,0.3946109356648594
1677,0.0001845141613139043,0.394610280775963
1678,0.0001837152981525564,0.39461551094916664
1679,0.00018300110424925543,0.3946191461468993
1680,0.00018227346233480393,0.3946175788812676
1681,0.0001814968329241792,0.3946221156778349
1682,0.00018084275458053623,0.39463393833253596
1683,0.00018009785081382181,0.39463308571952366
1684,0.00017931328358017853,0.39463476276670933
1685,0.00017860393855213388,0.3946378070027123
1686,0.00017786063735081127,0.394637591578309
1687,0.00017715808524780145,0.3946402705357704
1688,0.00017634096041995953,0.39463255340934683
1689,0.00017562138250222804,0.39463434008108494
1690,0.0001749407532416049,0.39463034307031314
1691,0.00017423659227608975,0.3946308084233251
1692,0.00017353278478936745,0.3946306130416645
1693,0.0001728532422288325,0.3946312770199034
1694,0.00017209105968255288,0.39463735703180447
1695,0.0001713238189437252,0.3946395313615627
1696,0.00017060672592680333,0.3946379649608014
1697,0.0001698848393514254,0.3946378063704427
1698,0.00016916205579143976,0.39464169718201714
1699,0.0001683652785896288,0.39463823563331135
1700,0.00016765586886989908,0.39464095531700333
1701,0.000166896901154056,0.39463776347110874
1702,0.00016613702923004017,0.3946340213400671
1703,0.00016550368428191176,0.39463025580485267
1704,0.00016481167145714428,0.3946370843529959
1705,0.0001641371030170901,0.39463240445802533
1706,0.00016345574474827538,0.39463760279161725
1707,0.00016282433628020542,0.3946445423027333
1708,0.00016219846275264743,0.39464248772400884
1709,0.00016159203365331744,0.3946369518120947
1710,0.0001609955805551315,0.39463273647037966
1711,0.00016036265198208057,0.394631382558903
1712,0.00015970559868051695,0.3946259318726095
1713,0.00015911368106958683,0.3946245655075961
1714,0.0001584161064913977,0.3946248546518864
1715,0.0001577282283324723,0.39461969408801817
1716,0.00015705795322580346,0.39462457455712874
1717,0.00015650365856290232,0.39461996791451254
1718,0.0001559146080906678,0.39461985397076577
1719,0.00015526035316165598,0.3946196986261506
1720,0.000154598424317044,0.3946205448905282
1721,0.00015403271592024902,0.3946182818208485
1722,0.0001533580932273105,0.39461315052680446
1723,0.00015275570434396195,0.3946079843639443
1724,0.00015209080871593047,0.39460741391164206
1725,0.00015147537702195083,0.39460935977103595
1726,0.00015087592369663415,0.394607604076346
1727,0.00015031734757100067,0.39460846442157343
1728,0.0001496625095375718,0.3946139708143058
1729,0.00014906089143132121,0.3946143401983407
1730,0.0001484506351868058,0.39461250001925824
1731,0.0001478737265960034,0.39461360612073043
1732,0.00014727377240887307,0.3946127713055217
1733,0.00014675831824873334,0.3946137266670684
1734,0.00014617205231170772,0.39461336992933566
1735,0.0001456779663087272,0.3946159313593114
1736,0.00014500797271534282,0.3946066894710476
1737,0.00014442809305406732,0.39460715714461897
1738,0.0001438153094626426,0.39460436434426893
1739,0.0001432711179794402,0.39460683427563586
1740,0.00014266367972990627,0.3946027230605304
1741,0.000142124427748757,0.39460017387937757
1742,0.00014147644719539375,0.39459271093782855
1743,0.0001409140398975883,0.39459328669841476
1744,0.00014040269399554983,0.39459274270332234
1745,0.00013981548635778676,0.3945949107327471
1746,0.0001392089890077556,0.3945937666202426
1747,0.00013858304072542863,0.39458889245052414
1748,0.00013806010031416771,0.39458674624147444
1749,0.00013753257493303802,0.39458662374019515
1750,0.0001370000780862016,0.39458062873525784
1751,0.00013641604004132593,0.3945828003204111
1752,0.0001358495767022127,0.39458040837415015
1753,0.0001353259278963823,0.39457352413230373
1754,0.00013486106836232365,0.3945794972164109
1755,0.00013424748837277589,0.3945754399596448
1756,0.0001337046328135495,0.3945788372984681
1757,0.000133215027948818,0.3945744093388343
1758,0.00013269961702244668,0.39456947101611156
1759,0.00013209322799028665,0.3945692531755845
1760,0.00013150751079239007,0.3945713166344004
1761,0.00013094155589140683,0.3945731056866254
1762,0.00013040073053424673,0.39456985304522946
1763,0.00012993528829515218,0.39456542348046114
1764,0.0001293837602910538,0.3945680787154847
1765,0.0001288749436746405,0.3945708041328538
1766,0.00012837515944938964,0.39457629680738465
1767,0.0001278196942347143,0.39457992234252726
1768,0.00012728313812440054,0.3945781517926208
1769,0.0001268012657843815,0.3945757490928619
1770,0.00012626129595800993,0.39457817716861393
1771,0.00012573130656028225,0.3945821077161882
1772,0.00012521532746128785,0.39457852333699883
1773,0.00012473398070146253,0.3945762422667066
1774,0.00012423720725026417,0.3945796464019621
1775,0.000123728306786131,0.3945767630807591
1776,0.0001232123242173577,0.39457427398871636
1777,0.00012269816870101762,0.3945795295466975
1778,0.00012220473431529517,0.3945854019193952
1779,0.0001216941236655569,0.39458792910292045
1780,0.00012114810497371054,0.3945883795035882
1781,0.0001206354329694532,0.39458558000305183
1782,0.00012014386439409141,0.3945846077140128
1783,0.00011970841577927001,0.39458652677306616
1784,0.00011918569447834747,0.394588390523688
1785,0.00011875511785659299,0.39458177879017164
1786,0.00011828320182114293,0.3945811430489791
1787,0.00011775797174958904,0.3945817761658152
1788,0.00011732760717738884,0.39457520496298243
1789,0.00011686962273417402,0.3945758280331934
1790,0.00011634931504386747,0.394572575040752
1791,0.0001159054884818372,0.39457148317797097
1792,0.00011543634158030371,0.39457114637764146
1793,0.00011497050129037703,0.3945736351542524
1794,0.00011446382112851098,0.39457335898081425
1795,0.00011406562619759587,0.39457664825246896
1796,0.00011364694478274553,0.39457726582383384
1797,0.00011321938719777161,0.3945719052630329
1798,0.00011272718910708965,0.3945692405538316
1799,0.00011232141757307066,0.3945683355916151
1800,0.00011184589712817493,0.3945706407256961
1801,0.00011146992464522001,0.3945743402239562
1802,0.00011099771547195234,0.39457599660137027
1803,0.000110537607428538,0.39457588575238933
1804,0.00011009429895354777,0.39457553762864483
1805,0.00010964321799033006,0.39457327964808603
1806,0.00010911770513721543,0.39456596049842424
1807,0.00010866514273698562,0.39456524785687436
1808,0.0001082452003416916,0.3945647357363887
1809,0.00010782157097443785,0.39456301056697723
1810,0.00010740344718518046,0.3945667049791403
1811,0.00010695694061411941,0.3945675573294362
1812,0.00010650228254098727,0.39456833157314763
1813,0.00010607441216708978,0.39456807095476054
1814,0.00010562215562246641,0.39456967881673966
1815,0.0001052544032708224,0.3945670138835082
1816,0.00010482656013626734,0.3945665024802829
1817,0.0001043846558017117,0.3945648806219525
1818,0.00010395056756232509,0.3945666843150829
1819,0.00010348355812030052,0.39456848037975045
1820,0.00010310234667728515,0.39456702748226713
1821,0.00010268751628027991,0.39457098393167533
1822,0.0001023058038720975,0.39457251646075114
1823,0.00010190910613590907,0.3945642121742532
1824,0.00010148595934773372,0.3945502036575037
1825,0.00010104454546890021,0.39455060904677813
1826,0.00010062859170224738,0.3945500392093983
1827,0.00010020919679551821,0.3945506338173438
1828,9.98202615398289e-05,0.3945560774606321
1829,9.944768852675376e-05,0.39455424223055985
1830,9.90750149389074e-05,0.3945576510763091
1831,9.871826207861018e-05,0.3945571632278976
1832,9.834960541952711e-05,0.394556408217625
1833,9.792836171788796e-05,0.39455533568239576
1834,9.759052442426437e-05,0.39454903105307243
1835,9.718827246250342e-05,0.39454853028789805
1836,9.680284765496828e-05,0.3945526617559374
1837,9.637102002652296e-05,0.3945565666299992
1838,9.599448779623483e-05,0.39455621609185587
1839,9.560418043764296e-05,0.39456159380341155
1840,9.525634514678763e-05,0.39455566132486036
1841,9.483763418129003e-05,0.3945571976482514
1842,9.443908428715677e-05,0.39456156700605194
1843,9.410856570967721e-05,0.3945608319937355
1844,9.374687569887041e-05,0.39456426849415843
1845,9.339811027112336e-05,0.3945684488187095
1846,9.30284659852516e-05,0.3945692440896981
1847,9.265581556343409e-05,0.3945597158744792
1848,9.227864181310463e-05,0.39455634492934283
1849,9.192716370988802e-05,0.3945496675989614
1850,9.160682763825215e-05,0.3945502519954142
1851,9.12316469473695e-05,0.39454692896021043
1852,9.092823670822818e-05,0.3945442213432841
1853,9.059999082943963e-05,0.3945367852440249
1854,9.024967817488953e-05,0.3945361052162789
1855,8.989847596547925e-05,0.3945334093669292
1856,8.953851993645916e-05,0.39453750199590076
1857,8.915280387112052e-05,0.39453969418614404
1858,8.877935962303157e-05,0.3945350838747839
1859,8.842419310139178e-05,0.39453263418069967
1860,8.808665721986387e-05,0.3945329729460888
1861,8.771630337175714e-05,0.39453072792554394
1862,8.734870170722174e-05,0.39453384287990795
1863,8.700585836964505e-05,0.39452981569698964
1864,8.664680354221607e-05,0.39452917253914593
1865,8.630838199242895e-05,0.3945304356384509
1866,8.59430473990339e-05,0.39452712958731784
1867,8.55789074242054e-05,0.3945284012077382
1868,8.525016670091434e-05,0.3945265661172508
1869,8.489371272372277e-05,0.3945251426860531
1870,8.454746498261784e-05,0.39452195168873483
1871,8.419029690237086e-05,0.3945206801330754
1872,8.385858044393094e-05,0.3945205330631847
1873,8.35699963905972e-05,0.3945215535294501
1874,8.32639671330009e-05,0.3945152923554168
1875,8.297211178738527e-05,0.3945195725706897
1876,8.268462627466404e-05,0.39451602106852923
1877,8.23384875695758e-05,0.39451262778518503
1878,8.19761381217062e-05,0.39451459593379296
1879,8.165476961423757e-05,0.39451056490560477
1880,8.134610320116275e-05,0.3945157586481243
1881,8.104442403859957e-05,0.39451682796507576
1882,8.071722163154316e-05,0.3945173195116943
1883,8.043687451131857e-05,0.39451690194769967
1884,8.012457697576765e-05,0.3945144477323125
1885,7.978725422084338e-05,0.3945077600380397
1886,7.947202216557093e-05,0.3945131630103985
1887,7.91207402602905e-05,0.3945135429724958
1888,7.881192632538761e-05,0.39451722060140243
1889,7.851030810521969e-05,0.39451654662540486
1890,7.81720493366962e-05,0.3945144451030444
1891,7.787030034804003e-05,0.39451344985613657
1892,7.758183036233509e-05,0.3945167467940497
1893,7.726031340665262e-05,0.3945177665289162
1894,7.695115649008988e-05,0.3945194542877997
1895,7.665538698684005e-05,0.39451904429926266
1896,7.634101440696731e-05,0.3945250918395735
1897,7.606113975393475e-05,0.394523896921488
1898,7.572681878653826e-05,0.3945178300917316
1899,7.542901718729751e-05,0.3945218928098041
1900,7.51570379588372e-05,0.39452120948381486
1901,7.483143140327937e-05,0.3945184132318015
1902,7.457363861577565e-05,0.3945179875244773
1903,7.426163099322176e-05,0.3945174934488226
1904,7.395467173425897e-05,0.394513984407406
1905,7.367304759025201e-05,0.3945136983104797
1906,7.337862989601484e-05,0.39451481252164006
1907,7.306665862221442e-05,0.3945085406138144
1908,7.279471042378113e-05,0.3945064851759102
1909,7.252051723023438e-05,0.39450569595648866
1910,7.221152256441069e-05,0.3945048616979566
1911,7.193165482119873e-05,0.394506587991504
1912,7.164754544979102e-05,0.39450539177394905
1913,7.136069553441436e-05,0.39450102879349486
1914,7.10974235854015e-05,0.3945029582055903
1915,7.081462167085819e-05,0.3944984402496817
1916,7.050823552943845e-05,0.39450260032114964
1917,7.021146200576199e-05,0.3945030162035513
1918,6.99411388817445e-05,0.3945030240985281
1919,6.968234055477901e-05,0.39450434571934984
1920,6.943154892091617e-05,0.39450154284240824
1921,6.917518356260396e-05,0.3944997221964772
1922,6.890897700603762e-05,0.3944963918165036
1923,6.865991453218412e-05,0.39449868503673025
1924,6.838517551943678e-05,0.3945035060624942
1925,6.811687966926255e-05,0.3945035197807204
1926,6.783269055570814e-05,0.394502024634173
1927,6.753225177722944e-05,0.3945065642678085
1928,6.722704067686609e-05,0.39450854742259023
1929,6.694207308105889e-05,0.3945076360620131
1930,6.668215095224475e-05,0.3945057579117239
1931,6.643872434933864e-05,0.39450248003913857
1932,6.616716877946393e-05,0.39450256298271846
1933,6.591350892544046e-05,0.3944996572522393
1934,6.564501204369335e-05,0.394501076393347
1935,6.53801161576335e-05,0.39449696055883565
1936,6.510938807413265e-05,0.39449821694502546
1937,6.487550586342877e-05,0.39449936244393263
1938,6.464014272013815e-05,0.39450201531005835
1939,6.439862068986649e-05,0.39450155715109614
1940,6.413272860613556e-05,0.39450163657979775
1941,6.386446672248677e-05,0.3944942412012887
1942,6.36244004476253e-05,0.39449602727262917
1943,6.33537853129777e-05,0.39449919862211463
1944,6.307942952264819e-05,0.39449865695763475
1945,6.283024136818475e-05,0.3944975206773873
1946,6.254867905671315e-05,0.3944998614907082
1947,6.227356585799443e-05,0.39450088501452046
1948,6.204097772530099e-05,0.3944990916038495
1949,6.178106773548799e-05,0.39449850512443274
1950,6.155838520720932e-05,0.39449652695426607
1951,6.13219098169469e-05,0.3944955325655595
1952,6.108573905711633e-05,0.3945013841779144
1953,6.085566700514757e-05,0.39450236515626647
1954,6.058450104425045e-05,0.3945041019945445
1955,6.0350364937894076e-05,0.3944990015268859
1956,6.011156643980443e-05,0.39449819219839327
1957,5.987282236789313e-05,0.39450006613081534
1958,5.96272283464049e-05,0.3945034352202797
1959,5.9379108520995516e-05,0.3945030641542699
1960,5.913107351066084e-05,0.39450322755587436
1961,5.8903365312950526e-05,0.3945012175882328
1962,5.8673845852787706e-05,0.3945038257149503
1963,5.84579621687821e-05,0.3945020816782442
1964,5.819770469109145e-05,0.3945004338867624
1965,5.794076589581687e-05,0.39449706950624347
1966,5.771838653178551e-05,0.39449921286048606
1967,5.751001844927196e-05,0.39450093846236817
1968,5.729074725598097e-05,0.39450183311159487
1969,5.70731674576384e-05,0.39450320734203675
1970,5.680506353885267e-05,0.3945004924389331
1971,5.65700836228659e-05,0.3945026134485651
1972,5.634318248418194e-05,0.39449991613340635
1973,5.6113569381450716e-05,0.3945009600654387
1974,5.5892251585899655e-05,0.39450496767515486
1975,5.5678953265388214e-05,0.3945071346695668
1976,5.547292682167925e-05,0.39450791140816205
1977,5.524117138574158e-05,0.39450885113659306
1978,5.502871192474236e-05,0.3945133655081613
1979,5.4804109208992624e-05,0.39451492406287136
1980,5.4597344639868326e-05,0.3945177030945304
1981,5.440908366719375e-05,0.3945162837218888
1982,5.419388616374654e-05,0.39451801025947175
1983,5.396612999302184e-05,0.3945182566316134
1984,5.373466751867889e-05,0.3945171016946044
1985,5.3536777212361185e-05,0.39451542309058946
1986,5.329867893267713e-05,0.39451608321914855
1987,5.3080158314875905e-05,0.3945163744610302
1988,5.286083410185234e-05,0.39451305153284727
1989,5.2643366621611546e-05,0.3945115471008029
1990,5.2429089610606494e-05,0.3945148465004533
1991,5.2213688630326864e-05,0.39451412877266867
1992,5.198916096290655e-05,0.3945115103559441
1993,5.1770802546728564e-05,0.39451364704493697
1994,5.1576928897870226e-05,0.3945156118954671
1995,5.1371845736296046e-05,0.39451608936429644
1996,5.118263260840182e-05,0.39451732193745254
1997,5.097025901577711e-05,0.39451465526354074
1998,5.077026651355235e-05,0.3945139646098547
1999,5.057896726324863e-05,0.3945129834264803
2000,5.038994368551571e-05,0.3945127258344006
2001,5.019017644628715e-05,0.3945116367294321
2002,4.996373515252638e-05,0.3945149828584876
2003,4.978134219725629e-05,0.3945120180417805
2004,4.960089435059129e-05,0.39451120589156385
2005,4.939780703695011e-05,0.3945119979577912
2006,4.921302994812003e-05,0.3945117111051829
2007,4.9034438946606464e-05,0.3945089294930432
2008,4.884151282967752e-05,0.3945117893567638
2009,4.863603617338196e-05,0.3945146963361807
2010,4.844089856334115e-05,0.39451320602923906
2011,4.825117686896418e-05,0.3945133114933532
2012,4.8060918543977815e-05,0.3945143019255335
2013,4.7911623345804216e-05,0.3945134125105409
2014,4.7707305073472e-05,0.39451478751878616
2015,4.750027708996876e-05,0.3945117120006288
2016,4.733556398611586e-05,0.3945113158948825
2017,4.715814688604811e-05,0.39451096118801227
2018,4.694354095178404e-05,0.3945069715245752
2019,4.675108702967168e-05,0.3945088809845189
2020,4.658075166674989e-05,0.39450775563162466
2021,4.638056245761797e-05,0.3945098505218661
2022,4.6221685576056466e-05,0.39450919861408573
2023,4.601653599219035e-05,0.3945107289015781
2024,4.585126440365225e-05,0.39451358235692596
2025,4.568329896855388e-05,0.39451251819869604
2026,4.5527931114400825e-05,0.3945123834074702
2027,4.536118874952673e-05,0.3945117970921799
2028,4.519157951623885e-05,0.3945078982352444
2029,4.5036015846242904e-05,0.39450373895315605
2030,4.4872184442015094e-05,0.39450332626335155
2031,4.467830195747494e-05,0.3945020314844942
2032,4.449353173448515e-05,0.3944974132111814
2033,4.432881886590411e-05,0.3944963671279501
2034,4.41678124692315e-05,0.39449802304984477
2035,4.399185200001907e-05,0.3944985549987887
2036,4.3822120886064256e-05,0.39449679389970116
2037,4.3653999947327174e-05,0.394497462508609
2038,4.349169363416538e-05,0.39449602285284247
2039,4.332537125540082e-05,0.394496646688857
2040,4.314671169990691e-05,0.39449356453965134
2041,4.2955595383528704e-05,0.39449513146881726
2042,4.278890126995613e-05,0.3944946402496826
2043,4.260615863330865e-05,0.39449728608517237
2044,4.244110196932159e-05,0.3944977357749469
2045,4.227971418631354e-05,0.3945001402312414
2046,4.21028756424181e-05,0.3944998878991021
2047,4.193916235195674e-05,0.39449845842545156
2048,4.177721719083909e-05,0.3945015220979771
2049,4.1592454189359195e-05,0.3945016494275014
2050,4.142269342834881e-05,0.39450259810400845
2051,4.1267790142030496e-05,0.394504180377352
2052,4.1113872098595966e-05,0.39450352975117847
2053,4.095241268603391e-05,0.39450090093042606
2054,4.080700990895183e-05,0.3945000855006185
2055,4.064850571305621e-05,0.3944992143681851
2056,4.0495374753845534e-05,0.39449639607082104
2057,4.033144419010894e-05,0.39449425539518024
2058,4.016706245227686e-05,0.3944898456581799
2059,4.001745764747038e-05,0.39448661306768357
2060,3.987569294323053e-05,0.39448807726137997
2061,3.9707628173777404e-05,0.3944862170870208
2062,3.954652084407265e-05,0.39448603559693535
2063,3.938245222738236e-05,0.39448360616719913
2064,3.925249251730931e-05,0.39448455606320787
2065,3.909654394159335e-05,0.3944810543806535
2066,3.895887050066573e-05,0.3944811556588782
2067,3.881395365046823e-05,0.39448236802217823
2068,3.867721892032242e-05,0.3944827428471951
2069,3.853761484746267e-05,0.394480655398359
2070,3.836983462616543e-05,0.3944785704794032
2071,3.8222396551115486e-05,0.39447342818915054
2072,3.807689746323684e-05,0.3944734657858116
2073,3.79349059533186e-05,0.3944761613607776
2074,3.779282633636059e-05,0.3944795267787655
2075,3.763943616765532e-05,0.3944816059440376
2076,3.748284264196536e-05,0.3944827917114755
2077,3.7333417947282174e-05,0.39448365715626293
2078,3.718536647958091e-05,0.3944814444158375
2079,3.702487671212043e-05,0.39448202726153264
2080,3.688123667734395e-05,0.3944834322697123
2081,3.6742624204348584e-05,0.39448351636624435
2082,3.658361177752039e-05,0.39448222143096384
2083,3.6430637208885905e-05,0.3944815752571601
2084,3.627725819393189e-05,0.3944841426278007
2085,3.6130149880997514e-05,0.39448049120012085
2086,3.59923762030626e-05,0.39448091627673787
2087,3.584576564651606e-05,0.39448141870478864
2088,3.570034569296136e-05,0.3944834775984684
2089,3.55493556593831e-05,0.3944841536838396
2090,3.539038380755257e-05,0.394482995053804
2091,3.5249988385726536e-05,0.39448334963013104
2092,3.51141579186082e-05,0.3944784895216008
2093,3.498969272166619e-05,0.39447888276855364
2094,3.4865999158668656e-05,0.3944784756026536
2095,3.475505637083999e-05,0.3944781764587141
2096,3.4606260549084254e-05,0.3944772585649929
2097,3.44647795182714e-05,0.3944790606100775
2098,3.432919117493916e-05,0.3944776226434559
2099,3.4190894422386927e-05,0.3944798796456423
2100,3.406574099826964e-05,0.39448134514849564
2101,3.3945111489572194e-05,0.3944808860615793
2102,3.382099273997522e-05,0.3944836094302188
2103,3.3702048159263534e-05,0.394483642399346
2104,3.354919904292245e-05,0.39448265868637594
2105,3.3444686749686795e-05,0.3944804677889091
2106,3.331949591005244e-05,0.39447949464077187
2107,3.3193803755100174e-05,0.39447751243854984
2108,3.30575237568868e-05,0.3944774916160135
2109,3.293632035751445e-05,0.3944757055278172
2110,3.281990937907032e-05,0.39447590254493264
2111,3.267888794438761e-05,0.39447452003998557
2112,3.255622846885842e-05,0.39447313737537626
2113,3.243012724333916e-05,0.39447261088356245
2114,3.2294089308238884e-05,0.39447280440855265
2115,3.21651040582763e-05,0.39447137994270876
2116,3.205219799643327e-05,0.39447123255599803
2117,3.192593808269087e-05,0.394472097507318
2118,3.177649992468026e-05,0.39447179935158566
2119,3.165079695278812e-05,0.39446968737748
2120,3.151742151595834e-05,0.39447051245211007
2121,3.139805590912337e-05,0.394466804397366
2122,3.12835511319359e-05,0.394465478890973
2123,3.118066754320929e-05,0.3944657553794453
2124,3.1049706395357614e-05,0.3944651437163632
2125,3.092556239271535e-05,0.3944666426555513
2126,3.08107673598411e-05,0.3944655237289173
2127,3.06753617265594e-05,0.39446706302531465
2128,3.0547340933489825e-05,0.3944688480811543
2129,3.0430729763480312e-05,0.394468347364947
2130,3.031666424116699e-05,0.3944675003868309
2131,3.0188952059411447e-05,0.39447011063569337
2132,3.0075290339611524e-05,0.3944683090205887
2133,2.9958704158137317e-05,0.39446663518327646
2134,2.983839868478535e-05,0.3944660786019219
2135,2.972373921787226e-05,0.39446640891584717
2136,2.9623214974931923e-05,0.3944652477593529
2137,2.9498052094242644e-05,0.3944643480827142
2138,2.93695456110199e-05,0.3944627205229959
2139,2.9253844754043303e-05,0.394463067423754
2140,2.9148137824870456e-05,0.39446382422499116
2141,2.903551408041486e-05,0.3944642198472341
2142,2.8910902403637884e-05,0.3944664592097815
2143,2.878663753382067e-05,0.39446854522552327
2144,2.867448641412877e-05,0.39446657552234254
2145,2.8557458894207553e-05,0.39446439165313096
2146,2.8443123239286552e-05,0.3944666006063528
2147,2.8325297709358306e-05,0.3944665273436677
2148,2.8195599818467915e-05,0.3944673873955058
2149,2.8074113784369316e-05,0.39446360589166785
2150,2.7953729251602052e-05,0.39446275475033143
2151,2.783946586288911e-05,0.39446424921375856
2152,2.772853351840675e-05,0.3944675759058866
2153,2.7608669731680776e-05,0.3944657093188515
2154,2.7487791183965897e-05,0.39446091061260086
2155,2.7390886119870985e-05,0.39445862031115553
2156,2.729598552968031e-05,0.39445862933710124
2157,2.7183649082224747e-05,0.39446024451146705
2158,2.7070768376234784e-05,0.3944584482716602
2159,2.6943152092799343e-05,0.3944611536782517
2160,2.6852667411899167e-05,0.39446305484589883
2161,2.67594394311719e-05,0.39446455197478336
2162,2.6668152279013546e-05,0.3944645265414939
2163,2.6562412746990775e-05,0.3944644339672502
2164,2.6451382516688962e-05,0.39446601040424933
2165,2.6347790371149476e-05,0.39446735519311643
2166,2.624331889936279e-05,0.3944668770159824
2167,2.6134654253557015e-05,0.39446671902619423
2168,2.603864639320231e-05,0.3944695807731323
2169,2.5938064191070134e-05,0.39447228083588354
2170,2.5833570834627642e-05,0.39447262192691496
2171,2.571906563559013e-05,0.39447205447814165
2172,2.5625521040572903e-05,0.39447215475376723
2173,2.5511634615675e-05,0.39447236138035247
2174,2.5430993451968864e-05,0.39447394514109435
2175,2.533110308054602e-05,0.3944727701328586
2176,2.5239814941273172e-05,0.3944755963028172
2177,2.5140520881083766e-05,0.3944754090584892
2178,2.5050146651297238e-05,0.3944753261527686
2179,2.4943049198629615e-05,0.3944762430765448
2180,2.4854070882721198e-05,0.39447431149160467
2181,2.4757025122241866e-05,0.394476038521796
2182,2.46645824016861e-05,0.3944761189602551
2183,2.457277123587293e-05,0.39447296089230377
2184,2.44701220673108e-05,0.3944723020310987
2185,2.4377082335236164e-05,0.3944740090872018
2186,2.4279521600934576e-05,0.394473130405555
2187,2.4191117135587463e-05,0.3944736876354912
2188,2.410000776973262e-05,0.3944743721643254
2189,2.4015634846692874e-05,0.3944745190922772
2190,2.391592719753085e-05,0.3944710468355223
2191,2.3823626231780813e-05,0.3944714268888597
2192,2.372743693681524e-05,0.39447040464506844
2193,2.363457654904573e-05,0.3944699458585431
2194,2.353825371407527e-05,0.3944696598058177
2195,2.3446788256026873e-05,0.3944728156993539
2196,2.336380768357507e-05,0.39447553711438044
2197,2.3268224501763498e-05,0.394473957262315
2198,2.3175053670201073e-05,0.3944741588414128
2199,2.3092876489257426e-05,0.39447338773079715
2200,2.2998722939595834e-05,0.39447498488516025
2201,2.2907876732142238e-05,0.3944754128901436
2202,2.2806760099262328e-05,0.3944773588323235
2203,2.271417507900081e-05,0.39447563513078276
2204,2.2617476245349906e-05,0.3944760281606716
2205,2.253978442001453e-05,0.3944730177180336
2206,2.2453446045486804e-05,0.3944695463523066
2207,2.236290367703053e-05,0.39446878103901906
2208,2.227653963027606e-05,0.3944685375720473
2209,2.218432674760191e-05,0.39447047841141064
2210,2.2080312923189e-05,0.39447061327673066
2211,2.1990767649254853e-05,0.3944696286626018
2212,2.1910304429318324e-05,0.39446747116029257
2213,2.18175514084176e-05,0.3944646880301277
2214,2.1725852492796203e-05,0.3944613127816976
2215,2.1649121196707254e-05,0.3944609717223211
2216,2.155580589344666e-05,0.3944614536591919
2217,2.1473000443849604e-05,0.39446016636068154
2218,2.1383993635798636e-05,0.39445663377936235
2219,2.129047704412871e-05,0.39445656893937925
2220,2.1203238931911813e-05,0.3944532824383061
2221,2.112215521664814e-05,0.394451849010178
2222,2.1043329318465596e-05,0.39444959321524203
2223,2.0955979107725298e-05,0.3944493146047152
2224,2.0882045115485767e-05,0.3944506984469318
2225,2.078695797447452e-05,0.3944489151741928
2226,2.071091048103088e-05,0.39445170774078087
2227,2.063001833854417e-05,0.3944492396153975
2228,2.0540165145437523e-05,0.3944512489402863
2229,2.0454285217664795e-05,0.39445285256975365
2230,2.0375834689738138e-05,0.39445212849165134
2231,2.029389097903515e-05,0.394452184459738
2232,2.0204106514398706e-05,0.3944523705594831
2233,2.01194884058092e-05,0.39445074431889715
2234,2.0039434806560232e-05,0.3944472587338836
2235,1.994532770617182e-05,0.3944456532464994
2236,1.9875632715390963e-05,0.39444741256338256
2237,1.9801935015071945e-05,0.39444670246226743
2238,1.9722754355528643e-05,0.3944487253384488
2239,1.964745281818229e-05,0.3944475823728035
2240,1.9571871862115736e-05,0.3944488229130274
2241,1.9496750140981325e-05,0.3944506407079324
2242,1.941540720664882e-05,0.39445139461690293
2243,1.934044878424229e-05,0.394452472199169
2244,1.9262194797956218e-05,0.3944508816475541
2245,1.9199146071067392e-05,0.3944505263349256
2246,1.9129084049909965e-05,0.39444998877864157
2247,1.9049218226017426e-05,0.39445046196454553
2248,1.897605725572819e-05,0.3944485397486536
2249,1.8898660338532252e-05,0.3944495274909418
2250,1.882676881442622e-05,0.3944498907289721
2251,1.8753049723303364e-05,0.39445051871876285
2252,1.8674839866371017e-05,0.39444904771026645
2253,1.8598528034259177e-05,0.3944492562928286
2254,1.852415287091959e-05,0.394447271220425
2255,1.8452201060401024e-05,0.39444775466756626
2256,1.8384479415969955e-05,0.3944479724222417
2257,1.8306528872245e-05,0.3944477895691658
2258,1.8231195375359817e-05,0.3944459663766978
2259,1.8164954436665248e-05,0.3944462638995203
2260,1.809114818492671e-05,0.3944443390713919
2261,1.8022923842154623e-05,0.39444408095645067
2262,1.794276159217466e-05,0.3944433377696831
2263,1.7866394030894896e-05,0.39444408052923624
2264,1.7803854582519305e-05,0.39444440259608715
2265,1.774455185450061e-05,0.39444472943375447
2266,1.7677017374375807e-05,0.39444503635767264
2267,1.7608885195104982e-05,0.3944453898934588
2268,1.7530362668504687e-05,0.3944488768177592
2269,1.747261178915869e-05,0.3944493411958757
2270,1.740614506853706e-05,0.3944487592694301
2271,1.734030060566591e-05,0.3944462678315191
2272,1.7277353623524388e-05,0.39444726670072383
2273,1.721471442682279e-05,0.3944422277349298
2274,1.7150701980475122e-05,0.39444214947331463
2275,1.70886974992115e-05,0.39444213012385965
2276,1.7022440731744473e-05,0.3944402965458195
2277,1.6953466989147888e-05,0.39443963667147414
2278,1.688703811661272e-05,0.39443932374996693
2279,1.6827039147721645e-05,0.3944386280617101
2280,1.6765201589134186e-05,0.39443734983497364
2281,1.670115527993845e-05,0.394439054482683
2282,1.6634774794480093e-05,0.39443865546120205
2283,1.656672325660952e-05,0.3944374735959362
2284,1.6509382818314423e-05,0.3944377141625228
2285,1.6448687876323707e-05,0.39443880931995773
2286,1.63787199079559e-05,0.39444004957333884
2287,1.63170900552786e-05,0.3944369769610041
2288,1.6258471989052882e-05,0.39443856556158363
2289,1.6194774946746823e-05,0.3944375326016208
2290,1.6135731373036166e-05,0.39443706520319405
2291,1.607734245155156e-05,0.3944360639150857
2292,1.601968874060528e-05,0.3944348334882178
2293,1.5952636039892845e-05,0.3944326212643977
2294,1.589532169862932e-05,0.3944323288649421
2295,1.5842373369380618e-05,0.39443142518953983
2296,1.5775452870031366e-05,0.3944313494658021
2297,1.5714842879233893e-05,0.3944328195562926
2298,1.564681854714397e-05,0.3944301393309995
2299,1.5579586225605556e-05,0.39442863148781937
2300,1.5519996859484914e-05,0.39442878522973546
2301,1.545385889540325e-05,0.3944293430016819
2302,1.539313589540955e-05,0.3944305624504351
2303,1.5334512828258916e-05,0.3944297900509558
2304,1.527853606587069e-05,0.3944292385633242
2305,1.5224187942643208e-05,0.39442654475637173
2306,1.5163553442956254e-05,0.3944257269787159
2307,1.5099642191145263e-05,0.39442448761191895
2308,1.504132121675155e-05,0.39442360315104885
2309,1.4977255588387534e-05,0.39442228138817625
2310,1.490898703991211e-05,0.39442273521176907
2311,1.4847501569079737e-05,0.39442186505944576
2312,1.4782426442359842e-05,0.39442124785895283
2313,1.471871453375629e-05,0.3944220566165163
2314,1.465719647032094e-05,0.39442298623041
2315,1.459937412786041e-05,0.39442221488837315
2316,1.4549664212301797e-05,0.3944226466707967
2317,1.4499326254122293e-05,0.3944223654155666
2318,1.444917615423473e-05,0.3944213741278804
2319,1.4386103975043476e-05,0.39442187675483287
2320,1.4330841749020763e-05,0.3944226172009188
2321,1.427736399926925e-05,0.3944224050967417
2322,1.4220495039115734e-05,0.39442198706060355
2323,1.4167713564447625e-05,0.3944220455797402
2324,1.411463951482248e-05,0.39442113462860257
2325,1.405777919352516e-05,0.39442263723019433
2326,1.4001674731769423e-05,0.3944203505826064
2327,1.395165749885562e-05,0.3944217761219424
2328,1.3904889583781105e-05,0.3944225784620575
2329,1.3850064968255096e-05,0.3944220931010724
2330,1.3794629853670644e-05,0.3944226151993449
2331,1.3739101652805754e-05,0.3944221893166002
2332,1.3683943494746407e-05,0.3944205602590124
2333,1.3629957192242925e-05,0.3944213703657455
2334,1.3582129918412398e-05,0.39442242084181856
2335,1.3522861967219349e-05,0.39442397027843934
2336,1.3468059293435388e-05,0.39442417411098124
2337,1.3424618190210692e-05,0.39442391137795796
2338,1.3367507085196208e-05,0.39442307933035703
2339,1.3309161569208105e-05,0.39442363325087293
2340,1.3261489470172365e-05,0.3944222570390342
2341,1.3207760422776881e-05,0.3944204248701514
2342,1.315369646064288e-05,0.39441925447700704
2343,1.3102659053019511e-05,0.39441837736097685
2344,1.3057724613861524e-05,0.3944185464486724
2345,1.3004607551804975e-05,0.39441547196913285
2346,1.295710001605036e-05,0.39441417641969073
2347,1.2907949031552141e-05,0.39441362381356787
2348,1.286250619810356e-05,0.3944123486369212
2349,1.2810175628205507e-05,0.39441301848122506
2350,1.2760052332366193e-05,0.3944140630298053
2351,1.2709694441346348e-05,0.3944147356539326
2352,1.2663116909201421e-05,0.3944148883582138
2353,1.2616911730768354e-05,0.3944134968072752
2354,1.2569662465883288e-05,0.39441297654974244
2355,1.2518776572162572e-05,0.3944127554334514
2356,1.2470576509189922e-05,0.3944140882338402
2357,1.2416980360861506e-05,0.3944144820048469
2358,1.2369694496483483e-05,0.39441517910320456
2359,1.2321480227403387e-05,0.3944164149913637
2360,1.2272125166924418e-05,0.3944164692244299
2361,1.2226240172413446e-05,0.39441638045095706
2362,1.218188377934914e-05,0.39441619982106263
2363,1.213736876653508e-05,0.3944169353988077
2364,1.2087815965238676e-05,0.3944161976585946
2365,1.2038324434213541e-05,0.39441666701238876
2366,1.1989469037797268e-05,0.39441691216630376
2367,1.1947918184526823e-05,0.3944164686574126
2368,1.190729235801709e-05,0.39441704416659457
2369,1.1864636188658009e-05,0.39441781601721837
2370,1.1823969404515232e-05,0.3944178657809952
2371,1.1773882730305488e-05,0.39441768006774214
2372,1.173059014432262e-05,0.3944187938433847
2373,1.1684680075502664e-05,0.3944196359813132
2374,1.1641266764781462e-05,0.3944188041221019
2375,1.1600584560367934e-05,0.3944175211054859
2376,1.1554110763874494e-05,0.39441794910636885
2377,1.1512421841921782e-05,0.39441689240111666
2378,1.146876871967799e-05,0.3944168646618895
2379,1.1424912816475069e-05,0.39441746627432145
2380,1.1378402069746522e-05,0.39441671856298305
2381,1.1335358537734118e-05,0.3944171454815205
2382,1.1290780419618024e-05,0.3944185986022445
2383,1.12478354944895e-05,0.3944184305051267
2384,1.119637890777825e-05,0.3944178756148179
2385,1.1152844310713747e-05,0.3944179785338864
2386,1.1101683278140811e-05,0.3944171034392506
2387,1.1062819800617436e-05,0.39441598476380935
2388,1.1025611790399176e-05,0.3944158664166931
2389,1.0984160140492518e-05,0.3944161207918038
2390,1.093781184753239e-05,0.3944153799961492
2391,1.0891973356384977e-05,0.3944148967063893
2392,1.085462787792292e-05,0.3944150001805786
2393,1.081296757888286e-05,0.394414911825406
2394,1.0770509542191228e-05,0.39441495175494823
2395,1.0723381349964894e-05,0.3944157204721889
2396,1.0678193862846197e-05,0.3944163163477165
2397,1.0639331369712288e-05,0.3944172671294317
2398,1.060595047926889e-05,0.39441779026191287
2399,1.0568189415822724e-05,0.39441726911952496
2400,1.0526552793242888e-05,0.39441836316310663
2401,1.0488342081470796e-05,0.3944171176192153
2402,1.0449260522442264e-05,0.3944161025758039
2403,1.0406681078474992e-05,0.3944160127997782
2404,1.0371849293764169e-05,0.3944173839359608
2405,1.0335791790244657e-05,0.3944168249465323
2406,1.0299778312418608e-05,0.3944166323618175
2407,1.0262504641961666e-05,0.3944170584042222
2408,1.0221001003536288e-05,0.3944181505604633
2409,1.017671186301013e-05,0.39441830132285344
2410,1.0137662969964384e-05,0.3944191616830495
2411,1.00960566038486e-05,0.3944187297639777
2412,1.0052629672945778e-05,0.3944183997599925
2413,1.0017692536094032e-05,0.3944182570932989
2414,9.978515907773464e-06,0.3944161004741801
2415,9.93822794012935e-06,0.3944153486874091
2416,9.898239218093672e-06,0.3944123818890987
2417,9.862254419185714e-06,0.39441276204632153
2418,9.82638752296343e-06,0.39441461015032936
2419,9.793152890921604e-06,0.39441472817157364
2420,9.748947288267929e-06,0.39441608514051574
2421,9.713121570124844e-06,0.3944149391367873
2422,9.680712787505786e-06,0.3944145039326505
2423,9.649162691314785e-06,0.39441479854523837
2424,9.606699677391568e-06,0.39441491774308357
2425,9.568501611301582e-06,0.39441658599877993
2426,9.528221766611948e-06,0.3944148896744908
2427,9.48730032997501e-06,0.3944156170476525
2428,9.449774313484967e-06,0.39441604146358106
2429,9.414791371235962e-06,0.3944161742580385
2430,9.384408946460946e-06,0.3944149171542021
2431,9.349489734448822e-06,0.39441471753823804
2432,9.313313490509214e-06,0.39441620040843034
2433,9.278919614673531e-06,0.39441620303369584
2434,9.2450489305378e-06,0.394414989044755
2435,9.20771894368956e-06,0.3944163230753555
2436,9.170750731764037e-06,0.3944144599556842
2437,9.130865190742457e-06,0.3944157364389136
2438,9.092247135734696e-06,0.39441553826677445
2439,9.057669986044193e-06,0.3944142539481063
2440,9.02362667627586e-06,0.3944146321112029
2441,8.98664865498773e-06,0.3944149277305599
2442,8.953462792167573e-06,0.39441401978700014
2443,8.915646769351787e-06,0.3944129219104516
2444,8.87875354072326e-06,0.39441357140610084
2445,8.842629110087007e-06,0.3944127272813385
2446,8.807699502613585e-06,0.394412680333062
2447,8.769546024599423e-06,0.3944117320894491
2448,8.731742510554279e-06,0.39441333555363867
2449,8.698921725882326e-06,0.394410925204936
2450,8.661265176000215e-06,0.3944116723255317
2451,8.625071569176608e-06,0.3944114077130037
2452,8.592196272248986e-06,0.39441122150391
2453,8.562030326915965e-06,0.3944115579133092
2454,8.528924131416438e-06,0.39441086806549763
2455,8.491144523786084e-06,0.3944122820422106
2456,8.459890493500488e-06,0.39441181155961375
2457,8.42711779943255e-06,0.3944113436452824
2458,8.390316232857584e-06,0.394411296396052
2459,8.357701592166506e-06,0.394410998461906
2460,8.32613298030027e-06,0.39441164722827865
2461,8.291846023224378e-06,0.394412077695365
2462,8.257261934530483e-06,0.39441051962884177
2463,8.226396863309431e-06,0.3944107100058301
2464,8.194930001175145e-06,0.39441028387053945
2465,8.16639038572462e-06,0.3944108031541461
2466,8.135173952395361e-06,0.39440957876634614
2467,8.10364358978087e-06,0.39441023103542333
2468,8.072840761623386e-06,0.39440934643068903
2469,8.042786604846934e-06,0.39440926924506997
2470,8.006835421227162e-06,0.39441012722686375
2471,7.974378507869223e-06,0.3944098654409022
2472,7.942745765296439e-06,0.3944102058414623
2473,7.912682087533566e-06,0.3944097520377471
2474,7.883391897546354e-06,0.3944094656892824
2475,7.852030010984681e-06,0.39440873577000773
2476,7.822103428841367e-06,0.3944090250439035
2477,7.791332325247379e-06,0.3944085524465155
2478,7.758489524660346e-06,0.3944075774555718
2479,7.732921284515825e-06,0.39440767735914384
2480,7.699603234005328e-06,0.3944075274340655
2481,7.668599221872102e-06,0.3944064161072964
2482,7.642970196380788e-06,0.39440641898778955
2483,7.610064560103101e-06,0.39440613425991145
2484,7.578637243507748e-06,0.3944063123497781
2485,7.547655230422546e-06,0.39440608540799893
2486,7.519017218004881e-06,0.39440524460620924
2487,7.488367963713038e-06,0.3944047165372617
2488,7.458459873569672e-06,0.3944064577403927
2489,7.429377470164757e-06,0.39440500333347117
2490,7.400134075629749e-06,0.39440732684647634
2491,7.374254047335879e-06,0.3944081203797217
2492,7.348023267966827e-06,0.3944071149376921
2493,7.319354433165902e-06,0.3944075152774826
2494,7.2917940992103175e-06,0.39440939075539416
2495,7.26431773193526e-06,0.39441040972693436
2496,7.2410745311339846e-06,0.3944106934500643
2497,7.212740094933584e-06,0.39441114633043556
2498,7.182002170976862e-06,0.3944115778137499
2499,7.1522258796878164e-06,0.39441037317767413
2500,7.1266892834724556e-06,0.39440991736843695
2501,7.1017603521818034e-06,0.39440958281553135
2502,7.073801217889344e-06,0.3944104550193644
2503,7.0470457825490145e-06,0.3944096469592914
2504,7.014728468766762e-06,0.39440969513815916
2505,6.986377588986114e-06,0.39440913536985495
2506,6.9613621098386935e-06,0.39441012555824495
2507,6.9371509700704326e-06,0.39440913358995905
2508,6.9086612154515245e-06,0.3944112767350168
2509,6.884731464540833e-06,0.39441217020261493
2510,6.85886534261136e-06,0.39441236236480215
2511,6.8310281896835945e-06,0.39441072274800737
2512,6.806212196810904e-06,0.39441187146571904
2513,6.776113497169145e-06,0.39441122470684015
2514,6.753915290541693e-06,0.39441126107451224
2515,6.72562740015019e-06,0.3944098458780658
2516,6.701109864728537e-06,0.394409485744801
2517,6.67284443839232e-06,0.39440975100151576
2518,6.6518776443684665e-06,0.39440980044201307
2519,6.629196061744226e-06,0.3944096734257096
2520,6.600849911204482e-06,0.3944097673699053
2521,6.575375263248413e-06,0.39441121397702417
2522,6.552271007948604e-06,0.3944114237665792
2523,6.525120125539226e-06,0.39441104993831066
2524,6.500429851036062e-06,0.39441067533602897
2525,6.475178797578047e-06,0.39441029619832646
2526,6.4515729225425695e-06,0.39441050414760453
2527,6.427892713350713e-06,0.39441015097079063
2528,6.399178521721057e-06,0.39441028721740573
2529,6.376603469668593e-06,0.3944097468702347
2530,6.352526158730637e-06,0.3944089621553857
2531,6.327251158762515e-06,0.3944079061426301
2532,6.303026392817725e-06,0.39440813731502755
2533,6.279387456602237e-06,0.3944069632825362
2534,6.259739722205608e-06,0.3944062865997845
2535,6.2345676031160044e-06,0.39440668550430735
2536,6.211289863282137e-06,0.39440741220840625
2537,6.185633398793e-06,0.3944068415221802
2538,6.162494788123987e-06,0.3944064987728725
2539,6.140835617202468e-06,0.39440721925859656
2540,6.115247917790913e-06,0.3944070979163011
2541,6.089246768076535e-06,0.39440772173452177
2542,6.063588252707884e-06,0.39440702760469004
2543,6.043730763502167e-06,0.39440758908076423
2544,6.020060130695036e-06,0.3944089739484008
2545,5.998043092950581e-06,0.3944083715020993
2546,5.973395518279687e-06,0.3944072350283171
2547,5.954022750089811e-06,0.39440670935127353
2548,5.928353986190254e-06,0.3944081798987205
2549,5.9053611660922844e-06,0.39440755238670094
2550,5.8804117201809455e-06,0.39440728508497985
2551,5.857446877788013e-06,0.39440785723593635
2552,5.831742115652792e-06,0.39440767844924723
2553,5.809205239265139e-06,0.39440781447797557
2554,5.788435049099737e-06,0.39440774073603685
2555,5.7672575739422886e-06,0.39440710255209815
2556,5.743926739077224e-06,0.3944076007513508
2557,5.724021636071607e-06,0.3944066325982518
2558,5.701195319175029e-06,0.39440776001948763
2559,5.680151941983399e-06,0.3944073077139581
2560,5.657944520987757e-06,0.3944068156639231
2561,5.637699105208035e-06,0.3944069504452723
2562,5.615728735802218e-06,0.3944071236108819
2563,5.595832849968514e-06,0.3944063175500893
2564,5.575166542248081e-06,0.39440517460521246
2565,5.555934427109077e-06,0.394405364005838
2566,5.533431002364823e-06,0.3944064163977104
2567,5.513076569291685e-06,0.39440752675338725
2568,5.48951258386271e-06,0.39440704796470516
2569,5.46672376218675e-06,0.3944066325036371
2570,5.443739633271554e-06,0.3944075769475503
2571,5.424721168078578e-06,0.3944073345377155
2572,5.404532793376798e-06,0.3944073630683114
2573,5.3832723594067935e-06,0.3944075547355804
2574,5.36320875786175e-06,0.39440781814265424
2575,5.342134147649974e-06,0.3944075478772141
2576,5.322740044989314e-06,0.39440781221022403
2577,5.302743418076871e-06,0.39440745547204503
2578,5.285570061140019e-06,0.39440680006636997
2579,5.26191076912746e-06,0.39440738085590743
2580,5.239611585975201e-06,0.3944077945241827
2581,5.217343104099618e-06,0.394408169603184
2582,5.195728813651752e-06,0.3944083877954453
2583,5.1758330481276225e-06,0.3944085045974795
2584,5.154217526029246e-06,0.39441002454754365
2585,5.135878643770037e-06,0.3944098811512852
2586,5.117524388012199e-06,0.39440973141581553
2587,5.09412669042987e-06,0.3944085227975019
