epoch,train_loss,val_loss
1,0.9686035035743268,0.9777813459300817
2,0.9394125040709188,0.9507094878129139
3,0.9112483822021441,0.9269891027785252
4,0.8828232949348747,0.9021885023339832
5,0.857411148423295,0.8789709166901067
6,0.8338948989488995,0.8592780747861327
7,0.8128374843495666,0.8421541492626817
8,0.7922985489085095,0.823460286840012
9,0.7724564567206029,0.8061358466472922
10,0.7563985469304154,0.7920625385846882
11,0.7413721993991291,0.777667716942464
12,0.7254260452874344,0.7636637810103742
13,0.7107369171007035,0.7511793645238649
14,0.6974592302696097,0.7406698744701005
15,0.6838473005530388,0.7292384051166692
16,0.672381241299169,0.7207399757340497
17,0.660524232674708,0.7119422010797872
18,0.649865381747786,0.7037632558873247
19,0.6391077638379189,0.6959743500939445
20,0.6289992091526765,0.6882335852333648
21,0.6201661711492781,0.6823617546544629
22,0.6120092436960334,0.6759544271690614
23,0.6035108322826022,0.6703481897045351
24,0.595305180602725,0.6647902728290167
25,0.5866352246039042,0.6592372200895608
26,0.5788696096193343,0.6539162049577569
27,0.5719826349547952,0.6493171229175329
28,0.5640066707583488,0.6440695282959648
29,0.5572751147511861,0.6398578044265347
30,0.5510188273421689,0.6354086929723469
31,0.5445575910104503,0.6316862852803
32,0.5385577308564307,0.6264476304406774
33,0.5327297595269488,0.623161203775855
34,0.52730980963901,0.6195980543484665
35,0.5213855003272241,0.615900451838035
36,0.5169287407656861,0.61424330211023
37,0.5115963713783122,0.6108170262231721
38,0.5066420064870754,0.6077704102056608
39,0.5022087346441952,0.6055547034442124
40,0.49756801859218036,0.6032086761099337
41,0.49351894181530037,0.6016972514413819
42,0.48928287804328413,0.6001283002981355
43,0.48475893135764464,0.597868182078924
44,0.48024729267279187,0.5945750259565149
45,0.4763575554000721,0.5924716863945302
46,0.4719174367253131,0.5898902972193998
47,0.4676310962664553,0.5871868321406634
48,0.46390783705626965,0.5863974231309741
49,0.45989762058800243,0.5836892610668748
50,0.4557770189466726,0.5809182724665366
51,0.45227721432594786,0.5801598772108303
52,0.44852033193253726,0.5785493311285235
53,0.4446889055418065,0.5766927259306929
54,0.4413856459167439,0.5753458575697885
55,0.4381287626468296,0.5747924761373
56,0.4349576702046454,0.5736171507311909
57,0.4316297244361945,0.5727511895226856
58,0.42857814275242073,0.5712097802831492
59,0.4253295943822186,0.5693729430164072
60,0.42245748279334056,0.5690054966113718
61,0.4192744521858014,0.5681013634926579
62,0.4162258747505718,0.5665816187871184
63,0.4128641866689455,0.564571749827893
64,0.40972968816222866,0.5631284419045435
65,0.406808684861167,0.562378703187859
66,0.40402633870494137,0.5609256902508892
67,0.40086568429976865,0.5592627630984027
68,0.3978985397070376,0.5578770617471523
69,0.3949231006005898,0.5556998388570561
70,0.39213735761249185,0.5548681987147471
71,0.38929210395056585,0.5533851718409526
72,0.38648102621316766,0.552146584536223
73,0.3837281978799641,0.5514569278674847
74,0.38100938584140054,0.5502785595891015
75,0.378210626970455,0.54910345477938
76,0.3754907423037536,0.5481047923508251
77,0.3727552288009406,0.5469979671830633
78,0.3703417016753825,0.5461891636042111
79,0.3679649855638941,0.5455393748231429
80,0.3655672319587732,0.5439486216619417
81,0.3631892855325166,0.5434672835777334
82,0.36069383108029474,0.5431566175460468
83,0.3583956621942738,0.5423602122351874
84,0.3560976545218122,0.5421800117277297
85,0.35372730794238794,0.5417227190528806
86,0.35128253503493856,0.5415343978305078
87,0.34902620233009807,0.5409887011353782
88,0.3466871223847098,0.5403476199996021
89,0.3444443054812778,0.5409328366575279
90,0.34234397858494153,0.5404826400915571
91,0.3402093677985103,0.5394593605226484
92,0.3382170885628797,0.5389349138675291
93,0.3361507501486836,0.5381433160303969
94,0.33413108089613863,0.538191708801856
95,0.3321239660046405,0.5375273924336265
96,0.330032759776356,0.5373223257526971
97,0.3278977102963972,0.5369086066462229
98,0.32581368450886095,0.5363352077133314
99,0.3238803346057894,0.5358455877192074
100,0.3218676423878258,0.5353215399720064
101,0.31976722169060207,0.5343382656323052
102,0.317754797829783,0.5339481818809115
103,0.3155911713043589,0.5330828260849937
104,0.31362196841368856,0.5327476412183653
105,0.31152360957796466,0.5318259300597181
106,0.3095331568960584,0.5314499316125123
107,0.30768546970539906,0.5309975250195148
108,0.3057411155201415,0.5311055406964671
109,0.3039275914750015,0.531015863011339
110,0.3021904326807295,0.5308929465919898
111,0.3002709146642315,0.5301815912266712
112,0.2984107567427539,0.5295061559802751
113,0.29650343587984357,0.5289202319146493
114,0.29456833110397546,0.527948574329539
115,0.29282960606651864,0.5277272742507606
116,0.29113158811558243,0.5274925096462022
117,0.28931572879066864,0.5274571860013297
118,0.2874889726614701,0.5269193761372328
119,0.2856239168338958,0.5267695329037922
120,0.2838845011474499,0.5260818725040354
121,0.2821306057331496,0.5256653133734402
122,0.2803839058461216,0.5253400666493939
123,0.27876016167285395,0.5250084610296251
124,0.2771336638320837,0.5248225561473493
125,0.2755056024203992,0.5240915768231988
126,0.27375492942554197,0.5240223913326957
127,0.27204050729615314,0.5237341804817479
128,0.2704443655311504,0.5230999945873525
129,0.26893934340398906,0.5230434241394856
130,0.2674527061989429,0.5230774080228914
131,0.2659261134550043,0.5231693870625972
132,0.26430482912319075,0.522913460341124
133,0.2627923038427034,0.5225326971307698
134,0.2612596330482374,0.5220408739690766
135,0.25973291120588965,0.5215287169074642
136,0.25826116307199193,0.5216338128377797
137,0.2567340522566111,0.5213806859642269
138,0.2553243108599011,0.5216623487182094
139,0.25389928773328474,0.5209836420859165
140,0.2524930269036563,0.5206421539914731
141,0.25093838210055514,0.5205308172911235
142,0.24946478202395667,0.5198689378139189
143,0.248032357048638,0.5196151609071915
144,0.24669145335304019,0.5195581454568264
145,0.24532862970706729,0.5190312062736193
146,0.2439357748342703,0.5186068739341784
147,0.24257408751851733,0.5182510325358473
148,0.24130043095316672,0.5179421884106347
149,0.23986370698228765,0.5174932787357724
150,0.23838793242257955,0.5174480640969557
151,0.23708600006976924,0.5173890259072218
152,0.2357740078426636,0.5172419308049593
153,0.23454978037003427,0.5168986414728666
154,0.23328699830803482,0.5170126047593854
155,0.2320205681386308,0.5167693289148393
156,0.2307259253589166,0.5168347307718678
157,0.22942354281688496,0.5168604701332886
158,0.2281118027469431,0.5169231106615949
159,0.2269834436285439,0.517066279003015
160,0.22575623694154634,0.5167019728950478
161,0.22452502470436314,0.5165465037403421
162,0.22339235712052183,0.516436468036766
163,0.22203443888619845,0.5155855141684217
164,0.2208072400701813,0.5155386899427171
165,0.21956631417740347,0.5149998048617476
166,0.21832068224514034,0.5148527196547479
167,0.2171359244640582,0.51459810312497
168,0.2159084768168077,0.5140388968418474
169,0.21470939294516908,0.5142416191121211
170,0.2136227249287361,0.5145464686997245
171,0.2124196863675215,0.5141768044403443
172,0.2113185330537648,0.5139858308450632
173,0.21021294591565898,0.5135490460219547
174,0.2090805919911369,0.513347212232548
175,0.20807913707838607,0.5131015945950024
176,0.2069860753698189,0.5128738474712775
177,0.20586043232305867,0.5124906023882961
178,0.20473468786048674,0.5123007330032985
179,0.20362880519628904,0.5122115609736575
180,0.20249696671516057,0.5115902836562073
181,0.2013777220028307,0.5114511759547006
182,0.20036383732167823,0.5112510233240489
183,0.1992452045591617,0.5111811896870292
184,0.19815501483425305,0.5109467932000813
185,0.19714413479724444,0.5108126729507813
186,0.1961358733471212,0.5105606885312839
187,0.19503998876068443,0.5103593984843905
188,0.1939735676485987,0.5098811782439906
189,0.19298864378117336,0.5098623118972031
190,0.19188945900657278,0.5098965451460863
191,0.19079495953904513,0.5095905245671412
192,0.18974890343129933,0.5093334928007507
193,0.1887281999229285,0.5091916209238098
194,0.18776671034746975,0.5092118097138797
195,0.18683136012367416,0.5090618228573869
196,0.18588970055378173,0.5089546825814788
197,0.18490795800477855,0.5087497302716868
198,0.18391462268399253,0.5084893337976921
199,0.18296312647406304,0.5080247667820068
200,0.18195497224749504,0.5076754893755284
201,0.18099454343926585,0.5072392249407137
202,0.17999646278048362,0.5073394630419803
203,0.17908012137377768,0.5071413298742117
204,0.17819970197169407,0.506746342492263
205,0.17726391941890038,0.5066030513940747
206,0.17633895693878232,0.5068726300750878
207,0.175498666191082,0.5066127606153012
208,0.17464015757524515,0.5062477346310117
209,0.1737038016082659,0.5061734329810269
210,0.17285390080550958,0.5060208322129228
211,0.1718296642018664,0.5055132369310845
212,0.17094234955604687,0.5054125701413797
213,0.17002343970190298,0.5051608817728749
214,0.16915346742656825,0.5047189964329397
215,0.16835449816081768,0.5046782707872143
216,0.1674432057724315,0.5042803305792223
217,0.16664094131569923,0.504034958229344
218,0.1657808089370238,0.5036213938176073
219,0.16491215745347323,0.5036056513685452
220,0.16402523438155245,0.5030679552401575
221,0.1631337130075564,0.5029610446886538
222,0.16234037681526295,0.5027820491198397
223,0.1615772848770281,0.5025055748638354
224,0.16072488842366647,0.502253094784158
225,0.15989332008611953,0.5022215836771107
226,0.15899464044452116,0.5022368528477333
227,0.1581916538442995,0.5020052286985404
228,0.15734200498402762,0.5019811115974443
229,0.15658532703372396,0.5018426135343583
230,0.15581260632413665,0.5016297690784329
231,0.15499279535477523,0.5013900626597992
232,0.1542619201226838,0.501327973313351
233,0.1534574736245077,0.5011234334250043
234,0.15269569207615888,0.5009422774718703
235,0.15199503689352,0.5008113679575504
236,0.15122080068917126,0.500573127262605
237,0.15048695195492956,0.5005302270236311
238,0.14971729614386564,0.5000241773226202
239,0.14895715945550636,0.5000762441580219
240,0.14820229896871595,0.49996238006155314
241,0.14744448337355925,0.4995735752055254
242,0.14674782609090034,0.49931035809197066
243,0.14605357225662252,0.49918305563195414
244,0.14538662195559476,0.4993466202430276
245,0.14467335417593416,0.4992751572592898
246,0.1439267158057642,0.49915439770067727
247,0.14318798843559363,0.4991544693505238
248,0.14247667906810074,0.499355980135717
249,0.1417583881650752,0.49927214511120144
250,0.1410645085480823,0.49950981755656393
251,0.1403744574637754,0.4994666071130612
252,0.13965921860546382,0.499621771699027
253,0.13897087319915769,0.4994995016694811
254,0.13830656610636388,0.49943095141020666
255,0.13765412181419998,0.4989994530798017
256,0.1369970549797985,0.4989837839807158
257,0.13634091213615673,0.49910026819419834
258,0.13565850419020775,0.4989556072608206
259,0.13495673477129705,0.49880358094035976
260,0.13427059597298696,0.49877662210070445
261,0.1335870150014812,0.4985826347276522
262,0.13293684840976958,0.49856718026800545
263,0.13228023293176872,0.4986255318713623
264,0.13161329807284286,0.4985380469246103
265,0.13093757770323894,0.4985640588360608
266,0.13026150646165505,0.4986185355641461
267,0.12967738732352066,0.4986044108627766
268,0.12906084292519016,0.49837766100260833
269,0.12848404462441232,0.49823591812373824
270,0.1278599982294158,0.4980568647604165
271,0.12718781274652088,0.49800896512080506
272,0.12651247086200845,0.4976427697391361
273,0.12583965987088683,0.4972134026757134
274,0.12520519876609704,0.4970756480672933
275,0.12458116228074316,0.4970711379640614
276,0.12395711914373947,0.4969572007583963
277,0.12330102502384181,0.49684798618471804
278,0.12267819209958909,0.4965506460745632
279,0.12200371985361083,0.49639343470690095
280,0.12141629764935542,0.4963833666572603
281,0.1208579656598816,0.49630055728439465
282,0.12028741603008383,0.49622489415773846
283,0.11973329852906126,0.4960091694166273
284,0.11918261750717578,0.49590547642456945
285,0.11861537568811178,0.49585155760613886
286,0.11800344703211317,0.4956827166578801
287,0.11748059946797974,0.495719234849118
288,0.11688242510432344,0.495697313482693
289,0.11627257944148812,0.49588740784005636
290,0.11566046027567269,0.4960601072307568
291,0.11511268511336509,0.49601942604903815
292,0.11454307262808255,0.49600096153028167
293,0.1140275746101551,0.49590100847046165
294,0.11343403155012323,0.49584162649498603
295,0.11294922747068917,0.4957507370756381
296,0.11243849482268718,0.49570229892052164
297,0.11187114062795274,0.4954252901549325
298,0.11136271867654912,0.49543074105815715
299,0.11081587675174265,0.49539494042633386
300,0.11032547013541485,0.49558695844421446
301,0.10978616328046771,0.4955640043252072
302,0.10927544463471621,0.4955885180563373
303,0.10869314477539942,0.49558208547675053
304,0.10820258914010686,0.49562303169450483
305,0.10774268322519598,0.4954273953557707
306,0.10726718858013315,0.49545203480805183
307,0.10678353241223192,0.495131431335911
308,0.10626604343744947,0.49536174469947114
309,0.10573497366038255,0.49526480307071463
310,0.1052652864325941,0.49522651692964703
311,0.10474265148478515,0.4950851656504946
312,0.10424117800518584,0.49502115790182083
313,0.10377988183370954,0.49508523721895276
314,0.10333652102246418,0.4951069204059538
315,0.10283791188664874,0.49526256779955574
316,0.10233275199977135,0.49527214945752157
317,0.10184703744771206,0.49512701293881783
318,0.10139646222693446,0.49515966491987484
319,0.10092103168263279,0.49510666067303943
320,0.10048421802705207,0.4952093225031021
321,0.09999222709300647,0.495189658858634
322,0.09954590785076602,0.4952032875460954
323,0.0990749733725531,0.4949297232125771
324,0.09860275182251203,0.49479526443409977
325,0.09811269061194541,0.49468303646286194
326,0.09758990509404894,0.4944642418243954
327,0.0971225368944512,0.4942476058387894
328,0.09666785259243292,0.49424338024286335
329,0.09624616219082846,0.49405639287536146
330,0.09582446322743476,0.4939399186328566
331,0.09531603574766621,0.49397324772437673
332,0.09485529883641579,0.4940020033921237
333,0.09440630788463424,0.4939572098339817
334,0.09398268939278531,0.4939806225522946
335,0.0935516255029709,0.4938309146850561
336,0.09306621300388716,0.4937653929040834
337,0.09264917849966259,0.4935926297599263
338,0.09223384393795654,0.49363684071219016
339,0.09179295036760925,0.49355157553220524
340,0.09141548176004771,0.4934872401963614
341,0.09095709785151991,0.49327146860517485
342,0.09050291840479552,0.49327396584421423
343,0.09012085831192636,0.49303178029877537
344,0.08968977784658927,0.49296536811348474
345,0.08928347910218189,0.4927303843014664
346,0.08890861633247926,0.4925357271335807
347,0.08848860910512742,0.4923648667109273
348,0.08805935034011082,0.49224795830020723
349,0.08764209838999347,0.49209125130510006
350,0.08723822323584746,0.4920687103546513
351,0.08682946746532694,0.4920545424257
352,0.08646762630557517,0.4921299760391805
353,0.08606771062077126,0.4922479489873353
354,0.08567088471685387,0.4921749763092697
355,0.08525482705258261,0.49224518694631086
356,0.08487081996388944,0.4923179644737086
357,0.08445266277144266,0.4922460420715233
358,0.0840329769577703,0.49221328401344594
359,0.08362324688074711,0.4922730908903792
360,0.08321937170820175,0.4920573014095047
361,0.08282134262894235,0.492009279105352
362,0.08243221123821483,0.49187810895297374
363,0.0820320561365331,0.49177289550942244
364,0.08161904355519269,0.49167112141657304
365,0.08127055634608692,0.49166813265915665
366,0.08088552354042491,0.491704064969662
367,0.08052070736143395,0.4917562758586461
368,0.08017165665743592,0.4918396562120349
369,0.07977923774505835,0.4918523700901656
370,0.07941888071582673,0.49187495280974186
371,0.07900249974809609,0.49186150120480987
372,0.07862505941306086,0.49180075722419364
373,0.07828482831592783,0.4917377627017424
374,0.07793596640949323,0.4918767827987117
375,0.07757050821837357,0.4919334645689125
376,0.07724168644216868,0.49206573481252164
377,0.07690004395767137,0.49194066759402866
378,0.07647556766917826,0.4917242290304912
379,0.07616280686782015,0.49174419893910865
380,0.0758306258529342,0.4917871230112016
381,0.07543323824025171,0.49177121003732377
382,0.07507100774245105,0.4916768293919046
383,0.07473721171680227,0.4917337318531027
384,0.07438051083547113,0.49150211840638686
385,0.07403703355185043,0.49146704251946444
386,0.0737131280777271,0.49135169471341616
387,0.07339531473830062,0.4913814578978928
388,0.07308219401453667,0.49132810870008486
389,0.07273138381449776,0.49118444024119257
390,0.0724113583742377,0.49087513909884056
391,0.07210942298259496,0.49092833529186375
392,0.07175705186744627,0.49094591548202304
393,0.07142560783335117,0.4908351149940631
394,0.07109575795757259,0.49073838243781426
395,0.07078689794759145,0.49076151513276695
396,0.07047679040237778,0.49051162735367837
397,0.07017567153103511,0.4903455831057164
398,0.06984731455805757,0.49043448313483673
399,0.06953099763536237,0.49033548961039713
400,0.06923116223068292,0.49043624922346263
401,0.06891017441667754,0.49026721592961475
402,0.06858775707323433,0.4902358056271002
403,0.068296832629526,0.49013101435401535
404,0.06800346781866692,0.4899418336697635
405,0.06767676438499523,0.48979528143609324
406,0.0673429419501773,0.48961359384289993
407,0.06704572233434444,0.4896943637729598
408,0.06672160951090561,0.48953629332610626
409,0.06643593372620898,0.4894259459876865
410,0.06615532729229855,0.48934671066586294
411,0.06584210281559269,0.4892194133120875
412,0.06551760377702051,0.4892743058764413
413,0.06519880349828686,0.489140481493019
414,0.06490012821039763,0.4890370035380594
415,0.06463295011619064,0.48893641587885855
416,0.06436832346556398,0.48890770356037766
417,0.06409744302731901,0.48909750384627476
418,0.0637960778170693,0.48892430039157814
419,0.06353827300896693,0.4889552696950844
420,0.06322739551218964,0.489038744704794
421,0.06294482012793208,0.48887938630421635
422,0.06266274812743576,0.4888277147054635
423,0.062381435523457505,0.48870717986986023
424,0.06213922326447655,0.48867385980595146
425,0.061836053062479676,0.4883499472852033
426,0.061552236178281976,0.4883584161630328
427,0.061249416868280046,0.48839225299488065
428,0.060944272331529104,0.48819649017058775
429,0.06069943317615051,0.48824513758811533
430,0.06042646681076045,0.4882574773724581
431,0.0601626004635265,0.4883586212474324
432,0.05990897198879695,0.48834659120836094
433,0.059626102587265015,0.48819897008376273
434,0.05935178097185612,0.48811349754758687
435,0.05907648916204934,0.48808295381595734
436,0.05882514911449015,0.488088012996052
437,0.05857173091819269,0.48791831079210585
438,0.0583234505170322,0.48790100616233295
439,0.05806023332601757,0.48776736472744703
440,0.05779315843868737,0.4877222490787893
441,0.05756255586434508,0.4877674359008779
442,0.05731182339722726,0.4875443784479264
443,0.0570619943910112,0.48749149486905213
444,0.056803768041193456,0.4875478567093215
445,0.056523083152440964,0.48772179852604114
446,0.0562823403378008,0.48765875577333556
447,0.05602841122955085,0.48758117195712775
448,0.05575235615303222,0.4874854491716418
449,0.05549765286054305,0.4874445119812649
450,0.05528202578182195,0.487401974156421
451,0.05502194673752636,0.4873140975907914
452,0.05477756881255992,0.4873403450264405
453,0.054506325830267655,0.48726979635371326
454,0.05421854389370238,0.4872400802691937
455,0.05397457943516105,0.48728268514328704
456,0.05372951487514578,0.4872247938939812
457,0.05348033373030262,0.4872057596903361
458,0.05325772275267,0.4872754886607788
459,0.05301826241899285,0.48728222728562065
460,0.052772380500318926,0.48701910464178283
461,0.05252427244803959,0.48704790061241715
462,0.05229864695847222,0.4870541799507276
463,0.052056172891863435,0.4869967250309095
464,0.05183508062186054,0.48687874474583503
465,0.051595713616139724,0.48683198140294404
466,0.05136368600336541,0.4868515701020646
467,0.051115802417898704,0.48690542513321394
468,0.050898462865074226,0.4869919995519826
469,0.050652362097000976,0.48702022348055923
470,0.050417959781438,0.4869972590334984
471,0.05019256094203489,0.4868487814878443
472,0.04996489627543429,0.48691027109517454
473,0.04973717873107482,0.4869586533345905
474,0.04953779417446418,0.486949511445489
475,0.04932071097237738,0.4868884479279567
476,0.04908639223092926,0.48679121656469615
477,0.04887655001910463,0.4868463508905926
478,0.04865745732793264,0.4867774484444705
479,0.048449746885832486,0.4866516103895743
480,0.048244391194212345,0.48665728947443604
481,0.0480355512050289,0.48649650605113726
482,0.0478419117723018,0.48636888370871867
483,0.04764354862322779,0.4864796668024863
484,0.04744720902289293,0.48643157683203386
485,0.047255625548216905,0.4864361466630389
486,0.04702922403044696,0.48649458005503216
487,0.046834181610391476,0.4863899390409785
488,0.046626646057853764,0.4864773238105563
489,0.046434897015048625,0.48662396709775246
490,0.04623072045898618,0.4865258307906377
491,0.04602903698292778,0.48646495306551624
492,0.0458325444340924,0.48644566353839774
493,0.045646674760559405,0.4862673952605294
494,0.04542863864113342,0.48621657243782473
495,0.04523635124582715,0.48613555464155683
496,0.045036362998817435,0.48601360238053415
497,0.04483023408575006,0.4860388195670359
498,0.04464592957669052,0.4859380337528693
499,0.0444587974607941,0.4859975425083311
500,0.04426733863017807,0.48591350596652116
501,0.04408805219717286,0.4858577091750555
502,0.043885346274667315,0.4858164842743404
503,0.043681443038544786,0.48573854232395186
504,0.04348665081747534,0.48573065387988856
505,0.04331295531546964,0.4858031471642143
506,0.043136333358721225,0.4857671734302582
507,0.04295150750527755,0.48569482594093527
508,0.04277562295106693,0.48571432159272465
509,0.0425656637379874,0.48562894574198
510,0.04235665872779268,0.4856620753294922
511,0.042182710117195,0.48578458162391563
512,0.04199151334008384,0.4857304226458949
513,0.04181121376704768,0.48563158483133895
514,0.04163335724226335,0.48555379889101447
515,0.04145908925977536,0.4855405668250002
516,0.04127710604283431,0.48554086498240884
517,0.04111371514185347,0.48563288552031475
518,0.040933757563340833,0.48554557617816996
519,0.04075283251686421,0.4855549130123489
520,0.04058074835037466,0.4855099181169248
521,0.040391879915614624,0.48547332856582126
522,0.040218079873821415,0.4855290809403298
523,0.040039707336834415,0.48548229676124566
524,0.039861104821049737,0.48550067988748047
525,0.03967442773106845,0.48552909355769525
526,0.03949742876245901,0.48543666762308785
527,0.03932127202009761,0.48548700140833734
528,0.03914505585763536,0.48551184162580713
529,0.03899415161623324,0.4854885509238521
530,0.038820507962918444,0.4854783626341532
531,0.0386583330654266,0.4854322915209666
532,0.03849190446171027,0.4853910525042318
533,0.038334319636797586,0.4853635362566753
534,0.03816310609417221,0.4853201732994146
535,0.0380108323502799,0.48538815473454755
536,0.03785339570782908,0.4853939623782848
537,0.03768809356193121,0.4852679970323797
538,0.03754192738876476,0.4853401109869474
539,0.03738798727650647,0.4853272833290559
540,0.037229412122971,0.48527276039949324
541,0.03706494226909426,0.4852672111550438
542,0.03688329905054882,0.48521327112551277
543,0.03670683233078559,0.48526364574458636
544,0.03656776348671142,0.48528114388050486
545,0.03642069554283269,0.4852908015469138
546,0.03625570317704068,0.48526833853039336
547,0.03609989619511621,0.48532660777935704
548,0.035946377932981464,0.4854206125936173
549,0.03579927992660553,0.4855420289773234
550,0.035625491951373225,0.4853884811466912
551,0.03547452698483367,0.4853408271860898
552,0.03533751497694984,0.48533403277285947
553,0.035180195131188655,0.48526212503011934
554,0.03504176130220817,0.48524372713416425
555,0.03488368440657606,0.48532792394977087
556,0.03472441664567344,0.48537826757302144
557,0.034588821763967124,0.4853025929578189
558,0.034435835750217976,0.48522113368173553
559,0.034282748942874176,0.4851429263176003
560,0.034124957937157974,0.48508439866031317
561,0.033986196466387855,0.4849984855253544
562,0.033847353838929464,0.48495528835149676
563,0.033689554899430575,0.48489057457583723
564,0.03353407836605286,0.4849315465450271
565,0.033386564562555565,0.48487004539294387
566,0.0332450251536901,0.48479297940880567
567,0.033096468087465254,0.4847532286887302
568,0.03294610289928044,0.4847718545263883
569,0.03281610762668558,0.4847971839298672
570,0.03267479748893984,0.4847839659658
571,0.032533908442807645,0.48477315548347627
572,0.0323933115035182,0.4847173692679187
573,0.03225825512432221,0.48471143344586154
574,0.032118932218605636,0.484601199076134
575,0.03196652453861278,0.48467194221130283
576,0.03183667204980314,0.48454681518013176
577,0.03170054403116135,0.484562226967441
578,0.031585561479471114,0.48456382459322017
579,0.03146686635205401,0.484572064066421
580,0.031325583260298044,0.48440000143390705
581,0.031193009690949826,0.4844529058377808
582,0.03106654735100295,0.4843696845638474
583,0.030928231597789155,0.4843872586450368
584,0.030805690647804914,0.4844072827209773
585,0.030677260736927996,0.4844683445154706
586,0.030562028708886354,0.4843794143548001
587,0.03044073337477315,0.4843064287089946
588,0.030310202226617938,0.48447032880616364
589,0.03016726480623856,0.48446910535795007
590,0.030045676303462734,0.4844772193831935
591,0.029918288110067925,0.484468558126385
592,0.029799199793170535,0.48431661212601806
593,0.02965655366453973,0.48429705857365374
594,0.02953999501439812,0.48432441184504893
595,0.029408773343495426,0.4842445257274131
596,0.02928456471279489,0.4841471257890859
597,0.02916644698434275,0.4840754968755114
598,0.029042932561283093,0.4840586426235039
599,0.028925518252329432,0.48419131267612026
600,0.02880998935474231,0.4842201825775906
601,0.028689180191318907,0.48419876239781917
602,0.02856839299818668,0.48417814238673457
603,0.02844882831141936,0.4842333380394306
604,0.028312595097026185,0.4842790108815633
605,0.028184267730023256,0.4842914567378
606,0.028056268649653625,0.4842657425425077
607,0.02792621215820892,0.4842177174589393
608,0.02780685204258485,0.48424995495185336
609,0.02767472504849062,0.48420736292566796
610,0.027548471068059386,0.4841734183282687
611,0.02743021655889801,0.4840683146571431
612,0.027320451537971167,0.48399811005213594
613,0.027196712646342304,0.4840458961113259
614,0.0270825182987842,0.4840748322218365
615,0.0269703104770144,0.48414541724370785
616,0.026856092662936076,0.4840564720721591
617,0.026735685713260123,0.48395500898497684
618,0.026617914326804482,0.4838480480086193
619,0.026516495516586004,0.4838159324053362
620,0.026400398630534054,0.48367137410245137
621,0.02627928508250417,0.4836807208843267
622,0.02615389543961419,0.4836801871083565
623,0.026032369083442704,0.4836634868565135
624,0.025931890967906948,0.4836905201918326
625,0.025829443410771938,0.4838273858289815
626,0.025727635154774126,0.48376549628685045
627,0.0256232800558806,0.48378509056761815
628,0.02552265221824819,0.48380252511855876
629,0.02542601056492381,0.4837548261242459
630,0.025332113912330607,0.4837698756064261
631,0.0252385203286734,0.48367443370455726
632,0.025132286123390756,0.48358933996123576
633,0.025028227134290048,0.48353414884084284
634,0.02492266665270459,0.4835765542250038
635,0.024821154638020378,0.48358289921487363
636,0.024728301514640963,0.4835634175837151
637,0.024616958051819474,0.483473162537759
638,0.024515689788068437,0.48340699453761093
639,0.024410017199383623,0.4834295730635546
640,0.024314618233387385,0.4834110832207415
641,0.024219148703426892,0.48338904797154586
642,0.02412854890220889,0.4832837867933208
643,0.02402210475665081,0.48335739756199464
644,0.02392128216793416,0.4833602376058491
645,0.023818073194429426,0.4833298468177855
646,0.02371743403539068,0.48335582763956125
647,0.023614356549454173,0.48323169237482266
648,0.023506244666915987,0.4832307747734686
649,0.023403849620341123,0.483146360298679
650,0.023301578476617055,0.48302331849375385
651,0.023208894005060453,0.4829745071935639
652,0.023121443455520457,0.48299069273694906
653,0.023020463780587044,0.48307871513734546
654,0.02292537396096745,0.48310436934286355
655,0.022828405544103807,0.4830730145542249
656,0.02272863997093986,0.4830672884287572
657,0.022640861626771387,0.48300951557302235
658,0.022551879733761552,0.4830538955183277
659,0.02245225439727375,0.48303078458018406
660,0.02235889423773582,0.48314385960030876
661,0.022260261839664515,0.48316380599954784
662,0.02216690180048708,0.48323089727167584
663,0.022071501838091753,0.48320574845216413
664,0.021973823496226737,0.4831576249829516
665,0.02189011976835767,0.48319260017119375
666,0.02179771619609467,0.4832337823454241
667,0.021694150526843117,0.48322692019956714
668,0.021604160052807377,0.48321893229025875
669,0.02151716397673605,0.48312997244124756
670,0.02142989364040891,0.4831830669368379
671,0.021335874315678495,0.483169218588176
672,0.021252422219705473,0.48309251994062136
673,0.02115994286036421,0.4831116334189806
674,0.021071774417531264,0.4831127355225355
675,0.020981428399458633,0.4831006840695003
676,0.020895033923315088,0.48303733779825503
677,0.020802348548865753,0.4830473773071526
678,0.020708494818329537,0.48303162406887357
679,0.020625833712801,0.48306641716864773
680,0.020528628996067586,0.48309017609970706
681,0.02044718063486296,0.48309604775110093
682,0.020352548930815943,0.483111265335752
683,0.020269985854261874,0.4831615000243264
684,0.020190659460463257,0.4831448248276612
685,0.020101468203475307,0.48317369983371405
686,0.020029618434506513,0.48315389482678206
687,0.019947914116420263,0.4832097760080401
688,0.01986385604201521,0.4830889203346801
689,0.019788346349541585,0.4830419644391693
690,0.01970125084349335,0.48307026151051996
691,0.01962125446981638,0.4830168134138828
692,0.019532770044484418,0.48291442916281696
693,0.019447927652612503,0.48296837841933316
694,0.019367999599568475,0.48296109120451103
695,0.019286476865477978,0.48291884169863036
696,0.019213834245910968,0.48292535862667296
697,0.019144140350341413,0.4828719107248656
698,0.019054774787951548,0.48286181734580497
699,0.018983429665601664,0.48281455212735336
700,0.018910906104790962,0.4827124001718635
701,0.018820113112520374,0.4826548580517755
702,0.018750030397358987,0.48259378667122627
703,0.018663175974953265,0.48257851420593173
704,0.018594630021788534,0.4825645485818961
705,0.018515380269859463,0.48251734930811085
706,0.018444825648316048,0.482501161851948
707,0.018364987186118942,0.48244004077136166
708,0.018292528824180383,0.48246217169001027
709,0.018221638929096444,0.4824852869570477
710,0.018155524684140462,0.48245495803447214
711,0.01807670547442456,0.48239033325427944
712,0.018010472390145676,0.4823838455175437
713,0.017924349099580125,0.4823620598079754
714,0.01784447217457083,0.4823285010408986
715,0.01777027693928243,0.48229345700159026
716,0.01769768335221776,0.4822111458203101
717,0.01762101925524276,0.4821462451079311
718,0.017543194696448102,0.4821742187972518
719,0.017477755513758467,0.4821984665276301
720,0.017414127516955025,0.4821830060182985
721,0.017352345534071417,0.4821902921509015
722,0.01728698672569052,0.4821746648817269
723,0.017215762538507436,0.4820914682769053
724,0.017148472924057835,0.48218423235404484
725,0.017081641216630805,0.48225061242261086
726,0.017017485251036548,0.48227059829835545
727,0.016946365708344,0.482320565039184
728,0.016881547864421392,0.482204532163031
729,0.01681371914443856,0.4822023078640116
730,0.01675034925230762,0.4821333854508124
731,0.016674643623966725,0.4820428716094996
732,0.016604715253200692,0.4820299238477542
733,0.016527904383152717,0.4820304776635458
734,0.016456820224630568,0.4820508607131015
735,0.01638441232121332,0.482002041596334
736,0.016318235758998215,0.48201601500986735
737,0.016244679931068626,0.4818874626645427
738,0.01617211656589686,0.48180274862722133
739,0.01610716613119986,0.4817843728718205
740,0.01604500991481911,0.48181509685261326
741,0.015980109848601022,0.481773269916028
742,0.0159078375858707,0.4817031355275513
743,0.01584816518889059,0.4818269394489736
744,0.015789431715029736,0.4818812284799841
745,0.015723204577841186,0.48187714015605715
746,0.015667069873051807,0.4818535335245146
747,0.015602512376986531,0.481771218856864
748,0.015531601462808261,0.4816939238459475
749,0.015461016256489006,0.481661648410676
750,0.015401456248446764,0.4816134267181504
751,0.0153383316451511,0.48163288336689664
752,0.015267113808868756,0.48164328701740483
753,0.015202552017046561,0.4815507177739385
754,0.015134037396069609,0.4815420697873657
755,0.015066258653475275,0.48157110591094615
756,0.015004725416489381,0.48163937077026214
757,0.014940423738501674,0.48166288582829353
758,0.014877878444043693,0.4815986261062381
759,0.014818951580991191,0.48152654874623835
760,0.014762862443956434,0.4815568140301882
761,0.014711615599216023,0.4815105608136091
762,0.01464551999316054,0.4813772986174308
763,0.014583562841314764,0.4813238144732594
764,0.014524629860203772,0.4813869474065441
765,0.014467005905288748,0.48134347429400526
766,0.014414300909316247,0.4812665468337643
767,0.01435301703493376,0.48124300343812
768,0.01429327507051889,0.4812849928300649
769,0.014229859598069118,0.48121186615770994
770,0.014175524406684703,0.48112840716756194
771,0.01411430437733929,0.48110483597403686
772,0.014061511290849118,0.48111567496185004
773,0.01399744986734189,0.4811243681932207
774,0.013940421622643922,0.4811332538808797
775,0.013882713618459573,0.48113422426687374
776,0.013828227138575018,0.4810885742190561
777,0.013770814829666779,0.4811143125292982
778,0.013709402091416543,0.4810346386931263
779,0.013652110644225642,0.48105279074903146
780,0.013597984744540303,0.48103711060139004
781,0.013536132631791037,0.4809571217245024
782,0.013487673329875513,0.48092650917237434
783,0.013430111824952285,0.4809373910749334
784,0.01337351482950529,0.4810052865048438
785,0.013322492438896157,0.48100339698996863
786,0.013273394669435359,0.48096436675772714
787,0.013217262644548115,0.4809535628489125
788,0.013162958125483267,0.48094397578922143
789,0.013112289127312006,0.4809251304705935
790,0.013054767512898555,0.48086160446340936
791,0.01299462630182172,0.4808187086522151
792,0.01294148141895445,0.4808146085285869
793,0.012889965996340031,0.4808421950701581
794,0.012833966171626928,0.4807676967829087
795,0.012774723513299054,0.4807908857967174
796,0.01271635262328198,0.4808461314462238
797,0.01266413607779154,0.4808333843321321
798,0.012620328712099218,0.4808666947551346
799,0.012567119987623197,0.4809204841404844
800,0.012516974334953449,0.48093374771636926
801,0.012469567646255654,0.4809549955916657
802,0.012421950777826745,0.4809108782107954
803,0.012377726003224425,0.48091335790861295
804,0.012325368343910922,0.4809475645768282
805,0.012275937137727887,0.48093312143024136
806,0.012227412424569636,0.480929575519544
807,0.012177627495251472,0.48084856874143556
808,0.01212271890780001,0.48077666786233386
809,0.012075052729107843,0.4807626657935131
810,0.012027191455671972,0.48078358709113544
811,0.011976994191248593,0.48076592767853393
812,0.011927495931790457,0.48078803540935433
813,0.011872490715899183,0.4807779202632451
814,0.011824405315846359,0.4808285656915783
815,0.011775061110184455,0.4808400048662485
816,0.011729011902006554,0.4808048604789677
817,0.01167791030407706,0.4808373841210465
818,0.011628948841248793,0.4808270994305101
819,0.011576231349634022,0.4808587357397184
820,0.011528601157645455,0.48083094692810063
821,0.011479696341930535,0.4807798489431121
822,0.011434763419718675,0.4808010909820991
823,0.011392651366521516,0.48080750119533705
824,0.011343861873590565,0.4808294371622827
825,0.011295834421904688,0.4808264787141035
826,0.011248296804425342,0.48090497097476637
827,0.011207882564382285,0.48089536109783376
828,0.011161617088132004,0.4808839925542135
829,0.011114076825761494,0.48094366221599427
830,0.011070133486737218,0.4809386738249462
831,0.011027770716641462,0.48096081062846174
832,0.010985770396839007,0.48095827993388024
833,0.010940453531697938,0.4809278902371511
834,0.01089252432546906,0.48087095668720753
835,0.010846703147918895,0.48081291813624055
836,0.010801815610531795,0.48076903583666564
837,0.010760323729705219,0.4808060687518283
838,0.010715426678947025,0.4807049180828628
839,0.010668189572248675,0.4806845955859049
840,0.010619280227381027,0.48070547918122364
841,0.010571701794644948,0.48060908158736376
842,0.010534301510328728,0.4805564157145243
843,0.010491495602461556,0.4805431779813774
844,0.010447030866731427,0.48044451179264297
845,0.01040140023918659,0.4804245527602434
846,0.010361296456494942,0.4804193025334568
847,0.010318255569651668,0.4804609239714053
848,0.01027446368331659,0.48049836597239337
849,0.010236835588692915,0.48047400230887605
850,0.010196507637459207,0.4804857592410684
851,0.010153448092118093,0.4805761227551515
852,0.01011488443095153,0.48060711134571493
853,0.01007969050837217,0.4805976511155607
854,0.010038167627182662,0.4805281384938925
855,0.009996275706619822,0.4805608524654038
856,0.009953312481273846,0.48061028763102104
857,0.009911421319390788,0.48053415954607237
858,0.009872687101532874,0.48048461530416675
859,0.009826302666254668,0.48042161286360463
860,0.009787446507463288,0.4803431221482457
861,0.009753200818960462,0.4803368299764792
862,0.009712537190964689,0.48030528354631824
863,0.009676652787810444,0.48033358227833545
864,0.009639093468684206,0.4802354673352772
865,0.009598805830260434,0.48022967422855545
866,0.009562044502867425,0.4801714423476977
867,0.009518925269491113,0.4801778248417063
868,0.009482126247421062,0.48025956944990034
869,0.009448562154473405,0.480292915193308
870,0.00941613982827466,0.4803545222850834
871,0.009376744397491855,0.48032713840249397
872,0.009334140728473843,0.48031167667261637
873,0.009299578350529912,0.4803722676089324
874,0.00926643973041771,0.48037730381617133
875,0.009229839295431277,0.48034850802806234
876,0.00919378371294099,0.48035964417013804
877,0.009159553107298832,0.48038235418905034
878,0.009125808722535536,0.48033109093915644
879,0.009090308171240107,0.48033424201187247
880,0.009055868405142668,0.48028218608025686
881,0.00902121205078915,0.48019812701208486
882,0.00898315972527381,0.4801628334920408
883,0.00894246699072684,0.4801785525578074
884,0.008907519792145262,0.48016688725000856
885,0.008871155182141235,0.4801515456667082
886,0.008838158620758008,0.4801480258828317
887,0.008804000951114022,0.4801579324619589
888,0.008774214770693642,0.48019491547593685
889,0.00874111272622393,0.48017245373172746
890,0.00870265302344294,0.48019500317703995
891,0.008668106091861099,0.4801440319134607
892,0.008635352240030097,0.48013512168904465
893,0.008595916461791675,0.48011398264425303
894,0.008559165495580867,0.4801286890174819
895,0.00852286167375706,0.4801635043052824
896,0.008480474796796398,0.4801045508209268
897,0.008448283968391914,0.48011092222754537
898,0.00841450063929593,0.48009171359706404
899,0.008380702076050848,0.4800414576779329
900,0.008346185367434594,0.4800369728635111
901,0.00830883439359288,0.48008497463141236
902,0.008278047882900336,0.48012187513587806
903,0.008244507731597532,0.48008027752289417
904,0.008210623159880864,0.4800382957620067
905,0.008175501722375605,0.48001270633573273
906,0.008143704162173044,0.47999812811087345
907,0.008113618326155541,0.48002352756066463
908,0.008081010015286506,0.48005035246702293
909,0.008046953516805387,0.480038173829461
910,0.008015211441368384,0.4799477919618033
911,0.007978781734385328,0.4798946174177823
912,0.00794964810365256,0.47990890459704694
913,0.007918306765698898,0.47991804381079206
914,0.007884831907657307,0.47996170735400007
915,0.007852331546433366,0.4799252751779212
916,0.00781642514908623,0.47986402252996413
917,0.007788182452142855,0.47989276633830863
918,0.007752565879130918,0.4798775404356722
919,0.007725587776732712,0.4798760207324848
920,0.007691477339924156,0.47982304917718666
921,0.00766133192559474,0.47976795176385106
922,0.007633736775907547,0.47977091586089465
923,0.007608324829476693,0.47971179624639637
924,0.007580934890621928,0.4797110120179178
925,0.0075462399259385625,0.47966871712075315
926,0.0075156039349023596,0.4796491215427737
927,0.007485028781823726,0.47959149209312224
928,0.007456711426239718,0.47960213614757263
929,0.007427435635322884,0.4796016719701488
930,0.0073952379055151765,0.4796178295034733
931,0.0073614086593928214,0.47959114174057293
932,0.007330103769221038,0.47966024380429984
933,0.007295607387179763,0.4796427125158141
934,0.007266224538456529,0.4796302331285593
935,0.007237773740995575,0.47959970030646876
936,0.007207165228459828,0.4796480138170184
937,0.007177904904054156,0.4796250486647037
938,0.007150997358683767,0.47965174018791024
939,0.0071192479204276165,0.47965935174772545
940,0.007092405560309689,0.47967394078256637
941,0.007061535310430273,0.47965136165384586
942,0.007033377393154667,0.4796177464450251
943,0.007006268617500173,0.4795919408524863
944,0.006977117024059395,0.4795973865265269
945,0.006949736851369908,0.47958279092255185
946,0.0069197590089554815,0.4795180975801849
947,0.006892002918914674,0.4795158361078449
948,0.006864815947778405,0.47952056741781957
949,0.0068348703463860724,0.4795354222709681
950,0.006810828447816086,0.47951649154435355
951,0.006785634135170533,0.47949692737997435
952,0.006754496639506371,0.47956479852736
953,0.006729751563386845,0.47954142562868174
954,0.00670081943288246,0.4795400189959012
955,0.0066732335624269945,0.4795261062755731
956,0.006648276475784037,0.47951369409714734
957,0.006621096150300395,0.4794850806038276
958,0.0065969240498418786,0.4794804055813898
959,0.006567738654323171,0.4794720563197956
960,0.006540330052318743,0.47948852222627764
961,0.006511836431803714,0.47943816586229654
962,0.006487747495512176,0.47943816837253733
963,0.006462305281220845,0.479413171291112
964,0.006437304803406789,0.4794063393922835
965,0.006412551419121303,0.47939293454014814
966,0.006385770349076709,0.4794638747939577
967,0.006362495545641746,0.4794368031496855
968,0.0063388591126312815,0.4794583053595143
969,0.006314347919068229,0.4794852357034766
970,0.006290049020464524,0.47948758544273823
971,0.006267284541835588,0.4795034959957809
972,0.006240668666121636,0.47944199923648323
973,0.0062154404116671405,0.47946180741441663
974,0.0061918142941620544,0.4794693678365291
975,0.006170496415916378,0.47944174547408913
976,0.006147695551907162,0.4793941699276571
977,0.006126284794320798,0.47941444813187384
978,0.006103971846732136,0.47944869725068806
979,0.0060830701896618655,0.47943010677324954
980,0.006054757719271015,0.47944259787589616
981,0.006030135925767603,0.47946937272419765
982,0.006005967929743578,0.4794544564281061
983,0.005984433648327091,0.47945706070430816
984,0.0059611136758973655,0.47942769539622954
985,0.0059313667220398675,0.47940766307210514
986,0.0059042503327925815,0.47945287966504235
987,0.005880670247466729,0.47944225457866435
988,0.005856454771555256,0.47944149775440603
989,0.0058329486748240145,0.4794196565896898
990,0.005808932205350652,0.4793780878654142
991,0.005787217444971995,0.4793324860056531
992,0.005764124347468413,0.47927949941769643
993,0.0057448661412055554,0.4792669001420082
994,0.005722104212239339,0.47922375676873735
995,0.005699472632045783,0.47922634683202225
996,0.005675830177037695,0.4791965595664305
997,0.005650810590284848,0.4791877732168748
998,0.005629258646951313,0.4791982121068574
999,0.005608239129057287,0.4791961401984052
1000,0.005588831442741324,0.47920047054825027
1001,0.005565038054756449,0.47915909432289133
1002,0.005542456989519529,0.4791541060834974
1003,0.005519637866521443,0.4791045260991091
1004,0.005496674139302931,0.47912658272289943
1005,0.005473843663178819,0.47910205121455
1006,0.005455074551973943,0.4791155832641534
1007,0.005434379908103727,0.47910183662401
1008,0.005414356878389068,0.4790871122776628
1009,0.005393363546557459,0.4790620875154692
1010,0.005371466700594772,0.47903869063036536
1011,0.005348192699059556,0.4790403633398813
1012,0.00532658009577435,0.479009047390622
1013,0.005303682379410736,0.4790031525993436
1014,0.005282194954297631,0.47898549977174476
1015,0.005262272203206279,0.47896125666972067
1016,0.005240140325128768,0.47894255645214234
1017,0.005218148201861027,0.47897760449968213
1018,0.0051977388135359395,0.4789734812937404
1019,0.005178677313224342,0.4789646782625913
1020,0.005156550149775107,0.47896349553265116
1021,0.005136022661080991,0.4789694547920496
1022,0.005117297865889827,0.4789688375007541
1023,0.005095898418503039,0.4790347964163118
1024,0.005076143494523177,0.479000156015764
1025,0.005055864474988914,0.47901627159862176
1026,0.005038730529174588,0.47895768276089046
1027,0.005018282028858582,0.47894384494085623
1028,0.004997995005405575,0.47891492098945465
1029,0.004977893686785035,0.4789094118510902
1030,0.0049551758231256675,0.47888284974140777
1031,0.004934005948237328,0.478836169634429
1032,0.004916011008050695,0.4788216993842873
1033,0.0048947254715969064,0.4787909691131674
1034,0.004876401054915393,0.4787868822684699
1035,0.0048607506499321745,0.47877703604765826
1036,0.0048424738709269164,0.4787936590364665
1037,0.004824931763918591,0.4787690487241034
1038,0.004806962868253099,0.4787633203465436
1039,0.004789109039618846,0.4787470071897029
1040,0.004767858077995387,0.478799241589128
1041,0.004751146483971218,0.47880641794431944
1042,0.0047352227593477824,0.47880550715528286
1043,0.004716276418124912,0.47884618287724323
1044,0.0046961956891792755,0.4788384965975856
1045,0.004679413728966443,0.47884769627741114
1046,0.004661436635616818,0.4788548538758866
1047,0.004643327720394034,0.47884491536278
1048,0.004626207419623553,0.47885587001340363
1049,0.004608605074558395,0.4788475824038257
1050,0.004592347106059742,0.47883730874158764
1051,0.004573872766316839,0.47883853724552494
1052,0.004557877093590731,0.4788555755290471
1053,0.004539598436741189,0.47884511225299836
1054,0.004523132733400003,0.4788673674732053
1055,0.004505727561348153,0.47889285991394687
1056,0.0044861135446585725,0.47891275105954595
1057,0.004468641484841517,0.4788908802780913
1058,0.00444817113942216,0.4788714571216752
1059,0.004431438710112038,0.4788357162786617
1060,0.0044110191793911326,0.4788822176160813
1061,0.004393747670133131,0.4788582439837678
1062,0.004376372273516522,0.4788712607033799
1063,0.00435910816064402,0.4788330034673931
1064,0.004340196873432476,0.4788186339655284
1065,0.004325654225215418,0.4788097733909413
1066,0.004311134805266392,0.4788356108066981
1067,0.00429423984381422,0.478887091163118
1068,0.004275034073440519,0.4788400133287554
1069,0.004261678253694679,0.4788494218478862
1070,0.004245971200866222,0.47888695484594535
1071,0.004229578454727793,0.47887582715380783
1072,0.004211511001902808,0.47882816794960426
1073,0.004194183236407256,0.4788247549222012
1074,0.004177128349539934,0.4788154479277555
1075,0.004158354508867258,0.4787848238715648
1076,0.004142879781952169,0.4788163348407631
1077,0.004124754945197901,0.4788463590809303
1078,0.004108424853569481,0.47881660346613636
1079,0.004092245471304557,0.47881887528722317
1080,0.004076877612254178,0.47878554832129905
1081,0.004062267572032829,0.47876171089453046
1082,0.004045521693979013,0.4787401607654606
1083,0.00402989954296359,0.47872043340275
1084,0.004011663332226784,0.478711253378742
1085,0.0039969020187645915,0.478733043505128
1086,0.003982733221596093,0.47873395554502124
1087,0.003966847490042977,0.47875235178767916
1088,0.00394995104973788,0.4787382423603219
1089,0.0039338248958402005,0.47869464503651404
1090,0.003918271909990772,0.47865693950645166
1091,0.0039025251674722487,0.47866002628090926
1092,0.0038855733924616047,0.4786645186213935
1093,0.0038689510360622077,0.47860966277208594
1094,0.003852741507632619,0.47855718536238717
1095,0.003838725544478586,0.4785502117558254
1096,0.003822779496263712,0.4785330281605363
1097,0.0038081571906688557,0.47858089130031506
1098,0.0037913546670200068,0.4785695887185545
1099,0.003776095281055113,0.47854152627351454
1100,0.0037618217138780364,0.47854985534539085
1101,0.0037467399929920365,0.47856551091139
1102,0.0037320285315308776,0.478579365423386
1103,0.0037155681383977293,0.4786095617713524
1104,0.003701017605427994,0.4785952707779775
1105,0.0036865109748335633,0.4785801371988251
1106,0.003673770801553775,0.47860996072029854
1107,0.0036583654108562017,0.47857785292114235
1108,0.0036422603948968574,0.47855155644276903
1109,0.0036272013450585083,0.4785759032003954
1110,0.0036116188731631477,0.47859807732771115
1111,0.0035979667480990395,0.4786166789918146
1112,0.0035847091010188558,0.47863537778712567
1113,0.003571016348412008,0.47863480707559686
1114,0.003558717198410145,0.4786399432902486
1115,0.003545002264587282,0.47866389459785985
1116,0.003529202500799419,0.47865373676224443
1117,0.003514299375705472,0.4785874714875872
1118,0.0034991431904153147,0.4786069619494943
1119,0.0034844547202434717,0.47860896645249895
1120,0.0034703307689208885,0.47861079640476456
1121,0.003456680829598957,0.4785856711097945
1122,0.003443085429286615,0.4785952239360299
1123,0.003429448523087324,0.4786032415378304
1124,0.0034176617279144165,0.4785723360513937
1125,0.0034030538962317772,0.4785760086423685
1126,0.0033906214813194204,0.4785864960679243
1127,0.003375523978747768,0.47858708549079443
1128,0.003361299785398449,0.47856920003485093
1129,0.0033475166352213825,0.4785622254316841
1130,0.003334045744799605,0.47852281649330897
1131,0.0033204765501971805,0.4785160914883248
1132,0.0033076112472090044,0.4785419003656358
1133,0.0032924424980962,0.47853746413385784
1134,0.0032797507394820833,0.4785161576635485
1135,0.0032677078011443266,0.4785233271281747
1136,0.0032558614767650403,0.47851999317854316
1137,0.0032423770668619073,0.4785091760753711
1138,0.003229695765914878,0.47846511944635234
1139,0.0032166456983970994,0.4784428802276996
1140,0.0032046563403051232,0.47843470142932815
1141,0.003191223547434209,0.47843995415023494
1142,0.0031771689967740446,0.4784426657703483
1143,0.003164388156859038,0.4784166991179751
1144,0.003150958074362385,0.4784005432075048
1145,0.003138930239377875,0.47838952348700114
1146,0.00312769964120159,0.4784238086277237
1147,0.0031152492814501406,0.4784058188257528
1148,0.0031043646365130537,0.4784023563170439
1149,0.003092642959705619,0.4784046851073726
1150,0.0030795601441199606,0.4784122564815318
1151,0.0030676001023426185,0.4784047808169584
1152,0.0030560021573125635,0.478418086754402
1153,0.0030423738651374635,0.47842169217876035
1154,0.003030336734140363,0.47842194436824714
1155,0.003019148468707633,0.4784098134951888
1156,0.003007197684793432,0.47841410472875767
1157,0.0029955015115426444,0.47840880968748767
1158,0.0029822104675349894,0.4783921501854518
1159,0.0029717756715576826,0.4784020817931482
1160,0.0029607869928628505,0.4784031598200371
1161,0.002947996637351212,0.47838401179029894
1162,0.002935751388520395,0.4784056442506997
1163,0.0029244384110708927,0.4784125007591523
1164,0.002911594667153804,0.47840661330782835
1165,0.0029004322754672476,0.478351118484886
1166,0.002888405220852161,0.4783789335350189
1167,0.002878065528083122,0.47837519863351324
1168,0.0028671445387950505,0.4783784888058009
1169,0.0028574909185171827,0.47837426500837005
1170,0.0028464631859124686,0.47837794966414654
1171,0.0028344981650376302,0.47839454314884705
1172,0.002823379160588112,0.4783815022163041
1173,0.0028136787974343794,0.4783994590107905
1174,0.0028027593100203425,0.47839428250302585
1175,0.0027918737599760884,0.47838714193114334
1176,0.002780724459587304,0.47839323018594854
1177,0.0027707313039749128,0.47837392007560153
1178,0.0027608830388545667,0.4783596474128964
1179,0.002750139118111218,0.4783437208511485
1180,0.002738943405769828,0.4783762864074008
1181,0.0027287906134192794,0.47836811543775837
1182,0.0027165542836954247,0.47837709337945844
1183,0.0027073421833107352,0.47836661666556635
1184,0.0026978657519618294,0.47839135210884476
1185,0.0026873826825019043,0.47839455182958446
1186,0.002676434584267543,0.47839281733300415
1187,0.0026652849102730513,0.47840983905407547
1188,0.0026554228864868884,0.47842199103348765
1189,0.0026444156500561584,0.478417776461675
1190,0.002632898210654615,0.47842661573859546
1191,0.002622705380297732,0.4784386347133947
1192,0.0026124395393274636,0.4784287019390751
1193,0.002602026531088643,0.478458082739595
1194,0.0025929432741562466,0.4784667796591663
1195,0.002583131156927067,0.478447976505971
1196,0.002573465352035691,0.4784399708579296
1197,0.002563939303047906,0.4784132743191528
1198,0.0025532320832981096,0.4784342623257932
1199,0.002544308817708724,0.4784360967536218
1200,0.0025335784268692473,0.47843602794825313
1201,0.002523778729552171,0.47844130955501657
1202,0.0025143050484308267,0.4784566571108508
1203,0.002503759228765168,0.478446071678152
1204,0.0024937351795032334,0.47842789583115536
1205,0.0024844424777149656,0.478423029995479
1206,0.00247336294868804,0.47845200936119137
1207,0.0024630271989771854,0.47846354078215464
1208,0.0024532158075755337,0.47844163839851295
1209,0.0024433459830849394,0.4784441163305041
1210,0.002433196632587454,0.47841742847665764
1211,0.0024239893469301253,0.4784034149332525
1212,0.0024142045561424273,0.478418497526118
1213,0.0024047297360790406,0.4784099891202927
1214,0.0023955976798830663,0.4783860278646327
1215,0.002387187894614476,0.4783696153902041
1216,0.0023769118422535397,0.47838429104689867
1217,0.002367634088370265,0.47837953371712066
1218,0.002359553391509304,0.47834639847394494
1219,0.0023507976613541927,0.4783491832135858
1220,0.00234177308418754,0.4783492456787484
1221,0.0023337610010116024,0.4783436205598
1222,0.002323598936429776,0.47832187024794703
1223,0.0023148511009558515,0.4783204669527451
1224,0.0023058254372424025,0.47832928327094537
1225,0.0022966536690845374,0.4783326805563979
1226,0.00228807936896263,0.4783238890878349
1227,0.002280573542653203,0.47833769764094175
1228,0.0022710448886546276,0.4783388916656775
1229,0.002260569164572288,0.4783348673823277
1230,0.0022520001887375153,0.47833808121347354
1231,0.0022434768527871784,0.47832453361133703
1232,0.0022340032748139047,0.4783410619726153
1233,0.002226684074261749,0.4783112841344931
1234,0.0022188130253500194,0.4783012842877131
1235,0.0022110548894021392,0.4782938479271916
1236,0.0022022233947073455,0.4783036264152514
1237,0.0021948256961155203,0.4783051016882385
1238,0.002185713619403277,0.4782993478323195
1239,0.0021769487519165106,0.47830480252766505
1240,0.002168826832517147,0.47832947727149966
1241,0.00215924190086682,0.47833322882220625
1242,0.002150839950094634,0.4783531257320016
1243,0.002142808195705128,0.47835663354442726
1244,0.0021347498752923846,0.478362861150969
1245,0.0021257555041420046,0.4783894931596555
1246,0.0021155921686642726,0.47836524901984107
1247,0.0021060590978343287,0.4783675078620965
1248,0.0020984715597884953,0.47837771201713997
1249,0.0020897541762100653,0.47837673138293874
1250,0.0020823542162047765,0.4784053092801266
1251,0.002072819863701736,0.4784104801059981
1252,0.0020637238525998964,0.47843414202031126
1253,0.0020546768164022866,0.4784156225164316
1254,0.0020470009484248506,0.47840033422979883
1255,0.0020396792506354312,0.47838985886124136
1256,0.002032553732969473,0.47839895765434387
1257,0.0020248334145308903,0.4783945262034561
1258,0.0020171954441573384,0.4783953822267203
1259,0.0020098783531801185,0.4783918106028012
1260,0.002001871579320199,0.47839862056934807
1261,0.0019942756003527855,0.47839918769028345
1262,0.0019855097457337607,0.4783737126566111
1263,0.0019769568653098322,0.4783756351437916
1264,0.0019694794281597938,0.47836291811906334
1265,0.0019613176394317226,0.4783848827563239
1266,0.0019525648564816716,0.4783760819591823
1267,0.0019452740245599442,0.4783645865937208
1268,0.001937792236019474,0.47835662262501194
1269,0.0019291548043199416,0.4783555590611314
1270,0.0019222137642832804,0.4783618594334576
1271,0.0019155435742552785,0.47837072864434116
1272,0.0019083498524508833,0.4783942397554851
1273,0.0019003017064059058,0.4784010731583219
1274,0.0018918109871753149,0.47841824271825406
1275,0.001884315699009805,0.4784374636352288
1276,0.0018776051280807156,0.47842846997641353
1277,0.001868934809976936,0.47844384701645915
1278,0.0018611918566257906,0.4784448872395928
1279,0.0018539394063136173,0.4784445199977695
1280,0.0018462783102344373,0.4784200016062563
1281,0.0018390673063076737,0.4784087011199913
1282,0.0018310734916829924,0.4783665619675354
1283,0.0018233601671094044,0.4783632133423019
1284,0.001815560782451195,0.47833565803480727
1285,0.001809295589279427,0.4783364023037387
1286,0.0018028572502862327,0.47832983211827873
1287,0.0017961582919050218,0.47831115833043863
1288,0.001788961083659227,0.47830313811165914
1289,0.0017810904316741952,0.4783246543742098
1290,0.001774690041794834,0.47831414245339077
1291,0.0017679089731756402,0.4783216953117491
1292,0.0017619693260058126,0.47832136226830013
1293,0.0017547964500473122,0.47833575440006026
1294,0.001748382058715177,0.4783287655645696
1295,0.0017421355037166978,0.4783169564413453
1296,0.0017359726958458134,0.4783232763604941
1297,0.001728579200861903,0.47831387376908624
1298,0.0017213303979134963,0.4782902004276049
1299,0.0017145216265763558,0.4782572582610565
1300,0.0017077700020867853,0.47824772483582345
1301,0.001701896106449087,0.4782448836631513
1302,0.0016957651971670298,0.47823066367136124
1303,0.0016890289996950225,0.47822252727528364
1304,0.0016825043677983484,0.4782214968906199
1305,0.0016755996312619427,0.47822848558167624
1306,0.0016689763278876302,0.47821840871773413
1307,0.0016624785773487769,0.47821176098528073
1308,0.00165674737688271,0.4781834745943244
1309,0.0016510531766576108,0.47819292120594104
1310,0.0016441315386258927,0.4782294102555155
1311,0.0016376537293745115,0.47823223441031665
1312,0.0016315158069967514,0.47823242179646785
1313,0.0016255410778080862,0.47822252578989943
1314,0.0016180873696025483,0.47824626260233144
1315,0.001612029403580193,0.47821169674857017
1316,0.0016065736041782257,0.47819289143605886
1317,0.0015998538959870233,0.4781630452636378
1318,0.0015935683745646654,0.4781532081469959
1319,0.001586967554707585,0.47813375691486143
1320,0.0015808664769913006,0.47810961879862685
1321,0.001574385114850575,0.4781054543419694
1322,0.0015680770874096073,0.47811216036936577
1323,0.00156136151117201,0.47809271975971696
1324,0.0015560061726166217,0.47809178465794827
1325,0.001549881304024552,0.47812179192301063
1326,0.0015442598669159829,0.47810248656891163
1327,0.0015374245488523914,0.4781173936020431
1328,0.001531818645241256,0.4781261941783748
1329,0.0015254782096161758,0.47811180125318115
1330,0.0015197530236399394,0.4781051261262931
1331,0.0015139829693391726,0.47812820069737466
1332,0.0015082016576155493,0.4781110222700771
1333,0.0015024577586894906,0.4781048083481728
1334,0.0014971767107392567,0.47809381763745756
1335,0.0014908305342942393,0.4780727118961278
1336,0.0014853697631129045,0.47807450733143264
1337,0.0014784931750251083,0.4780732178310683
1338,0.0014734137299210381,0.47808432841239945
1339,0.0014681034873188178,0.4780973475959753
1340,0.0014627298528436963,0.4781066223878329
1341,0.0014571220622754768,0.47811341647104
1342,0.0014513827701124148,0.4781102453052781
1343,0.001445769681868507,0.4781222325107928
1344,0.0014403123278297046,0.47812745605712514
1345,0.0014346185965498001,0.4781332610941266
1346,0.0014296918651031919,0.4781368511299292
1347,0.001424177172466374,0.47812772772145307
1348,0.001418344469628156,0.47810237688155066
1349,0.0014126487888837178,0.47810418693558765
1350,0.0014072309216995357,0.47810391749026393
1351,0.001401205527970629,0.47811749259875796
1352,0.0013962217738382012,0.4780898602965497
1353,0.001390861264609152,0.4780838624984153
1354,0.0013862581746669825,0.4780640383731255
1355,0.0013805061665934754,0.47807099959353494
1356,0.0013750883423177102,0.4780764369615795
1357,0.0013695820729975332,0.4780586402199601
1358,0.0013640356504110095,0.47804398826802114
1359,0.0013583073661921114,0.47804595144333717
1360,0.0013527107394624904,0.47804170909122845
1361,0.0013477816279007049,0.4780288760983683
1362,0.0013432512387217997,0.478012730567693
1363,0.0013385349008463976,0.47800551332437147
1364,0.0013333816952660873,0.47802423616749046
1365,0.0013278808220140853,0.478029611833047
1366,0.0013228156668799963,0.4780420512774118
1367,0.0013187522220872592,0.4780505079896722
1368,0.0013141981884808437,0.47805352554779745
1369,0.0013091263432012,0.47805260558787716
1370,0.0013030640197175516,0.47807285627881624
1371,0.0012977788151347974,0.4780795973753906
1372,0.0012916201300218224,0.47805820525916937
1373,0.0012873407362600402,0.4780811274685411
1374,0.0012831172862387624,0.4781088165831696
1375,0.0012777100126025256,0.47810472086975553
1376,0.0012734467873986698,0.4780984224507736
1377,0.0012688835382089886,0.47809968869371555
1378,0.001263483823720043,0.4780906508111792
1379,0.0012586730804513104,0.4780887527096868
1380,0.0012547620109721429,0.4780780514336259
1381,0.001250109218325788,0.4780959790873301
1382,0.001245313941307016,0.4781008564540488
1383,0.0012408610487601537,0.4781125447859148
1384,0.0012360565800309813,0.4780962945766745
1385,0.0012313103566912332,0.478088391875882
1386,0.0012258289895129386,0.47807655040877783
1387,0.0012208135481196222,0.4780668160306715
1388,0.0012159174829169668,0.47806328530061876
1389,0.0012110195386701688,0.47808187704975547
1390,0.001207034255367095,0.47807962159198075
1391,0.001201613930034982,0.4780476207503534
1392,0.001196588428990261,0.4780717506155309
1393,0.0011913425666679322,0.4780577039951957
1394,0.001186803897810955,0.47807536617238056
1395,0.0011824044286205806,0.478065277711915
1396,0.0011775640112479972,0.4780608690398294
1397,0.0011730777349008726,0.4780883814431483
1398,0.0011685147520817088,0.478079337846145
1399,0.0011639960836921106,0.47807516401805983
1400,0.0011599178821761313,0.4780848903175126
1401,0.0011553591719020099,0.47807818661889157
1402,0.0011510083600819506,0.478061987197515
1403,0.0011457029342442848,0.47804535188377534
1404,0.0011419003850220955,0.4780390359403828
1405,0.0011374290852074012,0.4780479937169853
1406,0.0011333724767422495,0.4780584823363723
1407,0.0011284407459006673,0.478061779668016
1408,0.0011239885942568634,0.47806424978443335
1409,0.0011197732943751019,0.47806735157814917
1410,0.0011150342417635326,0.47805929535582253
1411,0.0011108288432940812,0.4780369314535349
1412,0.0011067571264580848,0.4780455256614597
1413,0.0011025212443852093,0.4780388443221914
1414,0.0010981034369882002,0.47803389776683225
1415,0.0010943455149617653,0.4780452318065629
1416,0.0010898759593375236,0.4780363087486838
1417,0.0010857247605923013,0.4780514599361925
1418,0.0010822429584947191,0.47806359995469994
1419,0.0010781450294519554,0.478042650396479
1420,0.0010742075742903323,0.47805256445626304
1421,0.0010695832494563595,0.4780472014253255
1422,0.0010655794106027275,0.4780292188390935
1423,0.0010613323408577306,0.4780201486715406
1424,0.001057091848979347,0.4780156020931089
1425,0.0010533387998284056,0.47801023898474865
1426,0.0010494908213545518,0.4780095679999824
1427,0.0010455509402139019,0.47798837190526944
1428,0.0010407959592362952,0.47798011112908345
1429,0.0010367269485763,0.4779752235017151
1430,0.0010329716823735387,0.4779922040196855
1431,0.0010296100143802782,0.4779757331166227
1432,0.001025572457120401,0.47795755099500664
1433,0.0010219029992186177,0.47794332902445275
1434,0.001018105282050473,0.47795129369882267
1435,0.0010139222867590063,0.47796041281129253
1436,0.0010103188228162982,0.47795731424246085
1437,0.001006281824728805,0.4779544757795409
1438,0.0010025592475142917,0.4779468663136432
1439,0.0009987144376902466,0.4779269174028188
1440,0.000994646807754516,0.477933892361785
1441,0.0009913499180990168,0.4779085319850746
1442,0.0009877485714183656,0.4779092362020099
1443,0.000983839296882064,0.4778970047814661
1444,0.0009795098456285315,0.4779047068518055
1445,0.0009754938467855645,0.4779202953920964
1446,0.0009718543081168258,0.477926738292114
1447,0.000967847156915824,0.47793414808076384
1448,0.0009639698710705364,0.4779271043577563
1449,0.0009601883256915694,0.4779466187918315
1450,0.0009566732423213131,0.47794020510573937
1451,0.0009533640933624944,0.4779178465732831
1452,0.0009501319272940706,0.4779262336137974
1453,0.0009466419588713077,0.4779312983600202
1454,0.0009427446039395114,0.4779355543054884
1455,0.0009393693358326922,0.4779323023301363
1456,0.0009360494442270458,0.47792897250787447
1457,0.0009327654901223642,0.4779212930011468
1458,0.0009294805163418636,0.47792514924450913
1459,0.0009256814570589955,0.47791305200874185
1460,0.0009225187948916392,0.47789924530441935
1461,0.0009190607327615786,0.47789670071693874
1462,0.0009156448212100846,0.4778958019849105
1463,0.0009125352777896762,0.4778936144692202
1464,0.0009091024175388521,0.4778905232152272
1465,0.000905481327163128,0.47787692928814585
1466,0.0009021467644181565,0.47788229017430717
1467,0.0008986772594481218,0.4778883514923539
1468,0.0008952880898665156,0.4779006892514176
1469,0.000892572957485802,0.477902144824635
1470,0.0008890514356231781,0.4778947185806469
1471,0.0008858548493308094,0.47789760362823935
1472,0.0008826934234325278,0.47789562487927545
1473,0.0008789740037020951,0.47788169318928875
1474,0.0008753948062695409,0.4779013940136546
1475,0.0008721008858375182,0.4779065567455346
1476,0.000868381067754438,0.47791452041215327
1477,0.000864912865361571,0.47790803917621016
1478,0.000861801099384604,0.4779304439208614
1479,0.0008582961887957534,0.4779258176793758
1480,0.0008551955006292383,0.47790237698074695
1481,0.0008521145396600623,0.47791971499685276
1482,0.000849239691936897,0.47791713450774864
1483,0.0008457751497249924,0.4779134664165054
1484,0.0008424284002404983,0.4779002252495198
1485,0.0008394166754484678,0.4779040151215292
1486,0.0008360321646310107,0.47790324717269794
1487,0.0008330583825019934,0.4779069741837772
1488,0.0008295816009065988,0.47789975550424735
1489,0.0008269746658619162,0.4779118735779833
1490,0.0008239662384704618,0.4779168943108372
1491,0.0008209732981149277,0.47792146968781946
1492,0.0008179529695652299,0.47793723956508005
1493,0.0008146220161063201,0.4779555483516999
1494,0.0008114008070590675,0.4779551441352049
1495,0.00080829915396723,0.4779346616418879
1496,0.000805455572250756,0.4779423506439363
1497,0.000802135749127511,0.4779351002132744
1498,0.0007991136330503955,0.47793877508479415
1499,0.0007958268813747309,0.47795910083710913
1500,0.0007929675856775555,0.47795381604391307
1501,0.0007897821124373386,0.4779512601105874
1502,0.0007871968614365858,0.47795888693669314
1503,0.0007840956441548466,0.4779586955548662
1504,0.0007808135629343832,0.47797180579636256
1505,0.0007777842485474293,0.4779591095442638
1506,0.0007751678823460291,0.47794443537126435
1507,0.0007721632854408625,0.47794489414757285
1508,0.0007691950488852334,0.47795453346344213
1509,0.0007657156848972697,0.4779657643976375
1510,0.000762613177830902,0.4779567619909502
1511,0.0007593888848945864,0.4779498855196534
1512,0.0007564668194753912,0.4779407582913756
1513,0.00075399067610363,0.47793890630824476
1514,0.0007512157340583701,0.4779365183582332
1515,0.0007483803905987235,0.4779245866248154
1516,0.0007454236106318152,0.47793003539484413
1517,0.0007424425434062959,0.477932591011363
1518,0.0007396638490976277,0.47793187636759193
1519,0.0007369158936161185,0.47793585240576075
1520,0.0007340702180982118,0.477929061186005
1521,0.0007312056011685031,0.47791905415666136
1522,0.0007285346446154447,0.47791472687364767
1523,0.0007260697048852186,0.47790950458872894
1524,0.0007229275445325802,0.4779137567200482
1525,0.0007204509981030969,0.47790591029148327
1526,0.000717690255901635,0.47789215278175134
1527,0.000714776827908915,0.4778730224383748
1528,0.0007121264838839284,0.4778741581260083
1529,0.0007095148927424061,0.4778681161737005
1530,0.0007066763381971822,0.47787339491507824
1531,0.0007037502430613031,0.47788486977425676
1532,0.0007011296212457267,0.4778856288714815
1533,0.0006982177069554053,0.4778821137182043
1534,0.0006952188180008772,0.47787664768735477
1535,0.0006926440944755694,0.4778789542827427
1536,0.0006900420506835626,0.47788444341338104
1537,0.0006878233466757213,0.47789627623862807
1538,0.0006854103985112979,0.47789373927988266
1539,0.0006829952579853273,0.47789196912148996
1540,0.0006803228018469423,0.4779049761736865
1541,0.0006776512754560169,0.47792272493250254
1542,0.0006749213860579917,0.4779140506816599
1543,0.0006724017004371251,0.47792477987920656
1544,0.0006697703165522869,0.47793207627505796
1545,0.000666963266826796,0.4779151395404752
1546,0.0006641512973051017,0.47792368413351594
1547,0.0006619419428676074,0.4779453568842872
1548,0.0006595877771595565,0.4779509461985215
1549,0.0006572200189432345,0.4779412632190686
1550,0.0006543567463518614,0.4779472906314178
1551,0.0006519033032321585,0.4779419778591834
1552,0.0006491950512289857,0.4779392820312645
1553,0.0006466986250678813,0.4779396659334344
1554,0.0006444792790993999,0.47795364039219257
1555,0.0006423164878470343,0.4779624895013182
1556,0.0006398892352063726,0.477958267769952
1557,0.0006373855037568422,0.477966984752303
1558,0.000635041451382621,0.47795152504931554
1559,0.0006326481132366044,0.4779557627797216
1560,0.0006303908937950675,0.47796429727764744
1561,0.0006282716740038762,0.4779690208840204
1562,0.0006257948507369345,0.4779632063392695
1563,0.0006233377364949234,0.47797069831320593
1564,0.0006209692334982449,0.47795902377000327
1565,0.0006190772648900253,0.47795247681518327
1566,0.0006162382837911032,0.477963174588612
1567,0.000614149883424453,0.47796016230322097
1568,0.0006118481935221766,0.4779680649018511
1569,0.000609232409328992,0.47795663716648096
1570,0.0006067518207504211,0.4779481903238829
1571,0.0006045525935729748,0.4779550825464968
1572,0.0006022296389966495,0.4779326280893471
1573,0.0006000336318614296,0.47792497705501497
1574,0.0005977416553623352,0.47792210744045327
1575,0.0005956940724426922,0.4779125456710868
1576,0.0005935256518723285,0.47791921658190506
1577,0.0005909401227685807,0.47791085461800115
1578,0.0005886920912085814,0.4778971544077889
1579,0.000586589210876282,0.47790488777432183
1580,0.0005840955125334516,0.4779035399769636
1581,0.0005818919153928096,0.47790719196292125
1582,0.0005799715804565113,0.4779111030160599
1583,0.0005776977775639693,0.4779084257584834
1584,0.0005758186343879576,0.4779035299376439
1585,0.0005737701015822776,0.47789602140795684
1586,0.0005715485592846124,0.47789505865168874
1587,0.0005695386262978942,0.47789733457982286
1588,0.0005668703455959178,0.47790594605201886
1589,0.0005646645492800461,0.477897180170093
1590,0.0005627284776479118,0.4778884659749445
1591,0.000560724612309995,0.4778837536232053
1592,0.0005588363566382185,0.4778852857636208
1593,0.0005568385029734596,0.47787972089495245
1594,0.0005544763946847928,0.4778734271444962
1595,0.0005520579868808011,0.47787415213069395
1596,0.0005496812857762132,0.4778627319409405
1597,0.0005475288293107545,0.4778607599751534
1598,0.000545347211321846,0.47785537770095304
1599,0.0005436198380803626,0.4778485091116971
1600,0.0005415549196716143,0.47785731838425394
1601,0.0005395061174705969,0.47785804620376365
1602,0.0005375656000656184,0.47784161772572314
1603,0.0005354063393313214,0.47784870826728737
1604,0.0005333450087659074,0.4778498277418148
1605,0.0005312650812097886,0.477852773423874
1606,0.0005291700875934381,0.47785262227364095
1607,0.0005272506733493895,0.47784227097131926
1608,0.0005253456994344121,0.47783898604840946
1609,0.0005234052645696529,0.4778396780392999
1610,0.0005216668459868779,0.47784228458150463
1611,0.000519262445868548,0.47782561161558174
1612,0.0005172031490916458,0.47782749295820254
1613,0.0005152378958855276,0.4778318931810126
1614,0.0005130982666256286,0.4778322413539933
1615,0.0005110255135628353,0.47783748241193047
1616,0.0005091176657671245,0.4778243798237457
1617,0.0005071194002759827,0.4778225081003405
1618,0.0005049688774978725,0.47782588180252705
1619,0.0005031231668558715,0.47782244988565725
1620,0.0005012435578381269,0.4778216140616115
1621,0.000499318954452118,0.47782142635072794
1622,0.0004974143916943918,0.47782374178825193
1623,0.0004954980377031517,0.4778153577470242
1624,0.0004937755747979378,0.4778141390596596
1625,0.0004919342656060035,0.47781874809091907
1626,0.000490219620885712,0.4778290354875507
1627,0.0004883352341871948,0.4778364726213774
1628,0.0004865858284498823,0.47783310555594216
1629,0.00048473610610396756,0.47782469545996975
1630,0.00048276806330072296,0.4778408426909931
1631,0.0004807586267835502,0.4778440293368968
1632,0.000478982200918823,0.47786042679380714
1633,0.0004774234234028581,0.4778405288931774
1634,0.0004758651096760952,0.47784408182780924
1635,0.00047398761569871005,0.4778361099087478
1636,0.0004721313526385898,0.4778360500058352
1637,0.0004705535802569593,0.47782688983006893
1638,0.0004689712682665409,0.47781802691228903
1639,0.0004672999522663397,0.4778072682533077
1640,0.00046544399441357363,0.47780742965134904
1641,0.00046369902355673396,0.4778004863615922
1642,0.00046210211678585853,0.4778108533434815
1643,0.00046068900068321034,0.477798243573971
1644,0.0004590684019597204,0.47779655049865255
1645,0.0004573570410307512,0.4777962897298038
1646,0.00045557179564310505,0.47779062409567524
1647,0.000453868345615187,0.47778423450185425
1648,0.0004522894801583236,0.4777805962853057
1649,0.00045063315655811747,0.47778083442094904
1650,0.0004487483172584068,0.47778809111733445
1651,0.0004470228464200336,0.4777710532317725
1652,0.0004452368166066937,0.4777775301448354
1653,0.0004435471467883404,0.47778074656808184
1654,0.0004419228007567544,0.4777686506969386
1655,0.0004404858467055346,0.4777770188015158
1656,0.00043884091886007865,0.4777749811525719
1657,0.00043736684285001186,0.477776032777886
1658,0.00043570978162491735,0.4777686517375485
1659,0.00043421197955986513,0.47775182750536854
1660,0.0004327753855034961,0.47774836948501076
1661,0.00043126789299479854,0.47773226261007934
1662,0.0004296466102954542,0.47773526637124075
1663,0.0004281829647288363,0.47773878644096757
1664,0.0004263854312448158,0.47773103068148837
1665,0.00042469429103453353,0.4777325355329164
1666,0.00042319900285831826,0.4777372816408757
1667,0.0004215525710706157,0.4777376642098812
1668,0.0004199886009897726,0.4777303526554659
1669,0.0004183989317475662,0.47772470568794423
1670,0.0004168834307735158,0.4777209857264199
1671,0.00041525126305986404,0.47771584980081594
1672,0.00041363535253813603,0.4776981861602727
1673,0.0004120246652556941,0.4776808470133546
1674,0.0004105894287326435,0.4776806705592501
1675,0.00040878797533074274,0.4776764606287879
1676,0.00040726253513840443,0.47767501599470974
1677,0.0004056550669889083,0.47767357384628056
1678,0.0004040770266821421,0.47767811097334284
1679,0.0004024088135450205,0.4776735536032409
1680,0.0004009195412553484,0.47768538435498387
1681,0.00039940208860022214,0.4776850349910963
1682,0.0003977955672452285,0.47768163949343073
1683,0.000396259653676687,0.4776845636198218
1684,0.00039471847319207196,0.47768821446466353
1685,0.00039324267029148126,0.477694577013438
1686,0.00039161669157853404,0.4776995101081825
1687,0.0003901860045036963,0.47770484797902285
1688,0.00038858157450481106,0.47770139600412226
1689,0.00038702344881277537,0.4777132330776877
1690,0.0003857212559809393,0.47770976638503787
1691,0.0003842249439484034,0.47771037962453344
1692,0.0003829055335994578,0.4777072360654026
1693,0.00038162687557791896,0.47768886772260993
1694,0.00038031013454308286,0.4776810067583563
1695,0.0003789750699288505,0.47767733095828957
1696,0.00037755010571267276,0.4776778561620742
1697,0.0003763462562014109,0.4776720927304595
1698,0.00037486528829446344,0.47765909574480425
1699,0.0003732972618311203,0.47767182736924274
1700,0.0003721844358429915,0.47767492542742673
1701,0.00037074739299587634,0.47766615646491184
1702,0.00036917277623487165,0.47765776659834164
1703,0.00036772555194790503,0.4776610077176394
1704,0.0003661194005868416,0.4776676806151559
1705,0.00036481545733418376,0.4776654371273919
1706,0.0003634961069027835,0.47766054904752736
1707,0.0003623990586599358,0.47765176480798643
1708,0.00036084237716638363,0.4776461266021316
1709,0.000359560072736008,0.4776363497140724
1710,0.00035806962232286287,0.47763646692372225
1711,0.00035681128308696864,0.4776403392434028
1712,0.00035559876519350566,0.4776489588382323
1713,0.00035435388012452216,0.47763794722841657
1714,0.00035311785952590424,0.4776368386846654
1715,0.0003517641651582607,0.4776266451638436
1716,0.0003505605908252411,0.4776202702842352
1717,0.00034934996455237747,0.4776151459941776
1718,0.000348034880308948,0.4776205096002338
1719,0.00034685640503492193,0.47762099291189974
1720,0.0003456389043401313,0.47761673604007515
1721,0.0003443491532359241,0.47761917650239666
1722,0.0003432225741433169,0.47762748885662465
1723,0.0003419133325366854,0.4776310383570604
1724,0.000340581399698005,0.4776187550880897
1725,0.0003391882100359498,0.4776171895223252
1726,0.00033798463520363887,0.4776225036190818
1727,0.0003368937474993027,0.4776119031322415
1728,0.00033562128183501965,0.47761505158569084
1729,0.00033437015885125015,0.4776133096811288
1730,0.0003331870300897537,0.4776120807540306
1731,0.00033192662789526705,0.47762664361900736
1732,0.0003306521380319238,0.4776335459737579
1733,0.00032949072805399447,0.4776389478170101
1734,0.0003283553474793762,0.4776386880902075
1735,0.00032716751684630805,0.4776344506383137
1736,0.00032586673037653726,0.4776323699776979
1737,0.00032476372183279974,0.47762412534474147
1738,0.0003235932953994683,0.47762924533431944
1739,0.0003224225174467231,0.4776272029168833
1740,0.0003213646221452898,0.47762632922051335
1741,0.0003203349558192412,0.4776330907562485
1742,0.00031907396336134687,0.47762758199800825
1743,0.00031783945592326826,0.4776213278595336
1744,0.00031658019756018594,0.4776163168764548
1745,0.000315372716172039,0.4776057080448288
1746,0.0003139698188566355,0.4776085550040121
1747,0.0003129545323900575,0.47760955207819494
1748,0.0003119520012527336,0.47761358851503194
1749,0.000310666947216966,0.47760923229156793
1750,0.00030954550306998497,0.47760763353032737
1751,0.00030850760741346856,0.47760940241397554
1752,0.0003072884059278952,0.4776095592341554
1753,0.0003060961505632464,0.47759796065371246
1754,0.0003049667266682611,0.4776023669069503
1755,0.0003038952505012845,0.4776130711849585
1756,0.00030277950468935783,0.4776168892416126
1757,0.0003015316243957966,0.47761788336927896
1758,0.00030041185680166997,0.4776190331496699
1759,0.0002992725977291919,0.4776194841627663
1760,0.0002982043214763811,0.4776224734120858
1761,0.0002972427956974894,0.4776207419015527
1762,0.0002961156187916128,0.4776247758612001
1763,0.0002949985695030675,0.47762632089394974
1764,0.00029364660241137697,0.47763041344967194
1765,0.00029258426624590193,0.47763497848259534
1766,0.00029146614854524223,0.4776397579121429
1767,0.00029032735605148376,0.4776356752932949
1768,0.00028913073276884443,0.4776385568117454
1769,0.0002880255227398096,0.4776379087393357
1770,0.00028699753994987484,0.4776298661996919
1771,0.0002859909073266824,0.477629478585143
1772,0.000284876372952806,0.4776320868561317
1773,0.0002838115249349672,0.4776382337927049
1774,0.00028275919037380244,0.47763666093865725
1775,0.00028155489338329366,0.4776320304384206
1776,0.0002805561255917445,0.47762008445413634
1777,0.00027938126053599945,0.47761304895639767
1778,0.00027819817867448646,0.4776168680873096
1779,0.00027726826652103094,0.47760937893718025
1780,0.0002763199129019524,0.4776029567446509
1781,0.0002753870317433147,0.4776031734270123
1782,0.0002743220412208332,0.47759777928547653
1783,0.000273254135402283,0.47759204880213496
1784,0.0002721224919983387,0.47759575466376036
1785,0.000271025243078855,0.47759111014822164
1786,0.00027013369853309214,0.4775935945067374
1787,0.00026916251970205806,0.4775921057759164
1788,0.00026803553844900063,0.4775883019785357
1789,0.00026698029353520644,0.4775976008586909
1790,0.0002659077528965975,0.4775925464221162
1791,0.0002650240114123819,0.4775944910443171
1792,0.0002639902688009569,0.47758580205736956
1793,0.0002630470929044108,0.4775910818751489
1794,0.00026204936164263374,0.47759457317077797
1795,0.0002611612088571659,0.47758819069866826
1796,0.0002601408117949707,0.4775852055528725
1797,0.0002590868913762985,0.4775943083634184
1798,0.0002582194306287225,0.47759863927050233
1799,0.000257332957839991,0.47760189081694493
1800,0.00025635207147762357,0.47760436440005843
1801,0.0002553663643408121,0.4776111796255513
1802,0.00025438273003259643,0.47760337208782505
1803,0.000253560839229613,0.4776040654824964
1804,0.000252707997836784,0.4776028575879186
1805,0.0002518396828866883,0.4776011275862461
1806,0.0002509759172971223,0.47759479775483715
1807,0.0002500061154546008,0.47759674588286555
1808,0.00024907153228431777,0.47759448211323985
1809,0.00024813074594134206,0.4776049168612265
1810,0.0002470812729279576,0.4776103058205509
1811,0.00024622170543595073,0.4776089948539444
1812,0.0002452680931239357,0.4775992363548282
1813,0.00024443686292425,0.4775986916157909
1814,0.00024346178257764935,0.4776034902242221
1815,0.0002425560715278768,0.4776017316969391
1816,0.00024165242028258342,0.47759840397225706
1817,0.00024069504810601686,0.4775913755478618
1818,0.00023991470173474432,0.4775891677032731
1819,0.00023892024915807516,0.47759054905328985
1820,0.00023803079923779066,0.4775995304012272
1821,0.00023734657376045263,0.4776056744658725
1822,0.0002365002656061535,0.47760709661309175
1823,0.00023551125424763097,0.4776023414282483
1824,0.00023460543156174484,0.4775952590383555
1825,0.00023381413291756586,0.4775905718018242
1826,0.00023298894351636996,0.4775943565967235
1827,0.00023213615442750464,0.47759568771495986
1828,0.00023121329440624385,0.47759791507155086
1829,0.0002302360488251178,0.47760046090587316
1830,0.00022925007536075961,0.47759504057031854
1831,0.00022839469368257122,0.47758782183308135
1832,0.00022748578495240742,0.477586186822034
1833,0.00022659087526423618,0.4775809822593762
1834,0.00022563357862609556,0.47757588984493204
1835,0.00022485345415511077,0.477575976919905
1836,0.000223943277213772,0.4775774680901182
1837,0.0002230782856691422,0.4775807323623627
1838,0.00022215942560599062,0.4775709150188924
1839,0.00022124678991763556,0.47756981212657623
1840,0.00022045712536802043,0.4775731896609581
1841,0.00021977206806831677,0.47757564171779926
1842,0.0002189672244663687,0.4775739249907351
1843,0.00021807527368748189,0.4775747755318485
1844,0.0002173089120258534,0.4775663929472446
1845,0.00021646177549917037,0.4775639529103123
1846,0.00021563572247991372,0.4775536677927625
1847,0.0002148546420622743,0.4775594176607438
1848,0.0002141220248551667,0.47756122244522914
1849,0.00021323275869996073,0.47755866094613175
1850,0.00021254615510174005,0.47755528329057295
1851,0.00021176417543141836,0.47755277434260207
1852,0.0002110177293512252,0.47755533582438586
1853,0.00021016248574625798,0.4775556355624752
1854,0.00020934654871098887,0.47755387763280355
1855,0.00020852481709785847,0.4775567401143237
1856,0.00020771458697170132,0.4775535753010489
1857,0.00020681422454221164,0.4775477951591816
1858,0.0002060723814158745,0.4775482331969104
1859,0.00020527953258853645,0.4775490722238939
1860,0.00020454681342975175,0.4775458351295871
1861,0.0002038094068400601,0.4775411699358933
1862,0.000203152547497054,0.4775444521919571
1863,0.00020243579209043187,0.4775399111823437
1864,0.00020160338406550343,0.47753443413942587
1865,0.0002007491693197405,0.4775269572529246
1866,0.00019994975469164053,0.47753395016626304
1867,0.00019923835804605954,0.4775279082035107
1868,0.00019851052997883664,0.47752740547993094
1869,0.00019784575226513732,0.47752362058940484
1870,0.00019698763641972056,0.47752258602793074
1871,0.00019629358819919158,0.47751640034088666
1872,0.0001955520634946186,0.47751271648843785
1873,0.00019481889550813775,0.477513709713999
1874,0.0001940849197953106,0.4775138228289233
1875,0.00019345974274449353,0.4775129148989986
1876,0.00019267040427842043,0.4775111505211222
1877,0.0001919769521131938,0.4775134388210867
1878,0.00019126740200803974,0.4775028630392256
1879,0.00019055854395359673,0.4774953094831509
1880,0.0001896470898704651,0.47750015620652714
1881,0.00018889449085287064,0.4774920716200047
1882,0.00018827383848985533,0.4774977985509324
1883,0.00018753355770117654,0.47749250067407195
1884,0.00018680080375779064,0.47749204717888943
1885,0.00018619763728002804,0.47749501285155066
1886,0.00018545433371940648,0.477495166742979
1887,0.000184713349863162,0.47749212578802747
1888,0.00018406793570351751,0.4774969111897622
1889,0.00018340200096255777,0.4774961610781141
1890,0.0001827682431573231,0.4774942313895608
1891,0.0001820557123686456,0.4774910547798649
1892,0.00018142110625050367,0.47749266650384764
1893,0.00018062531561934854,0.47748855011131797
1894,0.0001798994505329667,0.477485853528259
1895,0.00017921893542095733,0.4774875356223181
1896,0.0001786568053202314,0.4774822651759234
1897,0.00017793633366056013,0.4774851347643911
1898,0.00017730557926259817,0.4774885599433408
1899,0.00017652830833235654,0.47748911562374663
1900,0.00017581268983663217,0.47749028772178276
1901,0.0001751767658104763,0.4774856995643661
1902,0.00017459445204543069,0.47747753198673876
1903,0.00017394293692956132,0.4774701942763378
1904,0.00017336082176401795,0.4774656943339361
1905,0.00017275942367434298,0.4774561462248383
1906,0.00017214206299787278,0.47745605006133346
1907,0.00017151412246114653,0.4774588954738805
1908,0.00017085209335579465,0.4774645454409519
1909,0.00017022687055052782,0.4774665150044709
1910,0.00016958561714043062,0.4774559373089533
1911,0.00016894117172912924,0.4774534136496553
1912,0.0001683579124424717,0.47745835112663537
1913,0.00016775973584284897,0.4774566630715315
1914,0.00016705447954363346,0.4774514435035094
1915,0.00016645247092594335,0.4774564233203826
1916,0.00016588525293632916,0.47745506543010335
1917,0.00016517016164208044,0.4774518173034127
1918,0.0001645982410966589,0.4774563074365186
1919,0.0001640758271461307,0.47744955919663273
1920,0.00016350878317010346,0.4774515944443445
1921,0.0001629371705153001,0.47744196410024903
1922,0.00016223937382551005,0.4774365763211975
1923,0.00016168979457303905,0.47743490059357374
1924,0.0001610596666169837,0.47743311345587075
1925,0.00016044908531551725,0.4774341899775411
1926,0.00015977677611055146,0.4774390559437194
1927,0.00015929505946044395,0.4774377552297123
1928,0.0001586977709139666,0.4774430796642014
1929,0.00015818284696829615,0.477448810350897
1930,0.0001576788114195737,0.4774588226232022
1931,0.00015705857300096817,0.4774458664106405
1932,0.00015640947461373044,0.4774429441312819
1933,0.00015585744238386982,0.4774479131344207
1934,0.00015528394638122839,0.4774510784305427
1935,0.00015468985903900636,0.477447156471642
1936,0.00015413252631249933,0.47744512567947056
1937,0.00015355367813982062,0.4774448553695107
1938,0.00015298310771798688,0.477444734557316
1939,0.00015237398243659776,0.47744890729177397
1940,0.00015193320463962833,0.47744832012704574
1941,0.00015138784621991253,0.4774449465141119
1942,0.00015087986375454364,0.47745257912792943
1943,0.00015033845438811375,0.47745513939459594
1944,0.00014969402033123953,0.4774489386160509
1945,0.00014916013278310283,0.47744651085041634
1946,0.00014853013774171426,0.4774462932174481
1947,0.00014805379895069308,0.4774383915447608
1948,0.00014750150962462939,0.4774426206968485
1949,0.00014694736891049167,0.4774425035480635
1950,0.000146300317223186,0.47744797572749104
1951,0.00014571810337759525,0.4774482678198938
1952,0.00014510345293900192,0.47744468307652116
1953,0.00014452564169773822,0.4774490558650972
1954,0.00014397082189239512,0.47745305597203663
1955,0.00014340837024474703,0.47744670278335094
1956,0.000142805837655944,0.47744653280514227
1957,0.00014221865846731529,0.47745116560640644
1958,0.0001416493537074907,0.4774543700275323
1959,0.00014115794193307862,0.4774489854059663
1960,0.000140611771297998,0.4774562946340704
1961,0.0001400589740261542,0.4774578331241994
1962,0.0001395203760722559,0.4774571333792043
1963,0.0001389566938351012,0.4774582344664077
1964,0.0001384291255484624,0.4774528408292642
1965,0.00013790366435293783,0.4774476852406187
1966,0.00013736525790513125,0.4774499942997442
1967,0.00013686444963257626,0.4774474843443267
1968,0.00013637664842538208,0.47744914443932823
1969,0.00013582280066630768,0.47744830399174726
1970,0.00013531759112223697,0.47744570423343835
1971,0.0001347633923731927,0.4774509849814848
1972,0.00013426211679386498,0.47744723811387435
1973,0.0001338086304715189,0.4774421354614837
1974,0.00013332817875568204,0.4774347525770947
1975,0.0001328807760717092,0.47743709248372956
1976,0.0001324136940829736,0.47743456722992633
1977,0.00013194982807007848,0.4774354998387851
1978,0.00013143530443192022,0.47743616512747966
1979,0.00013095911173682852,0.4774363376172322
1980,0.0001303984554379466,0.477434105648742
1981,0.00012990778326562525,0.4774343301582897
1982,0.00012951974761918328,0.47742979514331585
1983,0.0001290641547151447,0.4774292753182607
1984,0.00012861983138621528,0.4774279454752405
1985,0.0001281247598796247,0.47742344544381626
1986,0.00012766783085961937,0.47742620703591765
1987,0.00012718092095725491,0.4774202845175296
1988,0.0001267107644169592,0.47741887994317395
1989,0.0001262492819321642,0.4774199865134738
1990,0.00012581233761011542,0.4774274754900768
1991,0.00012525014143819396,0.47743627074073713
1992,0.0001247696101398646,0.47744638529653255
1993,0.00012426494050518967,0.47744479918667593
1994,0.00012388075717006055,0.4774416744594047
1995,0.0001234281080508197,0.477444582034075
1996,0.00012300315998203633,0.4774426359829232
1997,0.00012249251449839805,0.47743952743419216
1998,0.00012208748180214817,0.4774383962913147
1999,0.00012164056198534984,0.4774385200456286
2000,0.00012112487152670912,0.47743883567723255
2001,0.00012071414405797526,0.4774389410735577
2002,0.00012023138255546411,0.477442011464318
2003,0.00011977096623924814,0.47743518695944687
2004,0.0001193104949761233,0.4774366341824153
2005,0.00011886626932124019,0.4774339808044009
2006,0.00011841617485702053,0.4774362179625123
2007,0.0001179778716379734,0.47744221099761963
2008,0.0001174980993148202,0.477440604525903
2009,0.00011701366580105012,0.47744839026618446
2010,0.00011659569436994775,0.4774480428268515
2011,0.00011620204949703551,0.47744665256647084
2012,0.00011576985333140441,0.47744606432725367
2013,0.0001153011890856015,0.47744588700586116
2014,0.00011495042603570796,0.47744139964301047
2015,0.00011445349992200634,0.47743628426802764
2016,0.00011407888883637622,0.4774355304391537
2017,0.0001136319481579498,0.47743776614223304
2018,0.0001132066495405775,0.4774367921990987
2019,0.00011280590596433391,0.47744122524061666
2020,0.00011235670122733692,0.47743922818212986
2021,0.00011189953112721473,0.47744307956715787
2022,0.0001115313778311578,0.4774450533212438
2023,0.00011113659846890055,0.477444542622306
2024,0.00011063540247407166,0.4774436346427176
2025,0.00011028258971535394,0.47743936775345636
2026,0.00010983437104257533,0.4774381602636705
2027,0.00010940894959761909,0.47743306064190383
2028,0.00010896655568713406,0.47743246791146254
2029,0.00010855821178212207,0.4774305157925146
2030,0.0001080992689009064,0.47742857309556724
2031,0.0001076861891780415,0.4774290417782575
2032,0.00010727214964223534,0.47743401063659224
2033,0.00010685178464820758,0.47742742942712535
2034,0.00010644877569971114,0.4774329997144152
2035,0.0001061075499846662,0.47743019063731507
2036,0.00010570378760456345,0.4774339764025534
2037,0.00010531583839768886,0.4774396210878003
2038,0.00010498310898652354,0.4774378877417243
2039,0.00010456932439240658,0.47743310596985017
2040,0.0001041987919189003,0.47743534205206073
2041,0.00010377146298907277,0.4774275048667015
2042,0.00010336809231750571,0.4774241082080723
2043,0.0001029798458526858,0.4774227313549445
2044,0.00010264209750338952,0.4774193059134295
2045,0.00010226280558855644,0.4774219252228549
2046,0.00010189685097629036,0.47742071128225805
2047,0.00010155876847584129,0.47742300775401997
2048,0.00010118823436958192,0.47742252579315037
2049,0.00010083730868684029,0.4774250051672674
2050,0.000100535744799245,0.4774262595246609
2051,0.00010016877279835223,0.47742743424283796
2052,9.981152062907059e-05,0.4774242969122276
2053,9.945410893809913e-05,0.4774195390763644
2054,9.90771836987229e-05,0.47741820404173646
2055,9.871828294575012e-05,0.4774210674949318
2056,9.835935862096269e-05,0.47741801176060294
2057,9.803704522814624e-05,0.47741513755226467
2058,9.765454346897995e-05,0.47740858234348627
2059,9.728946410889633e-05,0.47740323420286573
2060,9.693339175571217e-05,0.47740960683002337
2061,9.654933457072361e-05,0.47740795862107877
2062,9.621200271246164e-05,0.47740939694561063
2063,9.590170251200284e-05,0.4774148617696592
2064,9.55129450520155e-05,0.4774150371017848
2065,9.515453040121796e-05,0.47741875539803724
2066,9.481060558114667e-05,0.4774163144427058
2067,9.446636395484468e-05,0.47741367650349315
2068,9.405193694864962e-05,0.4774098328907404
2069,9.376740863594684e-05,0.4774053405164049
2070,9.339909409090258e-05,0.47740848676663444
2071,9.303890641436511e-05,0.4774079830975413
2072,9.265960025451463e-05,0.4774049259713575
2073,9.232390591625694e-05,0.47740759859479165
2074,9.201499699818182e-05,0.47741159600477534
2075,9.165240009329005e-05,0.47741352991586905
2076,9.131345668812827e-05,0.47741435501255874
2077,9.101748506263727e-05,0.477416916579214
2078,9.065681298340887e-05,0.47741307597977206
2079,9.034214775445294e-05,0.47740820355105884
2080,9.000226806193624e-05,0.477405043174516
2081,8.966160067675139e-05,0.47740628867783025
2082,8.933769626822114e-05,0.47740603151675653
2083,8.903244744796586e-05,0.4774057154749562
2084,8.870526523164208e-05,0.4774124670412769
2085,8.837064104697175e-05,0.47741555164294497
2086,8.803458044712737e-05,0.47741271958008435
2087,8.775522246283619e-05,0.47741652386167666
2088,8.745355180208354e-05,0.4774127197475974
2089,8.713822353420646e-05,0.4774116202760505
2090,8.678979096263172e-05,0.47741373555951244
2091,8.645426581528334e-05,0.4774112499313901
2092,8.616816074729782e-05,0.4774117675245635
2093,8.5882186843335e-05,0.4774111573474977
2094,8.554893591618642e-05,0.47741162988794206
2095,8.521422418727207e-05,0.47741406475025777
2096,8.489649372469535e-05,0.4774147875264838
2097,8.454603757888986e-05,0.477415982981814
2098,8.424522396159415e-05,0.47741403439464347
2099,8.391409541187704e-05,0.47741514065185814
2100,8.363385783775485e-05,0.4774143278749356
2101,8.32916678162829e-05,0.47741386851071793
2102,8.297824312953349e-05,0.47741497682170403
2103,8.26696235632366e-05,0.47741512901815786
2104,8.234975359033698e-05,0.47741564254707414
2105,8.198519445511927e-05,0.47741381372347647
2106,8.168546388157564e-05,0.47740921518342505
2107,8.138992623993665e-05,0.47740940297920464
2108,8.105163199486777e-05,0.47741037901383393
2109,8.072551844427331e-05,0.47741375113997525
2110,8.04327190255704e-05,0.4774191515309529
2111,8.0138206500021e-05,0.4774201396564337
2112,7.986520510021803e-05,0.4774164237515223
2113,7.958061995609864e-05,0.47741241179277116
2114,7.928161184159243e-05,0.47741242282561
2115,7.900026797297281e-05,0.47741213133629656
2116,7.875094651517913e-05,0.47741205737234643
2117,7.841641028516328e-05,0.4774127914078018
2118,7.81012955447823e-05,0.4774121965669917
2119,7.78081260490586e-05,0.47741049051941686
2120,7.747388687475847e-05,0.4774084640534739
2121,7.718666352897504e-05,0.47741139784453684
2122,7.69078995074069e-05,0.47740453106227987
2123,7.666449943415713e-05,0.47740209077070933
2124,7.639594202078235e-05,0.47739887589982266
2125,7.615656346464554e-05,0.4773999453367406
2126,7.586713492545581e-05,0.47740227247456035
2127,7.557430106411761e-05,0.4774065663457977
2128,7.525689613996372e-05,0.4774084388018999
2129,7.5015686142274e-05,0.4774127698909121
2130,7.472616999533801e-05,0.4774095737609713
2131,7.44630788534609e-05,0.4774129184820383
2132,7.416873541769095e-05,0.47741010303911624
2133,7.39433708955412e-05,0.4774106801391681
2134,7.364283939763702e-05,0.477413903715294
2135,7.33546333190104e-05,0.47741491616464327
2136,7.308159533805373e-05,0.47741399661926026
2137,7.280213567668741e-05,0.47741685654391247
2138,7.25261294895895e-05,0.47741363370271656
2139,7.226194148021314e-05,0.47741176277294417
2140,7.198191700274136e-05,0.4774116681940421
2141,7.171426477398523e-05,0.47741048699180705
2142,7.142554862241361e-05,0.4774108560641959
2143,7.11443699856286e-05,0.47740837041701784
2144,7.08702561695593e-05,0.47740500234585426
2145,7.063050243725567e-05,0.4774086096088828
2146,7.03814306263356e-05,0.47740299398820635
2147,7.014623286658706e-05,0.4774000343697178
2148,6.993510246342095e-05,0.47740128756125433
2149,6.962621753817697e-05,0.4773988469278798
2150,6.938569258307917e-05,0.4773954659009327
2151,6.911719241193003e-05,0.4773956545884629
2152,6.88447135725699e-05,0.4773937324072142
2153,6.863622403867682e-05,0.47739767115642345
2154,6.835602389068652e-05,0.4773946449478796
2155,6.806377517698035e-05,0.47739793428918836
2156,6.778482506980543e-05,0.47739873650657594
2157,6.755872686905321e-05,0.47740236027448535
2158,6.732417902093692e-05,0.47740843974003894
2159,6.710383418301869e-05,0.47740462400640804
2160,6.685796986020555e-05,0.4774036557784396
2161,6.660323675238007e-05,0.47740417870680946
2162,6.63662679608549e-05,0.47740793568615997
2163,6.612731523453379e-05,0.47740391195093607
2164,6.589501374939583e-05,0.4774044288951451
2165,6.56557455971364e-05,0.47740969359980834
2166,6.54391519844211e-05,0.47740904709631743
2167,6.517324043992258e-05,0.4774108719241644
2168,6.4901002802393e-05,0.477408750113365
2169,6.470460985259831e-05,0.47741143225844873
2170,6.447134922018203e-05,0.4774099645218053
2171,6.422877554010811e-05,0.47740909870191783
2172,6.399519214927507e-05,0.47740916879116396
2173,6.378469810517348e-05,0.4774094136716668
2174,6.352998580195753e-05,0.47741428550966136
2175,6.326347200437297e-05,0.47741673088111547
2176,6.303051423172447e-05,0.4774189994060971
2177,6.277906046929395e-05,0.47742105611131486
2178,6.251017572112673e-05,0.47742293348184667
2179,6.229617946483657e-05,0.47742173480095207
2180,6.207358572424028e-05,0.4774256431427524
2181,6.18030685498014e-05,0.477424304957762
2182,6.156722915066234e-05,0.4774244254024263
2183,6.135736803636754e-05,0.47742203101450126
2184,6.114485591719824e-05,0.477419422766928
2185,6.095162422861394e-05,0.4774190557341534
2186,6.072612839586e-05,0.4774218229402866
2187,6.0498156578325754e-05,0.4774171946417382
2188,6.026924155179073e-05,0.4774196478660733
2189,6.0046600580384796e-05,0.47742098794610205
2190,5.9807273907223514e-05,0.4774239379188724
2191,5.959218374067763e-05,0.477424326840445
2192,5.938417587512285e-05,0.4774265196138516
2193,5.917341012256263e-05,0.4774234079040241
2194,5.8966816429402265e-05,0.47742488697182345
2195,5.872160072847431e-05,0.47742526936398266
2196,5.848140910213853e-05,0.4774242729196766
2197,5.827631381517812e-05,0.47742516964937837
2198,5.809962558172027e-05,0.4774279771750649
2199,5.78976868922752e-05,0.4774300609292376
2200,5.7704857621520386e-05,0.4774238089551212
2201,5.75010986288209e-05,0.47742092359955873
2202,5.7278426275127246e-05,0.47741811854867916
2203,5.7076068707754906e-05,0.4774183993047201
2204,5.682953091112964e-05,0.4774149217146157
2205,5.663856907412593e-05,0.4774154941248509
2206,5.6440526281225415e-05,0.4774124119158606
2207,5.622677788643163e-05,0.4774110781933583
2208,5.599687427562862e-05,0.47741202070846883
2209,5.579281617836412e-05,0.4774123963123564
2210,5.559889339712113e-05,0.47741011438030206
2211,5.540599697949786e-05,0.4774104997104217
2212,5.521251043497793e-05,0.4774128662532382
2213,5.501982397456435e-05,0.4774145837042478
2214,5.4829429163554466e-05,0.47741035808546034
2215,5.461964032787772e-05,0.4774084840316342
2216,5.439976646140116e-05,0.47740574255485796
2217,5.4186765292586815e-05,0.47740501858386925
2218,5.39722337415084e-05,0.4774047720599554
2219,5.3778665942223985e-05,0.47739790128922327
2220,5.3600878832875534e-05,0.47739578142883693
2221,5.3400608995922596e-05,0.4773924913438747
2222,5.3190155649450133e-05,0.47739077648565914
2223,5.299832363124724e-05,0.47739050936229754
2224,5.2821885535496596e-05,0.4773896148858112
2225,5.2632890462992364e-05,0.4773927294624235
2226,5.242088357504218e-05,0.47739234314220846
2227,5.222146542114205e-05,0.477394389350627
2228,5.202450649238854e-05,0.477393083896958
2229,5.1831792255006945e-05,0.47739561039267947
2230,5.1650651301585785e-05,0.4773947058694911
2231,5.1494923420090513e-05,0.477395296906641
2232,5.1289890811376503e-05,0.4773943274940809
2233,5.109931521691058e-05,0.47739586040193366
2234,5.092746986959407e-05,0.4773985792639999
2235,5.074837712493508e-05,0.47740113575487575
2236,5.0577567398355555e-05,0.4774008873449535
2237,5.0380670006728716e-05,0.4774038590775443
2238,5.020356919392129e-05,0.4774055497795973
2239,5.001987724225642e-05,0.4774033838292198
2240,4.981236802515403e-05,0.4774021706479106
2241,4.9609374343896036e-05,0.47740165935103007
2242,4.942445852360756e-05,0.47740406028533505
2243,4.925121040028541e-05,0.4774088333744828
2244,4.9032893579246446e-05,0.4774056139201511
2245,4.8865346589813395e-05,0.4774028378440831
2246,4.8703496448713245e-05,0.47740200645679376
2247,4.8516203191625385e-05,0.4773995994674887
2248,4.8342995712077106e-05,0.47739620124527987
2249,4.817603758080544e-05,0.47739873118818515
2250,4.7978312360102316e-05,0.4774022875330171
2251,4.7816358411123084e-05,0.4774014834229618
2252,4.764748663972464e-05,0.4774060378393482
2253,4.7463081112963896e-05,0.4774060720839363
2254,4.728014228456306e-05,0.47740525359530295
2255,4.712768161869665e-05,0.4774080876995176
2256,4.694509655980073e-05,0.47740734448381766
2257,4.6777174405772704e-05,0.47740826007390536
2258,4.6617952439634333e-05,0.47740746524782285
2259,4.6463403742028714e-05,0.47740878801484765
2260,4.6287037029754655e-05,0.47740687496421674
2261,4.612743866737124e-05,0.47740563442971123
2262,4.5978141259278145e-05,0.47740441184330534
2263,4.580822066837379e-05,0.47740120014327236
2264,4.5644056426228624e-05,0.47740164366710286
2265,4.5488007021832906e-05,0.47739900332359686
2266,4.533717932239247e-05,0.4774029860759692
2267,4.514875482331249e-05,0.47740559989266135
2268,4.500715214087407e-05,0.4774021160865223
2269,4.4847161719479855e-05,0.4774013575605197
2270,4.468399953171501e-05,0.4774071571735691
2271,4.451545840389758e-05,0.4774036407553943
2272,4.433066448160363e-05,0.47740552206187487
2273,4.416400561839676e-05,0.4774071824438155
2274,4.3984823766708985e-05,0.4774088918957619
2275,4.384825078428572e-05,0.4774132294739505
2276,4.369443690864308e-05,0.477415537584225
2277,4.355659512012499e-05,0.477416053212577
2278,4.341479249330903e-05,0.47741764633578404
2279,4.326268514315504e-05,0.4774195781177352
2280,4.3086196832403465e-05,0.47742021232309195
2281,4.2939569502933625e-05,0.4774197052847354
2282,4.2798184357955435e-05,0.47741529255005927
2283,4.263472951947665e-05,0.47741338185404014
2284,4.24641358829051e-05,0.4774092854627933
2285,4.231860870076614e-05,0.47740980160019425
2286,4.214335732472262e-05,0.4774119346962114
2287,4.197239192077986e-05,0.47741674192504596
2288,4.181899633861431e-05,0.4774173298826023
2289,4.166718481537346e-05,0.47742204152738743
2290,4.150614384341552e-05,0.47742254050376387
2291,4.1356597258869e-05,0.477422702258793
2292,4.119955201876944e-05,0.4774223262696777
2293,4.1032470126009245e-05,0.477423672224377
2294,4.088552827520251e-05,0.47742228594316155
2295,4.0763970772457025e-05,0.477423245118208
2296,4.0617721329044605e-05,0.47742505616144787
2297,4.0473216991279413e-05,0.47742422553446673
2298,4.0326392564847626e-05,0.47742243394522405
2299,4.019782392527041e-05,0.47742236812721356
2300,4.0036121056173685e-05,0.4774226944148395
2301,3.989149502711854e-05,0.4774183117385734
2302,3.973598591594846e-05,0.4774194018488564
2303,3.960776524085409e-05,0.47741757936625556
2304,3.9466817044667326e-05,0.4774193234309453
2305,3.93260387167076e-05,0.47741650923004636
2306,3.9204110730073066e-05,0.477417308900667
2307,3.906818631624222e-05,0.47741293972869864
2308,3.892168413187518e-05,0.4774073110141071
2309,3.8777194144374925e-05,0.4774060406714159
2310,3.863050531795577e-05,0.47740575604722274
2311,3.848853853194069e-05,0.47740321417744624
2312,3.83427583193925e-05,0.4774025671848185
2313,3.819563575000395e-05,0.47740444568984447
2314,3.805160211158202e-05,0.47740225646317613
2315,3.791648126463993e-05,0.4773972852742968
2316,3.778456925018505e-05,0.47739458211886937
2317,3.7645803556045796e-05,0.4773933587198531
2318,3.750885685251368e-05,0.4773947790689794
2319,3.737874418364581e-05,0.4773956182078071
2320,3.72504207789188e-05,0.477395037372707
2321,3.7102687139956823e-05,0.4773905185510722
2322,3.697032052118835e-05,0.47739035097207905
2323,3.6829368250232034e-05,0.4773915137000382
2324,3.669535000590086e-05,0.4773899649403206
