epoch,train_loss,val_loss
1,0.9651266986415258,0.9780946031031754
2,0.9317826464491156,0.9470182857415956
3,0.8991072006417639,0.9185716534200817
4,0.8699070099266957,0.8934895339039357
5,0.8430504476706195,0.8677012912309953
6,0.8185514619824482,0.8453394021863769
7,0.7942311507307815,0.8239478815236192
8,0.7715964391723982,0.8047853024599367
9,0.7497547865818338,0.7868628544437118
10,0.7308003342733873,0.7718040106470033
11,0.7123281158520611,0.7564148497891298
12,0.6950892819491075,0.7427590520876334
13,0.6792648760302138,0.7288117257287388
14,0.6644408665589528,0.7159890256909686
15,0.6501773868984423,0.7042681866484916
16,0.6361253241487508,0.6936449358081413
17,0.6229766401967567,0.6836275833558381
18,0.6100251703615233,0.6720572847968288
19,0.598729904080243,0.6634259436594738
20,0.5870804139872668,0.6541366109510783
21,0.5766656838347928,0.6470289500572075
22,0.566686770541214,0.6396464183003389
23,0.5570523246893118,0.6321907558067619
24,0.5478562897144028,0.6261630347246935
25,0.5392172575618724,0.6201152245429078
26,0.5308290478474468,0.6137899255687531
27,0.5226175794051207,0.6076228561973062
28,0.5152694250353652,0.6031309729587895
29,0.5074150486317308,0.5970076454783046
30,0.500122754889774,0.5918924248234813
31,0.4932899835983231,0.5868069330822637
32,0.4865904304193538,0.5817244310529247
33,0.4800537918723394,0.5766003203568003
34,0.4734351834303008,0.5712403270045222
35,0.4664886524276096,0.5659766623803844
36,0.46081605921311736,0.5617034365944604
37,0.4556732825258329,0.5582066399279986
38,0.45026231954534496,0.5544909199118683
39,0.4450177574103562,0.5502442501423895
40,0.43967706979022003,0.5468624696998773
41,0.4347792142527671,0.5441058079957908
42,0.43019435623693303,0.5417288622731161
43,0.4253719097445504,0.5386477664176221
44,0.4211826516647194,0.5359144385389867
45,0.41645589486467416,0.5332383730391692
46,0.41210964941640127,0.5303429888705442
47,0.4077258134505487,0.5288039262109486
48,0.4036631143639805,0.5268760381008623
49,0.3991413101638125,0.5243949457454108
50,0.39484381754862524,0.5220087802878368
51,0.3910050106557438,0.5198732849174977
52,0.38754483349960217,0.5185350955824222
53,0.38387320821512666,0.5168134109344144
54,0.38046700579788634,0.5145931072594786
55,0.3770484313875774,0.5134749085542052
56,0.3736505758213678,0.5117211776248691
57,0.37036062936635034,0.5097887782276987
58,0.3667102192847521,0.5079090197984579
59,0.36364539603835316,0.5073370837204819
60,0.3605838255465065,0.50539702946575
61,0.3573839396251921,0.5043785811006679
62,0.35418990597801087,0.5023553340607846
63,0.35097601739304807,0.5008100470476905
64,0.3477349071996001,0.4990997858502166
65,0.3448919012475722,0.49756643612914053
66,0.34194447584726995,0.49594560498951623
67,0.33927210265176777,0.4945716311274856
68,0.33650787235877205,0.4940654424898
69,0.3337951502776558,0.4927007814837807
70,0.33101996512871634,0.49102311500328033
71,0.3284727642033724,0.49042482332227766
72,0.3257635195970201,0.48928295509856884
73,0.32322368959805714,0.48841440444969264
74,0.3207042924331275,0.48731315965113836
75,0.3179966195897412,0.48576803800594076
76,0.3154418684808644,0.4843660374384625
77,0.3128137932055628,0.48347255660425686
78,0.3104684657838096,0.48272105651648334
79,0.30811073349557155,0.4815332354861251
80,0.3058248136080552,0.4803347496682055
81,0.3037355235185796,0.4801093663893951
82,0.30137030546556015,0.47920410379392203
83,0.29898628832930396,0.478316547125525
84,0.2966703452760597,0.47737004549310585
85,0.2943248854116662,0.4763005678232734
86,0.29200219202786654,0.4752815785068381
87,0.28970123963592953,0.47357546471896
88,0.2874609711189521,0.4723138580913641
89,0.2853861300504978,0.4716961678525994
90,0.283317590778594,0.4707806697344867
91,0.28131677219880724,0.46960209059494545
92,0.279337677141318,0.4687720575007732
93,0.2775010475888011,0.4680957125498573
94,0.2756493503713655,0.4673482511022018
95,0.2736999030264493,0.46638285614964103
96,0.2716874060987825,0.4654922296693374
97,0.2697924993044953,0.46453350082730366
98,0.2677274136439052,0.4641438211490776
99,0.2659112861796117,0.46339224113114275
100,0.26410765000735487,0.46301119460219653
101,0.2622879219619235,0.46234028998290344
102,0.26058739508399553,0.4618782282511551
103,0.2586406678097761,0.4612415609260873
104,0.25695065831844066,0.4610181960640824
105,0.25517567782651107,0.46032719992519505
106,0.25335139523864214,0.4595057805329508
107,0.2515307256494394,0.45913204180473705
108,0.249857446652821,0.458332978179401
109,0.24810022858604897,0.4574644455772801
110,0.24637297376019995,0.4561887507821458
111,0.2446334066148306,0.45553710703045963
112,0.24292654224556634,0.45495441597267827
113,0.24122425646029053,0.4545035078597294
114,0.23965922669526682,0.4541059129090065
115,0.23793846791770384,0.4534334406070213
116,0.2363739650237339,0.45290318176861083
117,0.23485231335250029,0.45219786168726445
118,0.2333558962115929,0.4516493422115945
119,0.23187170263621792,0.4510688404121472
120,0.23029068882161097,0.4501906621334976
121,0.22883590244925472,0.4496513007062452
122,0.22739118204720765,0.4490869124385228
123,0.22593873362956082,0.44881350684842386
124,0.224434515961789,0.4482254125609846
125,0.2229031125143074,0.4474611147310777
126,0.2214146222344962,0.44712872568587814
127,0.2199504499946756,0.4467369226118076
128,0.21857425610217035,0.44602502334935346
129,0.217119758109107,0.44554634716088715
130,0.21566908303199786,0.4447331174541945
131,0.21420796670997583,0.44416150674913873
132,0.21285683670424285,0.44359383970881777
133,0.21152227483911992,0.44342295977730617
134,0.21019783616793544,0.44326837482511755
135,0.20886415320690024,0.44266743320123764
136,0.20761516651075376,0.44263830428248646
137,0.20631277295726705,0.44223088769270297
138,0.20496392085120912,0.4416179715958186
139,0.20364610815946868,0.4412331162484578
140,0.20241572173566239,0.44076575128507195
141,0.2012349500668686,0.44035041152120846
142,0.20007127589028809,0.43989948822474556
143,0.19892457959633425,0.43925608227481755
144,0.19771318142511068,0.4385302869682441
145,0.19653742933339374,0.4381624661494251
146,0.19529352626248317,0.43715122821292524
147,0.19412248132442483,0.43693928971853563
148,0.1928684684002632,0.43590520257081683
149,0.1916650530239591,0.43521858457160517
150,0.19052197061919818,0.4345513177785732
151,0.1893858304149985,0.4345583289290462
152,0.18827323683892672,0.4341140733397488
153,0.18710014119500146,0.4338456236599468
154,0.18600102469107918,0.43398062911300833
155,0.18491250547083724,0.43354637650125477
156,0.18373880547734553,0.43324057352302076
157,0.18270415950275404,0.4330539792912674
158,0.18160010304868204,0.4328023796052996
159,0.1805168451487493,0.4327939687597792
160,0.17941404284530937,0.43255489885160964
161,0.17838963859584367,0.4326562589085077
162,0.1772835626089195,0.43209033634668764
163,0.1762377316368625,0.43184173376688795
164,0.1751492262973025,0.43136323452188585
165,0.17412862088892256,0.43086944983617437
166,0.17309807900987348,0.43072549491580514
167,0.17207652439520377,0.43039154552514886
168,0.17105909558847324,0.4299245819911299
169,0.1700391885570618,0.42970308995526774
170,0.1690984752520834,0.42948438571569814
171,0.1681408580481879,0.42910444295697503
172,0.16717925526893032,0.42892934927811766
173,0.16622095106061305,0.42874168403443236
174,0.16527011199848962,0.4288156491833972
175,0.16436309281949646,0.4287673011482639
176,0.16346507161134444,0.42858979088566695
177,0.1624700990331371,0.42839129400105813
178,0.16154384707883376,0.4279852261633442
179,0.1605747346544613,0.42795376638815963
180,0.1596551794802841,0.42782616948524366
181,0.1587110921863723,0.42762150526468495
182,0.15776789459241233,0.42704983453349593
183,0.15691186078845665,0.42696805092727846
184,0.1559424537378405,0.42646544070317616
185,0.1551142534381946,0.42595505586729093
186,0.1541977113662294,0.42594927672146776
187,0.1533613838480607,0.4258301633433125
188,0.15254097923671994,0.42556700450643015
189,0.15164988852321926,0.4257550977237824
190,0.15084143834503766,0.4254684156318792
191,0.1499352039055275,0.42555519550377596
192,0.1491373388683318,0.4251834786653287
193,0.14825620432078693,0.42513448264118836
194,0.14742076142841304,0.42501471885546693
195,0.14650321309240888,0.42461173786021805
196,0.1457126646932633,0.4245891097094709
197,0.1449351260867192,0.42430253384448596
198,0.1440825332825528,0.4242700075297467
199,0.14325810712579906,0.42388557337466515
200,0.14243578190819112,0.42393115627038785
201,0.1416293062761801,0.4236419472247032
202,0.14083352495730458,0.42360269720287236
203,0.14000865537510188,0.4233598774582021
204,0.13918621913206367,0.42321927712433266
205,0.13845478212558085,0.42278289639175576
206,0.1377034787221129,0.42274118720110515
207,0.13695416529434193,0.4225111751894649
208,0.13621090661174293,0.42244982543886667
209,0.1354904260969455,0.42227717149254973
210,0.13476040645524723,0.4221377179734792
211,0.1339707308190647,0.4221601501091006
212,0.13316034729682624,0.4219772810950637
213,0.13242310457753445,0.421955335770204
214,0.13167941606777678,0.4215353915657605
215,0.1309365351962856,0.421529333751783
216,0.13023346785172324,0.4214307600393665
217,0.12953441958073847,0.4211200582821469
218,0.12883502073143274,0.42101826142595544
219,0.12814049331704494,0.42073528046053715
220,0.12744748620331195,0.420522714327049
221,0.12677517791201337,0.4204143500937605
222,0.12606291009301168,0.4204847465129883
223,0.12542363957336886,0.4203498183518536
224,0.12474824712181741,0.42028055290255617
225,0.12408731145445151,0.42015366846761026
226,0.12342264822659206,0.42031223070577073
227,0.12277408233112054,0.42019127107028037
228,0.1220861400535732,0.42014108168651043
229,0.1214730779122882,0.4201438207224181
230,0.12077775815194898,0.41986782240043347
231,0.12012678876105409,0.419713168892375
232,0.11950458930209193,0.41941247145974053
233,0.11886544362987754,0.4192255891116448
234,0.11819198768620487,0.4192698314898441
235,0.11755682115088628,0.41910475115131957
236,0.11691225057710625,0.4189452792832045
237,0.11630614571113508,0.4189181299961583
238,0.1156935833632219,0.4188014129561763
239,0.11509819701164534,0.41866991338149745
240,0.11449210199065997,0.41871368157397415
241,0.11390370505134056,0.4186553191631931
242,0.1133078986305259,0.4186998687717821
243,0.11275989051655491,0.41856430127740696
244,0.11219332253589806,0.4182565188617681
245,0.11156445518203056,0.41839381361200223
246,0.11101610758811922,0.4182543898965852
247,0.11044527105564507,0.41798189910888883
248,0.10986493310197647,0.4180824190117032
249,0.10932458372125808,0.4179229970590484
250,0.10872488654631286,0.4177419626248696
251,0.10814349659442175,0.41737384988158194
252,0.10753605873227504,0.41763708803707833
253,0.10690693844663421,0.4173928107285177
254,0.10633521970185097,0.41723661951063357
255,0.10581019196586362,0.41707778750746544
256,0.10529220270609148,0.41700422087818323
257,0.1047054623073915,0.417157819761387
258,0.10413789658440516,0.4167977717322233
259,0.10364383851616679,0.41664598496308664
260,0.10314259717097765,0.41661460810267215
261,0.10256902650266364,0.4164455134373877
262,0.1020463441291376,0.41627562071377744
263,0.10151272815890675,0.4161586047788095
264,0.10099224301105601,0.4160872135759368
265,0.10046999965160715,0.41584501338656665
266,0.09994043787370897,0.4159328041009875
267,0.09945511878198261,0.4159403885019241
268,0.09895534441098562,0.4159183685508266
269,0.09839526468883285,0.4157430305050791
270,0.09789300668334533,0.41559183993775534
271,0.0973529259231129,0.4154264041601935
272,0.09684345590509266,0.41563336750378893
273,0.09635635313915564,0.4153640032137523
274,0.0958529967111269,0.41501096804830245
275,0.09542005853126566,0.41504668405162837
276,0.09492420886086156,0.41494896147048244
277,0.09447344459273935,0.41490897060819326
278,0.09397357923670377,0.41454535751327165
279,0.09352370789987635,0.4143838969625357
280,0.09302978492398793,0.41435632746557155
281,0.09256206072459111,0.4144996129012802
282,0.09209470388794005,0.4143503209195731
283,0.0916202239110906,0.4142130396438003
284,0.09116227135304693,0.41387230660396407
285,0.09071206714346193,0.41381926142213293
286,0.09024003290501792,0.4137285494883451
287,0.0897268516524194,0.41354857833779207
288,0.08926523480199838,0.41357458592792423
289,0.08881822344518243,0.41349217513179853
290,0.08835364838526673,0.4134335000886189
291,0.08791313690320436,0.4134252853088883
292,0.08745910716174883,0.41347888839262514
293,0.08703634507877676,0.41339980831611284
294,0.08661204755480899,0.4132322962078089
295,0.08616288378821622,0.41331694470568264
296,0.08573655335623909,0.4131577990478812
297,0.08530317269782209,0.4128235024737109
298,0.08487802766511658,0.4127193110933774
299,0.08447075662239954,0.41273545877541795
300,0.08403647767201788,0.4126883800496632
301,0.083594562123199,0.4125452270797432
302,0.08324472523336304,0.41244492351969336
303,0.08279716292966142,0.41220549949934426
304,0.08240392940137174,0.41219815379907393
305,0.08194359018090694,0.4121262078860669
306,0.0815181604307667,0.4121288129427865
307,0.08113041192146032,0.4119448844215265
308,0.08071936285945604,0.41193858031601205
309,0.08032760856726236,0.41196470218564374
310,0.07994254529840035,0.4118547263523474
311,0.07955903533684794,0.41195176401799644
312,0.07916916988686667,0.41190955358056086
313,0.07878646604193291,0.41185482322846617
314,0.07837304974131254,0.4118655001681008
315,0.07797827350829595,0.41184672090895574
316,0.07759215854048387,0.4119282435471903
317,0.07724468421936279,0.411901622638748
318,0.07688433876661467,0.411689774952685
319,0.0765034731067157,0.41156498032196637
320,0.07608888130459206,0.41141915479003816
321,0.07571432657179747,0.4112502096096914
322,0.07533099722461348,0.41122036147587
323,0.07497735311340674,0.41102859986694235
324,0.07461248149017578,0.4110858788185373
325,0.07421728012185869,0.4110806408843826
326,0.07387025530897291,0.4110024333922121
327,0.07351079108829461,0.4107332925585626
328,0.07315063159526594,0.41062956939588224
329,0.07279243423025651,0.41050077672852686
330,0.07243890424335372,0.41031334434751743
331,0.07206692550485172,0.4102076286819158
332,0.07173391588561016,0.41018054188796715
333,0.07140792926233712,0.4100021574388119
334,0.07107619066828991,0.40986755374922085
335,0.07071625577221051,0.40967422387116254
336,0.0703852568217812,0.4098192786182996
337,0.07003741730819056,0.4096587131962849
338,0.06968296359494654,0.4094275435957928
339,0.06936519132323363,0.4094203425137896
340,0.06903727594882264,0.40940702392003936
341,0.06872664873111635,0.40930193473740084
342,0.06839961334381219,0.40920780486928154
343,0.06804411940861702,0.4090711036715386
344,0.06773212478939547,0.4089619853310807
345,0.06739080672295744,0.4088920727586939
346,0.06705945283049597,0.40869733959606297
347,0.06675170521959704,0.40858686724120347
348,0.06642628754005289,0.4085338968027267
349,0.06609678111089226,0.4085570597934629
350,0.06579316019212984,0.4084266119806368
351,0.06546932048439634,0.40838595889428375
352,0.06508694534638162,0.4082325631368272
353,0.06473690178350386,0.40819493106282356
354,0.0644273274148931,0.40815970333322044
355,0.06414749576064502,0.4081465711909145
356,0.06386457322487728,0.4080683143389512
357,0.0635555471120256,0.4080959728673849
358,0.0632461457302217,0.4081826736551452
359,0.06291690710575096,0.4080536593387044
360,0.06264600435792496,0.40810639768611595
361,0.06235097033498243,0.4080656378303073
362,0.06207867690879967,0.4079727892878892
363,0.06177813959406285,0.4079845993607688
364,0.061466392587985794,0.40798789377224903
365,0.06117001339472934,0.40798262922582673
366,0.06089803711373196,0.40796251501201336
367,0.0605976010732094,0.4078455870195634
368,0.0603091476734111,0.40770277632528834
369,0.06001547300551217,0.40775895459468586
370,0.05972054315105187,0.40763888910069407
371,0.0594377598002548,0.4076286014145861
372,0.059150671038855074,0.4075337299698991
373,0.058869503487129805,0.40750471400092136
374,0.05858024557932072,0.4074331769223712
375,0.058308410137423515,0.4072871443416936
376,0.05800970603315936,0.4073230360162552
377,0.05772968011683742,0.4073889792730814
378,0.05747833803198771,0.4073974190425776
379,0.057201541232708125,0.4072873892719774
380,0.056917334955221485,0.40724728462779114
381,0.056630483468857656,0.40721110968269
382,0.05635420167549438,0.407202758524155
383,0.05607304913312513,0.40718438372910215
384,0.055783054524226924,0.40726779242440336
385,0.05550676057948638,0.4072748943071707
386,0.05524549030025827,0.4072121661856172
387,0.05497570093565332,0.4072010598879013
388,0.054737158905098705,0.40717110617342733
389,0.05446747482593205,0.4071744099643535
390,0.05422380604520304,0.4070505623534275
391,0.05396047147918555,0.40713566565472586
392,0.05371917719771979,0.40706854048409274
393,0.0534520882889964,0.4068720612785793
394,0.053210157813895244,0.4067976284595828
395,0.052961532302111314,0.406751510057345
396,0.052703063552577506,0.40658622339796224
397,0.0524614746598566,0.4064839598561935
398,0.0522230558326942,0.40653613847915315
399,0.0519840774555079,0.4064193030214022
400,0.0517443175705563,0.40644714563307716
401,0.05152618659392683,0.40650855603466696
402,0.051296623421806894,0.40639827542200646
403,0.05106368500721305,0.40644506795696206
404,0.05082442607622862,0.40632529273887397
405,0.0505827676423302,0.4061796859600745
406,0.050319563732502036,0.40605501681801676
407,0.05009237280676219,0.40608760260681737
408,0.049841603652367276,0.4061106811965896
409,0.04963954689373306,0.40601210019823797
410,0.049413050940568005,0.40601931460919316
411,0.049154651784449645,0.40588860342483507
412,0.0489271994782575,0.4058159339828765
413,0.04871121037757261,0.40568869680209074
414,0.04848486264829404,0.4056936343215628
415,0.04825052675439792,0.40583969305151124
416,0.048032264756294116,0.405848403869838
417,0.047808494732184084,0.40566162924572957
418,0.04758970374696728,0.40572436110562016
419,0.047370273171535845,0.405690753330116
420,0.047158802896648394,0.40569866825159745
421,0.046949126164748146,0.405559954919732
422,0.0467199339750528,0.40560514812581644
423,0.04648714212260848,0.40541326242143094
424,0.046263878337046586,0.40548943179524166
425,0.04605687701142678,0.4054638360200852
426,0.04585632394402461,0.4054945754947711
427,0.04565060860928909,0.4053951609563163
428,0.04544484850461245,0.4053923005823089
429,0.04523897999856098,0.4052205173393087
430,0.04503585610130911,0.4051395939434063
431,0.044801796954965695,0.4049358416140769
432,0.04460111205286769,0.40494917716373524
433,0.04437368081512892,0.4048241131362961
434,0.044161579074881226,0.4047935200410598
435,0.04394025866016785,0.404797360529095
436,0.04373607333059977,0.40475846063044224
437,0.043532271962496524,0.40470688539066135
438,0.043335574842415604,0.4046372022306141
439,0.043145797996888675,0.4046836404071925
440,0.04295221136994845,0.404616032531637
441,0.042741975228955384,0.4044654935851458
442,0.04254130561967054,0.4045552533739204
443,0.04233013997073748,0.40444013936048767
444,0.04214825307537369,0.4044144971693943
445,0.04195561916288995,0.4044944405704106
446,0.041760370206075044,0.40435325342943185
447,0.04158680213566336,0.40433908397930607
448,0.04142132789434393,0.4042468614849801
449,0.04123760755478601,0.4042449022989117
450,0.04104862938958912,0.40417029911633817
451,0.04088054571798708,0.4041627206087047
452,0.04069017492730716,0.40396326546865974
453,0.04050355131227979,0.40381857826597495
454,0.04032614365503108,0.403746500513406
455,0.040158853950820646,0.40372622930480917
456,0.03997359362976942,0.4036474047259393
457,0.03981207552707777,0.4036643270185294
458,0.039632258475777546,0.40369876997451243
459,0.03946104420735984,0.4036964600270472
460,0.039270808356757364,0.4037317465660595
461,0.039086947193783625,0.4037649487995166
462,0.038894953419655404,0.40374298831936173
463,0.038713555078568496,0.4037483756366437
464,0.03853020685003665,0.40384790671678233
465,0.0383722507728275,0.40371525939666436
466,0.038194251308453366,0.4038099590853942
467,0.03801686333257786,0.4037776852787417
468,0.03783835723734102,0.40363479645455475
469,0.037669067601636685,0.40368831637982533
470,0.03750323026597927,0.4036625450459427
471,0.03733956154912231,0.40359656519269854
472,0.0371744950232947,0.40358790886158824
473,0.03699692094671689,0.40355745918167013
474,0.036839177092621044,0.40355859773148045
475,0.03666879917745791,0.40364657113878016
476,0.03651227521177018,0.40369744903499805
477,0.036336384712236734,0.4037234441959797
478,0.03617869805627058,0.4036310104394637
479,0.03601645526728556,0.4035542024122111
480,0.035844784335685574,0.40345570890500465
481,0.03568200112129074,0.4033582959599409
482,0.035506150632404705,0.40341307452295294
483,0.0353440904425261,0.4033544994385379
484,0.03519941309925396,0.40345694513947844
485,0.03503368721071164,0.4035197665514542
486,0.03486386624201249,0.4035119729591985
487,0.03470122489578604,0.40349046426477525
488,0.03454883002081902,0.40355224213981566
489,0.03438410097252494,0.40355112819879
490,0.034225891768407034,0.40341770427119544
491,0.03406577787756813,0.4034460923674503
492,0.033902705235750015,0.4033487765583548
493,0.03374878205123822,0.4032941184599385
494,0.03360306467366525,0.4032624742156474
495,0.033432738460911576,0.4031619744956124
496,0.03329484269628295,0.40310972581580845
497,0.03314425254575006,0.40307409574453135
498,0.03299609092676834,0.40305893380034813
499,0.032851144158307616,0.40310513396151737
500,0.032719234584228006,0.4030907440530921
501,0.03258916552349268,0.40297319680889254
502,0.03244134114030542,0.40300556637484714
503,0.03229525332329595,0.40290546217448914
504,0.032147397349490334,0.4028204234968931
505,0.031990608173835484,0.4027548887713252
506,0.031860858848938446,0.40267541032910315
507,0.03171686550684452,0.4026033881420223
508,0.03156859453346574,0.4025796908025554
509,0.031422072278156174,0.4025503266561444
510,0.031289820741817784,0.40247124786256283
511,0.03114784788366804,0.40249816683395834
512,0.031016388772525844,0.4025538699466746
513,0.030874803746232856,0.4025933105512368
514,0.03074209074999029,0.4026131084656371
515,0.030591153942578133,0.40255034887572655
516,0.030452511258347074,0.40247521161412225
517,0.030316840840231767,0.4025469620497218
518,0.030191228300937668,0.4025465094453497
519,0.0300549211063425,0.40254983233643515
520,0.029922743642441067,0.40251746674691
521,0.029795914466512925,0.40241150933248326
522,0.02965927580252872,0.40247749274965994
523,0.029543134859872824,0.40251456493486826
524,0.029409279137919714,0.4025709305413403
525,0.029279975018967237,0.40253513706886646
526,0.02914457675279598,0.40251684540802773
527,0.02902311917318441,0.4024726632902936
528,0.028885623654571948,0.4024668069090302
529,0.028751322011791803,0.40240039816502454
530,0.02864080343523385,0.40248011437980646
531,0.028517958989139995,0.40239496677198067
532,0.028406841212753706,0.40245708963537813
533,0.028282174141649477,0.4024748278396793
534,0.028172042932845757,0.4025263713487775
535,0.028057589455120747,0.4025559156417764
536,0.027937369785338274,0.40263782565962464
537,0.027823645237208147,0.4026642004123315
538,0.027697542474126563,0.402563041081132
539,0.0275807772154996,0.40253440022018555
540,0.02744637553715408,0.40244287445198657
541,0.0273225151811659,0.4023554941574741
542,0.027201826238137657,0.40228087297518456
543,0.027074553160359723,0.40227152081380985
544,0.02696273198146152,0.402337684599744
545,0.02684651470116816,0.40220711498146156
546,0.026726595872229877,0.40211907551979287
547,0.026601112328712203,0.4021998986385338
548,0.026481099801291763,0.4022599931283765
549,0.026371349335603873,0.40231426281414145
550,0.0262548924789255,0.4022793780882181
551,0.026140100489647242,0.4022431950280355
552,0.026035213298402887,0.40220403881177985
553,0.025914385384023544,0.4022062491221525
554,0.025794539527994917,0.40212729797126073
555,0.025672835157863078,0.4020778227238626
556,0.025557642080360127,0.40203797986694084
557,0.025448496534249167,0.40210267510540715
558,0.025339799610675007,0.40215063922245387
559,0.025230588941895393,0.40209961085586954
560,0.025122534560595565,0.402083761828348
561,0.025012775122389846,0.40213982801766196
562,0.024900276541024245,0.4021301140288303
563,0.02478227875691417,0.40207907861867537
564,0.024666683845379497,0.4021401512835491
565,0.024553555131584096,0.4021105149635239
566,0.024439684997146608,0.40204136744510616
567,0.024335860276779486,0.40201901785672894
568,0.024229938246931825,0.40191025597723745
569,0.02412324196210601,0.40195713000334315
570,0.024028000887714736,0.40200358355196
571,0.02392129362432253,0.4018853188604826
572,0.02380342578458612,0.4018082393094484
573,0.02369347456435236,0.4017690474754944
574,0.023583013605421334,0.401790046072284
575,0.023466298788309147,0.401762263364302
576,0.023356478621289107,0.40179776688871044
577,0.02325349890701665,0.4017296321930375
578,0.02314196208812643,0.40172285054983753
579,0.023046167412506407,0.4016867960155679
580,0.022943701889733915,0.4016684136486229
581,0.0228459727720731,0.40154354368684314
582,0.022755351649970647,0.4015989574589361
583,0.02266972620223457,0.40154680023521966
584,0.02258231201830114,0.4014942493695993
585,0.02248245105596289,0.40157786230810294
586,0.02237515426656475,0.40153366353001924
587,0.02227811132276506,0.40149732138655364
588,0.02217380883447471,0.401501747398433
589,0.022075797636186043,0.40158454828318507
590,0.021983605359445206,0.40157864747734584
591,0.021879232647449967,0.4015316513039899
592,0.021785940732482023,0.40152495779092323
593,0.02169458904510114,0.40149282591398816
594,0.02160518663994086,0.40149191238690507
595,0.021511171349518632,0.40148641119590334
596,0.021408096872571412,0.40145217018870283
597,0.021315007583872402,0.4013976737711059
598,0.021220577719359843,0.40133541020658897
599,0.021130719684491994,0.40133522387626375
600,0.021049198672587227,0.40132451187404977
601,0.02095900113167449,0.40128825994739653
602,0.020870164361079753,0.4013299313695146
603,0.02077983592964174,0.40131175381424666
604,0.020684442122717757,0.40124438834133525
605,0.02059523353860393,0.4012835033793789
606,0.02050501095164997,0.4012349890405474
607,0.02042207457126407,0.40117803823281
608,0.020340495825239325,0.4011434588865354
609,0.020244268809262365,0.4011554145072831
610,0.02015335982400929,0.40113392851237883
611,0.02006552838996083,0.40101844014947136
612,0.019989909379943445,0.4009699883954909
613,0.01991902637971738,0.40095371729433177
614,0.019827470032267907,0.4009802323501188
615,0.019746028863384224,0.40093063799605283
616,0.01965388246207701,0.4008544229008973
617,0.019561143266325836,0.40092607651175177
618,0.019475876193054093,0.40087834560661467
619,0.019405662415402102,0.40090615286096165
620,0.019314465804146332,0.4008070643700018
621,0.019232765378539022,0.4008367544799417
622,0.019146475398881202,0.4008537682682116
623,0.01905884254459861,0.40083286681927044
624,0.01897490067109281,0.40079371456160795
625,0.018906245488877052,0.40083694840893214
626,0.01883677389856491,0.4008137743560212
627,0.018753521592326034,0.40084057960882485
628,0.018675276203795,0.400758245897269
629,0.018594963749896602,0.40078472128132253
630,0.01850427155894136,0.4008103700937144
631,0.018427078713412898,0.4008450990729975
632,0.01834701731505465,0.4008495871512049
633,0.018268600378382738,0.4008517595633175
634,0.01819030528548826,0.4009015750718949
635,0.018108971846066906,0.4009319972194115
636,0.01803417339532115,0.4009493468773071
637,0.0179444000395012,0.4009577980241461
638,0.017862855683681688,0.4009446828422378
639,0.017784492353630187,0.4008586079927516
640,0.017702558937221866,0.4008565918486371
641,0.01762616184659534,0.40083960696911525
642,0.017551567885517635,0.4008725886462231
643,0.01747611571720244,0.40095931041623784
644,0.01740716714620844,0.4010079714296668
645,0.017332232455752772,0.4010454417887825
646,0.01725644753945486,0.40109980031981224
647,0.017187823222805033,0.40104107267586453
648,0.017114165996566996,0.401008241593552
649,0.017045711634770262,0.40094045212781104
650,0.016978272457678606,0.40102858594090596
651,0.016911042969095715,0.4009981871865123
652,0.01683070958703139,0.40096380858505853
653,0.01675053562150046,0.40098823164270286
654,0.016677806227444476,0.40092197674524666
655,0.016601580366153338,0.400880860372429
656,0.01652364040030598,0.4008752669094463
657,0.01645800694296798,0.40087633674722045
658,0.016390145407483125,0.40083902582786823
659,0.016314610998666438,0.40081088551572613
660,0.016243351244118624,0.4007197463597933
661,0.01617416441948203,0.4007559303166932
662,0.016106199587770337,0.40073113677181516
663,0.01603024355963584,0.40074050810496625
664,0.015959691679513523,0.4007059055264428
665,0.015887970401179397,0.4006692851968098
666,0.0158179107819865,0.4005631345380551
667,0.015745516438064287,0.40059693566579524
668,0.015678443861061903,0.40056339975228933
669,0.015612976004667286,0.4005678347600349
670,0.015545373753962114,0.40054824970204644
671,0.01547842449233882,0.40051556875605693
672,0.015414943860944337,0.40056203511423955
673,0.01535538127518088,0.4005088477320794
674,0.015287701550653997,0.4004908448914141
675,0.015225293166209134,0.4005480711159323
676,0.015164964587851546,0.4005437828618704
677,0.015100723488925041,0.40055127415747543
678,0.015033074126104733,0.40057472792541204
679,0.01497010746295054,0.4006315025872325
680,0.01490775372630886,0.40057939107650664
681,0.014839960481778455,0.40055982665200224
682,0.014773560122339697,0.4004750705188863
683,0.014706721056994233,0.400404090770196
684,0.014645597157905225,0.40043346047359185
685,0.014583975017499144,0.40041246173090955
686,0.014523963327013643,0.4004317436073261
687,0.014454807450475006,0.40042905592425493
688,0.014390790053339392,0.40040983439447553
689,0.01433566054107035,0.4003749587380356
690,0.014272904671971207,0.40029433697416966
691,0.014214666128996132,0.4003414022786118
692,0.01415483411353168,0.40034052434679507
693,0.014089871651292187,0.40033101716823505
694,0.014027749146902793,0.4003610201520634
695,0.013970256353978182,0.4003076257853397
696,0.013904957399943185,0.4002940556807053
697,0.013840318624034944,0.40030723934199886
698,0.013785770435475629,0.4003083297841277
699,0.013726565240727167,0.4002440453576291
700,0.013667492388843362,0.400234429798094
701,0.01360310330236973,0.4002463131371502
702,0.013543111405321058,0.4002300824889073
703,0.013481885205354203,0.4002407439791286
704,0.013431191211806677,0.40015867981397923
705,0.013371172639231913,0.40015319888008527
706,0.013314645764781512,0.4001683883009983
707,0.013250730084057478,0.4001805088877093
708,0.013190264817241695,0.4001397677466883
709,0.013131766545917006,0.40017999951737104
710,0.01307478979902744,0.40012105281763116
711,0.013021839768263531,0.40011695482066956
712,0.012968961325446367,0.40013413115324287
713,0.012919261139072243,0.4000547399707936
714,0.012872478820132711,0.3999624359673099
715,0.01281321767974789,0.3999436667262944
716,0.01275906235584476,0.3998791293996005
717,0.012703276897483119,0.39978780492541904
718,0.012647904997219009,0.3997622406351239
719,0.012587520235828015,0.3997884847924208
720,0.012531642511690335,0.3998422975088191
721,0.012478816279323271,0.39988601101884036
722,0.01242950319953742,0.39987191141226414
723,0.012376316090955996,0.3998845710322079
724,0.012328565756790984,0.3998516745015487
725,0.012273223880638645,0.39981965917650386
726,0.012226917400846552,0.3998797311239877
727,0.01217008058239892,0.39982666696185976
728,0.012120439342756825,0.3998482380620593
729,0.012068714109982791,0.3998271292529423
730,0.012010723182104433,0.3998091057544135
731,0.011959353723628788,0.3997793845746291
732,0.011903123141205759,0.39978724847862984
733,0.011854081069066965,0.3997683071868386
734,0.011806268675081465,0.3997332532135058
735,0.011756529392945372,0.39971145288572885
736,0.01170408155570505,0.3996921750634963
737,0.011638500521951062,0.39964690709057016
738,0.011590265453130136,0.3996948347691555
739,0.01154057199177752,0.39966989083380244
740,0.011488306191028143,0.3996845597229897
741,0.011434932391303209,0.3997211497832745
742,0.01138261898386309,0.3997022206795476
743,0.01133673413076948,0.39964361085534117
744,0.011282616947382524,0.3995586995810434
745,0.011234598952030909,0.3995517453630588
746,0.011186056178418743,0.39948776860839974
747,0.011137401813230747,0.39939587895376993
748,0.011091327655273656,0.3993625376691239
749,0.011044836870291232,0.3994120860186057
750,0.011001658835565831,0.39938754255659853
751,0.010949470091852063,0.3993453714065305
752,0.010900848630190021,0.39925325497569497
753,0.010852109989039306,0.39922057497461305
754,0.010811334165740542,0.3992092072818504
755,0.01076326135624555,0.3992122318725851
756,0.010720997059018435,0.39920846839668184
757,0.010674513031879121,0.399179896615157
758,0.010635708901023283,0.3991173833099984
759,0.010586942677562695,0.3991264193885876
760,0.010547975235323848,0.3991520177976454
761,0.010509469429236855,0.3991335177856886
762,0.01047085288218842,0.39909456162728457
763,0.010426326574168912,0.3991002354441837
764,0.010386202896058743,0.39908221788578907
765,0.010343090479053298,0.3990186497766182
766,0.010299147380812383,0.3990134315481878
767,0.010258322386496543,0.3989931395889712
768,0.01021386795117687,0.3990339189523728
769,0.010168394631733428,0.3990654550446626
770,0.010125749552122297,0.3990677043604594
771,0.010085701710240173,0.39906662053295616
772,0.010039955169672678,0.3990727550083173
773,0.00999962580583524,0.3990584881166555
774,0.009957891850788422,0.399073596020689
775,0.009912915913643175,0.3990483637627485
776,0.009871404210393817,0.39906401442530987
777,0.009829321272051935,0.39901240154387557
778,0.009785691419786944,0.3989704458341715
779,0.009749223418531317,0.398908414484767
780,0.00970533961456847,0.3988730214357649
781,0.009662304939538447,0.3988860455732644
782,0.009621680872804577,0.39880727480689493
783,0.00958446110722766,0.3987886997997139
784,0.00954255146022165,0.39875320363072747
785,0.009502191012458383,0.39869869907218536
786,0.0094601828927499,0.39870921415447497
787,0.009415844997299631,0.39871932810576305
788,0.009376385772755699,0.39870997012719656
789,0.009333234987617147,0.39866906846400235
790,0.009294938403071598,0.3986753296332825
791,0.009259850439219,0.3986784341974885
792,0.009221186487348414,0.39870495195395295
793,0.009181338422226506,0.39866758929794177
794,0.009145047489198355,0.39865989364612625
795,0.009104325234677517,0.398600324160895
796,0.009066782000174928,0.3985849521877556
797,0.009028293944984113,0.39858530820239796
798,0.008992620630217628,0.3985593551469094
799,0.008954043007912603,0.39859448235048156
800,0.008924097759357232,0.39857783578528466
801,0.00888301080871148,0.39859107312122277
802,0.008848761471859907,0.39851511826161723
803,0.00881811221860838,0.39855173270526834
804,0.00877976662839803,0.3985613524256054
805,0.008745275657348641,0.3985344920730122
806,0.00871544229929359,0.3985175685670026
807,0.008683504596089096,0.3984380038321098
808,0.008649305853682314,0.3983974474147989
809,0.008613520348766756,0.39834228611627076
810,0.008577516631464286,0.3983083264383842
811,0.008539628857461927,0.3982701223257411
812,0.008503057386647991,0.39821071314834394
813,0.008466309123059856,0.3981822866607404
814,0.008426529398463566,0.39814914021210707
815,0.008393284174877511,0.39810024712728453
816,0.008360663633598893,0.3980735013359812
817,0.008323190375509255,0.39804567571158594
818,0.008284651340023035,0.39804575560429384
819,0.00824973463938695,0.39804687346376055
820,0.0082181599196773,0.39803475243629316
821,0.008181737698544628,0.3980915792377221
822,0.008145315561183798,0.39810082646464207
823,0.008112219543456584,0.39807681312748355
824,0.008078356834591927,0.39809144826939497
825,0.008047072465249673,0.39805063714821826
826,0.00801344250855324,0.3980886631778939
827,0.007981622478166493,0.3980698532726108
828,0.007951127583195475,0.39811141064125427
829,0.007919873725075476,0.3981292060475106
830,0.007883814625857714,0.39817582444401867
831,0.007854355889142383,0.3981722523156453
832,0.007825822315468293,0.3981725791785347
833,0.007792927077480683,0.3981556336782028
834,0.007761041793132838,0.39813594426650833
835,0.007725443156050063,0.39812507651605744
836,0.00769568345788283,0.3981105253775761
837,0.007664727370532652,0.3980848588646619
838,0.007635869153187981,0.39802642465564647
839,0.007602293614644547,0.3980801574863934
840,0.007566770404567957,0.39802528565328726
841,0.007533913308914232,0.3979820986922559
842,0.007504509141434319,0.39798901392120367
843,0.00746814363333565,0.39798581081465756
844,0.0074389782041600966,0.39795548293403116
845,0.007410295647125091,0.39790737010114924
846,0.007380971349421309,0.3978683620506703
847,0.007350983881281661,0.39787674661883815
848,0.007321677329293622,0.3978318758368768
849,0.00728951237576644,0.3978458330541101
850,0.007258869463892998,0.3978424093166211
851,0.00722579488338521,0.3977860885160839
852,0.007196621182584218,0.3977396591618515
853,0.007165925267296875,0.3977246250013309
854,0.007137204813305303,0.39770149734073923
855,0.007110435343127417,0.3976912344668485
856,0.007075993490873558,0.39772186212517
857,0.007045510669085813,0.3976624862699474
858,0.007016005411151391,0.3976313584733277
859,0.0069828892047531285,0.39765378027874143
860,0.006953770577128521,0.39767421506014455
861,0.0069252076875055,0.3976703417934128
862,0.006893882517717813,0.397679461258285
863,0.006861178154974202,0.397674275865651
864,0.006831840768517402,0.39770571010312616
865,0.006804635579410441,0.3976743130443885
866,0.006777294467942064,0.39763842611538947
867,0.006750809401017234,0.39764282991707356
868,0.006728146803032846,0.39762149725502693
869,0.006700919427852878,0.3976139067205138
870,0.006670740376438401,0.39759830887570186
871,0.006640950863425512,0.39757272916421366
872,0.006614917581895943,0.39756347835242806
873,0.0065875885826860645,0.39756839195768234
874,0.00656031532066278,0.3975473478689632
875,0.006534623324614454,0.39755184127965887
876,0.006512974937684965,0.397543984884092
877,0.006489804533995339,0.39753902295361354
878,0.006467508163000998,0.3975470445909615
879,0.0064402965882170505,0.3975355274578137
880,0.0064137357677027185,0.39752324128840905
881,0.006386599275470783,0.39750594778377546
882,0.006359886612144325,0.3975275829180406
883,0.006335301894341119,0.397520376837192
884,0.006310289687472009,0.3974479763649154
885,0.0062826116417610475,0.39748781631063845
886,0.006257531938527676,0.39751062164923096
887,0.006232767324863728,0.3975384391698176
888,0.006210762609452461,0.3975343998096694
889,0.006184285257479548,0.3975690807852466
890,0.006159162909196531,0.39755396252824543
891,0.006134495344847419,0.3975699015349539
892,0.006110652219585212,0.39754863872995566
893,0.006083894492381322,0.3975098699413252
894,0.006063599982269738,0.3975474726411005
895,0.00603764796961129,0.3975237953357802
896,0.0060116953526146155,0.3975072365993569
897,0.005988599166399122,0.3975472880333084
898,0.005963090110314623,0.3975449777846423
899,0.005938973795436199,0.3975379747586952
900,0.005917279825556998,0.39753697444624125
901,0.005894557810446763,0.3975156497240851
902,0.005867613593090283,0.39748244144714806
903,0.005843702240957768,0.39747944577787525
904,0.0058232658304073915,0.3974487337123989
905,0.005799714711164497,0.39744588119630825
906,0.005774403471589497,0.39745651867980886
907,0.005750650238335972,0.3974497786039344
908,0.005725849812225323,0.39744150513631277
909,0.0057015216852681835,0.39745720821205116
910,0.005676320416806586,0.3974533157761939
911,0.005652193728915121,0.39748851529246687
912,0.005629666495499072,0.3975102541959939
913,0.005604109124925294,0.3975085893225043
914,0.00558173735637797,0.39749217752502436
915,0.005558864302363775,0.3974661206390574
916,0.005536613718876833,0.3974528901495778
917,0.005512844317931098,0.39739944335094446
918,0.00549205617580986,0.39734867436975213
919,0.00546750650605601,0.39734766727325616
920,0.005443515972287485,0.3973348327620678
921,0.005419097677085667,0.3973173487148832
922,0.005395782313548734,0.397277007248219
923,0.005372429004594927,0.39728972520388295
924,0.005350427385842031,0.39723821241584667
925,0.00532786300767108,0.39726174215447635
926,0.005305117187455513,0.39723617175771175
927,0.005284515368868703,0.3972221788206555
928,0.005262998988109663,0.39726692933865976
929,0.005241131378795111,0.3972684595404392
930,0.005222415165299348,0.3972935981235244
931,0.005201139033250731,0.39726170372579056
932,0.0051799021447735145,0.3972295319689904
933,0.005156990256116144,0.397230892691955
934,0.005135505702818587,0.397244630149114
935,0.005114884455454484,0.3972720255211511
936,0.005092946082180833,0.39724352962484344
937,0.0050710425961653155,0.3972577938981948
938,0.005050022006757995,0.39724374074635066
939,0.005029770047101124,0.3972492365547221
940,0.0050102724253015965,0.39728551536260087
941,0.004989948240218609,0.3972833306167556
942,0.0049691523114020735,0.3972866515336205
943,0.004947591349414288,0.39726092362127174
944,0.004927825862126262,0.3972453265920143
945,0.004906382010534288,0.3972807543128666
946,0.0048854190751525,0.3972935406447503
947,0.004867793803199179,0.39727424187763916
948,0.004846668451850291,0.3972878114601342
949,0.0048273105624085395,0.3972949559893021
950,0.00480870754734013,0.3973044938318797
951,0.004787399543198897,0.3973209370258389
952,0.004767568202674668,0.3972686983242264
953,0.004745521596040315,0.3972847787860442
954,0.0047269046876368065,0.3972711040763516
955,0.0047092787182673726,0.39725408336867146
956,0.0046900607174527225,0.39727611940754043
957,0.004672920955355509,0.3972545465312236
958,0.004656233732240604,0.397281835802526
959,0.004637614067710398,0.39728726464199376
960,0.00461730365576282,0.39726921833499856
961,0.004596530443030972,0.3972287337259139
962,0.004576349051635768,0.397224542085051
963,0.004557720966348925,0.39721191121846466
964,0.004538330749834743,0.3972064056556441
965,0.004518968367063465,0.39714774818846393
966,0.004498878457746853,0.3971585852098783
967,0.004479761638266186,0.39717115505817957
968,0.004461653968193025,0.39715724449538975
969,0.004443564327257545,0.3971696745088326
970,0.004425221908565385,0.3971141421305949
971,0.004406550405843626,0.3970922464376613
972,0.004387358733357841,0.3970661174782395
973,0.00436850432404333,0.3970351286925736
974,0.004351603194308635,0.39702751811682924
975,0.004334821960396856,0.3970299462157814
976,0.004315061488211911,0.39702992399964937
977,0.004298235222196007,0.3970152522344521
978,0.004282202156334637,0.39701187281862266
979,0.004266546243763588,0.39700047792524784
980,0.004249052763095522,0.39698692787974754
981,0.004231408295142639,0.3969769202627504
982,0.004213781592361707,0.3969701687586617
983,0.004197282417130645,0.39697308595082015
984,0.004181409961389177,0.39697948328559374
985,0.00416643005747413,0.3970006300880779
986,0.004149512288412108,0.39700477175848
987,0.004132581402493012,0.3969824611652585
988,0.004117336724430675,0.3969834435587242
989,0.00410117263347198,0.39700583811285806
990,0.0040839111620268025,0.39695843873983866
991,0.004067706057122312,0.396990740591052
992,0.004051764764897628,0.3969979305235418
993,0.004037224023924962,0.3970214488949282
994,0.004021364247054694,0.3970020870907623
995,0.004003512986910179,0.3970031103147713
996,0.003987123299384558,0.3970160118998352
997,0.003972322700266207,0.39699409538323543
998,0.003956224064388061,0.39701840367634805
999,0.0039421605074438865,0.39701052912914725
1000,0.003928439142385027,0.39698960638881425
1001,0.00391282711094411,0.3970099951022005
1002,0.003895669654307941,0.39698728159879226
1003,0.003880842517928688,0.3969618306851584
1004,0.0038663592750230766,0.39696565884107843
1005,0.0038484521779129192,0.3970001156610159
1006,0.0038328411166009325,0.39702444035639
1007,0.0038168618233114754,0.39702581957634764
1008,0.00380023184978282,0.39704936860015727
1009,0.0037848757494162817,0.3970766090208531
1010,0.00376940431817772,0.39709745688175824
1011,0.0037536995547538966,0.39709457316074137
1012,0.0037366929258289263,0.397070915114251
1013,0.0037198127553550214,0.3970704652711244
1014,0.003703875228270009,0.39707171913666917
1015,0.00368821926461574,0.39704709233855423
1016,0.003671585257309365,0.3970626332099694
1017,0.003657508887242062,0.39706849602024635
1018,0.003642076629427576,0.3970775226650942
1019,0.0036266697698012413,0.3970747063777247
1020,0.0036107901239947416,0.39702455705640294
1021,0.0035976584915458527,0.3970209835795079
1022,0.0035826241401970896,0.3970195316957077
1023,0.0035694517949272334,0.3969945867932338
1024,0.003556343640502947,0.39699848625100076
1025,0.0035412194252262864,0.39698015645724105
1026,0.003527209572960124,0.3969596414085156
1027,0.003513757313584243,0.3969444795925315
1028,0.0034982925386045543,0.39692622747427114
1029,0.0034856638096447496,0.3969118204632477
1030,0.003471988816245655,0.39691313222306557
1031,0.003457534258200394,0.3969064020238588
1032,0.0034440649487048397,0.3969019236055898
1033,0.0034313270789434664,0.39687965323388175
1034,0.0034185616582979544,0.3968599082057822
1035,0.003406055912763277,0.3968724710501156
1036,0.0033935611750896657,0.3968810634622126
1037,0.003379850849261895,0.3968798092021565
1038,0.003365777208730369,0.39685930911647727
1039,0.003351207762953811,0.396868206589151
1040,0.0033358158691586285,0.3968666215349871
1041,0.003321529271961018,0.39683683990416646
1042,0.0033068731373737136,0.3968435540968137
1043,0.003293896112252728,0.39683412807505464
1044,0.0032807829622337765,0.3968048732493675
1045,0.0032663336047711097,0.3968593941698212
1046,0.0032529347027753933,0.39685348067431525
1047,0.0032393804046258108,0.3968471256243787
1048,0.0032269427205459224,0.3968471050308998
1049,0.003212914481043874,0.3968549731918942
1050,0.0032006952839467367,0.3968615257821279
1051,0.003187369589890127,0.39691219386437737
1052,0.0031734111175564413,0.39690651632733087
1053,0.0031618945995354445,0.39693087334799104
1054,0.003150320550767081,0.39692164631987936
1055,0.0031381505461002507,0.39692693703024684
1056,0.003126573221137555,0.39692304300826203
1057,0.0031142523604464722,0.3969312643124487
1058,0.003102123129331491,0.3969222966154499
1059,0.003087992179898737,0.39690581802176367
1060,0.0030763867561804624,0.3969206950406107
1061,0.0030646298330138525,0.396943831535463
1062,0.003050888315240479,0.39695078162879494
1063,0.0030395517090837923,0.396957653532462
1064,0.003027909148281472,0.3969869700918631
1065,0.003016139708249753,0.39697218448034
1066,0.0030051476843473567,0.39699158821432784
1067,0.0029937147608793784,0.3970230742774321
1068,0.002980704334292814,0.3969836670727175
1069,0.0029683381766196517,0.3969618785354623
1070,0.002956370957547501,0.39696787793418314
1071,0.002945957979671341,0.39696479004367957
1072,0.0029335848869686816,0.3969581552317676
1073,0.0029213256691295233,0.3969852761325274
1074,0.0029104934600992453,0.39700577915755586
1075,0.002899220391974228,0.39696636783053435
1076,0.0028873803259144384,0.3969283947917316
1077,0.0028760494576955667,0.3969104619917938
1078,0.0028636523511127534,0.39688316313803823
1079,0.002853238867947251,0.396859422312504
1080,0.00284219191937208,0.39684060537401583
1081,0.002830894105872814,0.39682897626677294
1082,0.00281881622961939,0.396842145187855
1083,0.0028075228556435905,0.39682053022802927
1084,0.0027949510140207715,0.39679584875274676
1085,0.002784513327842085,0.396812072576199
1086,0.0027730685725361696,0.39679543263794465
1087,0.00276154413246334,0.39679237328139505
1088,0.0027505332572638867,0.3967903669308043
1089,0.002739089390635232,0.396786496955258
1090,0.002727178714618889,0.3967705152960237
1091,0.0027158399527100457,0.3967938977620665
1092,0.002704709891476192,0.3967820707871709
1093,0.0026926910838476438,0.39674894063011906
1094,0.0026819386852765565,0.3967491860396664
1095,0.0026712827579309364,0.39676140393430237
1096,0.002660611253659105,0.39677898918648935
1097,0.00265025553648477,0.39675857518791
1098,0.002640367941376601,0.39676049968130983
1099,0.002629578283001919,0.39676245562768686
1100,0.00261871334029953,0.39675288165071354
1101,0.0026089792282666417,0.39674879361095733
1102,0.002598289968287059,0.396754882504281
1103,0.0025878475738072486,0.3967442638625346
1104,0.002576948163444618,0.39676028563896054
1105,0.002568420861327486,0.3967459913791533
1106,0.002557069738469739,0.3967395669684396
1107,0.0025483083609868984,0.39674919053140406
1108,0.0025376442688171946,0.3967547911984097
1109,0.0025281650829146692,0.39677003991594706
1110,0.0025184303480058506,0.3967754790012765
1111,0.002507675654172382,0.39675244284596944
1112,0.0024989647998484967,0.3967435247045484
1113,0.00248797333762826,0.39673661826154577
1114,0.0024783758749341274,0.3967380049464185
1115,0.0024685836258133112,0.3967331575547305
1116,0.002457744135329024,0.3967388424559595
1117,0.002448988997058054,0.3967058243898284
1118,0.0024396303490235864,0.39671456894546175
1119,0.0024309174278772908,0.3967316235666716
1120,0.002421724365000348,0.39672640494788264
1121,0.0024131891709025686,0.39671229164399313
1122,0.002403179583324347,0.39673190809529724
1123,0.002393535510538309,0.3967046583273805
1124,0.002384406034251476,0.3967186376346752
1125,0.002375878419161555,0.39671830094283184
1126,0.0023657333494033006,0.39674197495945307
1127,0.0023571615589213168,0.396726040842165
1128,0.002346956144979196,0.3967296496980466
1129,0.0023371181098424394,0.3967254596314867
1130,0.002329922104523369,0.39673106829145177
1131,0.002320901598019024,0.3967379007558062
1132,0.002311251553749779,0.39672612790231315
1133,0.002300955815335229,0.39671526429036463
1134,0.002293195751716601,0.3967224725587176
1135,0.0022843310473065087,0.39672877588466215
1136,0.0022760479523930665,0.39672038957169764
1137,0.002266992890591429,0.39673928138206715
1138,0.0022571075654453975,0.39675181172549917
1139,0.002246616706614766,0.3967373620031475
1140,0.0022365105761412217,0.39671673547893166
1141,0.002227538683787014,0.39670267033886886
1142,0.002217983522656416,0.3966674380307453
1143,0.0022086228553532907,0.39664283960513586
1144,0.0022002639025844534,0.3966404000249795
1145,0.0021903177360208846,0.3966759036312855
1146,0.002182335191547631,0.39665675520436766
1147,0.0021728497854204038,0.39662177265588516
1148,0.0021645029373687378,0.39665433933626665
1149,0.0021555831096134884,0.39668117037681105
1150,0.0021461570134584606,0.3966856571108412
1151,0.0021375698686870027,0.39672260753594085
1152,0.002129285647310598,0.3967447171717749
1153,0.002120469923453711,0.3967360774759622
1154,0.0021119073040154978,0.39674163522933065
1155,0.002102911037907819,0.39673102750569006
1156,0.002094055754153994,0.3967043491959362
1157,0.0020848195815507753,0.3967051460158509
1158,0.002076291996808113,0.39669371671072773
1159,0.002068280892561423,0.39669112619190877
1160,0.0020610061625125804,0.3966755490855989
1161,0.0020519420603905213,0.3966605919072849
1162,0.0020427470262014747,0.39666098993118987
1163,0.0020335837746931324,0.3966490822756796
1164,0.00202533885336588,0.39665591009730655
1165,0.002016922536890205,0.3966788225904309
1166,0.0020094547592087253,0.39667564022304713
1167,0.002001949961649175,0.3966921212343058
1168,0.001993259837086908,0.3966841784250453
1169,0.0019848021546162347,0.3966896146777002
1170,0.001977286540541015,0.39666798085312704
1171,0.0019695818948892298,0.39667275597735524
1172,0.001960965283798603,0.39665997586467394
1173,0.0019529228158962526,0.3966443366541212
1174,0.0019455797377678891,0.3966405429241102
1175,0.0019376825280545719,0.3966395858580525
1176,0.0019299409512694115,0.3966607860133772
1177,0.0019228643499099745,0.39667020601264874
1178,0.001915001806383471,0.3966652344925714
1179,0.0019071538378949773,0.3966778261120423
1180,0.0018992409273200575,0.3966714808324421
1181,0.0018914962874294829,0.3966776833409698
1182,0.0018833555633853514,0.3966671864245455
1183,0.0018761111551984732,0.3966689218146605
1184,0.0018686881973896704,0.3966592436517504
1185,0.0018608082749469045,0.3966464547544362
1186,0.0018530681223001921,0.3966452145596877
1187,0.0018450813925267409,0.39663419295153857
1188,0.0018376849324692995,0.39663454076741467
1189,0.0018293002523472439,0.3966052859537078
1190,0.0018212620481813247,0.3966242616543644
1191,0.0018144737697556087,0.3966268382599253
1192,0.001807952914688714,0.3966241239232461
1193,0.0018007346723046822,0.3966090034138065
1194,0.0017944020598082532,0.39661416353580575
1195,0.0017868171367016628,0.39662944846063314
1196,0.001779659334322377,0.3966457974495523
1197,0.0017734624488174083,0.39665786905336536
1198,0.0017661278884862554,0.3966521573176812
1199,0.001759960920922662,0.39665731768042506
1200,0.0017529273067897124,0.39666495850539746
1201,0.0017464316965051364,0.3966658759776359
1202,0.0017388683210554702,0.39669447203044556
1203,0.001731492942490346,0.3966926347474013
1204,0.0017248893210381501,0.3967033706710647
1205,0.0017179473406694012,0.39670444098472646
1206,0.0017114368572913987,0.39670986113534795
1207,0.0017048223303342076,0.39670980270893147
1208,0.001697444940431087,0.39670128880801797
1209,0.0016905646470690848,0.396734773636967
1210,0.001683327749759577,0.39673961855922346
1211,0.0016780631264065246,0.3967702868422591
1212,0.001670970824473193,0.3967534565031861
1213,0.001664289042812609,0.3967464360770815
1214,0.0016582426569662465,0.3967376740510673
1215,0.0016522650024104494,0.3967351543955992
1216,0.0016455398855151362,0.3967303306427719
1217,0.0016391310841155115,0.39673030537783843
1218,0.0016318594032483835,0.3967102853216339
1219,0.0016247343053538631,0.39671466616294027
1220,0.0016190144566020483,0.3967135605314418
1221,0.0016128317043087258,0.3967150947816592
1222,0.0016059700416631694,0.39671117443072385
1223,0.00159998019901817,0.3967288373735628
1224,0.0015932267796460234,0.3967297005841674
1225,0.0015871819067890018,0.39673319391572165
1226,0.0015806279033031194,0.39674799433054836
1227,0.0015749568571801346,0.3967454533066589
1228,0.0015687666714625556,0.39673703298972374
1229,0.0015621336140768112,0.3967235415341948
1230,0.001555587998250584,0.39671689035034124
1231,0.0015491575172009644,0.39671086939257744
1232,0.0015424948677181995,0.39670219732196754
1233,0.0015365923599225837,0.396693290388775
1234,0.0015310250523576138,0.3966792328180713
1235,0.0015247845524469022,0.39667870111934517
1236,0.0015186476840408551,0.3966673029988987
1237,0.0015130637544430814,0.3966596505746817
1238,0.0015073388273963784,0.3966650490403424
1239,0.0015011862284117256,0.3966754387953555
1240,0.001495884367678275,0.3966960305736083
1241,0.0014904334776268244,0.39671899628807555
1242,0.0014838899475372056,0.3967149206839267
1243,0.0014785386880689234,0.3967188769427744
1244,0.0014721331414194459,0.39672748028282134
1245,0.0014663452229739722,0.3967139972347144
1246,0.0014608552824813227,0.3967178613003108
1247,0.0014548518590347022,0.3967267952727068
1248,0.0014487472387840431,0.39670966811647784
1249,0.001443430766285116,0.39670121911669665
1250,0.0014380591822984094,0.39669540110683993
1251,0.0014329558018063185,0.3967183862170817
1252,0.001427399017431668,0.39671707253017957
1253,0.0014223424987144183,0.3967374677322307
1254,0.00141707080271869,0.3967173915444642
1255,0.0014118848257513208,0.3967158387406867
1256,0.0014061343773341091,0.39669454104401725
1257,0.0014008053686374233,0.3966917331419265
1258,0.0013954284657059796,0.3966919444675984
1259,0.0013897215738846588,0.3967003159682305
1260,0.001384149209093527,0.3967053287754616
1261,0.0013781836461050083,0.39669490806421615
1262,0.0013737113576900023,0.3966934625789374
1263,0.0013683976984186319,0.39668727102617346
1264,0.001362620613022159,0.39667609316498165
1265,0.0013569745783721524,0.3966442178050697
1266,0.001351971330850315,0.39662692873720745
1267,0.0013459464982944495,0.3966088009776829
1268,0.0013401064283684162,0.3966211043009999
1269,0.0013343029941089552,0.39661147885747106
1270,0.001328792408116778,0.3966283169719962
1271,0.0013239211362528179,0.39662723193397753
1272,0.0013181601850989475,0.39663806512658806
1273,0.0013127146617791417,0.3966460228118069
1274,0.0013080094015598864,0.3966506006060741
1275,0.0013030621986564706,0.3966611013189893
1276,0.0012982421459299814,0.3966588185227939
1277,0.0012937350071352174,0.39665205599504977
1278,0.0012887487168136808,0.39664859600888186
1279,0.0012826552652937403,0.39663334016366836
1280,0.0012777647178724766,0.3966305489977009
1281,0.001272851197418154,0.3966123008296057
1282,0.0012671113813434087,0.3965854858314819
1283,0.0012622095586261913,0.39659958770085274
1284,0.0012572472103326298,0.3965999768976179
1285,0.0012519220092174499,0.3966108029576909
1286,0.0012476772384571824,0.3965993367323325
1287,0.0012425124601966205,0.3965752198699505
1288,0.0012370094883320355,0.39655857974273373
1289,0.0012320056172500414,0.396555598080211
1290,0.0012271705701381193,0.3965565327519627
1291,0.0012230391846977,0.39655104223268994
1292,0.0012178364618677683,0.3965378758426336
1293,0.0012129770462144679,0.3965309822064645
1294,0.0012083195235979378,0.39653494509472814
1295,0.001203695362744372,0.39655006692207145
1296,0.0011995891074363717,0.3965522544100976
1297,0.0011940505577799007,0.39655478484051593
1298,0.0011894596130662715,0.39653183339680137
1299,0.0011848240319235605,0.3965459658801736
1300,0.0011803263291006634,0.3965466334182029
1301,0.0011753186332098594,0.39656613162246485
1302,0.0011705194731699065,0.3965536647503603
1303,0.0011660803120428114,0.3965505919873701
1304,0.0011613683615897426,0.3965534657148052
1305,0.0011564811750055012,0.3965517714353038
1306,0.0011523707268172557,0.39653699420226707
1307,0.001148086717854874,0.3965285034227605
1308,0.0011430460179101605,0.3965517212669045
1309,0.0011387424771032225,0.39653336957486285
1310,0.001134353821339817,0.39652016622497566
1311,0.0011293207365048695,0.396532527073804
1312,0.0011249160499094881,0.3965474201756939
1313,0.001120392399948753,0.39654876285577073
1314,0.0011154542597628103,0.3965430362178045
1315,0.001110775334393502,0.39654234261849
1316,0.0011070891387125507,0.3965370132119449
1317,0.0011034762600430088,0.39654938021292885
1318,0.0010994742676713972,0.3965422833801426
1319,0.0010955727624009902,0.3965571933550775
1320,0.0010910987531218665,0.3965462798006648
1321,0.0010870668785269773,0.39653765467307567
1322,0.0010826208454663368,0.3965368995644066
1323,0.0010788981571464645,0.39652337481379324
1324,0.001075205224974534,0.3965407946849538
1325,0.0010708707458383063,0.396547269218372
1326,0.0010668513811440937,0.39653868688371086
1327,0.0010628100441751821,0.39654515858594996
1328,0.0010589396572521592,0.3965443580542653
1329,0.0010548290059869956,0.3965437326904691
1330,0.0010505162525589337,0.396533440059452
1331,0.0010461141409983208,0.39652518671434983
1332,0.0010420705888281505,0.3965291044724914
1333,0.0010378720146038175,0.3965261692898743
1334,0.0010342185485213466,0.3965191433123153
1335,0.0010308274828752693,0.3965324484294363
1336,0.001027087504693661,0.39650164776130814
1337,0.0010234314305829196,0.3965027071692426
1338,0.0010195514269830106,0.39649394382517605
1339,0.0010157362835609134,0.3964997501381398
1340,0.0010118160293056322,0.39649814330734623
1341,0.0010077746638541744,0.39650137914289724
1342,0.0010040662425508191,0.3965139315329115
1343,0.0010006188688367814,0.39650922065212657
1344,0.0009971617093191638,0.39649671422766936
1345,0.000993108289655825,0.39650843075031306
1346,0.0009894963488661648,0.3965052028717108
1347,0.000985663649948609,0.3965186611369345
1348,0.0009820807560681978,0.3965205412217534
1349,0.0009782205842859223,0.3965220743651853
1350,0.000974211731261324,0.39651853339642024
1351,0.0009701466106239635,0.396523141996744
1352,0.0009663089036338581,0.3965152457138501
1353,0.0009624355942006242,0.39653322876071795
1354,0.0009592494161527983,0.39654448505577383
1355,0.0009555131010233615,0.39653598146627966
1356,0.0009517057977296731,0.3965226408319901
1357,0.0009483124835339076,0.396533337438129
1358,0.00094514097043707,0.396529314284973
1359,0.0009416590829872194,0.39653123175053506
1360,0.0009381320268073369,0.39652146165325763
1361,0.0009342879838795916,0.39652424800346187
1362,0.0009303601440876955,0.3965239493559519
1363,0.0009270104927220045,0.39652433962372696
1364,0.0009235567301799759,0.39652259739473367
1365,0.0009200734998956623,0.3965151678131078
1366,0.0009164157991356821,0.39652566686414426
1367,0.0009128300355135898,0.39652303397359295
1368,0.0009097964874991199,0.3965266566531896
1369,0.0009060924920865338,0.3965144523320563
1370,0.0009020425732873511,0.39649405390813086
1371,0.0008986898480406788,0.396475999801867
1372,0.0008949104926755129,0.3964534238973781
1373,0.0008918413769214133,0.3964536688640353
1374,0.0008885243246571763,0.39644115536144436
1375,0.0008853884399737425,0.39644265341282375
1376,0.0008819656526151246,0.39643063208357265
1377,0.0008786448112655177,0.39643858460766546
1378,0.0008750410958224755,0.3964452998427292
1379,0.0008715275423640337,0.3964552665868158
1380,0.0008681602142842186,0.39646176742455497
1381,0.0008645836018326638,0.3964647730978023
1382,0.0008609340401524059,0.3964728097340661
1383,0.0008576650463043327,0.3964525191427247
1384,0.0008543131294657687,0.3964559058192412
1385,0.0008512253410326576,0.3964428078581885
1386,0.0008477808343700448,0.39644747139296055
1387,0.0008446219702900284,0.3964514221521148
1388,0.0008416303251488399,0.39645702151980433
1389,0.0008389599192263374,0.39646782257870866
1390,0.000835619091608409,0.39646330930980894
1391,0.000832787286639761,0.39645317902183275
1392,0.000829227415233722,0.39643654017646823
1393,0.0008260269481952815,0.3964305275979482
1394,0.0008225081895625098,0.39642666947748373
1395,0.0008193516070094042,0.39643122009762477
1396,0.0008166285033063798,0.39644210872656993
1397,0.0008132605919359869,0.3964464021453064
1398,0.0008101193287920873,0.396454497483966
1399,0.0008069321931222848,0.396456730447576
1400,0.0008038554980137145,0.3964475550938738
1401,0.0008008126267502315,0.3964578060490949
1402,0.0007975926765856396,0.396459883255845
1403,0.0007946949480199238,0.3964574029412304
1404,0.0007917825581408041,0.3964507989833767
1405,0.0007890212227987019,0.3964514645901245
1406,0.0007858094831762235,0.3964532183232863
1407,0.0007824874164013663,0.3964700578784541
1408,0.0007793934271537469,0.3964616316298425
1409,0.0007761925787707636,0.3964595433601302
1410,0.0007732917926365468,0.39645520739140355
1411,0.0007700488820330967,0.3964579055473752
1412,0.0007671209043097577,0.39644738076302183
1413,0.000763847502827919,0.3964352680301636
1414,0.0007606599599476763,0.39643428573467177
1415,0.0007577095657137111,0.39641832332716
1416,0.0007546191927505874,0.39641202431473005
1417,0.0007520079533720724,0.3964104629380427
1418,0.0007490460381109331,0.3964074583950798
1419,0.0007459143502393195,0.3963955155102845
1420,0.0007431207929843943,0.3963880500568965
1421,0.0007402790929919232,0.39638623165162856
1422,0.0007371590688383807,0.39640418527033283
1423,0.0007343923017249443,0.3964149757964201
1424,0.0007316020838781237,0.39640501910011816
1425,0.0007288451496890821,0.3964169123901172
1426,0.000726161864034572,0.39641958375205333
1427,0.0007233154480621791,0.39642182120329317
1428,0.0007201719356544364,0.39641181509743845
1429,0.000717307045578049,0.39641404327127105
1430,0.0007144143666941691,0.3964126814084771
1431,0.00071183474236126,0.3964163410314594
1432,0.0007093886881296877,0.3963933495685162
1433,0.0007063612170046598,0.3963736486680599
1434,0.0007036407891392608,0.39636532468243824
1435,0.000700924126314304,0.3963591733088273
1436,0.0006982320639463412,0.39636062732440164
1437,0.0006956377064111736,0.39636295025018514
1438,0.0006928724276924744,0.39635567489293017
1439,0.0006905194823641034,0.39635225209158914
1440,0.000688060674497062,0.396347200090793
1441,0.0006853123556277926,0.39635473874972893
1442,0.0006826826763900479,0.3963719564790388
1443,0.0006801200674903077,0.3963721593450181
1444,0.0006775028132380297,0.39636618401981527
1445,0.0006751063725591092,0.3963614689797845
1446,0.0006722952288225181,0.39634779979001244
1447,0.00066982356899374,0.3963449305784136
1448,0.0006674334957349533,0.3963477123764163
1449,0.0006653053539479301,0.39633883644163487
1450,0.0006627193422801897,0.3963348021855124
1451,0.0006603685187931447,0.39633558653476925
1452,0.0006579221425031907,0.3963358000165022
1453,0.0006550177461457622,0.39635088146885145
1454,0.000652261641973339,0.39634463256999397
1455,0.0006499550122547246,0.3963336159492534
1456,0.0006477037707148105,0.3963277053853505
1457,0.000645034780028678,0.3963066441445191
1458,0.0006419458166585507,0.39629892719522947
1459,0.0006396357951703778,0.3963030545071046
1460,0.0006370975544924777,0.39629936929138054
1461,0.0006344543939198997,0.3962957560487839
1462,0.000632359170168402,0.3962985592690679
1463,0.0006298157511791775,0.3963015448932652
1464,0.000627258072131014,0.39628969562845756
1465,0.0006244798075330993,0.3962909374521266
1466,0.0006222068504287753,0.3962818262430252
1467,0.0006199566208938105,0.3962854456272201
1468,0.0006175156133652142,0.3963025199539803
1469,0.0006151777259003629,0.39630737451904274
1470,0.0006130707354216751,0.3963227805600936
1471,0.0006109786199206813,0.3963304899362568
1472,0.0006087195852714025,0.39633174220019973
1473,0.0006066362497197762,0.3963349006963263
1474,0.0006041526118006565,0.3963413784710967
1475,0.0006017808119577697,0.39634500467613054
1476,0.0005998381788966318,0.3963515820297245
1477,0.0005974133454958898,0.39634759767882854
1478,0.0005950365819940398,0.3963339621377178
1479,0.000593136369588951,0.3963359157649129
1480,0.0005906719088193394,0.3963206642825907
1481,0.0005883451229382751,0.3963219435141727
1482,0.0005859582049532215,0.39631450679785657
1483,0.0005837288989361523,0.3963154752070843
1484,0.0005816870143613299,0.39630323128583667
1485,0.0005794203725383859,0.3963095490940001
1486,0.0005768273524420196,0.396309930962653
1487,0.0005748634453607513,0.39630526418816314
1488,0.000572727143394744,0.3963154980975362
1489,0.000570482090845897,0.3963076775327764
1490,0.0005684265990825976,0.39630334489398744
1491,0.0005663965243772053,0.3963059520490527
1492,0.000564445284915326,0.3963071035771449
1493,0.0005623541431866319,0.3963091716658795
1494,0.0005605227501142854,0.39630802906283286
1495,0.000558443986707548,0.3963270859404265
1496,0.0005560469072677677,0.3963221347772691
1497,0.000553906482869922,0.39631858721009167
1498,0.0005521176157101708,0.3963122499290052
1499,0.0005499979230986067,0.39631304986759314
1500,0.0005478516256952916,0.3963080340886566
1501,0.0005456524030740706,0.39630184657638123
1502,0.000543472864995941,0.3962953252215652
1503,0.0005415684306363851,0.39630252775492614
1504,0.0005393428289999558,0.396296945814034
1505,0.000537344230348506,0.39628143669858246
1506,0.0005350944181577917,0.3962669502459218
1507,0.0005329448774972193,0.39627753636261326
1508,0.0005309854409455101,0.3962838962604361
1509,0.0005290919514020499,0.39629372357625403
1510,0.0005271392755947489,0.396287994963243
1511,0.0005249685842673941,0.39629505982118357
1512,0.0005226850724101704,0.3962945147994589
1513,0.000520838174320912,0.3963003216733702
1514,0.0005188314382339605,0.3963001031145543
1515,0.0005169176486097825,0.39629356880910793
1516,0.0005148726873922651,0.39628785144916334
1517,0.0005131092520179499,0.3962748343646364
1518,0.0005112020003479277,0.3962851918568259
1519,0.0005090880120355923,0.39627919784883
1520,0.0005071134249281707,0.3962847064127476
1521,0.0005052008457426396,0.396273170562348
1522,0.0005031558145841339,0.39626367424431774
1523,0.0005014607132769912,0.39627701647318697
1524,0.0004996925143206794,0.39627823141033464
1525,0.0004977287518661878,0.3962773168523293
1526,0.0004958683157313058,0.39627610305662814
1527,0.0004940204629889334,0.39626891177542783
1528,0.0004921484623997004,0.3962633804050362
1529,0.000490258304195612,0.396262459679242
1530,0.0004884860356769295,0.39626173698140627
1531,0.00048685539785245515,0.3962521204568025
1532,0.00048495747736613734,0.39624744688012004
1533,0.0004828270204901662,0.3962567503719225
1534,0.0004807825814579105,0.39625176165902937
1535,0.0004790984120121281,0.39625676482813976
1536,0.0004773128353395453,0.39625376245764243
1537,0.0004755526356226675,0.39625957630931236
1538,0.00047368975977934324,0.3962607050205145
1539,0.00047218345502871435,0.3962551380101778
1540,0.00047046788380039145,0.3962583913472386
1541,0.0004688283362782918,0.396260060540519
1542,0.00046695504757116095,0.3962520642757192
1543,0.00046505523532029333,0.3962572254931333
1544,0.0004631241663791425,0.3962654843580222
1545,0.0004614629332137112,0.3962574335471634
1546,0.0004596067240112138,0.39626178705615517
1547,0.0004580389346736969,0.39625113225047814
1548,0.0004563573687695922,0.3962446717830378
1549,0.00045459942471731565,0.39624331189057804
1550,0.00045292276493460055,0.3962336966453788
1551,0.00045146738182637016,0.39622924600738363
1552,0.000449615920377942,0.39622386379583835
1553,0.00044802347769942307,0.39622231842129985
1554,0.00044639083504783406,0.3962172365274413
1555,0.00044465518391459305,0.3962198139724858
1556,0.0004427367876042031,0.3962277643740773
1557,0.0004408758921484619,0.39622529130181666
1558,0.0004391114719720193,0.3962266220462974
1559,0.0004373793335676444,0.39622009841717537
1560,0.0004355329497981044,0.3962184713721859
1561,0.0004339727562380937,0.39622107076523405
1562,0.0004323011789562696,0.39620614949648686
1563,0.00043038238539910503,0.39619313639414927
1564,0.00042873765566121233,0.3961839033611201
1565,0.000427058992461965,0.39618601414240495
1566,0.00042538417630804667,0.39618883939422245
1567,0.0004236029270973328,0.39618376022550844
1568,0.0004220816530136123,0.3961856641143675
1569,0.0004204809482529947,0.396179024553982
1570,0.00041865700112556916,0.3961693698266087
1571,0.00041714510832701647,0.3961713259236226
1572,0.0004158199701241696,0.39616321220913897
1573,0.0004141581753298419,0.39615098741804866
1574,0.000412775439868275,0.3961437486646482
1575,0.0004111287592734971,0.3961418491282312
1576,0.0004094406126525023,0.39614775916978284
1577,0.00040791433641410946,0.3961482206863819
1578,0.00040621768704328956,0.39614511668844293
1579,0.0004045739889378038,0.3961465165510134
1580,0.0004028888084213115,0.39614639109346955
1581,0.00040139939159172165,0.3961458348810647
1582,0.0003998267231443861,0.3961368761341644
1583,0.0003983110341699127,0.3961404684346074
1584,0.000396786285595172,0.3961470623850722
1585,0.00039525004675418086,0.3961524936504353
1586,0.0003935994847024585,0.3961517069060415
1587,0.00039203182613168735,0.3961541062483883
1588,0.0003906036869373679,0.39614863878839457
1589,0.0003892439674372153,0.3961531158881651
1590,0.00038786198323109786,0.3961628768709405
1591,0.000386277872919727,0.39614776660512857
1592,0.00038481013671284924,0.39615445733252463
1593,0.00038337884739063767,0.3961537668302114
1594,0.000381749059006851,0.3961560671620381
1595,0.000380100636738384,0.39615696720703797
1596,0.000378799259498264,0.39615874140396623
1597,0.00037744167050189414,0.3961551965811463
1598,0.000375792659136317,0.3961525936404161
1599,0.0003742935581007184,0.39615268256298597
1600,0.0003727838008035893,0.39616099504386004
1601,0.00037130062555452964,0.3961566067666497
1602,0.00036978935126624947,0.3961568199340675
1603,0.00036844262805092216,0.3961617249891406
1604,0.0003669305350080429,0.3961697393229319
1605,0.0003656255520277736,0.39617526089947835
1606,0.00036418900714420987,0.39617721009287027
1607,0.00036283310350732024,0.3961780227428599
1608,0.00036157143449167,0.3961750214905175
1609,0.00036017452542512013,0.3961724625483956
1610,0.00035867881704655365,0.3961717565648407
1611,0.0003572823373233275,0.3961609215468931
1612,0.00035593880227041544,0.3961552174427294
1613,0.0003545132055089181,0.39615481601031904
1614,0.00035325529001459585,0.3961632302535438
1615,0.00035173282450286014,0.39616055635248115
1616,0.0003502568530373823,0.3961517551640022
1617,0.00034888968028320836,0.39616394652333703
1618,0.0003476196556413438,0.3961688949469376
1619,0.0003462636100149452,0.3961657842715218
1620,0.0003448986700947071,0.39616433954809194
1621,0.00034383329224555625,0.3961663520722744
1622,0.00034283711251223696,0.39616634906298454
1623,0.00034164376138106446,0.3961745496794993
1624,0.0003403607303590811,0.39617828541761746
1625,0.00033924779364427713,0.3961779103563283
1626,0.00033784207086228526,0.3961651890392995
1627,0.00033633939060358865,0.39615833633469594
1628,0.00033493010368237854,0.39616835767455194
1629,0.0003337527822263616,0.3961597550185025
1630,0.0003325940073738994,0.39615488080387873
1631,0.00033118357932611006,0.39615449224770255
1632,0.0003300806947347579,0.396147877460519
1633,0.0003289903568050136,0.3961496107560446
1634,0.00032768339353160986,0.3961461452930021
1635,0.0003264788858656756,0.3961424007620451
1636,0.00032528331929657453,0.3961504300481843
1637,0.00032416641875015936,0.3961502665039462
1638,0.00032300585407284626,0.39614592426894496
1639,0.0003216581145742559,0.3961464180474853
1640,0.00032026797102565425,0.3961477528659336
1641,0.0003191041764565873,0.3961535407444169
1642,0.00031785448635290734,0.39613908909908463
1643,0.00031674377761822445,0.3961337248179143
1644,0.0003154072064849849,0.3961363354583585
1645,0.00031410220225178766,0.39613475247511376
1646,0.00031296953275875624,0.3961372884870382
1647,0.00031173986628643707,0.396134560797277
1648,0.00031052236173587306,0.39611909354918023
1649,0.00030933338740793994,0.3961112106818524
1650,0.00030821195119684516,0.39610923598147063
1651,0.0003069794760617425,0.3961030042369764
1652,0.0003058309785803261,0.39610143273499276
1653,0.0003045815204332144,0.3960991533496388
1654,0.00030343202551308347,0.3960895350571127
1655,0.0003022438414481028,0.39608983158570005
1656,0.0003010995914487434,0.3960902353207516
1657,0.000299944253405177,0.396091680937981
1658,0.00029889662184242623,0.3960910630492529
1659,0.0002977123480964548,0.39608272277049744
1660,0.0002965554666890276,0.39608967859167266
1661,0.0002953561784399919,0.3960860219998072
1662,0.00029440320550116415,0.3960806230177349
1663,0.000293289901694018,0.39607545875343236
1664,0.00029224131253699373,0.3960822764059913
1665,0.00029123242198090177,0.39609766635970883
1666,0.00029018948995142676,0.39609192499407975
1667,0.0002888761277167682,0.39607982524249696
1668,0.0002878084521698356,0.39607434490544535
1669,0.00028662684914919926,0.39607959921937314
1670,0.0002856541338105136,0.39607161432849314
1671,0.00028455038469149963,0.39607700026575193
1672,0.00028348375858740666,0.39607869140004326
1673,0.00028228032063535707,0.3960797078503485
1674,0.00028122556310172846,0.39607463684865946
1675,0.00028022825250569467,0.3960839843122934
1676,0.00027927898259177676,0.39608306044037245
1677,0.00027832102890495844,0.3960825763743388
1678,0.0002772603824236321,0.39607450229385305
1679,0.0002762534477650211,0.3960809913717597
1680,0.0002752409587092217,0.396078537311425
1681,0.0002740586736676857,0.39607053852569535
1682,0.00027286793339785476,0.3960643100920075
1683,0.00027188431036009864,0.3960565900210354
1684,0.00027087554503474825,0.3960573690213129
1685,0.0002699134764604931,0.39605461255805724
1686,0.0002687701435548996,0.3960496348750079
1687,0.00026784729540944467,0.39604105171514387
1688,0.00026662691490801925,0.39603671588308176
1689,0.0002654757205751717,0.3960328181103852
1690,0.000264477757373938,0.39602478891651594
1691,0.00026356650115147553,0.3960204209254116
1692,0.0002625292152458401,0.39602119444209094
1693,0.00026144480227802776,0.3960147010152357
1694,0.00026027891536889707,0.3960210265145773
1695,0.0002592060965700454,0.3960186766025699
1696,0.0002582897595816173,0.39602000542347493
1697,0.0002573099693270415,0.3960176743398047
1698,0.00025645056296973965,0.3960180955368371
1699,0.00025545307809592734,0.3960118963928022
1700,0.00025440915682288685,0.39600256104431114
1701,0.0002534780663658811,0.3960156750030557
1702,0.00025251077396286125,0.3960038410888778
1703,0.00025152032500694023,0.395994972461664
1704,0.0002505341965344053,0.3959978942866577
1705,0.0002496284090053519,0.3959900767369635
1706,0.00024864163207150746,0.39599014251818343
1707,0.0002476881588344548,0.3959842121835766
1708,0.00024677729327670105,0.3959827430924587
1709,0.0002458958359680732,0.3959815315901427
1710,0.0002449450516388957,0.39598556336395335
1711,0.00024397287624389752,0.3959835717863569
1712,0.00024302800044258784,0.39598125377641086
1713,0.00024221624595022946,0.3959834484393025
1714,0.0002413376407570073,0.39598634885887707
1715,0.00024031090526364362,0.39598347493620795
1716,0.00023935964091970123,0.3959853185231558
1717,0.00023838508280880327,0.39597702934353024
1718,0.0002373908264872598,0.39597798392982503
1719,0.00023644346739262715,0.39598256713575686
1720,0.00023548248719172226,0.39597953605225805
1721,0.0002345171903280096,0.39598638927619867
1722,0.00023361147452007153,0.39598431401434564
1723,0.00023279297817170735,0.3959878908630322
1724,0.00023187550923933065,0.3959929067484369
1725,0.00023096587680738575,0.39599119864996196
1726,0.00023008114897749658,0.3959851609043426
1727,0.00022905463885076517,0.3959834764835421
1728,0.00022824857316339247,0.39598366599618146
1729,0.00022730808180733693,0.39597983329527686
1730,0.00022648263659690777,0.39597222252357184
1731,0.00022549368239262155,0.3959708355392902
1732,0.00022466681329707795,0.39596387690037393
1733,0.00022382682703603603,0.39596726577748653
1734,0.00022289797314045697,0.3959678890676975
1735,0.00022207816063339543,0.39596667935722246
1736,0.00022131074256257567,0.39596058035550247
1737,0.00022042715240156466,0.395957333251471
1738,0.00021955242789044015,0.395956464016759
1739,0.00021874266622112798,0.3959527330012541
1740,0.00021802207049859406,0.3959506114803175
1741,0.00021718682270641397,0.39595307067255764
1742,0.00021647151290403173,0.3959464380149912
1743,0.00021566292084851724,0.39594568600042396
1744,0.0002148806328818176,0.3959457948288015
1745,0.00021406156291969307,0.3959475069074316
1746,0.00021326436971806441,0.3959462709974157
1747,0.00021251154746513838,0.3959451231630139
1748,0.0002117582693682612,0.3959417582144698
1749,0.00021093046493472105,0.3959389248216804
1750,0.00021020838875408622,0.395936523324781
1751,0.00020938824568681182,0.3959444981769131
1752,0.00020856612356570878,0.39594950632518566
1753,0.00020773094049491658,0.3959542063306384
1754,0.00020693821722502526,0.3959492391836304
1755,0.00020606171937119781,0.3959465824154948
1756,0.00020526694403222808,0.39594956356143135
1757,0.00020460530339518838,0.39595971759463366
1758,0.00020386207820421225,0.3959637418688342
1759,0.00020303830590337558,0.3959709444810834
1760,0.00020225580900377517,0.39597526247104775
1761,0.00020147348361933184,0.3959729762863953
1762,0.00020069918093949357,0.3959786886056422
1763,0.00019994551930541473,0.39597571368236967
1764,0.00019923437392127817,0.39597103307036535
1765,0.0001985021154419564,0.39597840953198754
1766,0.0001977670690524507,0.3959786789016539
1767,0.00019707644303586464,0.39598654369234465
1768,0.00019635755910067483,0.3959860681593163
1769,0.00019562889119247343,0.39599105637391646
1770,0.00019482249566901057,0.39599394708726143
1771,0.0001940716334415834,0.395991206081265
1772,0.0001932754404277669,0.3959974393587299
1773,0.00019258541053290444,0.3959966432667115
1774,0.00019184483664427262,0.3959996973698607
1775,0.00019111615401202863,0.3960060704226415
1776,0.0001904414490791859,0.3960060253557077
1777,0.00018970057789977684,0.3960070761206215
1778,0.0001890595115578604,0.3960062546043048
1779,0.00018835073426470627,0.39600658213914414
1780,0.00018772553602531842,0.3960053622142501
1781,0.00018710448257143673,0.39600976752797334
1782,0.0001863807866199058,0.39600419714228774
1783,0.00018571326927923783,0.3960071558874085
1784,0.00018504176353675213,0.39600183463004035
1785,0.0001842951678205097,0.39599926839379723
1786,0.0001835520606678469,0.3960001360578543
1787,0.00018277600613076468,0.3960004545397591
1788,0.00018215714663847484,0.3960040823640336
1789,0.00018139728244159138,0.3960110416538609
1790,0.00018064529129472627,0.39600606509831354
1791,0.00018001013149919872,0.3960056511853342
1792,0.00017927741852702465,0.39601729230293686
1793,0.00017860612943592172,0.3960079580397013
1794,0.00017797467368430375,0.3960050772105111
1795,0.00017727547865996408,0.39600177426957617
1796,0.0001765786021624342,0.3959977472792747
1797,0.00017593843264027392,0.39599553613115374
1798,0.00017526541678656172,0.39599830008127235
1799,0.00017456876613658833,0.39599148944981644
1800,0.0001738966914299802,0.39599318876398343
1801,0.00017328552323826827,0.3959969062828334
1802,0.000172601482091227,0.3959893706760799
1803,0.000171989527215273,0.39598943945679077
1804,0.000171321787133963,0.39598577271294677
1805,0.00017065006586868225,0.3959738701159954
1806,0.00017003487002914403,0.39597581462036835
1807,0.00016937473030010391,0.39598177480218244
1808,0.00016878100890659251,0.3959731582278524
1809,0.00016815925253375557,0.39597133159055453
1810,0.00016745521135417646,0.395963172337034
1811,0.00016673631951121212,0.39595603122823586
1812,0.0001660254269951283,0.3959555385068978
1813,0.00016543095555931423,0.39595058161511243
1814,0.0001647742378388623,0.3959479611617025
1815,0.00016424791800929989,0.3959504733497198
1816,0.00016359775421816554,0.39595464099999533
1817,0.0001629834505018743,0.39595051402152187
1818,0.0001623849617484945,0.3959516709161782
1819,0.000161767164509814,0.39594866182826427
1820,0.00016113211827777234,0.395941568023422
1821,0.00016055742738285895,0.39593791795662037
1822,0.00015993041948956266,0.3959297116394669
1823,0.0001594330563312141,0.39592994592397973
1824,0.00015882383308770502,0.3959238261013188
1825,0.00015815828831048173,0.3959235295988462
1826,0.00015759430920353075,0.3959193465920393
1827,0.0001569700344930277,0.3959211139796163
1828,0.0001564319191758857,0.39591912144434543
1829,0.00015578216659515557,0.3959149195360476
1830,0.0001551913658612455,0.3959188587338003
1831,0.00015454123184203058,0.3959140098054001
1832,0.00015389731857861938,0.395910066413235
1833,0.00015323945132218806,0.3959138558443575
1834,0.00015263315220744367,0.3959104592816535
1835,0.0001519948315478443,0.39590253155168964
1836,0.00015137358639803858,0.39589871281491495
1837,0.00015079200628530188,0.3958953277101843
1838,0.00015016442347266266,0.39589480062634375
1839,0.00014962716296688212,0.39589879819942353
1840,0.00014900129779119454,0.395891379293681
1841,0.00014837780347064786,0.3958930749511673
1842,0.00014777988907427602,0.39589189716128004
1843,0.0001471936754868561,0.39588580523681677
1844,0.00014667235277061934,0.3958865222409483
1845,0.00014613785293080854,0.39589289058902005
1846,0.0001456293132139187,0.39589394345710666
1847,0.0001450480518152274,0.3958954638902293
1848,0.000144515743697747,0.39589368988074486
1849,0.00014393915279980576,0.39588919412699625
1850,0.00014337740790042555,0.3958891766522583
1851,0.0001427645214255455,0.39589124022546646
1852,0.0001421949755931323,0.39588560689704144
1853,0.00014164590867483026,0.3958852988491534
1854,0.00014111336815616262,0.3958874911842897
1855,0.00014063641658521177,0.39588434949872486
1856,0.00014005656568998,0.39588098659233206
1857,0.00013950658009999692,0.39588590725523
1858,0.00013902552801801164,0.3958907536711693
1859,0.00013851145050281955,0.3958925634547628
1860,0.00013792746989573716,0.3958868749105743
1861,0.00013742085804312705,0.3958890302907812
1862,0.0001369157816376232,0.39588161130076854
1863,0.00013643468700081006,0.3958758446116822
1864,0.00013592190948759198,0.3958766036746765
1865,0.00013539303393819113,0.3958787203963251
1866,0.00013483381792700377,0.39588249304990536
1867,0.0001343432000828251,0.3958815554172063
1868,0.00013384816399970723,0.39588034598193883
1869,0.0001333594228952079,0.395881087738804
1870,0.0001328599039168164,0.39588341369500674
1871,0.00013231566054437504,0.3958771745994363
1872,0.00013183345078351277,0.39587334412334385
1873,0.00013131256531114516,0.3958771039081725
1874,0.0001308562140006814,0.39587778661684053
1875,0.00013036343091939526,0.39587728514452647
1876,0.0001298754090726666,0.3958727015231495
1877,0.00012934766708732893,0.39587224663773585
1878,0.00012877783712870433,0.39587613711234765
1879,0.0001283595438214344,0.39587867166787094
1880,0.00012785622907314192,0.39587690820022264
1881,0.00012741549784252981,0.3958802934140857
1882,0.00012686996435303145,0.39588222078225144
1883,0.000126409331044194,0.3958789412526982
1884,0.0001259078074052013,0.39587920809236765
1885,0.00012536723025397605,0.39588001787265953
1886,0.00012490703505567413,0.39588493326988017
1887,0.00012439701711365402,0.3958827416604335
1888,0.0001238966117508545,0.3958837281834229
1889,0.00012334145699642552,0.39588734416600563
1890,0.00012285619349251958,0.39588834254035754
1891,0.0001223691038123912,0.3958864771734984
1892,0.00012193142801238843,0.39588210293893766
1893,0.00012144404915263014,0.3958862234127706
1894,0.00012097964825105931,0.39589002886138475
1895,0.00012053645375399,0.3958905391772972
1896,0.00012012095230156242,0.3958932171840717
1897,0.00011965001586436788,0.39589346605655423
1898,0.00011929454424088256,0.39589592755932995
1899,0.00011881071447604893,0.395898274986065
1900,0.00011837264188323641,0.3959016653681027
1901,0.00011792174079079829,0.3958987199782073
1902,0.00011752177212546422,0.395898843301529
1903,0.00011707781066599605,0.3958974398319216
1904,0.00011657243427098467,0.39589759507072
1905,0.00011610981539612942,0.39589492392483405
1906,0.00011568047803435971,0.3958973875674749
1907,0.00011530474223510132,0.39589323431984197
1908,0.00011486279238365617,0.3958929116199344
1909,0.00011445761825138224,0.3958959778934231
1910,0.00011399555182942055,0.39589979922587804
1911,0.00011357940156519912,0.39590124777447366
1912,0.00011317613346379286,0.39590170588158463
1913,0.00011279887802659856,0.39589910829604186
1914,0.00011245330480326699,0.3958967026065987
1915,0.00011201500061825813,0.39589614431930054
1916,0.00011163109843116711,0.3959005483312973
1917,0.00011121322030561839,0.3959003321528134
1918,0.00011079204441741066,0.3958987561073709
1919,0.00011041411364649807,0.395898975583226
1920,0.00011001492539800225,0.3958971318826143
1921,0.00010962324154572159,0.39589346647871165
1922,0.00010916425579049878,0.39588847408127464
1923,0.00010874036071138347,0.3958899911556417
1924,0.00010833688816633753,0.3958942403593296
1925,0.00010795190507843879,0.395894820222995
1926,0.00010758476074941616,0.39589557397579583
1927,0.00010715459566397485,0.39589648060237875
1928,0.00010674043216505454,0.3958952636993489
1929,0.00010634154612043749,0.3958952464827724
1930,0.00010594059924515554,0.3958905274438207
1931,0.0001055661633649716,0.3958891652599907
1932,0.00010517417009982746,0.39588669280128047
1933,0.00010480483815777919,0.39588718699351755
1934,0.00010446443838218737,0.3958840421841927
1935,0.00010410990155035926,0.39588121313958774
1936,0.0001036560205409199,0.3958806070101795
1937,0.00010323232478881186,0.39587814279088923
1938,0.00010280384047393776,0.3958795500821418
1939,0.00010243042970682646,0.39588493400479796
1940,0.00010203541676680142,0.39588349584441807
1941,0.00010159511865706627,0.39588723155119604
1942,0.00010119637548987748,0.3958796700266784
1943,0.00010086178809856255,0.3958785832170969
1944,0.00010047157477811987,0.39587754912578993
1945,0.00010012201898569057,0.39587580992143434
1946,9.978400692386986e-05,0.3958695217035844
1947,9.940602535695471e-05,0.3958632562537509
1948,9.903358271805575e-05,0.3958622064591154
1949,9.865464216835901e-05,0.39586279107259265
1950,9.8282500013453e-05,0.39585784723690604
1951,9.79126486919008e-05,0.3958556023227199
1952,9.753446470325539e-05,0.39585228734640765
1953,9.714328926748815e-05,0.3958569336115399
1954,9.680511672087849e-05,0.3958560052279638
1955,9.643924427135431e-05,0.3958605133242209
1956,9.612445697668717e-05,0.39586164255101564
1957,9.578028163303671e-05,0.3958607418379199
1958,9.545347208975368e-05,0.395859870802329
1959,9.509923215092662e-05,0.3958567822680259
1960,9.469999004181536e-05,0.39585793509549244
1961,9.433445885199254e-05,0.3958549936834538
1962,9.398862898678103e-05,0.3958492653308586
1963,9.361248022269886e-05,0.3958521131970472
1964,9.328377994804125e-05,0.395848009936955
1965,9.296721709725645e-05,0.39585077023840043
1966,9.258995263729558e-05,0.39584899925934786
1967,9.22528479772563e-05,0.39584653873417947
1968,9.189733585225454e-05,0.39584588982502317
1969,9.157286323158028e-05,0.39584680826341845
1970,9.124337474169848e-05,0.3958436988822887
1971,9.092280769579247e-05,0.3958416192477223
1972,9.057390744120963e-05,0.3958412556788856
1973,9.023083618651197e-05,0.39584229522692854
1974,8.986146783353398e-05,0.39584168115507723
1975,8.951575473907045e-05,0.3958413976950949
1976,8.917645035195137e-05,0.3958412635531625
1977,8.885340991466297e-05,0.3958385793538577
1978,8.853646332914006e-05,0.39584086562649695
1979,8.824545827732319e-05,0.39584053056425433
1980,8.792939832679016e-05,0.39584225642909493
1981,8.759261928221398e-05,0.3958412428286012
1982,8.728444031777581e-05,0.3958447559658069
1983,8.69768265260561e-05,0.3958481722075728
1984,8.662599053872253e-05,0.3958503701564843
1985,8.628184344628083e-05,0.39585531631601495
1986,8.597353495910236e-05,0.39585721103647836
1987,8.561012697485494e-05,0.3958563515610135
1988,8.526493244452654e-05,0.39585642773264634
1989,8.494817064133623e-05,0.3958556905867862
1990,8.46646311684105e-05,0.39585312603790984
1991,8.438813380543824e-05,0.39584731154011044
1992,8.406578009252679e-05,0.39584942846570265
1993,8.376376119001952e-05,0.3958500761868612
1994,8.341937584591732e-05,0.3958519846516774
1995,8.314783499594069e-05,0.39585030253393966
1996,8.282388446537118e-05,0.39585502475899287
1997,8.24980225446994e-05,0.3958551794164051
1998,8.216147885600159e-05,0.39585476549311654
1999,8.182694849996448e-05,0.39585690710692545
2000,8.156329366298673e-05,0.3958577045069295
2001,8.125203166350399e-05,0.3958577499615003
2002,8.089985379466742e-05,0.3958559729297772
2003,8.057829494749854e-05,0.3958522276627641
2004,8.031453595555144e-05,0.39585254228404404
2005,8.000441687626646e-05,0.39584889333252504
2006,7.97287962422121e-05,0.395848153016526
2007,7.945850490512662e-05,0.39584774454311544
2008,7.915472875449109e-05,0.39584601818117976
2009,7.890071118431873e-05,0.3958471089106152
2010,7.860610602964447e-05,0.39585447383395883
2011,7.834867545273201e-05,0.395853108177115
2012,7.806504682077715e-05,0.3958526463950786
2013,7.779708417365848e-05,0.3958480194396358
2014,7.751260105473054e-05,0.39584816319300103
2015,7.721675115206439e-05,0.39584789039432217
2016,7.693524926221525e-05,0.39584576207785666
2017,7.663074793288124e-05,0.3958412097509548
2018,7.634743272663775e-05,0.39584158196440805
2019,7.60077031390995e-05,0.39583826862077437
2020,7.571566239450855e-05,0.395834321173834
2021,7.543748595908454e-05,0.39583538827473524
2022,7.514252848673535e-05,0.3958339939337999
2023,7.48824045769927e-05,0.3958275779001082
2024,7.458068572631959e-05,0.39582564131810055
2025,7.428327963286902e-05,0.3958296036415222
2026,7.399842827156455e-05,0.395828993942914
2027,7.372508446261739e-05,0.39582986630974387
2028,7.342858502552862e-05,0.39582911226594913
2029,7.31374659965488e-05,0.3958266038288806
2030,7.285340702682716e-05,0.3958253437344891
2031,7.259589941313902e-05,0.39581920701651874
2032,7.231630775215391e-05,0.39581711678417414
2033,7.206173380069934e-05,0.395815489652014
2034,7.181724521244377e-05,0.3958186205421459
2035,7.154273862065413e-05,0.3958222171334789
2036,7.12656354907194e-05,0.39581486148581896
2037,7.098534873010024e-05,0.3958147005991567
2038,7.071785939086225e-05,0.3958126001487161
2039,7.048541331636333e-05,0.3958150179487839
2040,7.022597841379604e-05,0.39581345496821163
2041,6.998426860830423e-05,0.39581410912783804
2042,6.973536323671785e-05,0.3958141485121237
2043,6.948450179400025e-05,0.3958107276796733
2044,6.924784505019328e-05,0.39581238728716284
2045,6.898198900199081e-05,0.39580842389576953
2046,6.871548903696709e-05,0.395805936420005
2047,6.845218449351373e-05,0.39580709389175855
2048,6.818762996404134e-05,0.3958044255945244
2049,6.790816903575143e-05,0.3958090761919362
2050,6.765101261581672e-05,0.39580334939263423
2051,6.741436431475876e-05,0.39580053100423973
2052,6.715426171688064e-05,0.39580101802015066
2053,6.693755843379682e-05,0.3958010435309117
2054,6.669033774402571e-05,0.3957996622661463
2055,6.640916717633192e-05,0.39580225842239053
2056,6.618797474971323e-05,0.39580198418794277
2057,6.594612275827858e-05,0.395800241098958
2058,6.571634028416436e-05,0.3957997485414876
2059,6.550431762387599e-05,0.39580439209378887
2060,6.527179439033812e-05,0.3958055312480124
2061,6.500625624579644e-05,0.39580212637238393
2062,6.474264651727239e-05,0.3957995806999217
2063,6.451988622086579e-05,0.39579986906991604
2064,6.425494854015918e-05,0.39579970501093925
2065,6.402691906707726e-05,0.39580028984337334
2066,6.376260789504876e-05,0.3958041253225784
2067,6.356076939770381e-05,0.39580375464686596
2068,6.330915700990567e-05,0.395801789413983
2069,6.305775007699473e-05,0.3957996669344376
2070,6.282047277503337e-05,0.39579894203443916
2071,6.257208074146203e-05,0.3957957864423067
2072,6.235330366002656e-05,0.39579804078738007
2073,6.212485868423509e-05,0.3958002640765124
2074,6.189310167988859e-05,0.3958020211756848
2075,6.169635157216147e-05,0.39579902124361843
2076,6.145927880230246e-05,0.3957949081403881
2077,6.125838347316714e-05,0.3957959398651339
2078,6.102759134274573e-05,0.39579506532337855
2079,6.079188825878623e-05,0.3957950204425378
2080,6.054426723994053e-05,0.39580080321412825
2081,6.031014210891965e-05,0.395798406475499
2082,6.00564854018774e-05,0.39580161209566717
2083,5.984162654361838e-05,0.39580281455453087
2084,5.9632372551754164e-05,0.39580652044710285
2085,5.9434486426854254e-05,0.3958060445213733
2086,5.920816309874973e-05,0.395802992456478
2087,5.901932479081309e-05,0.3958013501750078
2088,5.881678390037622e-05,0.39580010451572645
2089,5.859832548958267e-05,0.3957985882822205
2090,5.838398769186146e-05,0.39580194700162435
2091,5.816736997278053e-05,0.3958070558198179
2092,5.7940848087599996e-05,0.39580799107583975
2093,5.7737229603157965e-05,0.39580915685243356
2094,5.754640702429179e-05,0.3958073771067724
2095,5.732634987274879e-05,0.39580461705137665
2096,5.712464707806288e-05,0.3958037090587111
2097,5.692377026589067e-05,0.3958016464390758
2098,5.669653239507533e-05,0.39580205547283287
2099,5.651704365880689e-05,0.3958034563020293
2100,5.6293390989084646e-05,0.3958015395809527
2101,5.611289644781282e-05,0.39580000225887896
2102,5.591767265289069e-05,0.39580445720019614
2103,5.571005213951714e-05,0.3958018055741523
2104,5.551226208785825e-05,0.39580136820893674
2105,5.530794593074177e-05,0.39579922834066894
2106,5.508799228642268e-05,0.39579944856887916
2107,5.4851192643642324e-05,0.39579927648951824
2108,5.4633749039477155e-05,0.395797439136213
2109,5.442104294138034e-05,0.3958015561007106
2110,5.422954529363007e-05,0.3957981751945933
2111,5.400267192277246e-05,0.39579810036731305
2112,5.381908518089249e-05,0.3958008357877527
2113,5.362493369763601e-05,0.39580389371374886
2114,5.342431831999895e-05,0.39580545699696285
2115,5.325294849564667e-05,0.3958057089846142
2116,5.307566288397451e-05,0.39580578572620434
2117,5.289639674150739e-05,0.3958067573597458
2118,5.2686147634334415e-05,0.3958080801758962
2119,5.251117854986884e-05,0.3958077637352757
2120,5.230199335983664e-05,0.3958037536882486
2121,5.210283880253612e-05,0.39580325904248276
2122,5.1890638697589344e-05,0.3958032786974829
2123,5.171457425103499e-05,0.3958035990721458
2124,5.151318507427088e-05,0.3958063015911815
2125,5.1330843247296355e-05,0.39580516154324796
2126,5.115101472855732e-05,0.395804546427531
2127,5.0970827151491406e-05,0.3958028867156344
2128,5.078260156926119e-05,0.3958019495941722
2129,5.059061786714428e-05,0.3958018401841306
2130,5.042488131741486e-05,0.39580473127050464
2131,5.02259577826927e-05,0.3958047412417929
2132,5.0050749488056704e-05,0.39580075377025453
2133,4.9850975947664764e-05,0.3958015676157746
2134,4.9668738789888864e-05,0.3957993088945113
2135,4.9492716413315566e-05,0.39580178542980426
2136,4.9321383885314695e-05,0.39580046608770375
2137,4.9159106416249986e-05,0.3957979886086729
2138,4.8976553703664624e-05,0.39579980254783725
2139,4.880638028518496e-05,0.39580058398618395
2140,4.862369106135797e-05,0.3957976647350409
2141,4.845959436385675e-05,0.3957963085868106
2142,4.828360897305423e-05,0.39579934798599536
2143,4.8105237131053245e-05,0.3957966951619935
2144,4.795006504200519e-05,0.3957931545605464
2145,4.777264226491595e-05,0.3957907622625735
2146,4.7606396735280354e-05,0.39579162618015873
2147,4.7433976796560444e-05,0.39579342659816746
2148,4.724779531843299e-05,0.3957942639711847
2149,4.7073866128502064e-05,0.3957937742140491
2150,4.690431424115126e-05,0.3957912825397783
2151,4.673193282949934e-05,0.39578829766276363
2152,4.656460613041621e-05,0.39579785966841036
2153,4.6375314354086275e-05,0.39579856194083585
2154,4.6216695293458644e-05,0.3958006299842224
2155,4.606529791290065e-05,0.3957966374997966
2156,4.585775245216987e-05,0.39579920863886286
2157,4.5665368775130134e-05,0.39579743256001426
2158,4.5483760788306964e-05,0.39579688130294804
2159,4.531799002017024e-05,0.395799127179293
2160,4.5159304387466423e-05,0.39579945789138454
2161,4.5002931669017414e-05,0.39580063635802304
2162,4.4847462983921674e-05,0.39580140030877003
2163,4.469206517373584e-05,0.3957997421760323
2164,4.453632343348288e-05,0.395798244456613
2165,4.4378675201926726e-05,0.3957947444497563
2166,4.420301679762846e-05,0.3957964199741611
2167,4.404536950648798e-05,0.3957975382399275
2168,4.388795380973008e-05,0.3957965612860664
2169,4.3752622741872233e-05,0.3957927794468042
2170,4.3584684917195416e-05,0.39579166384059844
2171,4.345302447421424e-05,0.3957918535623124
2172,4.331520121942415e-05,0.39579346770310286
2173,4.314944390192275e-05,0.39578970812230835
2174,4.3012918543820955e-05,0.39579058556305746
2175,4.285318149303626e-05,0.3957878208082485
2176,4.269842105069508e-05,0.3957877665282353
2177,4.253312105893662e-05,0.3957852707873123
2178,4.2384151118670846e-05,0.3957833946043297
2179,4.221807651498334e-05,0.3957815541102564
2180,4.20724567001031e-05,0.3957836084945868
2181,4.193036016137449e-05,0.3957807643514358
2182,4.1773200272520716e-05,0.3957808679206473
2183,4.1615304402985356e-05,0.39578352284175056
2184,4.1469138350778966e-05,0.39578080894631607
2185,4.132871744504169e-05,0.3957836826262471
2186,4.1194453733557005e-05,0.3957830875375724
2187,4.103851822455764e-05,0.39577974780555536
2188,4.087327292082291e-05,0.3957780081909245
2189,4.0711772724010074e-05,0.3957784593796342
2190,4.056488904610657e-05,0.3957771615837941
2191,4.0442438870589104e-05,0.3957782992245641
2192,4.027687959496055e-05,0.3957786866657144
2193,4.0143467658757814e-05,0.39577865886012986
2194,4.000936608769029e-05,0.3957765025542442
2195,3.988092331785717e-05,0.39577981689552905
2196,3.974132621103338e-05,0.3957791657710509
2197,3.9572737084144655e-05,0.3957758811336078
2198,3.945416558023943e-05,0.39577615256021603
2199,3.9312380415441626e-05,0.395780868716089
2200,3.915912036219479e-05,0.3957801325405908
2201,3.903325803822026e-05,0.3957785602132997
2202,3.889997725556678e-05,0.39578118888886943
2203,3.8785504320605034e-05,0.3957819791218295
2204,3.864954835719253e-05,0.39578186495462103
2205,3.849810131698497e-05,0.3957833692113531
2206,3.833726368256743e-05,0.3957792375586722
2207,3.8201599473311034e-05,0.3957769122231269
2208,3.805990961967863e-05,0.39577351765262975
2209,3.792481642675151e-05,0.39577165293781674
2210,3.7771947941179926e-05,0.3957721102674451
2211,3.765006450438622e-05,0.3957695645705902
2212,3.751715294762778e-05,0.39577078680626115
2213,3.738166913298455e-05,0.3957739326001681
2214,3.722899587702181e-05,0.3957715064721228
2215,3.7116460476359044e-05,0.3957698038336559
2216,3.697719242359673e-05,0.395765707024993
2217,3.684523709091868e-05,0.3957655203871807
2218,3.6707734055548306e-05,0.39576376575244804
2219,3.6567476549727235e-05,0.3957662101019834
2220,3.643734935331689e-05,0.395767843334089
2221,3.632682863039568e-05,0.39576735148267556
2222,3.619554570004434e-05,0.3957656204178238
2223,3.6052878425612516e-05,0.3957654745471567
2224,3.592181675766046e-05,0.3957639437368491
2225,3.578829213336341e-05,0.395762723546479
2226,3.565587831983609e-05,0.39576089846956963
2227,3.5524917697855784e-05,0.39575679612433956
2228,3.539640383586259e-05,0.39575377511489734
2229,3.5263349130171216e-05,0.3957574866784047
2230,3.514835397703198e-05,0.39575609360577985
2231,3.501848527321413e-05,0.39575696803816657
2232,3.488542726161781e-05,0.3957525845342961
2233,3.475049751974614e-05,0.39575097941883286
2234,3.462436882850281e-05,0.3957512301178962
2235,3.450691316779332e-05,0.39574766412932605
2236,3.4383805143947105e-05,0.3957470236425874
2237,3.425476852333892e-05,0.3957457604662866
2238,3.4136416487218235e-05,0.3957414154752765
2239,3.400369243097296e-05,0.39574043356776784
2240,3.3893288202219375e-05,0.3957408145500668
2241,3.375797297379846e-05,0.3957428576816832
2242,3.362180348073813e-05,0.3957421079022302
2243,3.3506465598545105e-05,0.3957441306416074
2244,3.3380982945869687e-05,0.3957430977685012
2245,3.3271719667588266e-05,0.3957443036664425
2246,3.3147242138627176e-05,0.39574062020134443
2247,3.304072037087123e-05,0.39574105641017066
2248,3.2916104872871185e-05,0.3957401033107816
2249,3.2792113506909316e-05,0.39573704269236676
2250,3.267515045569336e-05,0.3957370300507033
2251,3.2571889222557584e-05,0.3957368562699829
2252,3.246262353915529e-05,0.3957368402251947
2253,3.234837359417928e-05,0.3957349520814855
2254,3.223840235634293e-05,0.39573402767521954
2255,3.211229882465336e-05,0.3957340365949321
2256,3.199143303706395e-05,0.39573361022822967
2257,3.184493378700932e-05,0.39573521026150243
2258,3.171102663873698e-05,0.3957357868940325
2259,3.1609619795426735e-05,0.39573507827724874
2260,3.148612500395319e-05,0.395734421154178
2261,3.136188860537619e-05,0.3957357850462143
2262,3.124088993516776e-05,0.39573375102728475
2263,3.112320297389648e-05,0.39572988463360176
2264,3.100695879399335e-05,0.39573071839480234
2265,3.089502633506586e-05,0.3957333297495411
2266,3.0787612807218525e-05,0.3957325985165266
2267,3.0659551916043e-05,0.39573110246368326
2268,3.056010350800204e-05,0.39573015582382287
2269,3.0452350175124763e-05,0.3957290007098121
2270,3.033192296272991e-05,0.39572894292864264
2271,3.0216576660716272e-05,0.39572808926194913
2272,3.0099936699116866e-05,0.39572890448417686
2273,2.999419230803092e-05,0.39572806304349145
2274,2.989033675251931e-05,0.39572740292183883
2275,2.9772060152072812e-05,0.3957256876540693
2276,2.96695268519103e-05,0.39572949797604395
2277,2.955216024385634e-05,0.3957322176534323
2278,2.9440453557458358e-05,0.3957291163501417
2279,2.9343719609082314e-05,0.39573036654687543
2280,2.9242117086588027e-05,0.3957309275664022
2281,2.9147265859218918e-05,0.39573100832703617
2282,2.9040653712285167e-05,0.39572849870122934
2283,2.8929861281162604e-05,0.3957265392215528
2284,2.8826728639446334e-05,0.395726078525166
2285,2.8726772044071928e-05,0.39572339721319155
2286,2.8620176162582474e-05,0.3957232857011189
2287,2.8517628480968255e-05,0.3957227728738312
2288,2.8415900870549594e-05,0.39572476697390346
2289,2.831451295992554e-05,0.3957261901277832
2290,2.821539388202831e-05,0.3957249741221028
2291,2.8111955154240483e-05,0.39572269515350006
2292,2.8015474737284764e-05,0.39572171695443087
2293,2.7910796062808048e-05,0.39572246339323547
2294,2.780153385703785e-05,0.39572088056055654
2295,2.7689132188040762e-05,0.39572253637567817
2296,2.7583825578881036e-05,0.395721212234203
2297,2.7468429982554223e-05,0.39572120319251336
2298,2.7363685472155432e-05,0.39572055508443105
2299,2.725170098244288e-05,0.3957191285504221
2300,2.7160591757582664e-05,0.3957184694692886
2301,2.7051633216148606e-05,0.395720119081743
2302,2.6952773134507856e-05,0.39571825013114414
2303,2.6840780498348735e-05,0.39571702501512407
2304,2.67550482967774e-05,0.3957143627359494
2305,2.6672682073724843e-05,0.3957148383455995
2306,2.658509875703177e-05,0.39571302982963635
2307,2.648212463681997e-05,0.3957128863073423
2308,2.6368339629985237e-05,0.39571514469343194
2309,2.6263662180878082e-05,0.39571410175275623
2310,2.6160507099224388e-05,0.3957153383753906
2311,2.607163977704626e-05,0.3957166229300737
2312,2.596992620031597e-05,0.39571795435253543
2313,2.5875169913200235e-05,0.3957181943608913
2314,2.5796341046745083e-05,0.3957168614346448
2315,2.5701450858081297e-05,0.3957140755725387
2316,2.560884333249244e-05,0.39571356551398346
2317,2.5507806823452763e-05,0.3957140828101136
2318,2.5418263974363808e-05,0.39571605269380555
2319,2.5316494267123293e-05,0.395718595708562
2320,2.5235542200009027e-05,0.39572193630606006
2321,2.51464200124628e-05,0.3957199077945977
2322,2.505485685132775e-05,0.39572008195107317
2323,2.4968016178152475e-05,0.39571795595812487
2324,2.4874243723337132e-05,0.39571691176882384
2325,2.4793927108969142e-05,0.3957174332047578
2326,2.470453718793914e-05,0.3957163714466258
2327,2.4623979639994584e-05,0.3957159775591275
2328,2.4534274873933357e-05,0.3957172353487243
2329,2.4433937700833114e-05,0.395715241298636
2330,2.4346746978003178e-05,0.3957166962593458
2331,2.4256637308041565e-05,0.3957171501740583
2332,2.4163154990699862e-05,0.3957175161090294
2333,2.406446172832894e-05,0.39571733801671116
2334,2.3982333258698952e-05,0.39571552183099873
2335,2.3885138670803653e-05,0.39571577673859604
2336,2.378370161388214e-05,0.3957157721386494
2337,2.369736683620359e-05,0.39571547152023206
2338,2.3606990715445978e-05,0.39571447039392504
2339,2.350347704074456e-05,0.395715157483934
2340,2.341977339098495e-05,0.3957164180554803
2341,2.3345902585084768e-05,0.3957153288951355
2342,2.3268771970519764e-05,0.39571483419027004
2343,2.318007731729192e-05,0.3957144941311924
2344,2.3095486422039724e-05,0.39571533621364663
2345,2.3027014833079462e-05,0.39571531049115294
2346,2.2951781260022205e-05,0.39571834781747045
2347,2.286882127136181e-05,0.395718402237915
2348,2.2783013956813185e-05,0.39571745172531847
2349,2.26949888797123e-05,0.39571695415628316
2350,2.261137523884875e-05,0.39571769913928195
2351,2.2530406164317182e-05,0.3957169554936886
2352,2.243798643834466e-05,0.3957176501239282
2353,2.2353654157272443e-05,0.39571597319173907
2354,2.228323216611746e-05,0.39571450391706714
2355,2.219970024843491e-05,0.39571356689612136
2356,2.2106737971559812e-05,0.3957138121048042
2357,2.2016417708008757e-05,0.3957150154800907
2358,2.193740471643e-05,0.3957163524254652
2359,2.1868948483450988e-05,0.39571456567676405
2360,2.178950170710887e-05,0.39571469921999397
2361,2.1718297885929734e-05,0.39571489912052826
2362,2.163579071746108e-05,0.3957168261738602
2363,2.1551673824639732e-05,0.3957183123423405
2364,2.1479931241171275e-05,0.39571646154335954
2365,2.1397020405349436e-05,0.39571601657712735
2366,2.1323090177124068e-05,0.3957138906494817
2367,2.1252002527968143e-05,0.395713416317757
2368,2.1179265282462618e-05,0.39571686630878894
2369,2.1095161079661732e-05,0.39571744664369235
2370,2.101338964166344e-05,0.3957171622375375
2371,2.0947163666445107e-05,0.3957161528629565
2372,2.08660154207006e-05,0.39571470912631024
2373,2.0795062256540906e-05,0.3957137352522957
2374,2.0716064071715977e-05,0.3957132699841071
2375,2.0632075699600497e-05,0.3957121702742868
2376,2.056516381854312e-05,0.3957093039055078
2377,2.0482107943692994e-05,0.3957102954643057
2378,2.0410367138990734e-05,0.39571114870679114
2379,2.033499455424233e-05,0.395712161753873
2380,2.0260292971473656e-05,0.3957117401918895
2381,2.0177357745910698e-05,0.39571081657636187
2382,2.0103316685652407e-05,0.39571249990295476
2383,2.0029755681244143e-05,0.39571215852498476
2384,1.996046690852642e-05,0.39571251167735677
2385,1.9887679199518023e-05,0.39571044075974704
2386,1.9815653489549596e-05,0.39571035599629334
2387,1.9740752431079066e-05,0.3957078896745441
2388,1.9679620145598006e-05,0.39570738310858916
2389,1.9604593160014027e-05,0.3957072565912292
2390,1.952687274557424e-05,0.39570476471651395
2391,1.945110705161464e-05,0.3957028022037187
2392,1.9383798067243784e-05,0.3957037214686749
2393,1.9313028085354015e-05,0.3957028243026589
2394,1.9253315388381613e-05,0.3957034388021162
2395,1.917467288446494e-05,0.39570384762640554
2396,1.910061305132735e-05,0.39570209407008294
2397,1.9019622234848352e-05,0.3957024417754504
2398,1.8947636898092368e-05,0.39570114235933895
2399,1.8870922664196084e-05,0.39570118412475364
2400,1.8807982250589125e-05,0.39570293771489046
2401,1.8741559304253247e-05,0.3957056814676339
2402,1.86738041862501e-05,0.3957046517586894
2403,1.8605826337732506e-05,0.3957048691297778
2404,1.853872878869516e-05,0.39570439254679196
2405,1.8468665066089104e-05,0.39570806299969324
2406,1.839519531220518e-05,0.39570832900094693
2407,1.8325550118543978e-05,0.3957072753900317
2408,1.8254733171038727e-05,0.3957067054965804
2409,1.8177876863940208e-05,0.39570799720773925
2410,1.811658050976634e-05,0.3957088092339083
2411,1.804958119181064e-05,0.39570713633797405
2412,1.7982224307756354e-05,0.3957074926431024
2413,1.7922809809362724e-05,0.39570623031185725
2414,1.7848997014063857e-05,0.3957038321248371
2415,1.778755564960455e-05,0.39570135515759136
2416,1.7725511229702984e-05,0.39570234210996896
2417,1.7664192291325816e-05,0.3957011677895587
2418,1.758879920303812e-05,0.39570183141708953
2419,1.7527336740652852e-05,0.39570157678848694
2420,1.746287460292764e-05,0.39570058131760055
2421,1.740622610972712e-05,0.3956993407854035
2422,1.7340977822351728e-05,0.3956968028328636
2423,1.727594702962581e-05,0.3956964359055358
2424,1.7208408284068018e-05,0.3956934318778736
2425,1.7146324051915226e-05,0.39569083719560605
2426,1.7086157676230097e-05,0.3956908985563257
2427,1.70279320771621e-05,0.3956917254538152
2428,1.696963827757491e-05,0.39568954077398333
2429,1.6911909813146643e-05,0.3956889097589193
2430,1.685557461828143e-05,0.3956865538795693
2431,1.6799849017327626e-05,0.39568579074120314
2432,1.674235563848812e-05,0.39568460531978017
2433,1.6684764054496848e-05,0.3956833553973302
2434,1.6626668813015674e-05,0.3956836108400417
2435,1.656721417864617e-05,0.39568364891397667
2436,1.650237070213637e-05,0.3956849236006757
2437,1.6438306390284787e-05,0.39568518710507344
2438,1.6372001106073615e-05,0.39568287783524636
2439,1.6315125348753918e-05,0.3956818938171204
2440,1.6256477075895063e-05,0.39568280303339
2441,1.6199343586709867e-05,0.39568418628312
2442,1.6142517826555495e-05,0.39568435452208045
2443,1.6081054078408825e-05,0.3956857739582865
2444,1.601496511017652e-05,0.39568586355236585
2445,1.596029713913247e-05,0.395684523528115
2446,1.5903459977658525e-05,0.3956843851577881
2447,1.5840821030306154e-05,0.39568348983054924
2448,1.577908652907153e-05,0.3956834968677006
2449,1.5725575911117216e-05,0.3956826491697159
2450,1.5667226496586736e-05,0.39568038380224624
2451,1.561214445448405e-05,0.3956799029652975
2452,1.5545442398220343e-05,0.3956802327305638
2453,1.5486013266229282e-05,0.39568150185187284
2454,1.541890100373712e-05,0.39568091839642255
2455,1.5357085539853486e-05,0.39567948196465597
2456,1.5295299996640497e-05,0.3956797151341067
2457,1.5235999397386283e-05,0.3956825486838016
2458,1.518484316878924e-05,0.3956843059774409
2459,1.5127205607858675e-05,0.39568585937441497
2460,1.5076014544037335e-05,0.3956863297339844
2461,1.502684283440349e-05,0.3956861127633061
2462,1.4962339087378881e-05,0.3956836877815451
2463,1.491638918853409e-05,0.39568353653731847
2464,1.4868130466986267e-05,0.3956839372573161
2465,1.482370027852462e-05,0.3956843975618997
2466,1.4769425204491751e-05,0.39568431091432793
2467,1.4712520146296805e-05,0.3956845852743461
2468,1.4666776614647274e-05,0.3956853354522367
2469,1.4614859881085583e-05,0.3956843571543594
2470,1.4568601660342707e-05,0.3956834897491047
2471,1.4514945603213318e-05,0.39568313576427094
2472,1.446178403158895e-05,0.39568278779734634
2473,1.4405687992403042e-05,0.3956806965263593
2474,1.4356718702834904e-05,0.3956823251682935
2475,1.4306704172465136e-05,0.39568108566138166
2476,1.4251335277036155e-05,0.39567948864417807
2477,1.4198540442017775e-05,0.3956794780764579
2478,1.4146924212852323e-05,0.39568021150110494
2479,1.4097044550199042e-05,0.3956790433703388
2480,1.404411563664964e-05,0.39568035834214443
2481,1.3991929869742632e-05,0.3956820812692338
2482,1.3943750089430476e-05,0.3956820260022838
2483,1.3898246502348623e-05,0.3956814809936983
2484,1.384416860886362e-05,0.3956813364121157
2485,1.3799062196944544e-05,0.395682234702848
2486,1.3738997118153019e-05,0.39568284912861634
2487,1.3693570391026436e-05,0.3956820505470993
2488,1.3644217679235443e-05,0.39568269700943787
2489,1.3596268292911279e-05,0.39568161079627917
2490,1.3547805654293549e-05,0.3956821074193232
2491,1.3495087885831774e-05,0.3956817984351636
2492,1.3441634383566917e-05,0.3956805575392218
2493,1.3390303128399105e-05,0.39568060983870723
2494,1.3335655899037755e-05,0.39567945507251834
2495,1.3294394818392808e-05,0.39567939026017435
2496,1.323890297045662e-05,0.395680904107051
2497,1.319642276548313e-05,0.3956834150652006
2498,1.3148081617501974e-05,0.3956832499679158
2499,1.3101922862288748e-05,0.39568351932703927
2500,1.3055685732264018e-05,0.3956839086062063
2501,1.3009218943237833e-05,0.39568281138908545
2502,1.2961209148815344e-05,0.39568096989528156
2503,1.2913319026367257e-05,0.39568204348937713
2504,1.286930199206814e-05,0.3956834666158547
2505,1.281493766600171e-05,0.3956848646561346
2506,1.2764647380178394e-05,0.39568585335095974
2507,1.2721623870676718e-05,0.39568458842983595
2508,1.267538628262151e-05,0.39568332390451627
2509,1.2628932283758009e-05,0.39568363566066794
2510,1.2581431312819653e-05,0.39568366365880664
2511,1.2535728017433814e-05,0.3956836895746166
2512,1.2488178813850725e-05,0.39568345078622646
2513,1.2439319604303166e-05,0.39568345297172514
2514,1.2395252945682072e-05,0.3956844354032669
2515,1.2344804173257743e-05,0.3956828781047199
2516,1.2298237296707452e-05,0.39568192370552313
2517,1.2248295326237695e-05,0.39568203144586317
2518,1.2197604499554407e-05,0.3956825828092282
2519,1.215460120656495e-05,0.3956828335412934
2520,1.2110594579400935e-05,0.3956816145282642
2521,1.2063291398787449e-05,0.3956811829691384
2522,1.2019940084477809e-05,0.395681510696672
2523,1.1979260207627877e-05,0.39568143311379933
2524,1.1933100176104636e-05,0.3956789774137856
2525,1.1888522974126345e-05,0.39567943015815504
2526,1.184682724822712e-05,0.395677265236193
2527,1.1801870240153027e-05,0.39567812266139374
2528,1.1763176798682515e-05,0.3956771256767779
2529,1.1716756580407332e-05,0.3956771267256678
2530,1.1671167539298997e-05,0.3956760235925271
2531,1.1630105666702548e-05,0.3956746234902371
2532,1.1587768897365371e-05,0.3956743369230865
2533,1.1555818035806046e-05,0.3956748548116548
2534,1.1510789564360965e-05,0.39567247013091356
2535,1.1470234524593703e-05,0.39567117600744517
2536,1.142490321051878e-05,0.3956702809348172
2537,1.1385074963001672e-05,0.3956692204478115
2538,1.1347442609297474e-05,0.3956673821521162
2539,1.1308322203329581e-05,0.3956666471705607
2540,1.1266020738930457e-05,0.39566575780244523
2541,1.1220520275442628e-05,0.3956650207751738
2542,1.1172755086944952e-05,0.39566454080761576
2543,1.113076625119143e-05,0.3956652307282179
2544,1.1086244392950615e-05,0.3956666591852632
2545,1.1041020104706048e-05,0.3956673743684875
2546,1.1001088850756893e-05,0.3956672963051928
2547,1.0964804580808964e-05,0.395666221104219
2548,1.0928535027359736e-05,0.3956666621185373
2549,1.0886816886582257e-05,0.39566806437338947
2550,1.0850282611848255e-05,0.395670410534264
2551,1.0806800565129093e-05,0.3956692032369917
2552,1.077238893467808e-05,0.3956670654607641
2553,1.0731170576910438e-05,0.3956681871480625
2554,1.0690317320667654e-05,0.3956690270943936
2555,1.0659329985203866e-05,0.3956685173312975
2556,1.0620449922404463e-05,0.395667193644587
2557,1.0584567947306173e-05,0.39566688808984174
2558,1.0544926497679613e-05,0.39566693254374063
2559,1.0509729667736956e-05,0.3956675586949845
2560,1.0467526067976792e-05,0.39566759801075607
2561,1.0429976213025943e-05,0.3956668809786326
2562,1.0391064637503472e-05,0.395666196849277
2563,1.0358442226778434e-05,0.39566534872333936
2564,1.0323744495206275e-05,0.39566734131095543
2565,1.0284868408812926e-05,0.3956674572904942
2566,1.0245047834314022e-05,0.3956675218186195
2567,1.020690910136493e-05,0.395668084796277
2568,1.0166162654518381e-05,0.395669541483459
2569,1.013394854669117e-05,0.39566982276758084
2570,1.0095547019376101e-05,0.39567095458347623
2571,1.0055597559556139e-05,0.39567072764335687
2572,1.00254442177895e-05,0.3956703775463329
2573,9.992941753934735e-06,0.3956703050962089
2574,9.955839419585796e-06,0.3956702573890402
2575,9.924545071306807e-06,0.3956708057677228
2576,9.891157751809298e-06,0.39567078003961886
2577,9.850962711937559e-06,0.39567056038019155
2578,9.811915038974689e-06,0.3956696570612775
2579,9.773296199299494e-06,0.39566893068940096
2580,9.733752032627083e-06,0.3956695733675433
2581,9.698257196504165e-06,0.3956702587159023
2582,9.66483569226123e-06,0.39566991621963543
2583,9.626836791243337e-06,0.3956700621286158
2584,9.586530340145463e-06,0.3956702160526077
2585,9.55588490258119e-06,0.39566849730607784
2586,9.52400907840751e-06,0.395668708574911
2587,9.492092383189059e-06,0.3956685357408993
2588,9.453860594576543e-06,0.3956689655422139
2589,9.416677061743431e-06,0.3956688620595981
2590,9.38428768295208e-06,0.3956676695419761
2591,9.347292528327342e-06,0.39566627150270045
2592,9.31851445865095e-06,0.3956675730791866
2593,9.28353910700037e-06,0.39566707967753995
2594,9.240923356731032e-06,0.3956670754521873
2595,9.205102747498437e-06,0.395666347759268
2596,9.174083372139134e-06,0.3956659198893219
2597,9.138364539319335e-06,0.39566808811025495
2598,9.104176838680256e-06,0.3956676520171015
2599,9.07317932098166e-06,0.3956680738161333
2600,9.041199242884204e-06,0.39566654821814856
2601,9.008828695267565e-06,0.3956667283801788
2602,8.978321823602335e-06,0.39566490393953835
2603,8.94150447118366e-06,0.39566256386417287
2604,8.910519558250709e-06,0.39566088380685555
2605,8.878898920871815e-06,0.39565912230508316
2606,8.848231848682038e-06,0.395660018222506
2607,8.818076009718711e-06,0.3956593411482418
2608,8.78669492135646e-06,0.39565926338571455
2609,8.7562737568201e-06,0.3956590317765301
2610,8.720456050496769e-06,0.3956573440946343
2611,8.687598340202961e-06,0.395658511949796
2612,8.653547195522978e-06,0.3956576965344473
2613,8.624736914134925e-06,0.3956564397566315
2614,8.597537207160515e-06,0.39565626815702676
2615,8.569703069027285e-06,0.3956567113703354
2616,8.535953331256538e-06,0.39565738567276487
2617,8.505946555863075e-06,0.3956583179156115
2618,8.476932135136105e-06,0.3956586590500051
2619,8.447341210331103e-06,0.39565981436756864
2620,8.419177378256218e-06,0.395660342992688
2621,8.388274991249691e-06,0.3956607189355345
2622,8.356175421899364e-06,0.3956622585076986
2623,8.326393211069348e-06,0.3956616455366301
2624,8.2998362320061e-06,0.395662796006157
2625,8.272439589878499e-06,0.3956621922321047
2626,8.24521668847368e-06,0.3956619610792935
2627,8.21330149362444e-06,0.39566147053936657
2628,8.186308932094486e-06,0.3956595127554394
2629,8.15484125541122e-06,0.39565957348547365
2630,8.128036269352597e-06,0.39566042849626254
2631,8.103046258047745e-06,0.39566061959532284
2632,8.076551810113365e-06,0.39566244166935927
2633,8.044512690700815e-06,0.3956620573176534
2634,8.018608939668634e-06,0.39566245842857767
2635,7.994958695022235e-06,0.39566170751740104
2636,7.969101973287356e-06,0.39566080470549986
2637,7.93759272987575e-06,0.39566242850791
2638,7.907609752402552e-06,0.3956614947399801
2639,7.883381403109906e-06,0.39565960863697514
2640,7.848888231468052e-06,0.3956596249357133
2641,7.818989003247737e-06,0.39565888734487314
2642,7.790274434646496e-06,0.3956585245681048
2643,7.759441845526788e-06,0.39565973732036225
2644,7.730833930840124e-06,0.3956603551937576
2645,7.701125565044876e-06,0.3956593185474825
2646,7.669599135055828e-06,0.3956583632438566
2647,7.643543957951622e-06,0.3956582001326209
2648,7.615436876436722e-06,0.39565668521705066
2649,7.588942455745052e-06,0.3956563901006242
2650,7.5631292673058475e-06,0.39565618907371675
2651,7.535983077764746e-06,0.39565612109342496
2652,7.50554060067391e-06,0.39565702850331413
2653,7.475685012079791e-06,0.3956581799071043
2654,7.4545471829628924e-06,0.3956591890271188
2655,7.426592479635192e-06,0.3956595214973107
2656,7.399881438995705e-06,0.3956593306748696
2657,7.373433366050419e-06,0.3956606880505455
2658,7.340687275494048e-06,0.3956601306687104
2659,7.317307200714492e-06,0.3956606296870196
2660,7.291117247715858e-06,0.39565971241078257
2661,7.263231623635138e-06,0.395658557926076
2662,7.238823194652875e-06,0.3956588695369725
2663,7.208194314347545e-06,0.39565752526358255
2664,7.184745809459837e-06,0.39565769350501084
2665,7.158610995429911e-06,0.3956566683586921
2666,7.136650962189992e-06,0.39565649448411827
2667,7.107722367433758e-06,0.3956570021403263
2668,7.080677334610673e-06,0.3956585408650749
2669,7.0555927838717735e-06,0.3956580475023383
2670,7.03099273183452e-06,0.3956583323448477
2671,7.005686390631281e-06,0.39565789880205154
2672,6.978003390517447e-06,0.39565853675793183
2673,6.954069486869996e-06,0.3956594381268494
2674,6.927524961411546e-06,0.3956601104779853
2675,6.903938599996183e-06,0.3956606931268931
2676,6.876994166769076e-06,0.3956608919434801
2677,6.85496814125931e-06,0.39566044644039783
2678,6.827808076032931e-06,0.39565988272083696
2679,6.804335436260506e-06,0.39565921712378427
2680,6.7763720057324896e-06,0.39565887073285144
2681,6.752096790857384e-06,0.3956596195680257
2682,6.7261350960309295e-06,0.39565908066573285
2683,6.701507316771292e-06,0.39565804487600326
2684,6.677438109344299e-06,0.39565934705046274
2685,6.650541043545281e-06,0.3956599835904124
2686,6.6293436797420025e-06,0.39566064235973
2687,6.606741682257002e-06,0.39566124190156177
2688,6.580814850981464e-06,0.39566223189794997
2689,6.556474732625393e-06,0.3956622921210223
2690,6.532998959709941e-06,0.3956622904004793
2691,6.51195138763693e-06,0.3956631978155109
2692,6.487664882652374e-06,0.3956646957285213
2693,6.464210230812779e-06,0.39566506387426004
2694,6.442711363245686e-06,0.39566554663302006
2695,6.41887863065666e-06,0.39566520616552364
2696,6.395144178599367e-06,0.39566465709803683
2697,6.371624643145927e-06,0.39566513253291136
2698,6.346831787767728e-06,0.39566484395157075
2699,6.322391449718887e-06,0.39566348442684957
2700,6.30116834379394e-06,0.3956626046207681
2701,6.278728727203271e-06,0.3956634178330548
2702,6.255753454436788e-06,0.39566406777403723
2703,6.233434727986138e-06,0.39566513373234036
2704,6.2075124485872875e-06,0.3956639964933492
2705,6.185290282484448e-06,0.39566485736862095
2706,6.1650825973778215e-06,0.39566406129142123
2707,6.142608993214032e-06,0.3956644700084575
2708,6.122185749782954e-06,0.39566418136622983
2709,6.100577398396746e-06,0.39566412987500055
2710,6.078761012506682e-06,0.39566509227321356
2711,6.0557558487319005e-06,0.39566560388606953
2712,6.037402321982793e-06,0.39566478515530284
2713,6.016001796685432e-06,0.39566538832701936
2714,5.995164567274459e-06,0.39566407636518286
2715,5.972850552459003e-06,0.39566245880202056
2716,5.94906037271846e-06,0.3956624567534663
2717,5.928716218440114e-06,0.39566174560652484
2718,5.9083783747272554e-06,0.395662427218636
2719,5.891016380376122e-06,0.3956622201981129
2720,5.869574918531077e-06,0.39566218315121865
2721,5.847514407087732e-06,0.3956624501630296
2722,5.82422519247961e-06,0.3956617399112731
2723,5.803697891209636e-06,0.39566183825751594
2724,5.786136515787626e-06,0.39566083124758555
2725,5.764873551552021e-06,0.3956621594693008
2726,5.743013889683187e-06,0.3956613540877616
2727,5.723392003689445e-06,0.3956624179975689
2728,5.7045867931636775e-06,0.3956626719102167
2729,5.6869701581219375e-06,0.3956623790040073
2730,5.667249518291196e-06,0.39566257688560397
2731,5.646394183874544e-06,0.39566381463343725
2732,5.624254773084006e-06,0.3956645391326392
2733,5.6052382298235e-06,0.3956651240625894
2734,5.585809135309274e-06,0.3956660717905883
2735,5.565647646474158e-06,0.39566620454303436
2736,5.546133146590735e-06,0.39566491700116135
2737,5.52623829376548e-06,0.39566539062407025
2738,5.505617964499313e-06,0.39566494898613686
2739,5.484855720406625e-06,0.3956643242830486
2740,5.464583103069261e-06,0.3956642032081129
2741,5.4427873159060394e-06,0.39566371994101224
2742,5.4220212689283485e-06,0.3956630938320515
2743,5.403811821406779e-06,0.39566424128482297
2744,5.385053196230896e-06,0.39566385158183454
2745,5.365734250859662e-06,0.39566431939867347
2746,5.347607940791925e-06,0.39566387529245767
2747,5.33050978903958e-06,0.3956630482134214
2748,5.310505941455456e-06,0.3956632520074436
2749,5.293215976543973e-06,0.39566297860373506
2750,5.273873874196578e-06,0.39566163618518835
2751,5.255681810106663e-06,0.3956619813103075
