epoch,train_loss,val_loss
1,0.970419643961044,0.9794174667547598
2,0.9413881965724912,0.9508147972059641
3,0.9177433663777748,0.9277526970141791
4,0.8940158548471039,0.9046941903572306
5,0.8741603973732592,0.8857501637887341
6,0.8560919167598524,0.8676942756045607
7,0.8375183902923038,0.8498458030131555
8,0.8220677132822236,0.8349610861024621
9,0.8066005829833909,0.8199913740727574
10,0.7928837380168884,0.8077487050892116
11,0.780500945576851,0.7960887611237519
12,0.7669413005272263,0.783074752841426
13,0.7565258845132292,0.7729787101122255
14,0.744551435750314,0.761283621965635
15,0.7344961879354603,0.751776880090405
16,0.7246010636370963,0.7422697863650102
17,0.7162916820142304,0.7351119734157321
18,0.7073232526427967,0.7271303991269135
19,0.7000242786598274,0.7197772295705845
20,0.692517472070201,0.7128717034175664
21,0.6864293847497854,0.7082274603206
22,0.6802879238030918,0.7022736187995576
23,0.6743463416772155,0.6973314247222815
24,0.6690318489852072,0.6925088101605639
25,0.6643329618790748,0.6884897694340559
26,0.6596042780279892,0.6838614430300054
27,0.6553390017770331,0.6795389778777987
28,0.6508275759417884,0.675936062807151
29,0.6465692470548845,0.6707731863446459
30,0.6418381180882634,0.6658168660161565
31,0.6377142370904006,0.6630075354448617
32,0.6343295295717793,0.6594113907206387
33,0.6308891430164877,0.6564549541692645
34,0.6278122853317789,0.6547322253152391
35,0.6250068777647807,0.6526510924657222
36,0.6222314739923004,0.6500678757610328
37,0.6188911480888066,0.6470788251369727
38,0.6166087776832255,0.645363279258604
39,0.6133690034621508,0.6425413343612449
40,0.6105543793791667,0.6401476432363072
41,0.6078511275685923,0.637148427142536
42,0.6050121870787263,0.6346558852903681
43,0.6021135741503733,0.6322873228012513
44,0.5985412362703945,0.6295917322979374
45,0.5964376025463144,0.6280203054517881
46,0.5941312303243328,0.6260443465339534
47,0.5921133429472938,0.6255576177968101
48,0.5891959553493467,0.6232142032279901
49,0.5872033378819722,0.6217359250108362
50,0.5852227453397096,0.6204348246993481
51,0.5831620718575788,0.6185066375836099
52,0.5812982300363347,0.6173497908474557
53,0.5792837480979014,0.6155889255414924
54,0.577606357026946,0.6141184087350753
55,0.5758400929027605,0.6128122442221936
56,0.5743108233550356,0.6118192446976355
57,0.5724913975877177,0.6107654053154687
58,0.570883192496992,0.6093243476651726
59,0.5689621594136655,0.608221819939109
60,0.5673122515235023,0.6073777936561259
61,0.5657598066367446,0.6062151863852877
62,0.5638076868359003,0.6044473501245219
63,0.5617873111026052,0.6024785824318977
64,0.5597458951466142,0.6006797309166289
65,0.5580522788025905,0.5995104234502622
66,0.5562103952027888,0.5979481741303057
67,0.5548632139951165,0.5968424021150596
68,0.5535181064550886,0.5962530938637962
69,0.5519454684670935,0.5947016730938054
70,0.5507416479898806,0.594244035215888
71,0.5491573160164668,0.5928147606701296
72,0.5479624696485142,0.5923956576005718
73,0.5462290611731669,0.5912389429649042
74,0.5446918810952315,0.5903935867545187
75,0.5435243554609456,0.5896989747835552
76,0.5420261713879871,0.5887015548807328
77,0.5406983646330784,0.588052199644097
78,0.5395753739266754,0.5876196258099426
79,0.5384412743271798,0.587183981045228
80,0.5371462117569795,0.5867169749908523
81,0.5361827556732452,0.5865067222993918
82,0.5348459252128751,0.5858296449949132
83,0.5335989892057462,0.5849221006638023
84,0.5325739585121455,0.5843864263682007
85,0.5312928695013709,0.5839624638095752
86,0.5298467376865673,0.5824783003333754
87,0.5287562299059413,0.5818110992744662
88,0.5275713097891415,0.5810576014931847
89,0.5262165493492031,0.5802320272834984
90,0.5250385935024096,0.5791893051775439
91,0.52334901221058,0.5778660135521582
92,0.5224352278691887,0.5772345050111712
93,0.5211985209266994,0.5770580208770291
94,0.5202219478479282,0.5767887252501466
95,0.5188596834235348,0.5759971478057428
96,0.5177809207113913,0.5751934917853787
97,0.5163996366068587,0.5741452271243169
98,0.5153016914330516,0.5737374400277773
99,0.5143177064806626,0.5734951267388799
100,0.5130374901734542,0.5728341443171604
101,0.5119304722527825,0.5724195576311735
102,0.5105442357488289,0.5715332482469166
103,0.509571605997504,0.5706807426980103
104,0.5084978723402243,0.5700889823255358
105,0.5072563554777801,0.5691064982232014
106,0.5063928049330241,0.5688268098942078
107,0.505425812516424,0.5685316157924116
108,0.5041365156081649,0.5673676774671552
109,0.5032832295085661,0.5667506546392277
110,0.5025170834394345,0.5657084454897565
111,0.5014197083611536,0.5648454259998645
112,0.5000945565619167,0.5635197903340455
113,0.498949165289033,0.5628444090471341
114,0.49793405719375455,0.5621817784593072
115,0.49723427302270057,0.5616820163242312
116,0.4963589599070418,0.5612766338117903
117,0.49537851213219875,0.5606041488486089
118,0.4946080007220643,0.5603301362316475
119,0.4936232094151093,0.5591449769232415
120,0.4927165485268797,0.5584469504574567
121,0.4915314331093211,0.5576651566708609
122,0.49042042979714756,0.5570467697670537
123,0.489315801329841,0.5563008043340801
124,0.4883891928927057,0.5558342735974742
125,0.48768793300517715,0.5559107887817507
126,0.4868418010105617,0.5559276173111025
127,0.4859943998261276,0.5556536035200498
128,0.4848746436032191,0.5550984608482709
129,0.4838799337741243,0.5545511784738555
130,0.48266187703256275,0.5533393713729029
131,0.4818140123609156,0.5528207519508241
132,0.48103470117376634,0.5525853897841482
133,0.4803058302909798,0.5519364745011006
134,0.4794369420041793,0.5516998041961386
135,0.4782628573091718,0.5502771973999898
136,0.4774026694334269,0.5502108777236122
137,0.4766022627269394,0.5496802557489895
138,0.47564840861744,0.5489659690865402
139,0.47484083442381003,0.5485517871872184
140,0.47380660177120265,0.5475669284183773
141,0.47286824734165694,0.5471498264161432
142,0.4718495590084835,0.5463562804463045
143,0.47098877107696635,0.545649343993905
144,0.47036475643861486,0.5454010765572439
145,0.469806512565678,0.5452783276710677
146,0.46885769326464505,0.54495193413685
147,0.4679470454141596,0.5445574647940679
148,0.46696374211794234,0.5437255222609523
149,0.4660251940925802,0.5429914883068389
150,0.4649709392947537,0.5420486880458694
151,0.4639367871931267,0.5411376218858228
152,0.46311706157131377,0.5409153658965057
153,0.4623833630329325,0.5406324662859697
154,0.4617048950582909,0.5404517721087969
155,0.4609448044694179,0.5400149390236639
156,0.4602323206492064,0.5397499533176073
157,0.4596205333773736,0.5392410418491631
158,0.4590253654645705,0.5389403669490295
159,0.45826791363761754,0.5387153357478822
160,0.4577104407190063,0.5384588994790954
161,0.4570134051373538,0.53816090891386
162,0.4564119779989467,0.5380732598774839
163,0.45556625796641026,0.53767871929465
164,0.4546053451148995,0.5370645077438223
165,0.45348975957085347,0.5362305372752352
166,0.4528569924766172,0.5357577378685381
167,0.4522645187091722,0.5354769442793489
168,0.4515137835252735,0.5349431749964669
169,0.45094345856513385,0.5347357468472339
170,0.45009077266714925,0.5342091697730256
171,0.4495479776671269,0.5339550083270631
172,0.4488624927225416,0.5333117198453853
173,0.44814842403603533,0.5326690607884389
174,0.44746649366615027,0.5325011283960044
175,0.4466155233154889,0.5318706759578974
176,0.4460228819027189,0.5315314430880277
177,0.445473538344734,0.5315494706336806
178,0.44493421290150736,0.5311232407742356
179,0.4442072810715432,0.5303956245295377
180,0.44347254060748237,0.53008584892242
181,0.44288801266966604,0.5299800159229016
182,0.44206680269086407,0.5293116366355906
183,0.44132162393281144,0.5285318822480761
184,0.4403173750329894,0.527801399593516
185,0.4395840085353094,0.5274461274726928
186,0.4391355080989632,0.5273393796628104
187,0.43853980911947116,0.5270406287482128
188,0.437571405162968,0.5263205402373456
189,0.43706981688571406,0.526288648568939
190,0.4365937537645739,0.5261396366910087
191,0.4358022533913875,0.5256334783454424
192,0.4351337417893199,0.5250104821017372
193,0.4342982968665453,0.5244739636614145
194,0.4335746074785489,0.5240541199944282
195,0.433004065229452,0.523746122296361
196,0.4323732050791979,0.5236880689054079
197,0.4315282302842806,0.5232047212695936
198,0.43086393918389126,0.5231076263330381
199,0.4301266900663754,0.522635469060193
200,0.4295492735377822,0.5221174545884466
201,0.42885059333282677,0.521947608499631
202,0.42828418885196085,0.5217097062549931
203,0.4275287837114791,0.5213509838344252
204,0.4269542698089779,0.5211548004550053
205,0.4264169964704342,0.5205655639938547
206,0.4258004174617972,0.5201370589479319
207,0.4251805021649518,0.5197262561672337
208,0.4240883619561389,0.5193111775583901
209,0.42333153981833566,0.5187282199372129
210,0.4228990733421509,0.5185853162783297
211,0.4222978466768935,0.5181756884995763
212,0.4218126406840661,0.5180658425090422
213,0.4211025554866509,0.51743184738213
214,0.4202150520336182,0.5168450682158701
215,0.4196807621475785,0.5164276763565209
216,0.4190887831801196,0.5163776511921664
217,0.41844858996332135,0.5163368157233225
218,0.4179860688225423,0.5161496598769256
219,0.4174796283339485,0.5158484136186976
220,0.4165750170167772,0.5150442072021882
221,0.4158603171294026,0.514589810578982
222,0.41517158252828623,0.5142168748379606
223,0.4143685132787803,0.513743825588411
224,0.4138409340511732,0.5134415851297661
225,0.41331177870021546,0.5131656307604103
226,0.41278112978076026,0.5129716494110004
227,0.4123568558764917,0.5129434347286007
228,0.4118679571586193,0.512715481316432
229,0.4112175391369469,0.5123196379563558
230,0.41053882374829104,0.5118387513970213
231,0.40989365675338624,0.5114650280449773
232,0.40926931049615245,0.5110138298208696
233,0.40868719617011007,0.5106884112431409
234,0.4081723111560996,0.510556420666817
235,0.4075907085201775,0.5103454722889793
236,0.40698105329344236,0.5102253528507353
237,0.40659004781177943,0.5102272733165303
238,0.4061935255780795,0.51025088425218
239,0.4056078725028735,0.5099012429795271
240,0.4050685597041587,0.5094166617538098
241,0.40442332478610116,0.5091667531889342
242,0.4039145396366188,0.5088897717505655
243,0.4033211651440796,0.5084682829913065
244,0.40280780509864694,0.5082955958247226
245,0.4021789685728875,0.5079329409914372
246,0.40178786190967986,0.5077683794941317
247,0.4012916049465356,0.5072728650610808
248,0.40054756056617496,0.5065000834788989
249,0.40005439068791643,0.5063402743504439
250,0.3995317073654559,0.5061360951569922
251,0.3991305735231473,0.506134461083479
252,0.39854767912788586,0.505670944306487
253,0.3978637254425297,0.5054376130139295
254,0.39742885851269005,0.5055961156560029
255,0.39633268552521006,0.5047185315303463
256,0.395856097476904,0.5047140997800674
257,0.39545672674853244,0.5046551052901068
258,0.3950278978647023,0.5044620992394644
259,0.3945136275345583,0.5043840800958883
260,0.3939886954252367,0.5040211135279743
261,0.39361968568417827,0.5037263691068626
262,0.3932135122368407,0.5037888542293497
263,0.39271359993807303,0.5035322586431404
264,0.3922644194946787,0.5034286950935601
265,0.39193713140643643,0.503297380688492
266,0.3915392395459527,0.5028861590704898
267,0.3911849877419417,0.5025773668475519
268,0.39081123284039376,0.5023336930284098
269,0.3904660868471001,0.5021438182778316
270,0.3898024874627717,0.5016571457370638
271,0.3894143242632198,0.5015139767608536
272,0.38870979350343915,0.5013832470403458
273,0.3882562302061368,0.5015448745184842
274,0.3878760706121823,0.5015783683857579
275,0.3874822087833271,0.5014893431288977
276,0.3870530105781358,0.5014598402000041
277,0.38655535710294064,0.5014238394494059
278,0.3861809236596618,0.5013077540734207
279,0.38553997507567894,0.501055177248702
280,0.3849899433889974,0.5007615477500635
281,0.3845159451013888,0.5004306453078216
282,0.38396157325939245,0.5003269899291535
283,0.3836134128502383,0.5001239184005164
284,0.38327382873301513,0.5000217353761416
285,0.38293090202249047,0.5000074099197218
286,0.38259422804207976,0.4997427226483252
287,0.3819779278732016,0.49942141804638823
288,0.38149593440604773,0.49917815660292164
289,0.3805827054265482,0.4987976860627147
290,0.38030906512300344,0.4987078308288919
291,0.37984798423826166,0.4986433355882398
292,0.3790878051484945,0.49796643590651785
293,0.37873145536251734,0.4978699243472734
294,0.3783471335740785,0.4977490135838566
295,0.37773705477372854,0.49734351788202913
296,0.37731564296958814,0.49718576459516683
297,0.37670685211171423,0.496897884592284
298,0.3763459084156531,0.4967349259322549
299,0.37606750700736663,0.4968002224363845
300,0.37553049639688674,0.4963874842501848
301,0.37521203466658626,0.49619014950618184
302,0.37482782928135694,0.495788362393438
303,0.37452754545639977,0.4956333218595044
304,0.3741177131539895,0.4952858454099503
305,0.3734861640901754,0.49482769368107604
306,0.37316383200453007,0.4946323816946774
307,0.37265621898325285,0.49440937628636544
308,0.37221697462180614,0.4941045335092275
309,0.3717772011052045,0.4940335534254843
310,0.37128052374690856,0.4937436046085425
311,0.37072279144104003,0.49343652002654337
312,0.3704005258839579,0.49325018439170476
313,0.3701066176783978,0.49331754953087603
314,0.3695838681439585,0.493015299960266
315,0.36918809042103035,0.4929740307137977
316,0.3685513843906638,0.4926163799043441
317,0.36820385087322505,0.49240787614358816
318,0.36766410502698693,0.4923074602085944
319,0.3672331449804809,0.49209427768874164
320,0.36684221952330687,0.49183751502303524
321,0.366448280647226,0.4915598302525373
322,0.3660179429983282,0.4912005160672566
323,0.3656685561583616,0.4911357820196933
324,0.36530950942027246,0.49096896071603613
325,0.36493302258498217,0.49074615629412666
326,0.36448532754669755,0.4907532628320341
327,0.3641779295963011,0.4905358182797954
328,0.36384510468725834,0.49021391385640717
329,0.36340449401147296,0.4898939857492355
330,0.3628145048425176,0.4894733856188304
331,0.3624047269579723,0.48945316856867116
332,0.36209496743302994,0.4893081182259945
333,0.36170176822676275,0.48929360061794774
334,0.3612138921404381,0.48881849524004684
335,0.36066212780607004,0.48834067457634034
336,0.36003701545560124,0.4877936439026677
337,0.3596502643587637,0.487727793953097
338,0.3592240195849962,0.48751567648673994
339,0.35893338574203526,0.487225307923725
340,0.3585089459776431,0.4869816824248265
341,0.3580622666557178,0.48673300776738226
342,0.3576577866590034,0.4862956155752624
343,0.35730292134811475,0.48613109208206107
344,0.35685326893828434,0.48583089077698133
345,0.35653066077457835,0.48577280120160216
346,0.356144130310021,0.48565280281157625
347,0.3558338528991304,0.48557228238889577
348,0.3555094740482346,0.4854422931525114
349,0.3550563025539983,0.48515695357305777
350,0.354657191706238,0.4852471100978322
351,0.35423553422925125,0.4850860649992347
352,0.3538007467657003,0.48484059181370887
353,0.3532966297230043,0.48459935903495227
354,0.3528294184329156,0.4844600501698684
355,0.35230167803009826,0.48421030662349934
356,0.3517645393768151,0.4840751991992189
357,0.3514630788651457,0.4838396284294682
358,0.3510321084755793,0.4831989823553766
359,0.350691948640485,0.48293108914102556
360,0.35033397301952657,0.48287516042161965
361,0.34994043140785625,0.4827388847605559
362,0.34954413215205826,0.48277363153544
363,0.3491131506093595,0.4825556115897791
364,0.3488073654918498,0.48243497540389285
365,0.34839926401779536,0.48225167278729925
366,0.3480685690725833,0.48232491585102916
367,0.34772321630655856,0.48216947592800974
368,0.34735079246892225,0.4817215761016494
369,0.34696724306054866,0.4813145486395919
370,0.3466502438566272,0.48112670827105963
371,0.34626457347070566,0.4810763432813212
372,0.3459255718297042,0.48090416854703066
373,0.3456680132138633,0.48082766918176933
374,0.3453036102852409,0.4805763273620291
375,0.3446572667068583,0.47973481328665757
376,0.3443429838869157,0.47963431658429206
377,0.3439550817430896,0.4793887927852127
378,0.3437358608586131,0.47929838534793595
379,0.343345767293579,0.47925858937732124
380,0.34290110201344304,0.47928749966383805
381,0.3425362795435206,0.47935202711275793
382,0.3421709046849733,0.4791439219507311
383,0.3419400393608553,0.4790552619965608
384,0.3415552470708146,0.4789380271917749
385,0.34119245354836497,0.4787207285887481
386,0.34085862712156884,0.4786770051466996
387,0.340566557869103,0.4783809249673836
388,0.34012106272278886,0.47803711532002596
389,0.3398211519031883,0.4778759479279515
390,0.3394935028182367,0.4778915258511269
391,0.33895982850309414,0.4775994009862627
392,0.33849723009552907,0.4772802036331923
393,0.33825999324745953,0.4770410109516541
394,0.3377570537922055,0.4766734056195097
395,0.3372476011800454,0.47631824983544846
396,0.33694480487252315,0.47628733749849894
397,0.336536626541089,0.47592281931238856
398,0.33612180454510415,0.47592023786451576
399,0.3358443295602702,0.47588796837822744
400,0.33558072456052424,0.4757864960493227
401,0.3352341332600681,0.4755812421672926
402,0.3348113023100776,0.47536969242693067
403,0.334398057394784,0.4751500815120433
404,0.3341306449120877,0.4752446560280658
405,0.33387201860430843,0.4751701681070702
406,0.33355468086378837,0.4750181154275211
407,0.333279851143578,0.4749604259932792
408,0.33303062992374105,0.4748164167666112
409,0.332767689496427,0.47482156377980184
410,0.33247704004027745,0.47491638534011016
411,0.3321335211467977,0.47485602291494733
412,0.3318854105204426,0.4747064319914539
413,0.33161256215110074,0.4747281949580952
414,0.3312662273877037,0.4745666379956077
415,0.33086564534170154,0.4742626938408047
416,0.3305777837919599,0.4739070946298789
417,0.33028546991222296,0.4739091115425454
418,0.32995610722644486,0.4735857784624849
419,0.32960018519790807,0.4734451287168642
420,0.329288204377718,0.47351849120311074
421,0.3289264194451987,0.4732915266885935
422,0.3286198765766882,0.47316927710031054
423,0.32832367109197524,0.47293308457836036
424,0.3279931192507817,0.4729911677650011
425,0.32772572181046716,0.47293736153266797
426,0.32741637156845116,0.4730069274304464
427,0.32698654198509286,0.4727417903250105
428,0.326558167367577,0.4727349881366538
429,0.32619596066126627,0.47276826274362344
430,0.32575540326843705,0.47271052218114523
431,0.32523072223086813,0.47237893739905623
432,0.32492598594489397,0.47229412226055073
433,0.32450927026075793,0.4720095843345741
434,0.3242218583918476,0.47185137380012676
435,0.32398827415281195,0.47179041301240593
436,0.32358643620972927,0.4714988487391341
437,0.32322803603805905,0.471386509179077
438,0.3229353221154518,0.4713996646013732
439,0.32265368263089844,0.47143545761064143
440,0.3223783642509766,0.47139309368456245
441,0.32213461088292356,0.47136292534237906
442,0.32176969878706346,0.47118246958129917
443,0.32144752458218534,0.47109437149274586
444,0.32107424332837153,0.4710564925493887
445,0.32074408881622385,0.4710054830788139
446,0.320397148852149,0.4710976914291005
447,0.3200688582981736,0.4708429154545708
448,0.31956682833814165,0.4705613463040771
449,0.31927497688916784,0.4702015787031052
450,0.3189290105199695,0.46997569856901666
451,0.3184393406769031,0.4696148020966031
452,0.3181604001891354,0.46951126532808657
453,0.3177459266613445,0.46916919778435845
454,0.3174726343005975,0.46888478484306867
455,0.3171175411879194,0.46871229444190127
456,0.31672510467394877,0.4684942820992229
457,0.316367281430142,0.46831444626689256
458,0.3161619847621498,0.46834355757917123
459,0.3159333511216571,0.46835871047051075
460,0.3155975981178361,0.46809155890559345
461,0.31531233305676043,0.46797322920272233
462,0.3150004328346714,0.4675183656205185
463,0.3147777474067726,0.4676319595103462
464,0.3144016513459957,0.46697289752679033
465,0.31415906692193407,0.466832643169028
466,0.31384150948850975,0.4666488946224601
467,0.31349867367000256,0.4666032313904094
468,0.3131567163280859,0.46639790851740154
469,0.3128129243546783,0.4663235322619896
470,0.31252818757330214,0.4663016536733222
471,0.3122407978583717,0.4662221159079363
472,0.31202460067101767,0.4661449967835597
473,0.31170511577271975,0.4660846784518205
474,0.3114922083152096,0.4661345052891388
475,0.3111809592587135,0.46619906559944846
476,0.31089926825982395,0.46606411572149486
477,0.31058212087242765,0.46577571166204296
478,0.3102457893014062,0.46543032619185715
479,0.30996226329943466,0.46520272098975113
480,0.30961205316207246,0.4652505220289057
481,0.3092568756345877,0.46506527778002676
482,0.3089333425386679,0.46515440166179556
483,0.3085379841819516,0.465059769137598
484,0.3082672424333657,0.46490499185781636
485,0.3079929000438377,0.46500848513841364
486,0.30778875281379886,0.46511024638116527
487,0.307581328431066,0.46511467805767936
488,0.30733830468882867,0.4650622802864961
489,0.30708765577726543,0.46481252660777217
490,0.3068127973365966,0.4648827801377309
491,0.3065833695908309,0.4649210629305837
492,0.3063741413145328,0.4648905855217182
493,0.30611493896767933,0.464746960455386
494,0.30577182008627335,0.4643095136247254
495,0.30554299107642435,0.4642341957798524
496,0.30526489630498566,0.46412437496116465
497,0.30493745290713303,0.4638309866716854
498,0.30448179368215195,0.4632210656036048
499,0.30417700783080265,0.46316743747579725
500,0.3038559923965965,0.46302111470284807
501,0.303680669174332,0.46285890330550716
502,0.3033081941211522,0.4628611258336229
503,0.3029951589582334,0.4625925008975117
504,0.30273312238508804,0.4625423392388481
505,0.30256874595615124,0.4624949935458247
506,0.30227506711626023,0.46231698454911035
507,0.3018559291171822,0.4621124241598828
508,0.3015630727987153,0.4620024813602166
509,0.30127122148157226,0.4620148039025344
510,0.3010375385625751,0.4618565651868689
511,0.30073541776947094,0.4619910920330406
512,0.30048414050177613,0.46188302389299546
513,0.30025758679334263,0.46167247647756166
514,0.30003903338589766,0.4614771683616211
515,0.2998454347350377,0.4615333582104955
516,0.29954603260421236,0.4611687627363062
517,0.29926644542538844,0.46112558834097
518,0.29906811318427384,0.46101310843494137
519,0.2988163052245796,0.46086427718149303
520,0.29834209357938446,0.4605483907712568
521,0.2980247211866991,0.4605170539076434
522,0.297813914598922,0.46030383998322477
523,0.2975402606277829,0.46025811085062535
524,0.2972093583589399,0.4600818757851832
525,0.29691043607344514,0.459922325970818
526,0.29669089516018926,0.45981920994209363
527,0.29651537293617425,0.45984311662449207
528,0.29625795810288924,0.45972098320792254
529,0.2959328890701335,0.4593019536606879
530,0.29562298634320855,0.45911763324546606
531,0.2953657442294621,0.45880284559176043
532,0.2951403555528916,0.4586952287897007
533,0.2949071282177986,0.4585470274681566
534,0.2946275180673464,0.4582993042559014
535,0.29422383442840394,0.4579433319179936
536,0.2939220950090655,0.4579417693553197
537,0.29368220313969956,0.4578225641110442
538,0.29345643210992645,0.457615775098088
539,0.2932919825610468,0.4576604497667259
540,0.29297429910136114,0.4575371250889462
541,0.2928042163637769,0.45748727673705614
542,0.2926256739628463,0.4574668852580655
543,0.29225884445450867,0.45743634991651666
544,0.2919858504761925,0.457222446127059
545,0.29175353201103743,0.45727460950327264
546,0.2914987310354187,0.4571347864516988
547,0.29123693402142875,0.45720960045942777
548,0.29098468385893345,0.4570328274074277
549,0.2907783047091985,0.45702300266659107
550,0.29063390673247025,0.4568760869122006
551,0.2903476905598434,0.45664836817023935
552,0.2900743361104043,0.45654578952717123
553,0.28980006992981777,0.4563302192205902
554,0.2896195640287852,0.45620207691335324
555,0.2891636633017273,0.4559838887992643
556,0.2888256351726799,0.4557797727922984
557,0.28855989578589564,0.4557936035246938
558,0.2882384014641501,0.45545141820637497
559,0.28797737760037073,0.4552121748328838
560,0.28772469320528987,0.45528698783513544
561,0.2873702352725632,0.4551576451696426
562,0.28701876351307426,0.45494337434533183
563,0.2867473835546434,0.45476845214909817
564,0.28653976781877294,0.4547286122075512
565,0.28626691692620077,0.45459842872535045
566,0.2860684758735914,0.4545541205537833
567,0.2858129963880035,0.45441084212626426
568,0.2855942735879156,0.4543790256049453
569,0.2853511108521294,0.4542735535059107
570,0.28508916168399234,0.4542177210154115
571,0.28481603062735117,0.45405812441210414
572,0.2845689399876729,0.454057549042663
573,0.2842117685581929,0.4536767112629575
574,0.28399523013902106,0.4536412870992166
575,0.28372175804127303,0.4533485705258394
576,0.28349480102006624,0.45323479625960517
577,0.2831979004575244,0.45297898971802075
578,0.2829992632318314,0.45293595585721824
579,0.28280735228608894,0.45292327723507037
580,0.2825180787362329,0.45283955514418267
581,0.2822258131212763,0.45263854663942077
582,0.2819961385971576,0.45254930290864165
583,0.28177803852978983,0.45251810541696563
584,0.2815235521200499,0.45238912194109004
585,0.2811760140962257,0.45201841700967
586,0.28091107252652014,0.4517768912589637
587,0.2806933452515832,0.4516901535307364
588,0.28038796765351637,0.45152184115204497
589,0.2801598874842028,0.4514874644488255
590,0.2799331335115181,0.4512826456868303
591,0.27970655093133123,0.4511733809906593
592,0.27936477369179247,0.4511229056588415
593,0.27914467093522943,0.4510400742006726
594,0.2789510334181642,0.4511333565019957
595,0.27876873102023436,0.45084600530969116
596,0.27855969102591344,0.4507318751497087
597,0.2782961026955555,0.45072634365805314
598,0.27810516976605343,0.45076957862051537
599,0.27779660992015165,0.4507545033075566
600,0.27757098146944165,0.45070930524823083
601,0.2773157773928657,0.4505215250442578
602,0.27704060786931073,0.450259029081055
603,0.2767540121810984,0.4499123108084137
604,0.2764754718828162,0.44982425553516253
605,0.2762814674038547,0.4498696751579398
606,0.2760316112098164,0.4498129529975333
607,0.2758612401393539,0.44977265432902924
608,0.27553892254007306,0.44976942231524675
609,0.2753169129145083,0.44972397538773723
610,0.2750844944147887,0.4494155736755865
611,0.27492074517317,0.4495653960539005
612,0.2746817299711568,0.4493217091025563
613,0.274325555408956,0.44908105654361014
614,0.2741602988174713,0.44899573656585984
615,0.27394954292796075,0.4488784273560256
616,0.2737524362621055,0.4488079337025024
617,0.2735906406180686,0.4488362114707741
618,0.27332546509521144,0.4487214334607606
619,0.2731221028247417,0.4487563771650832
620,0.27295580597445546,0.44875131202975427
621,0.27278495731890584,0.4487757011436112
622,0.2726070344257571,0.4486721682653478
623,0.27236212025433226,0.4486323408008676
624,0.27210377199816693,0.4485524708540624
625,0.2719323204086135,0.44860851607856794
626,0.27170745598528007,0.4482488069518044
627,0.2715308531473486,0.44823547151234044
628,0.2712912988225179,0.44822066745889005
629,0.2711443806241879,0.4481534154010541
630,0.2709855167035749,0.4480419141856972
631,0.2707374359623539,0.4476484697399153
632,0.27037854984506987,0.4473460006010774
633,0.27016348371363114,0.4470772322600433
634,0.26997004474344405,0.44695389410094183
635,0.26975819195223283,0.4469271393584138
636,0.2695285054092592,0.4469619603764571
637,0.2693378795958717,0.44694991674427087
638,0.2690952356099623,0.44677259349846177
639,0.2688853782240553,0.44673660643379715
640,0.2687367562364167,0.44681850381064486
641,0.26846127418368904,0.4466303242897616
642,0.2681632531805912,0.4464980584683523
643,0.2679665393968994,0.4464416607847979
644,0.26778941355064667,0.4462712587732884
645,0.26752596232248943,0.446259806982036
646,0.26733362893273205,0.4460827575639405
647,0.2670777227190932,0.4459583960509567
648,0.26688285008237833,0.44584210845482836
649,0.2666902433613775,0.44578801219540304
650,0.26649970766528563,0.44568242202867697
651,0.2663013671201531,0.4455240776039482
652,0.2660970456556117,0.4454636257732071
653,0.2658999310711588,0.44542028321261595
654,0.2655248392898815,0.4451272233306216
655,0.2653715683642078,0.4450142536902096
656,0.2651792730233864,0.4448325746266987
657,0.26496828726390825,0.4447126646633399
658,0.26467959438776156,0.44463709136760576
659,0.2644768132271999,0.44460250514568217
660,0.26425964643675803,0.4446865954287199
661,0.2640003307440207,0.4442930138957244
662,0.26378724477091,0.4442643423795129
663,0.2635144476036357,0.4441732763041856
664,0.2633324033679964,0.4441889342261071
665,0.2631254726548411,0.4442251549806286
666,0.2628608244794309,0.4441800956256627
667,0.26266772284925216,0.4440034429545101
668,0.26248731544020476,0.4440571425987646
669,0.2623198632224421,0.4440943069778399
670,0.2620331750782651,0.4440023501087661
671,0.2618915901999031,0.44393693693590447
672,0.26171373633931166,0.4440199968933
673,0.2615829299163702,0.4439248249135252
674,0.26128161069248745,0.44385759463999375
675,0.26109119033942446,0.4436927495494914
676,0.26086406204058254,0.4435166410582719
677,0.2606920156118825,0.44339982553806645
678,0.26052378864085635,0.44329170902238696
679,0.26025034295373245,0.44311129404013355
680,0.26006710140374534,0.4431460000333396
681,0.2598949236310295,0.44330173139084433
682,0.2596698749374126,0.4431401391400859
683,0.2595116972343192,0.4431839480028329
684,0.2592883632585304,0.44323000329157103
685,0.25909152456957024,0.44315112583861155
686,0.2588816680424387,0.44299276962765083
687,0.2586519369288642,0.44299514551985997
688,0.25845418526951053,0.4429760453699661
689,0.25827443908419023,0.4430626638041918
690,0.2579800749369784,0.4429376676061728
691,0.2577892431460034,0.4427968910726711
692,0.25762223035070647,0.4427227016490634
693,0.2573609092225108,0.44255734079405973
694,0.257195687839427,0.4425250514835069
695,0.25705488438961144,0.44246712782827036
696,0.2568573303762572,0.4426783042788152
697,0.2566133645611317,0.4423820859090335
698,0.25632407530530554,0.44211638919913043
699,0.25614948709190655,0.44215886965974555
700,0.25597886004828313,0.4420448386533886
701,0.2557868701460959,0.4418985918176777
702,0.2555889333040109,0.44180309992420824
703,0.25536407187128524,0.4418291227062317
704,0.255201625047043,0.44182917647544423
705,0.25496400669998565,0.4416852738762696
706,0.25478442171965077,0.4415526479447962
707,0.2545825307141307,0.4415642622666989
708,0.2544288262865976,0.4416288518361827
709,0.25415932531460755,0.4415012293053914
710,0.2539840337688237,0.4413903250615166
711,0.2537868661025207,0.4415174804312782
712,0.25360684094363395,0.4414232783825114
713,0.25347578139775334,0.44139810915846867
714,0.2531873496406111,0.4412176777356065
715,0.25303090652657273,0.4411223002609502
716,0.25284982252340454,0.441132425920224
717,0.25266767426076814,0.4410619052518889
718,0.2524916483317806,0.4409661251916927
719,0.25228894662004514,0.4409140693592476
720,0.2521593519751581,0.4409513178814642
721,0.25201036954175665,0.44081743603976764
722,0.25183353449699797,0.44071061698168085
723,0.25165512214738955,0.4406959798751189
724,0.2514951953258352,0.44057780278977
725,0.2513089879618167,0.4404743272647548
726,0.25105468197168423,0.44031476837770317
727,0.250881354590416,0.44024654236891525
728,0.2506785582581059,0.4401866136303071
729,0.2504653786923352,0.44014114190384335
730,0.2503043786231297,0.44005517062260846
731,0.25011715820294333,0.4399013104912392
732,0.24996619472664885,0.4399784071841666
733,0.24981595306442003,0.4398727655670426
734,0.24957986792068015,0.43964714326970855
735,0.24939028863359491,0.4394870521862551
736,0.2491783532524158,0.4392568025131037
737,0.24902306220536655,0.43936652797939474
738,0.24878670934753713,0.43921227935360374
739,0.2486205637343015,0.4392551772465804
740,0.24840918471496876,0.43905854439535413
741,0.24827570629160908,0.4389918856600072
742,0.24809685464487322,0.4388251143621518
743,0.247916179816186,0.4387957803102031
744,0.24771877821543434,0.43863419549734667
745,0.24745403872931734,0.4384395375550029
746,0.24722605411871132,0.4384425473004849
747,0.24701649098692155,0.4384801507384468
748,0.24681874734921444,0.43849619737254675
749,0.24663870200834673,0.43855444311445047
750,0.2464632583915163,0.4385276348109157
751,0.24627552643628398,0.4384825139839892
752,0.24614282063964665,0.43864073639346984
753,0.245980197146199,0.43855164740985414
754,0.2458240486417404,0.4383881700952156
755,0.24571351788790335,0.4383235842584569
756,0.245530826151267,0.4382940124469296
757,0.2453342048030055,0.43824958487963755
758,0.24515515016098996,0.43817386070412284
759,0.24498416247482838,0.438114764433181
760,0.24481705761869307,0.4379348416252324
761,0.24467584421523306,0.4379090827142051
762,0.24445104389061453,0.4376821475090749
763,0.24426520064838808,0.43755538129744836
764,0.24411873278499202,0.43754954517998335
765,0.24400421391275032,0.4374587901109042
766,0.24377394714363618,0.43740775278483046
767,0.24357736521414522,0.4372726439693579
768,0.24334240200642715,0.43697748156978905
769,0.2431933153433945,0.4368564588007649
770,0.24292880743791037,0.4365867028170845
771,0.24277369270555615,0.43648165293810937
772,0.242616789366752,0.43656442226164704
773,0.24247927028671243,0.43661683797492956
774,0.24233733427794427,0.43665137869213644
775,0.24217505568976752,0.4366780139989083
776,0.24199283085289738,0.436543008696879
777,0.24185176828132687,0.43641395568882724
778,0.241667776795564,0.4362758128241096
779,0.24147648196949406,0.4362002325302981
780,0.24130814452697985,0.4361197889325635
781,0.2411538750988687,0.43608682440249175
782,0.24096136724780987,0.4360625035435149
783,0.24077741434524336,0.4359199503078303
784,0.24059224574514881,0.43579021593063255
785,0.24040441496850085,0.43581846436970856
786,0.24025215404722827,0.4357050042958236
787,0.240089385246464,0.4354152147630205
788,0.23994661110983703,0.4353736924522273
789,0.2397819121862023,0.43525153226723257
790,0.23962494848152,0.4351923616252184
791,0.23948182762247153,0.43510709393018643
792,0.23927413194569133,0.4348919101039631
793,0.23915190553503543,0.4349235744496698
794,0.23898915120546121,0.43501977875091224
795,0.2387770352069337,0.43489734089283827
796,0.2385837745185587,0.4348871172325372
797,0.23841375244806554,0.4348629365594819
798,0.23826074904980366,0.43488008893385316
799,0.23812162536538337,0.4347613488722489
800,0.2379269117391702,0.434592572328797
801,0.23772323383747807,0.43456886098804054
802,0.2375683253547426,0.4346986010023266
803,0.23742384724401971,0.43457393038484016
804,0.23728156832544275,0.4344533533146137
805,0.23710533733845326,0.43430150499252557
806,0.23695232953275683,0.43427146476792083
807,0.23677253006976148,0.4341756550109854
808,0.2366322145833369,0.43416140185731766
809,0.23646312211408596,0.4342226772297616
810,0.23635829990788823,0.4342156411445649
811,0.23620934672787836,0.4341474543316582
812,0.23600978825912305,0.4341794823171994
813,0.23578204436302644,0.43397341912215137
814,0.2355864970777759,0.4339054698674678
815,0.23538493899954416,0.4337754925039044
816,0.23518142806902173,0.4336649062581671
817,0.23499487828576657,0.43357007063349395
818,0.23485573061252737,0.43367602344674777
819,0.23465629290063586,0.4335509875019958
820,0.2345131014927587,0.4335079100211781
821,0.23428315249615683,0.4332428722171401
822,0.23407424615148845,0.43326180457598884
823,0.23393086312659925,0.4332612686101144
824,0.23378458249634332,0.4333644812620069
825,0.2336111495621678,0.4332754773352463
826,0.23347500884826747,0.4332397644188602
827,0.23336786574691074,0.4331719111495559
828,0.23318875638600842,0.43312886893676616
829,0.23303787014501445,0.43297146352599314
830,0.23285359348491172,0.43283186153361985
831,0.23267094277592,0.43287583884265884
832,0.23249543250281834,0.43270773351951997
833,0.23232094287462443,0.43263568217062565
834,0.2320670224232619,0.43230395539411526
835,0.23190387744366375,0.43233995662144875
836,0.23173766175826607,0.43242311242869924
837,0.23159905080335605,0.43235016902149115
838,0.23147155977638445,0.43241170795939843
839,0.2313100940459751,0.4325582683427034
840,0.2311901896905411,0.4326367764849987
841,0.2310523329352958,0.4326194777401457
842,0.23092227675826332,0.4325425837846841
843,0.2307103056685778,0.43234397737735625
844,0.23053565142898327,0.4323441448567329
845,0.23037721263029157,0.4322918236359573
846,0.2302371479723926,0.43236188507258355
847,0.23013278983300306,0.4323712598982545
848,0.2300052701011934,0.4323626988258029
849,0.22980465247077594,0.43234043726717764
850,0.22955654092061892,0.4320647229903398
851,0.22931798319327154,0.43195835035021474
852,0.22915873198296002,0.4319544869464319
853,0.228984625372978,0.4317973743420009
854,0.2288217863149561,0.4319104410095483
855,0.2286512578252997,0.43180425147486795
856,0.22850822337862858,0.4316746687453389
857,0.22833729331859504,0.4315583209254131
858,0.22812726937177163,0.4314860454401039
859,0.2279686311425683,0.43152659467657534
860,0.22777306046976273,0.43146176117483215
861,0.22760626541782356,0.43139115701170827
862,0.22741161948737756,0.4311926256803637
863,0.22730677909013514,0.431345050200457
864,0.22712313519456923,0.4313049913564266
865,0.22695383851328432,0.4314090088911147
866,0.22681618987020905,0.4314847559677632
867,0.22658396103595183,0.4312814081926831
868,0.226346168250444,0.4312568256154591
869,0.22618043458119902,0.43120516111632906
870,0.2259956113087027,0.4311901610858849
871,0.22576405601355748,0.4310401014059805
872,0.22562882525617883,0.4310066577894165
873,0.22550488228904028,0.43096162061745896
874,0.22536067325006556,0.43092754569078423
875,0.22522020525244113,0.4307462674800817
876,0.2250971373696989,0.43072612865686866
877,0.22496908376013647,0.4308045591737361
878,0.22483128405328495,0.4307197013348558
879,0.22465919147208022,0.4307535749685295
880,0.22450227413162588,0.43064548703068645
881,0.22430751450873326,0.430710017358906
882,0.22418464436047794,0.43075377461403924
883,0.22400975110777444,0.43070865081641385
884,0.223869946527097,0.4306739525311915
885,0.22376170372135734,0.4305458314672118
886,0.2236354464917248,0.4304654732409886
887,0.22351979263489485,0.4303699045992817
888,0.22340531070449335,0.430428820606446
889,0.2232864659547237,0.4302746612630063
890,0.22312036794228207,0.43020152333437145
891,0.22299013402520887,0.43006113227015164
892,0.22283581220136814,0.43004458536323537
893,0.22270822942552557,0.42990034722548437
894,0.2225624630818196,0.4296774657743817
895,0.22241807050037476,0.4296861062384276
896,0.22223799303247405,0.4296633042156528
897,0.22210057875295167,0.4296974982462934
898,0.2219282807638007,0.42960082673941397
899,0.22182202053669012,0.4295477825504157
900,0.2216788135934329,0.4295209041574278
901,0.22151170101398443,0.4293645993578073
902,0.22141765144183995,0.42925743962306695
903,0.22128541302248972,0.4292670237367972
904,0.22118111309298236,0.429271106814502
905,0.22103601759979952,0.429331064780904
906,0.22089197612959102,0.42913908685207647
907,0.22071234068528886,0.42896915752436526
908,0.22058640133986734,0.42886795081573487
909,0.22045030440649344,0.4288540538927501
910,0.2203160332280711,0.42868206870537673
911,0.2201722127052402,0.4286513357602103
912,0.22008164633311203,0.42861988677587554
913,0.21994209507906498,0.42859302502932756
914,0.21980026740540135,0.4286262112062335
915,0.21965498008446685,0.42873942739897763
916,0.21950282811129102,0.4287878442365491
917,0.2193770164227831,0.42883208448592325
918,0.21924091472327065,0.42878101215171177
919,0.21908121897079585,0.4288226638731725
920,0.2189422128585415,0.42889186125698736
921,0.21880940646517316,0.4288710087035025
922,0.21861320801504905,0.42882013142524084
923,0.2184529707526107,0.42867326819724016
924,0.21832876722939384,0.4286025434526113
925,0.2182133681206476,0.4284616595872727
926,0.21809298547161834,0.428364364593707
927,0.21798096329709782,0.4283049711809507
928,0.21782249404597562,0.42828755654305334
929,0.21767317081656032,0.4281882782976467
930,0.21755277489925837,0.42800690253088164
931,0.21744449727583595,0.4280901423355837
932,0.21732458051238146,0.42798617523141236
933,0.21721803052617628,0.4278661301021543
934,0.21704946402645697,0.4276878743880892
935,0.2169281965520682,0.427592309309392
936,0.21679480584232924,0.4275623014863619
937,0.21665280926757352,0.4275172352011355
938,0.21651058418250888,0.42757772776467745
939,0.21640148991616334,0.42752146369139465
940,0.21628126496087755,0.42742126347520326
941,0.21616564260390528,0.4274113999291398
942,0.21599567304564715,0.42738484043895225
943,0.21586958883329618,0.4275332919821895
944,0.21575455279040184,0.4275713111910904
945,0.21551360903257163,0.4274861162251515
946,0.21539251519418015,0.42749209264561056
947,0.21523469732667305,0.42738551662611723
948,0.215083573346349,0.4272636094016818
949,0.2149957246174006,0.4273096433693303
950,0.21487952263633567,0.42709128879764907
951,0.214752305951395,0.4269693666524869
952,0.21464121260147154,0.4270505996407491
953,0.21448634200993846,0.4270468513641225
954,0.21428458652583693,0.426899486779561
955,0.21413722785455366,0.42671918962348965
956,0.2139870720490232,0.426602644104041
957,0.21384220203455165,0.4265955995409798
958,0.21372734382145658,0.4265806150912457
959,0.21358692272270777,0.42652384322500475
960,0.21342317572584263,0.42640722376104645
961,0.21329816253272924,0.42635584441518926
962,0.21316378463565774,0.4263521147584726
963,0.21304339741230138,0.42629072885152963
964,0.21287000874272133,0.4262561390345213
965,0.2127614844237511,0.4261691220398292
966,0.21260501760559128,0.42602218319878216
967,0.21247995220720808,0.4260219144784269
968,0.21232237393254075,0.42595518105665336
969,0.21213557127261523,0.42578060806207946
970,0.21202909308044499,0.4258778289988816
971,0.21191895296636606,0.4258320059682603
972,0.2118087263368557,0.4259054029438948
973,0.21163234305115605,0.42584240457836264
974,0.21152914010822502,0.4258428122592564
975,0.2113879674718591,0.42582644767932776
976,0.2112998998290672,0.42578053143353434
977,0.21113887715278867,0.42578263585351706
978,0.21100916507555267,0.4257957942105131
979,0.2109031490100953,0.4258335388043462
980,0.21079338377838566,0.4257066624996472
981,0.21066010970939011,0.42571642527578035
982,0.21053541230158626,0.4256815296361638
983,0.21040336916565774,0.4257476930099808
984,0.21025965569125057,0.42567726513777393
985,0.2101539707655625,0.42562266916836966
986,0.21001048403712702,0.4255768196028028
987,0.20988496753038596,0.42543559410019377
988,0.20976133763548419,0.4254638916421443
989,0.20965905745995012,0.42538774561251563
990,0.2095661534625934,0.4252921279348964
991,0.20947136856487963,0.42542567153208644
992,0.2093641731306228,0.42535576674875925
993,0.20926004814820964,0.4254895389180138
994,0.20910993517664547,0.4253712386626957
995,0.2089483738482241,0.4254262997390121
996,0.2087900091869332,0.42519607839323575
997,0.20866371957440433,0.4251218335367788
998,0.20856267088418318,0.42492840041277224
999,0.2084455188624159,0.4249734751825018
1000,0.20830660632818646,0.42505451140070544
1001,0.20820938927868152,0.42513314491870224
1002,0.2081187388211067,0.4251342510156642
1003,0.20793898198261646,0.4249889558907554
1004,0.20779216007797333,0.42506418400642204
1005,0.20769674272010258,0.42513998024920036
1006,0.20757349154394322,0.42508372105862197
1007,0.207446981144349,0.42506195111231193
1008,0.2073254960034374,0.42508464147238434
1009,0.20723636387028543,0.42513377091105653
1010,0.2071075589906309,0.4249802991119475
1011,0.20697697308716725,0.4248885494101893
1012,0.206849203415461,0.4249393353477929
1013,0.20674872607272568,0.42496865087986563
1014,0.20662493909442833,0.424857091307478
1015,0.20651958263230907,0.4248717938393821
1016,0.20636275869674145,0.42472192106896006
1017,0.20626231722984067,0.4246322471356158
1018,0.20610556732903246,0.4245362699249348
1019,0.20596913381457088,0.4245560268973335
1020,0.20584719931785447,0.42466830508697456
1021,0.2057231472103709,0.4246643830958117
1022,0.2056206060699056,0.424665413896279
1023,0.20549237057390166,0.42468013562413137
1024,0.2053717775637716,0.42477295958129263
1025,0.20523722065090563,0.4247967559585593
1026,0.20505487174737072,0.424728738215357
1027,0.20492245414440424,0.4246380834083412
1028,0.20479511826261573,0.4245954678633876
1029,0.2046871762760735,0.4246101623307272
1030,0.2045546812307611,0.4245099859946855
1031,0.20444832956733308,0.42447354694650463
1032,0.20430987329235623,0.4243942891469958
1033,0.20419585244192184,0.42436787721152375
1034,0.2040205404315316,0.42433399451339365
1035,0.2038812816774561,0.4243049592185425
1036,0.20375787553554184,0.42417463497016344
1037,0.20364712043969363,0.4241475890682518
1038,0.20354580015707,0.42407009719494837
1039,0.2034398999812561,0.42394997915616256
1040,0.20334721169941422,0.42386131734952304
1041,0.20320007291681882,0.42373791949449763
1042,0.2030814610672951,0.4236688893885687
1043,0.20296323072591793,0.4237609260664663
1044,0.2028361029275957,0.42370902640583413
1045,0.20271773738869955,0.42360958059990406
1046,0.20258426439946386,0.4236153677954062
1047,0.20245264397936982,0.42357544255414686
1048,0.2023134387798712,0.4235282695589314
1049,0.20221539421856158,0.42341469140203336
1050,0.20206852690981342,0.42332881403771766
1051,0.2019048289095623,0.42328888870106
1052,0.2017804751992272,0.42330086414076007
1053,0.20166621600407303,0.42319980318924116
1054,0.20155341970865356,0.42320496753497017
1055,0.20141912256228986,0.42324143829808786
1056,0.20129489527767325,0.4231912077868755
1057,0.20122292516578355,0.423173900158763
1058,0.20112696842683447,0.4230698455953534
1059,0.20097993551018836,0.4229104513502639
1060,0.20085331787470526,0.4229134484100717
1061,0.20071904936762155,0.4228554303676444
1062,0.20062270771856827,0.4228781162954085
1063,0.2005337330343033,0.42282989988643643
1064,0.20034675029296464,0.4227025992788464
1065,0.20019870221638117,0.42238874966351186
1066,0.20007870354694343,0.42234535276844576
1067,0.1999751043341955,0.4223196675013093
1068,0.19987310423522678,0.42240948708566045
1069,0.19974299610068086,0.4225296873729042
1070,0.1996144809012232,0.4225455774850273
1071,0.1994958163623996,0.4224330593516253
1072,0.19936176355280663,0.422346469506768
1073,0.1992457816658721,0.4223315063290852
1074,0.1990821487823832,0.42221804876362673
1075,0.19898971985185332,0.42216876241264906
1076,0.19891544377350262,0.422094858753
1077,0.19877972270636346,0.4221509641091808
1078,0.19863927836437098,0.42209461570185947
1079,0.19854526865247682,0.4220875091746347
1080,0.19843668656789043,0.4220431166750248
1081,0.19833018715882442,0.4220148306003301
1082,0.19820182164614428,0.42192741988096144
1083,0.19808086951803988,0.4218907050842554
1084,0.19794234873390168,0.4218403981928368
1085,0.19776343131846089,0.42167147502674673
1086,0.19767367700427768,0.4215148814793674
1087,0.19757165382617603,0.4215987171389232
1088,0.1974520514584109,0.4215705367324343
1089,0.19732773978607382,0.42163803350011575
1090,0.19720299388763737,0.42162999997398315
1091,0.19708761237183933,0.42164568426719184
1092,0.19699492813487912,0.4215996498476604
1093,0.19686431937257173,0.42159234022681713
1094,0.19675613589188362,0.4214913519175747
1095,0.19663102791450432,0.4213193280141926
1096,0.19650752765923094,0.4213586900850157
1097,0.1963920165650688,0.4213382324358178
1098,0.1962543082406263,0.4212442690355203
1099,0.19607953705448358,0.4211867129435517
1100,0.1959236397970699,0.4211770625582837
1101,0.19581113899591723,0.4211194988124964
1102,0.1957008697201961,0.42112294069925343
1103,0.19555736900041776,0.4210319484943599
1104,0.19547131695405487,0.4210174078872196
1105,0.19532820356868638,0.42117231177137754
1106,0.19523316478997577,0.4210769339990922
1107,0.1951196616064877,0.4211915636631427
1108,0.1950057267254038,0.4210590658534048
1109,0.1949209171105924,0.42106485125648746
1110,0.19482339545180552,0.42103565017258715
1111,0.19468944615090708,0.420982375851025
1112,0.19459141575940103,0.42098201489566006
1113,0.1944448577357583,0.4207505042476873
1114,0.19432064928443832,0.4207034884048194
1115,0.19420488628125562,0.42074446189903975
1116,0.19411935237553757,0.4208741597664587
1117,0.19401192872130568,0.420809259103959
1118,0.19391656844306113,0.42076944738758637
1119,0.19381816850319397,0.4207297404259361
1120,0.19374758007958034,0.420651527092702
1121,0.1936335083474282,0.42050451818836787
1122,0.19348783862528865,0.42054397983725783
1123,0.1933982524806784,0.42057156706095933
1124,0.19329290444068603,0.4205854003275849
1125,0.1931338697861815,0.4203445695636642
1126,0.19298517657593345,0.4203164659328572
1127,0.19286450539020614,0.42035896699449027
1128,0.19269411326508176,0.42034206016533654
1129,0.19258341392744283,0.4203529102940221
1130,0.19248801761790318,0.42021284638783796
1131,0.19239893951169765,0.4202251649840166
1132,0.19227438480321354,0.4202062079915698
1133,0.19213568555537963,0.4201879761346359
1134,0.19205642771656417,0.42012819335929136
1135,0.19193596769258725,0.4199806996402044
1136,0.19180587969954876,0.41997025953957523
1137,0.19170649802239517,0.41979784672644566
1138,0.19161204540997537,0.4198075588887481
1139,0.19150564890679836,0.41974446240256985
1140,0.19142465587540158,0.41968558603311074
1141,0.19130384569929365,0.41962344925898243
1142,0.19120529485306076,0.41956799545350776
1143,0.19109470832867376,0.41946180182267023
1144,0.19099405010788997,0.419363260089008
1145,0.19088530819811536,0.4193429689269565
1146,0.19077920418646035,0.41927958658155445
1147,0.19069795068853806,0.419188849207839
1148,0.19058572301292512,0.4191782516302409
1149,0.19050784271807195,0.4191042866838361
1150,0.1904082159725842,0.4189980240282735
1151,0.19030646970822188,0.4189854139947173
1152,0.1901833478199393,0.41896616974685574
1153,0.19005414409584528,0.41908026156254014
1154,0.18993524528840527,0.4190370946330499
1155,0.1897770326283121,0.41914759662535195
1156,0.1896857827141622,0.41910858995060196
1157,0.18956528302619888,0.4191065175434037
1158,0.189449171810023,0.41912637451636764
1159,0.18935197639307497,0.4190532810194845
1160,0.18925153693277302,0.4190879248770709
1161,0.18911454493509597,0.4190709396110542
1162,0.18902334040478455,0.4189834836496969
1163,0.18895016509469648,0.41886821306368743
1164,0.18884630346900771,0.4188845539315482
1165,0.18875126827212735,0.41889508823291716
1166,0.18868876088796205,0.41882599091201683
1167,0.18857930073613052,0.4189793873205016
1168,0.18845442591151954,0.41894480389568817
1169,0.18833275158423793,0.4189922432792576
1170,0.18823223980567846,0.41904747346064325
1171,0.18810158900725968,0.419061869643093
1172,0.18801943424886455,0.4190110710600634
1173,0.18788774381488535,0.41910856482624037
1174,0.18776930877292067,0.4192302106108489
1175,0.18770011730049316,0.41915931215360785
1176,0.18759403932763402,0.4191108138064105
1177,0.18748591808941661,0.4192616899157025
1178,0.18737382452488294,0.4191531716680954
1179,0.18726203219029985,0.41902716676845975
1180,0.18714968925311612,0.41907953084685856
1181,0.1870510018012376,0.4190759458666833
1182,0.18695997724233418,0.41897986457775
1183,0.1868514538874969,0.4189593839242459
1184,0.1867628835001002,0.41888381114385026
1185,0.18664533885972745,0.4189623955763205
1186,0.18654515295499718,0.41896389666527367
1187,0.18642445617853481,0.4189127382209552
1188,0.18631102067229952,0.41888100717040266
1189,0.18622230033809303,0.4188583751803794
1190,0.1861120860199887,0.4187611586012269
1191,0.1860118894294154,0.41878981501328966
1192,0.18590209063962745,0.4186970704993432
1193,0.18581578779566438,0.4187103557314385
1194,0.18565821983284173,0.4187010888083452
1195,0.18557372165136501,0.4186752890301805
1196,0.18546218988297694,0.4186114816872662
1197,0.18536459282209333,0.41859914244763424
1198,0.18524863065089314,0.41858158648633575
1199,0.18513267215111665,0.4186919849718306
1200,0.18500168767823208,0.41856231726151205
1201,0.18491277834049613,0.4184384480557398
1202,0.18482695391896173,0.4185077513433712
1203,0.18471211596590567,0.41851822390296195
1204,0.1846283747385982,0.418465765001903
1205,0.1845483513418316,0.41838268824713903
1206,0.1844668857233723,0.41843924331235216
1207,0.18437892114734805,0.4184095421578011
1208,0.18430864573813519,0.41844589972856844
1209,0.1842436646293494,0.4184477740470743
1210,0.1841338924118654,0.4183743285563267
1211,0.18404474670235765,0.41825478404643834
1212,0.1839420951073725,0.4182140388000673
1213,0.18384134901642224,0.4180992600011468
1214,0.18374648738703905,0.41816085283192794
1215,0.18362740062616495,0.41806836226528804
1216,0.18353757262250386,0.41803684068477565
1217,0.18344512829939205,0.41799439110317216
1218,0.18337406834124634,0.4179741758927104
1219,0.18322191403471513,0.41793651888360767
1220,0.18311517716149672,0.41784051440954045
1221,0.18300462944522958,0.41781067334531524
1222,0.18287591191718772,0.41771454010614745
1223,0.18278837985150115,0.41776300412156386
1224,0.1827224597273452,0.41774969286752434
1225,0.18264374793067462,0.41782877502519217
1226,0.1825530158456135,0.41785300743501186
1227,0.18246994691926038,0.4178125150607179
1228,0.18237361750092818,0.41768092860178757
1229,0.18225626962947516,0.4177170506801879
1230,0.18215885928191583,0.41768160699912926
1231,0.18202424911805026,0.41775046351194817
1232,0.18195383971586704,0.41773083642919195
1233,0.18180382251714994,0.4177243573184003
1234,0.18168635362118873,0.41775988201162945
1235,0.18160058486926892,0.4178878686749359
1236,0.1815069059666995,0.41789430058928595
1237,0.18139786109080727,0.41792030242958755
1238,0.18131007787590378,0.41793026348959883
1239,0.1811672955840712,0.41793509454853367
1240,0.1810836694059281,0.4179311666567835
1241,0.18094953188470655,0.4179310625866022
1242,0.18085601619257655,0.4178208867020781
1243,0.1807531313666017,0.41773628912118205
1244,0.18065976657167002,0.4177237073946099
1245,0.18057466252644433,0.4177197871418354
1246,0.18048633486526428,0.41775373372374236
1247,0.1804029181666459,0.4177311006631995
1248,0.18032600531380058,0.41780567109561245
1249,0.18021312035718628,0.4179029429297183
1250,0.1801286428068878,0.4178468344177834
1251,0.18005668379353043,0.41784831938514466
1252,0.1799807471631661,0.4177857330321367
1253,0.17987124578407088,0.41778392014245025
1254,0.17979381341832598,0.4178031724397289
1255,0.17969864699876795,0.4176888227807704
1256,0.17959579122389377,0.41766866704690164
1257,0.17949847535971428,0.4176144331281783
1258,0.17942129964519007,0.41770799400475084
1259,0.1793510445221524,0.41776349503074184
1260,0.17925567097865366,0.4177265543228963
1261,0.17917500048308097,0.4176605333458513
1262,0.1791121306122491,0.41761961703950806
1263,0.17903868446022367,0.41749142430753
1264,0.1789334853264621,0.4174630215635027
1265,0.1788368154957384,0.4174651919819536
1266,0.17874283272000105,0.4174397166815911
1267,0.1786644820761056,0.4174885066061601
1268,0.17855393813026538,0.41742055603087747
1269,0.17849761405071546,0.4174344844462367
1270,0.17837816577642596,0.41735072954824015
1271,0.1782804595800847,0.4173220646664494
1272,0.17819635986776197,0.41733350105232286
1273,0.1781173229444868,0.41736600574442106
1274,0.17800462878913495,0.4172206924141739
1275,0.17791617878533017,0.4171452775376326
1276,0.17781938742249284,0.41716339629671123
1277,0.17773159057469343,0.41711636773996996
1278,0.17764736058481562,0.417076387209909
1279,0.17756460716752953,0.41712738676560496
1280,0.17748574523206265,0.41720937321923396
1281,0.1773931420583016,0.41718663138070156
1282,0.1772869346881268,0.41723194238665184
1283,0.17718065931393137,0.4173054856320022
1284,0.17709154275357694,0.41724448725276614
1285,0.17698949023664065,0.4173713838056028
1286,0.17689332930878737,0.4175014670850285
1287,0.17681795876069242,0.4175124778169763
1288,0.17671748554909755,0.4174454494512374
1289,0.1766407677316675,0.4174017782445319
1290,0.17657706312546884,0.4174134283040215
1291,0.17650336868654504,0.4174262882638012
1292,0.1763940642505893,0.4174365197413449
1293,0.1762928561311601,0.4173650003313812
1294,0.17619370600051446,0.41719337110646265
1295,0.17611275679119315,0.41720157344701536
1296,0.17602705847213687,0.41710895847048307
1297,0.17595218922425476,0.4169560864759565
1298,0.17583283505246652,0.41699632991940716
1299,0.17574680494801484,0.41693438753025364
1300,0.1756784189350866,0.41699650761604706
1301,0.1755979650563966,0.41693812470848063
1302,0.17548470289936896,0.41678615033428296
1303,0.17539805620760016,0.41677497403222724
1304,0.1753253887340064,0.41667589697707524
1305,0.17523552301986878,0.4167336760007397
1306,0.1751300486368535,0.4166586741133017
1307,0.17506268684669765,0.41677588558844353
1308,0.17498700185854,0.4167732391733707
1309,0.17491897344220136,0.4166567445666168
1310,0.1748102629275829,0.4166480592448492
1311,0.17472438267540769,0.4166790862255626
1312,0.17463559065714385,0.4167149454012073
1313,0.17454899609558952,0.4167053938198697
1314,0.1744694771931485,0.41671436280230156
1315,0.17439353748375022,0.4167545406964053
1316,0.1743016164807742,0.4166729951840699
1317,0.17421259883719775,0.4166114486901969
1318,0.17412185113853532,0.41650729760475824
1319,0.1740472561416447,0.41639356705962866
1320,0.17396411532968095,0.41623715818767554
1321,0.17387858191067945,0.41626708621935704
1322,0.17377043042149679,0.41641700162154777
1323,0.1737027818073749,0.4164944407302615
1324,0.173607566704058,0.4165147207699746
1325,0.17353756400984166,0.41660250787487246
1326,0.1734380413871036,0.41648482529506653
1327,0.17330845534039357,0.41647171162412605
1328,0.17320657480903479,0.4164344169251235
1329,0.17314218114733398,0.4164056016478995
1330,0.17307031159165906,0.4165405387648357
1331,0.17296363814569166,0.4165544936533548
1332,0.17285618355322477,0.4164998560936998
1333,0.17277608230951935,0.41646845366936097
1334,0.17270103250550198,0.41641274890868496
1335,0.17262315211011128,0.41628964403660085
1336,0.17253959810774191,0.41626467905639514
1337,0.1724439122123414,0.416231037076131
1338,0.17238556405013902,0.4161131536251158
1339,0.17229400118043628,0.41615149678876423
1340,0.17220185111673061,0.41601903343820784
1341,0.17210022994256807,0.41589457941469654
1342,0.17202404643732153,0.4157171573962893
1343,0.17190028765724755,0.4156812009705203
1344,0.17179722481901785,0.4156836799584748
1345,0.1717199352200211,0.41561258778811677
1346,0.1716560567221266,0.41562100153415643
1347,0.17155280994393385,0.41561390664222564
1348,0.1714515467614522,0.4155627962948185
1349,0.17136132218241035,0.41557285379948605
1350,0.17128074471062946,0.4155782866520855
1351,0.17119934104427387,0.41561546957275014
1352,0.17111721658380047,0.4155249689881562
1353,0.1710218418829008,0.4154428035331012
1354,0.17095368326832455,0.41546002003606686
1355,0.1708828226811344,0.4154176837398318
1356,0.17079834731272606,0.4154057859774856
1357,0.17070554288201478,0.4155230014261005
1358,0.17059972709262144,0.41537859177984326
1359,0.1705038269953774,0.4151941422296015
1360,0.17041455735005556,0.4151292849866774
1361,0.17033911808339589,0.415176371628807
1362,0.17025633822038888,0.41519683942629404
1363,0.17017397778522275,0.41515083748680603
1364,0.17009258050101092,0.4151517998489434
1365,0.17000057185649298,0.4151168464867525
1366,0.16993125302016673,0.415095768261439
1367,0.16982667373471322,0.41513928304219677
1368,0.16970014745960024,0.4150291629417123
1369,0.16962545963757095,0.41504693937088805
1370,0.169542033522543,0.41502196415159176
1371,0.16943145985813735,0.41501400655229664
1372,0.16934715587486424,0.41497528220633323
1373,0.16928661457828215,0.4150865681946701
1374,0.1691987994288824,0.41507656897986694
1375,0.16912328861811685,0.4149625117071433
1376,0.16904177088932182,0.4149516907642022
1377,0.16897083283871406,0.4148841385270067
1378,0.16888708150538087,0.41498055935527206
1379,0.1688057759103051,0.4150269524993267
1380,0.16872024405926792,0.41508885528373624
1381,0.16859127452404993,0.4151053061100941
1382,0.16852370237692604,0.41507073087078405
1383,0.16843004629847266,0.4151189376588254
1384,0.16837152980322448,0.41503006414415206
1385,0.16830539563879185,0.4150043847632255
1386,0.16823376388820496,0.4149383316934592
1387,0.1681650792625075,0.41491403018334183
1388,0.1680765672933572,0.41483425777060157
1389,0.16798083253671486,0.4148858730590373
1390,0.16790103468191342,0.41479839211712
1391,0.16779054667279003,0.41467887929064107
1392,0.167696036158048,0.41477521821794433
1393,0.16760942612171564,0.41469577337995256
1394,0.16752235720762393,0.4145441147289519
1395,0.16742695152984632,0.41453813782431354
1396,0.16734314776644316,0.4144736036134351
1397,0.16727269753450394,0.4145218564502252
1398,0.16713450405732203,0.4145344972127578
1399,0.16707259868772678,0.4145421292294573
1400,0.16700853780823124,0.4145481761411344
1401,0.16692944598905096,0.41452341252652136
1402,0.16682881191250842,0.41457943469532116
1403,0.1667527633596226,0.4146421259561711
1404,0.16667361918301676,0.41463618646511546
1405,0.16658488422705658,0.4146993878779659
1406,0.16650469862529907,0.4145851517971001
1407,0.1664180773675373,0.4146558137697404
1408,0.16632193906202428,0.4146066851389532
1409,0.16623327365729298,0.4145077903124505
1410,0.16613233041118886,0.4144880834598432
1411,0.16604252302953756,0.4143043390239678
1412,0.1659593071374328,0.4143496940625514
1413,0.16584517015869935,0.41436830885905257
1414,0.16577660430859795,0.41444792121118207
1415,0.16569678204132116,0.4144934490577969
1416,0.1656076421574902,0.41450517596831654
1417,0.16551816719749804,0.414539371016585
1418,0.16545345410821138,0.4144448053264012
1419,0.1653753752655993,0.41435216506060374
1420,0.1652946129206681,0.4142777773030928
1421,0.16523030482392834,0.4142997670897387
1422,0.16514966122806865,0.41439047980110505
1423,0.16508614142157663,0.41449683095723566
1424,0.1650121916137394,0.4143605404827779
1425,0.16494490581612584,0.41432830602208987
1426,0.16487966808060506,0.4143752570232867
1427,0.164811949008167,0.4142871812024154
1428,0.16473764369990856,0.41420658415232564
1429,0.16466385376573028,0.41413881334654495
1430,0.16459257112174186,0.41417350315812174
1431,0.16453043533651437,0.414115869628561
1432,0.16444046323818257,0.41406309444084766
1433,0.1643758048820121,0.4139562956427789
1434,0.16429836513022036,0.41386252930534667
1435,0.16422328573349673,0.41383925092775087
1436,0.1641306768722582,0.4138294185847227
1437,0.16406077216178555,0.4138524807244659
1438,0.16398072712854897,0.41391906492517455
1439,0.163900309623447,0.4137869471258021
1440,0.16378710411097253,0.4137944804086888
1441,0.16370995629327942,0.41379004530552893
1442,0.1636122447086504,0.4137584248524271
1443,0.16353539338373366,0.4137322095168716
1444,0.16347020814269667,0.41369671607636765
1445,0.16337407646089985,0.41379131884391507
1446,0.16330809800836485,0.41376577284498367
1447,0.1632401880142332,0.41373944562657655
1448,0.1631790997253951,0.41373670685599223
1449,0.16308752376740213,0.4137523506786817
1450,0.16300864265707707,0.41383161867859436
1451,0.16293326095206376,0.41383387030775415
1452,0.16287052797105683,0.4138871781257419
1453,0.16278105885740068,0.41391875841053777
1454,0.16270395240810434,0.41392899318744353
1455,0.16261863410235147,0.41389563996581136
1456,0.16255822446477453,0.41382805526103356
1457,0.16247158432509046,0.41377763386926536
1458,0.1624098556530156,0.4139010689867716
1459,0.16232180066448543,0.41386773817106437
1460,0.16226431372361189,0.41389200616748206
1461,0.16218987979357755,0.41389316045371494
1462,0.16211343204947679,0.41390255975604384
1463,0.1620248023347794,0.4139143257787825
1464,0.16194891959477786,0.4138905759264262
1465,0.1618674595775201,0.4139191298729263
1466,0.16177346374172344,0.4138445626041835
1467,0.1617034506392678,0.4138662909162589
1468,0.16163084403202774,0.4138732273882315
1469,0.1615741537504858,0.41383374960541636
1470,0.161497046453388,0.4137143882712888
1471,0.1614223377056244,0.4137574698491775
1472,0.1613447623439025,0.41380559808599054
1473,0.16125161857357093,0.41384940945481175
1474,0.16119278254152594,0.41382349037203375
1475,0.16109557485364429,0.4136757095899404
1476,0.1610175979844923,0.4136272849315481
1477,0.16095805413518036,0.413651690455056
1478,0.16086985454127117,0.4136673864446732
1479,0.16081618983033097,0.4136296624069927
1480,0.16073178700254062,0.4135760716450304
1481,0.1606283427666943,0.4135390383006024
1482,0.16055474458784308,0.41361208932232424
1483,0.16048593546930848,0.413620905459241
1484,0.16042484837531376,0.41362267714861356
1485,0.16036397330503438,0.41365547280048504
1486,0.16031864127356235,0.41366190034118216
1487,0.16025768476101132,0.41368338167704666
1488,0.16019746627785594,0.41364911344047434
1489,0.16011668430695986,0.4135283705419421
1490,0.16005215469071035,0.41345426342439334
1491,0.15997972578880093,0.4133905211807411
1492,0.1598925380264916,0.41345460118926425
1493,0.1598112422206631,0.41345206782012844
1494,0.15973572715896664,0.41343629034812707
1495,0.15965782222527625,0.41351455461803116
1496,0.1595803262634191,0.41347596392126995
1497,0.15949225071419673,0.41349933670729694
1498,0.1594171911320854,0.41353193015297335
1499,0.1593463117489721,0.4135206290953735
1500,0.15927168035772765,0.4135933597578685
1501,0.1592056240888776,0.4136576908619791
1502,0.15912153504532991,0.4137124406756652
1503,0.1590574011489547,0.41366630137284444
1504,0.15898080823052885,0.41355686038603584
1505,0.15891231229986924,0.4134264917328559
1506,0.15884208740690767,0.41336246698566464
1507,0.15877238710072822,0.41324589313147686
1508,0.15869657222474767,0.4131893325448607
1509,0.158612152327184,0.413161126880394
1510,0.15851403314374013,0.4130449981125336
1511,0.15845274893430783,0.41300149299275873
1512,0.15837630566759625,0.41303518453278404
1513,0.15827534533725418,0.41304578926107954
1514,0.15816658703098965,0.41307244164820117
1515,0.1580775353932024,0.41305832239841905
1516,0.15799521735936684,0.4132268706648226
1517,0.157921103523816,0.4132069502465535
1518,0.15785482251871555,0.41312866957503525
1519,0.1577896584046935,0.4130859580131528
1520,0.15772017687003612,0.41303198030195504
1521,0.15763469020611595,0.41303322323132996
1522,0.15756645190665552,0.413046563644664
1523,0.1575133142987466,0.41302103099184023
1524,0.15742960931881622,0.41309415278990014
1525,0.15736141502098444,0.4131235827416493
1526,0.15728874298747458,0.4131023613860794
1527,0.15720989013641717,0.41308873486496644
1528,0.15712665774345988,0.4131611767100609
1529,0.15704834476192825,0.4131429505680701
1530,0.1569918509958726,0.41312735214881097
1531,0.1568900869606251,0.4131144949407429
1532,0.15682885033850896,0.41314211534081025
1533,0.1567220650986873,0.4130361443718326
1534,0.15664060115399422,0.4131559966444421
1535,0.15657728202144278,0.41318400659778404
1536,0.15651577576708653,0.4132273334574882
1537,0.15644700097167907,0.41319464285586704
1538,0.15639079427801647,0.41320756539400416
1539,0.15632632276866437,0.41310541016371266
1540,0.1562681072269739,0.4131490916676688
1541,0.15620610987275985,0.41314453673195767
1542,0.15613861007897528,0.4131310743266783
1543,0.15608878465718393,0.41307399353984003
1544,0.15602577592701827,0.41317316166963014
1545,0.1559690354429614,0.41311292423733526
1546,0.15589184099581607,0.4130836988185468
1547,0.15582249350196545,0.4131252396451073
1548,0.1557542061491274,0.4130815151242415
1549,0.1556880060939453,0.413041402728873
1550,0.15561713100026403,0.4130457064313383
1551,0.15555660232813154,0.41304805057557814
1552,0.1554637586832153,0.41305690377161225
1553,0.15540315331556986,0.41308321103747264
1554,0.15534204242502647,0.4131269528657498
1555,0.1552699785049973,0.4131524485693828
1556,0.15521836917834625,0.4131332531308142
1557,0.1551542306278317,0.41311986546145313
1558,0.15508519781346175,0.4131132385864949
1559,0.15502876188821438,0.4130756057198826
1560,0.15495423860157703,0.4129543263907373
1561,0.15487421341303517,0.4129814593631799
1562,0.1548019028432822,0.41297494726909734
1563,0.15473551551549886,0.4128770550656504
1564,0.15467012626198956,0.41288783518340744
1565,0.1546007061112759,0.412782788011049
1566,0.154524626914462,0.41280630215963593
1567,0.15445685598624745,0.41280287416024797
1568,0.15439176355786918,0.4127546963491518
1569,0.15428410029942125,0.4127240320014729
1570,0.15420952838004634,0.41264905909865585
1571,0.154156318209235,0.41272669748568436
1572,0.15407960046786343,0.4126904888519953
1573,0.15400269581871992,0.4127255701199968
1574,0.153928848380165,0.41266961359258686
1575,0.15386617670486566,0.412598492679403
1576,0.15380065211436597,0.4126312629473866
1577,0.15373420976623597,0.4127255700058321
1578,0.1536801985336642,0.41270191606295964
1579,0.15362537393189377,0.41260058470993405
1580,0.15356016055211347,0.41253377478620745
1581,0.15349764733381202,0.4124292412846329
1582,0.15343964649643704,0.4125165185578418
1583,0.15338142665552795,0.41248718653782845
1584,0.15331830192700116,0.41235200762816576
1585,0.1532331292668055,0.4122794484746278
1586,0.15317880913799845,0.4122386440787236
1587,0.15311369614874773,0.4121728504187109
1588,0.15305819004322987,0.412178696248438
1589,0.15297167892295394,0.41221547833059047
1590,0.15290072099867336,0.4121810265951439
1591,0.15283898575487584,0.4121110072843212
1592,0.15279002948108966,0.4120752150000007
1593,0.1527114651818113,0.41213991381028575
1594,0.1526241214778508,0.41211232135269144
1595,0.15255276729239653,0.41198393059110955
1596,0.15245590512306556,0.41194873044712954
1597,0.15238727771401506,0.411955133614097
1598,0.15230537002678546,0.41183129680318903
1599,0.15226197631140087,0.41178374064071005
1600,0.1521942952939377,0.4118022353213596
1601,0.15212634203309397,0.4118107948852674
1602,0.15205307756266132,0.4118061828572118
1603,0.15195761387097462,0.41167116091105105
1604,0.15191175941985532,0.4117783755896317
1605,0.1518515324612878,0.4117786579761885
1606,0.15178869081965263,0.4117609670170981
1607,0.15172038148274242,0.4117802122304538
1608,0.15163390327714055,0.41175955350291144
1609,0.1515642400353898,0.41164302493817595
1610,0.15151610230630855,0.4116940039885308
1611,0.15144270083146694,0.4116795707141805
1612,0.1513783174648295,0.4115954806388938
1613,0.15133008225756334,0.41158302518914136
1614,0.15125801350711607,0.4115952316813136
1615,0.15119957996587818,0.4116164152078053
1616,0.15114681615655676,0.4116050439044116
1617,0.15106536558362577,0.41153920362501145
1618,0.15101778176987174,0.4115048122759162
1619,0.1509635879212586,0.4114447182674493
1620,0.1509042260889149,0.4114612040151164
1621,0.15084450973404684,0.4113778113070617
1622,0.15077610424435045,0.4114048181677866
1623,0.1506966221651159,0.41146648976789024
1624,0.15062716900098666,0.41141568318974303
1625,0.15055912461071702,0.4114364445008949
1626,0.1505057303294806,0.41143405601452376
1627,0.15043939634033485,0.41136220399617046
1628,0.15039414912662336,0.41133016500331276
1629,0.15034108154530054,0.41129581948887267
1630,0.15028587334387722,0.4113238320873432
1631,0.15021500227052317,0.41132573410144935
1632,0.15014648468169312,0.4113572551620586
1633,0.15010234058372363,0.4113370258272041
1634,0.1500140154237704,0.4114096734331639
1635,0.14995768358551598,0.41136706013580915
1636,0.14989353595526098,0.4113859400438947
1637,0.14982731413347827,0.4114824057352078
1638,0.14978070564207618,0.4114906772167128
1639,0.14972859640366828,0.4114822909594716
1640,0.14965575713027113,0.4115067278309975
1641,0.1495926268847479,0.4114567339077311
1642,0.14951856190817825,0.4114472934994108
1643,0.14943876631991018,0.4114204006765761
1644,0.14938038649530216,0.4115472724116855
1645,0.1493239853480427,0.4115487267715845
1646,0.14928114459995495,0.41157874908687647
1647,0.14921153825195146,0.4115833239765939
1648,0.14915899754872322,0.41161183328383655
1649,0.14909769932542574,0.4116141541661038
1650,0.1490356034888405,0.4115083357796062
1651,0.14898121595524255,0.4115348419301173
1652,0.14892505429236683,0.4116091035969461
1653,0.14886799197391345,0.4116052793870219
1654,0.14879121683620616,0.4115197746233085
1655,0.14872340690100083,0.4114883286125426
1656,0.1486649157225745,0.41141637077686277
1657,0.1485909792766839,0.41127972886743314
1658,0.14852060268487297,0.4112213233360115
1659,0.14846119466915866,0.4111804812833351
1660,0.14840659234942954,0.4110814415622109
1661,0.14833394110471457,0.41103133529840197
1662,0.14825969835820083,0.41091958617613256
1663,0.14817268019775198,0.41094987305281894
1664,0.1481223790935778,0.4109930141755036
1665,0.14807605238646968,0.4109933480126709
1666,0.14801807689358767,0.41085849351691195
1667,0.14794602017128794,0.4109226368668863
1668,0.14785990209276056,0.41097550326541277
1669,0.1477817078435539,0.4108349697408169
1670,0.14773224913943284,0.41078091535720973
1671,0.14765903306277345,0.4108154101706183
1672,0.14759800267312304,0.41080370413403494
1673,0.14755375021908063,0.41075103520532286
1674,0.14749327776069165,0.4106478046128896
1675,0.14741443225604012,0.41054268142029615
1676,0.14736767661013703,0.41057899820913557
1677,0.14727801635260476,0.4106199067106825
1678,0.14721181786162488,0.41058162302514883
1679,0.1471600305444519,0.4106611506656577
1680,0.1470965613928292,0.41061023492444226
1681,0.1470292857581104,0.41062000852625385
1682,0.1469658521306729,0.4105582791962778
1683,0.14691115025964888,0.4105686517968203
1684,0.14683998254927413,0.4105457219785633
1685,0.1467567351861906,0.4104427443587105
1686,0.14668516599966927,0.41038783170570303
1687,0.14662037959829938,0.4102962466178528
1688,0.1465565987296498,0.41035385719663126
1689,0.14648340344092786,0.4103515938039739
1690,0.14642133900647666,0.4102835099668225
1691,0.1463591607728633,0.4102331507315273
1692,0.14625412507499683,0.41027758610150883
1693,0.14620444886458248,0.41015854167195903
1694,0.1461397641721131,0.41004602720695704
1695,0.14607995201384177,0.4101199185388975
1696,0.1460306515023694,0.41007751174379947
1697,0.14597231286181217,0.4101445391775243
1698,0.14591416933127602,0.41019418375493577
1699,0.14586724327050102,0.41021053755780323
1700,0.1457913227477001,0.41017901728461603
1701,0.14571644631027605,0.4101326267851623
1702,0.1456501871119998,0.41006451770830177
1703,0.1455641296470782,0.40995855652271873
1704,0.1454959109821446,0.4099201480011134
1705,0.14544174688087497,0.41002280759915427
1706,0.14537832513736731,0.41004563937874194
1707,0.14532175760699498,0.4100907301909016
1708,0.14526284120486738,0.4099770632304286
1709,0.14518739900375643,0.4099243413589354
1710,0.1451522517290172,0.40986352451563446
1711,0.145079196086607,0.40989421082020827
1712,0.14501041719945051,0.4098546180889146
1713,0.14493186559492424,0.40979679024802496
1714,0.14489218627998288,0.40982916197321984
1715,0.1448373188554475,0.40992479690755423
1716,0.14477036026673507,0.40996759838052493
1717,0.14472236874101424,0.4099845731012022
1718,0.14466291169841516,0.41007072671483236
1719,0.14459258608901404,0.4100896230210202
1720,0.14453665771718285,0.41022393840804167
1721,0.1444661166568382,0.4101415778091453
1722,0.14440624618384246,0.41020198853116285
1723,0.14435690394263673,0.41018645189858227
1724,0.14429792178781267,0.4101914399075482
1725,0.14425563936955962,0.41021769075267245
1726,0.14421010266408263,0.41026509485022067
1727,0.14417208073309598,0.4102244678932541
1728,0.144125873795386,0.41020303071517483
1729,0.14406412033324198,0.41014744854323454
1730,0.14400968712100598,0.41010430153130395
1731,0.14396914192584753,0.41011827041239524
1732,0.1439204967322113,0.41009366342782166
1733,0.14387580156806914,0.41012814412708143
1734,0.1438245645421036,0.41017421850694663
1735,0.1437616333971153,0.4101372814028535
1736,0.1437208553930526,0.4101437527112259
1737,0.14364382751883797,0.41006622961713124
1738,0.14357383864957998,0.4101236074983681
1739,0.14349890767435133,0.41020542392452247
1740,0.14344427271028712,0.41015157120845575
1741,0.14340145404304303,0.4101888658190462
1742,0.14334251329024597,0.4101234606650572
1743,0.14327578239251645,0.4102382032261489
1744,0.14321726432626294,0.4102226403998542
1745,0.14315016696918997,0.4101945550108635
1746,0.14308324469985717,0.41020743943546684
1747,0.1430318332553543,0.41013207265044727
1748,0.14296678951854724,0.41006741242479394
1749,0.14290861818659023,0.4099858066124621
1750,0.14285048782565574,0.4100043419721288
1751,0.14275977481247498,0.4098779795581827
1752,0.1427084311840254,0.40980800440021264
1753,0.1426594391330401,0.4097748410335543
1754,0.14261650662142822,0.4098278762896318
1755,0.1425638211445734,0.40980429927499784
1756,0.1424992128637669,0.4098636154584312
1757,0.1424538405648588,0.4098098876628875
1758,0.14240801347074825,0.40982708259657125
1759,0.1423379972117687,0.4098677948832449
1760,0.1422709599905315,0.40981743022061784
1761,0.1422038165606861,0.40978142169026505
1762,0.14215769232973355,0.4098068645703761
1763,0.14209452736018474,0.4097507641417045
1764,0.14201693982037905,0.40968561048021945
1765,0.14193716534311282,0.4096690659672444
1766,0.14188104600614543,0.4096753631911425
1767,0.1418110349847333,0.40964117636019015
1768,0.1417480466323383,0.40962206423620673
1769,0.14170808967668375,0.409597440637061
1770,0.14162924037195168,0.40952628947240777
1771,0.14158474387135872,0.4095290089459897
1772,0.14150535800574524,0.4096907256742404
1773,0.141446321305191,0.40967184961602654
1774,0.1413940973108951,0.4096653410386312
1775,0.14133826844913186,0.4096421264852464
1776,0.14126988910762672,0.4095263283461762
1777,0.14120304622071328,0.409507483284494
1778,0.14111989797575997,0.4095148097725762
1779,0.1410582247714883,0.4096313720899327
1780,0.1410047284126794,0.409519955256679
1781,0.1409501035201398,0.40944368454102875
1782,0.140893610471021,0.4094356176369655
1783,0.14081492415070562,0.4095031599243955
1784,0.14076549720125123,0.4095265061978876
1785,0.14069893401703615,0.40959505186761697
1786,0.14061695293624352,0.40961327467089653
1787,0.14057558557428204,0.4095334947023326
1788,0.14050746714682896,0.40951172300414423
1789,0.14044495323083223,0.4095881543884178
1790,0.14040083458055458,0.4095830385248322
1791,0.14033259111721466,0.4096212044595165
1792,0.1402686752778475,0.4095393999264281
1793,0.14020188935204808,0.40950469784594984
1794,0.14014464719424258,0.4095745324410593
1795,0.14008014458574677,0.40957845617055777
1796,0.14002498091052237,0.4095972609741621
1797,0.13996747154629785,0.4096449036529753
1798,0.1399060347422069,0.40957991611041017
1799,0.139836690729513,0.4095552370235102
1800,0.13979387986101818,0.40960746581775903
1801,0.13974057915852667,0.4096068018980502
1802,0.1396823307882168,0.40962419893509017
1803,0.13961853532514473,0.40957741912159584
1804,0.13956957529499148,0.40951957849908516
1805,0.13952108382078574,0.40951999298908714
1806,0.13946869110932958,0.40953800135312485
1807,0.13940870440264078,0.4095624245361324
1808,0.13934675994415596,0.40961196137421124
1809,0.1393019189763766,0.409599265595388
1810,0.13925717515987845,0.409560123255705
1811,0.13918242456223168,0.4095379417229866
1812,0.13912905279093277,0.40957973828939664
1813,0.1390587993801441,0.4096302240523318
1814,0.1389969578111762,0.4096044405933684
1815,0.1389478308501385,0.40959082151011
1816,0.13889617193224824,0.4095603832335987
1817,0.13882635166020404,0.40954663232413113
1818,0.1387750766216277,0.4095231138123895
1819,0.13872953963823695,0.40956209595320753
1820,0.13867417170687535,0.40961230500876206
1821,0.13861848183825576,0.4095567490542017
1822,0.1385320231956789,0.40949105147436177
1823,0.13846347634457112,0.409374280524814
1824,0.13840344166315038,0.40944299446191923
1825,0.13834229610584173,0.4094786762260824
1826,0.13828742567172714,0.40953649390392055
1827,0.1382348607509504,0.4094914125003616
1828,0.13818068620608187,0.4094935709416486
1829,0.13812335093155115,0.409553275920961
1830,0.13806935967679854,0.40956975588044237
1831,0.13800689452068912,0.4095387734117862
1832,0.13796156594858688,0.4094964157948746
1833,0.13790463318142376,0.4094165997086102
1834,0.13784009191577704,0.40942445310909087
1835,0.13778032448617683,0.409391483570247
1836,0.1377267299954704,0.40947050538493024
1837,0.13768333179530007,0.40942766847366885
1838,0.13763425258119,0.4094158173347133
1839,0.13757119778546345,0.40956364254576294
1840,0.1375283770580815,0.4095622938438525
1841,0.13746949095401736,0.4095673791560606
1842,0.13742423206140736,0.40950821049711145
1843,0.1373685674705795,0.40952608039635413
1844,0.13731532311224648,0.4095171653627407
1845,0.13725397046708776,0.40950570897164945
1846,0.13719710538814,0.4094951246556228
1847,0.13715278785242432,0.4095027018798478
1848,0.1370841940484094,0.4094834816140509
1849,0.13703350377382684,0.40942693026698773
1850,0.13696905172503704,0.40950013466060753
1851,0.13692265464871592,0.40945741720930673
1852,0.13686502801460743,0.40948899096635427
1853,0.1368111524178728,0.4093770997031368
1854,0.13675865215890765,0.4093002464863056
1855,0.13670466874805953,0.40928632877186066
1856,0.13665360727509998,0.4092640644869592
1857,0.13660834887412626,0.4091559919977419
1858,0.1365348508726086,0.4091906050327867
1859,0.13647614859202065,0.4092250635280121
1860,0.13643653544441567,0.4092146600781026
1861,0.13639368236434835,0.4092137545728343
1862,0.13634365733286533,0.40919381004395916
1863,0.1362713782801964,0.40916959889349724
1864,0.13620056945294537,0.4092031665674943
1865,0.1361478349958994,0.40927930838179477
1866,0.13609701818833128,0.4092391278660781
1867,0.13604059116697237,0.4092535004091208
1868,0.1359969423763537,0.40925090521558954
1869,0.13595006154554728,0.4093405447107868
1870,0.1358912262627956,0.40928599122343445
1871,0.135843341779386,0.4093104010753471
1872,0.135790177334485,0.4092604338295714
1873,0.1356989216765447,0.4091485030400208
1874,0.1356395788211783,0.4090524422432504
1875,0.13559622976490493,0.4090099024165086
1876,0.13554397413636188,0.40898023405774075
1877,0.13551070720319738,0.4089839801275145
1878,0.13546236768051692,0.4090262067657028
1879,0.13541014022667108,0.4089693318843639
1880,0.13535612465592442,0.4088988516369598
1881,0.1352993848250049,0.408978271051909
1882,0.13525575718703847,0.40894236089885266
1883,0.13520624511825277,0.40901054819628185
1884,0.13514666558729102,0.4089910434616784
1885,0.13510004142169812,0.4089632632809247
1886,0.13504156320384608,0.4088768425905802
1887,0.13497687422663637,0.40889866064801
1888,0.1349113079888879,0.4087475288000866
1889,0.13484216001235497,0.40876026217350436
1890,0.13477905205714413,0.40865314702670785
1891,0.13472119517831957,0.4086475916238209
1892,0.13466023844192793,0.4086493414212273
1893,0.13459836265778763,0.408659787916681
1894,0.1345396308103566,0.40860902776502567
1895,0.13448458679576902,0.40863768865322847
1896,0.13443137700000607,0.4087027316930622
1897,0.134353658997636,0.4087561617682427
1898,0.1343068165552133,0.40866577231172274
1899,0.13425732591075473,0.4086933244110602
1900,0.1342145371839634,0.408776812127997
1901,0.13415184794959215,0.4087540030329106
1902,0.13409241206823933,0.40877712645578734
1903,0.13402642666569842,0.4088331652213428
1904,0.13396351165423764,0.40888360471418755
1905,0.133907869952424,0.4089018323078363
1906,0.13384417987975727,0.40879945642704985
1907,0.1337773814858094,0.408851952201889
1908,0.13373496555731162,0.4088852961481847
1909,0.1336831024683492,0.40887092275701936
1910,0.13362583595796154,0.4089090296643981
1911,0.13358220919252442,0.4089249011971357
1912,0.13352388211063754,0.40897956955310943
1913,0.13346078898055042,0.40904379307999444
1914,0.13341302313594736,0.40906906419006683
1915,0.13336442106835633,0.4090342349877166
1916,0.13330405023881364,0.40902646339280385
1917,0.13324000731653565,0.40896558496059393
1918,0.13318726261239833,0.4089594617237905
1919,0.13313947172927246,0.4089918416750751
1920,0.1330799026228536,0.40898303083368376
1921,0.13303952526208593,0.408886204247055
1922,0.13297434510291953,0.40881239122695373
1923,0.1329229388499617,0.4087329235738753
1924,0.1328577314918714,0.40867394834804727
1925,0.13279538257654944,0.40858079988273344
1926,0.1327571131392194,0.40856567761507223
1927,0.13270579281354392,0.4087162869519826
1928,0.13263978465402615,0.408807115877371
1929,0.1326014057023159,0.4087757589062949
1930,0.13254055229911382,0.408825474926767
1931,0.13249830881566338,0.4088391660224318
1932,0.13243605879238804,0.4088893659124986
1933,0.13239108052754847,0.4089194620023208
1934,0.13233805115424072,0.40887236774241714
1935,0.1322977516010227,0.4089276357302715
1936,0.13226116952796985,0.4089403560841854
1937,0.13219741657357179,0.40899257394808003
1938,0.13214391622778526,0.40893735712451146
1939,0.13207459153006348,0.4089820081363457
1940,0.13202328580216927,0.4088478974123781
1941,0.13192667029456137,0.40865978988123175
1942,0.13186996952007296,0.4086912195563863
1943,0.13182455739165505,0.4086657327432322
1944,0.13176465194696196,0.40865029778882966
1945,0.13168854978054634,0.40861417829869734
1946,0.131646474322075,0.4086610637233899
1947,0.13160473962178618,0.40866721639290793
1948,0.13155825792598452,0.4087342335000616
1949,0.13151958274069567,0.40881707246662224
1950,0.13146711748408524,0.4088633526593035
1951,0.13141917163361225,0.40887541546726064
1952,0.1313690836790848,0.4088548724011188
1953,0.13132010508375178,0.4089780457123739
1954,0.13126403735801634,0.4090559049355866
1955,0.1312184752578612,0.4090650367158827
1956,0.13116936773976287,0.4090056817258003
1957,0.13111655701945074,0.4089988961959899
1958,0.13107199731551222,0.4089158355564853
1959,0.13101488191981506,0.4088598991586542
1960,0.13097979183942707,0.40877550454553785
1961,0.13092257713285235,0.4087739278960167
1962,0.13086999105865982,0.4087057433374682
1963,0.1308278583847308,0.40861981564225913
1964,0.13077524724281478,0.40863586422101417
1965,0.13072439468954536,0.4086072846556041
1966,0.13067996509609228,0.40863887406077143
1967,0.13064108607842193,0.4086012647201351
1968,0.1305968214795984,0.4085061266346015
1969,0.13053997346021348,0.4084438449774329
1970,0.13047316123419556,0.408488103984517
1971,0.13041171256497736,0.40845211435702755
1972,0.13037128626911343,0.40847699503885126
1973,0.13028691435126868,0.4085006536315844
1974,0.130237412088854,0.40848746107600287
1975,0.13019488687736455,0.4085000002735616
1976,0.13014441436887125,0.40842874250852473
1977,0.13010186902061766,0.4084482639448086
1978,0.13005299786412988,0.4084317822963979
1979,0.13000400781125743,0.4084281884864963
1980,0.12994974844642707,0.4084748623132053
1981,0.12990024098957523,0.40847936897001264
1982,0.12985597777016689,0.40846123341786233
1983,0.12980184261408204,0.40844441343109705
1984,0.12975728479586252,0.4084798152898789
1985,0.12969776238774536,0.4085537525420746
1986,0.12965454493793307,0.4085188359036452
1987,0.1295815724607317,0.4084216508912292
1988,0.12952401895902052,0.4084719799126453
1989,0.12946131362602467,0.4084217064755134
1990,0.12941387435286017,0.40836834845831643
1991,0.12936856989327356,0.4083749449172179
1992,0.12931588849426856,0.4083192288810694
1993,0.12927394411557697,0.4083527225630019
1994,0.12923456572241734,0.4083243356682383
1995,0.12917242178738678,0.40837857461221466
1996,0.12912825943175635,0.40836280875644837
1997,0.12908299085351943,0.4084256108271688
1998,0.1290216265450699,0.40843222382890976
1999,0.12898420722587334,0.40843794292421093
2000,0.1289255197365618,0.4083934813275666
2001,0.12888911272690604,0.4083600458193455
2002,0.1288419751660863,0.40831533839617545
2003,0.12880248056106416,0.4082765289138745
2004,0.12875819639977884,0.4082517396739921
2005,0.12870528955513147,0.40828747156421674
2006,0.12864988071413272,0.40825239608350367
2007,0.12859370085503857,0.4082475300873421
2008,0.1285416188452973,0.40825156705987076
2009,0.1284985647878456,0.4082257857777058
2010,0.12845493248335382,0.40823520139719
2011,0.12841052790364693,0.4082321668857318
2012,0.12836741432303225,0.4081921056953671
2013,0.1283295812215255,0.40819350611171895
2014,0.128275837812992,0.4081243557369561
2015,0.12822126786704824,0.4081480337468875
2016,0.12818686370578378,0.408161786519363
2017,0.12814955508060122,0.4082385569385077
2018,0.12810174834443405,0.40832270671317317
2019,0.12804227709496904,0.40831520242386626
2020,0.12798837549992803,0.4083379023596178
2021,0.12792837963160145,0.40838851035148066
2022,0.12788448246214998,0.40830382117958997
2023,0.1278455315419109,0.40834950324665
2024,0.12779534592215988,0.4083915220322204
2025,0.1277391553115188,0.40841624341742344
2026,0.1276995201233707,0.4084497874133818
2027,0.12765763686950582,0.4084717631818918
2028,0.12760373891536084,0.40842132696023226
2029,0.12756343348542917,0.40836390042087906
2030,0.12751680232281848,0.4083717725900293
2031,0.12746735234889944,0.40835973435726863
2032,0.12741827972276654,0.4083486463822531
2033,0.1273746528127986,0.40832196905186047
2034,0.12732166578762247,0.408324742135683
2035,0.12726970998277004,0.40836517204863443
2036,0.12720922294517548,0.40832202280308616
2037,0.1271565997695828,0.4082059512785547
2038,0.12710203246464444,0.40821146068425873
2039,0.1270497236789366,0.4082024599700533
2040,0.12700171857517845,0.40819931226837336
2041,0.12696208510108914,0.4081845029378101
2042,0.12692574479851665,0.4082692934825248
2043,0.12688655373453558,0.4083051251504982
2044,0.1268448555127629,0.40827901161804825
2045,0.12679621735535268,0.40823476677383025
2046,0.12674551941168546,0.40822914242541897
2047,0.12669460650240236,0.4082644258771028
2048,0.1266550875267178,0.40822359329355606
2049,0.1266153851293717,0.4082701295128506
2050,0.12655909002750898,0.40818259768259285
2051,0.12652204011129708,0.4081953764732497
2052,0.1264726864215216,0.40823471341354195
2053,0.12641662640977333,0.4082696580366705
2054,0.1263760498372379,0.4082991316123508
2055,0.12632509658284155,0.4083056649054505
2056,0.12627577863634357,0.4082835193047279
2057,0.1262367166197757,0.40829767863710864
2058,0.12619387332746135,0.4083116422677192
2059,0.1261383350982198,0.40826978034679096
2060,0.12608645553516745,0.4082580631009578
2061,0.12604945564571426,0.40827212500697374
2062,0.12600561178651276,0.40828475701936656
2063,0.12594931008088242,0.4083272447408952
2064,0.12591690059403027,0.40827893049446257
2065,0.12587859642571542,0.40832398480813487
2066,0.12583525125994852,0.40832010316859046
2067,0.12579393689839494,0.4083856558647783
2068,0.12575502431558244,0.4083777857174071
2069,0.12570340582875703,0.40841196037165634
2070,0.12566845267629478,0.40842497310803366
2071,0.12561988581031963,0.4084751912817096
2072,0.125596279544189,0.40846953961965354
2073,0.12554362196640906,0.40851705628475343
2074,0.12549118515620158,0.4084792493375275
2075,0.12545477093883514,0.4084204620163895
2076,0.12541935159318063,0.40836571660457865
2077,0.12537265757681956,0.408382469887831
2078,0.1253198336476986,0.40836608483879727
2079,0.125274109939742,0.40835440420727825
2080,0.12523438073312265,0.40828906687903777
2081,0.12518933872853374,0.40824678493675126
2082,0.1251481528487352,0.40821808356278605
2083,0.12510618881034571,0.408187027973625
2084,0.12507381813688145,0.4081197021234098
2085,0.12501505708628938,0.40811716211480725
2086,0.12497484051553598,0.408108068363581
2087,0.12493251789420072,0.40800911863772044
2088,0.12490115686018079,0.4080551635665021
2089,0.12485114077608044,0.40801451113942877
2090,0.12479583086985263,0.40810373136556727
2091,0.12473106727073803,0.40809735522056917
2092,0.12468770104091073,0.40801169623959765
2093,0.12464981880219543,0.40803298814450856
2094,0.1245902964825988,0.4080787215793543
2095,0.12454631261427793,0.40811024123213235
2096,0.1245127905190718,0.40812456388872687
2097,0.12447034364043151,0.408118692628331
2098,0.12441643349942609,0.408209065270464
2099,0.12436287381928911,0.4081983396681385
2100,0.1243066289448235,0.4080582661839781
2101,0.12426795843607939,0.4080073477435833
2102,0.12423006610994973,0.4079891131160055
2103,0.12419807454755483,0.40800320004778895
2104,0.1241516991371577,0.40797518549219797
2105,0.12409806096518526,0.40785920556747507
2106,0.12405429060359373,0.40787046184308484
2107,0.12401508452845987,0.4079826601061761
2108,0.1239863167688189,0.4079977277734642
2109,0.12394841779226289,0.408054856211475
2110,0.12390744553105926,0.4079899309539412
2111,0.123860960831855,0.40796045145267407
2112,0.12381237447911991,0.4079316507437313
2113,0.12377857630978645,0.4079173507947293
2114,0.12369809269967304,0.4079212132463045
2115,0.1236514888805044,0.40794011838676575
2116,0.12360503472981754,0.40780602606186234
2117,0.12355722757992707,0.4077910528173802
2118,0.12350704958673812,0.40788921206423273
2119,0.12346093018020032,0.407894709786653
2120,0.12341495559846932,0.4078866976932407
2121,0.12334786860806823,0.4078997044859462
2122,0.12330848727795306,0.4078743064882011
2123,0.12327882264722195,0.4078601943392333
2124,0.12322263132766173,0.4078845161907985
2125,0.1231581363825684,0.40784326821676964
2126,0.12311759334865985,0.4078584339952523
2127,0.12308227166701623,0.40783811914437523
2128,0.12301893495454715,0.40787135873923874
2129,0.12298093883071745,0.4078684283004624
2130,0.1229222378877028,0.4079338112285538
2131,0.12286690250404558,0.4078571689521854
2132,0.1228223377608682,0.4078569264747314
2133,0.1227816269133154,0.40781625225074164
2134,0.12273609679471888,0.4077738056683612
2135,0.12268074117155864,0.4077227686684017
2136,0.12264644811923975,0.40764387962529686
2137,0.12260720626831939,0.4076515505420531
2138,0.12255666484907414,0.40768135831957936
2139,0.1225211570000545,0.4076190180420053
2140,0.12248420123303835,0.4075809120097164
2141,0.12244396073772926,0.40760757339016107
2142,0.12239338137333934,0.4076455266966106
2143,0.12233757664215038,0.40763627549270004
2144,0.12228748563932856,0.40757746353390195
2145,0.12225113139747526,0.4075292669111091
2146,0.12219851387488168,0.4075788817504677
2147,0.12215881289138304,0.407522662423804
2148,0.12211786692710334,0.40751407388339406
2149,0.12206759171221016,0.40746357812134465
2150,0.12202237112300043,0.4074817584778938
2151,0.12197051526380333,0.407525174412075
2152,0.12193273412614912,0.4074909353641583
2153,0.12188726039213976,0.4074790851021837
2154,0.12183803192927481,0.40751612607969606
2155,0.12179666775872114,0.4075355233635129
2156,0.1217578872400382,0.4074370646365159
2157,0.12170694777055537,0.4074038118568708
2158,0.12166768372484853,0.40748926568904437
2159,0.12162091757327369,0.4075076994384111
2160,0.12156640268489738,0.4074607319608914
2161,0.1215161296639362,0.407479491832569
2162,0.12146797020682258,0.4075013320948482
2163,0.1214255024046277,0.40748037952533017
2164,0.12138778553760261,0.40744135756902966
2165,0.12135893449509785,0.40745125968587026
2166,0.12130742054014909,0.4075009034803902
2167,0.12125423308072028,0.4074517540890776
2168,0.12122295945035022,0.4074102025625982
2169,0.12117921758517837,0.40744682442831115
2170,0.12112686844411305,0.4075381377820206
2171,0.12108357871068127,0.40752154645053607
2172,0.12103295686859007,0.4075223558913862
2173,0.12098185505001938,0.4074970973643875
2174,0.12094598072354466,0.407459769042438
2175,0.12089818464585728,0.4074142710734982
2176,0.12086208529864766,0.4073428168538677
2177,0.12082038296498751,0.40729728317092456
2178,0.12077615507202687,0.40735013893541727
2179,0.12073741142350083,0.4073242488519466
2180,0.12070457667466244,0.40726024390854043
2181,0.12064569332282306,0.40725474452263416
2182,0.12059852287741883,0.40733460812074335
2183,0.12054880275176745,0.4073212952090615
2184,0.12050038612765196,0.4073209754075161
2185,0.12046226946373557,0.407292857222633
2186,0.12042117742530316,0.40732323537873666
2187,0.12037357062085681,0.40730811398968636
2188,0.12032655682588375,0.4072878026192207
2189,0.12027810587079989,0.40728263138102494
2190,0.12024014693101058,0.4072760554894073
2191,0.12020118169523122,0.4072923370103363
2192,0.120171458494435,0.40731512912622714
2193,0.12013031832523623,0.40729223162914596
2194,0.12008991450144811,0.4072270708329361
2195,0.12002821642395566,0.40715365957028343
2196,0.1199843152117457,0.407251122607577
2197,0.1199379988876774,0.40723246836245486
2198,0.11988802247755653,0.4072432318086852
2199,0.11984976637466858,0.40719510213608745
2200,0.11980027598367667,0.407152747951413
2201,0.1197471651272247,0.4071687592344672
2202,0.11971471586433174,0.40712574643069577
2203,0.11967381405041531,0.40712907435308215
2204,0.11963170959964634,0.4071190348778313
2205,0.11957609152656032,0.40708899897649947
2206,0.11953820792500172,0.40714401960957386
2207,0.11949548948146253,0.40717855139078835
2208,0.11945803182771594,0.40714701376065987
2209,0.11940646069763282,0.4071204619148911
2210,0.11936497449835513,0.40715639036459095
2211,0.11931192150128628,0.4071241292279013
2212,0.11926705941312628,0.40707349951112365
2213,0.11922227595053689,0.4070584301631219
2214,0.1191729621006862,0.407087773390729
2215,0.1191303685600269,0.4071382263615354
2216,0.11908693155596498,0.4071109858214051
2217,0.11904167290418113,0.4071202960790284
2218,0.11900031834248485,0.4071695004200432
2219,0.11895536759381062,0.4071240251541066
2220,0.11889987436639676,0.4070921207109447
2221,0.1188488797579917,0.4071067348575332
2222,0.1187994547714355,0.40705709009945246
2223,0.11875947901411413,0.4070498876886798
2224,0.11871570436538281,0.407085283163937
2225,0.11868508615316513,0.40707210309280206
2226,0.11865318983260496,0.4071184391716731
2227,0.1186203593633328,0.40702561001140297
2228,0.11857293922093794,0.40705186714850955
2229,0.11853540958690248,0.40702267671737513
2230,0.11848279411046238,0.40689455096613714
2231,0.1184489390232194,0.4069287458739112
2232,0.11841604445151091,0.4070112163191065
2233,0.11837357730021406,0.4069008616773328
2234,0.11834300095171063,0.4069308122470039
2235,0.11829225072695013,0.40695341434338017
2236,0.11825178613626633,0.40692506788103006
2237,0.11819505595956949,0.4069522906878544
2238,0.11815808084039588,0.40693534924071684
2239,0.11810337170231133,0.4069195475041254
2240,0.11807192061399524,0.40694249198393295
2241,0.11802532529217122,0.40688743511857717
2242,0.11797932093979857,0.4068531042207471
2243,0.1179227102545268,0.40668235621907844
2244,0.11787526740185725,0.40666048822574363
2245,0.117841833633059,0.4067226726828158
2246,0.11780187511298139,0.40667533998866495
2247,0.11775710896201542,0.4066598723783942
2248,0.11771868609208828,0.4066396390013105
2249,0.11765173871004302,0.4066355003877814
2250,0.11760950956860185,0.4066699754627421
2251,0.11756516106271812,0.40666102378449975
2252,0.11752084611240746,0.4066963348733195
2253,0.11747260624822009,0.40676171979402764
2254,0.11742407040173247,0.4067976128357633
2255,0.11738461280394959,0.40682726583064344
2256,0.11735107412490123,0.4068414303526817
2257,0.11730538813504857,0.40678118824821247
2258,0.11726445331344952,0.4067575611601904
2259,0.11721423113421937,0.40680044386592973
2260,0.11716721800823547,0.4067991829312544
2261,0.11712458836756524,0.4067494975912836
2262,0.11708906866293949,0.40672822263433805
2263,0.11705570322370963,0.40670218132977287
2264,0.11701152719019432,0.40675663856288463
2265,0.11697075946236801,0.40683928346794507
2266,0.116931562050927,0.40678252397121717
2267,0.11689244194861419,0.4067456173706537
2268,0.11684688769750312,0.40677263103451106
2269,0.11681020346866781,0.40668848250115053
2270,0.11677672972693821,0.40665721186194903
2271,0.11672243550930682,0.4066174685241705
2272,0.11668151172600819,0.40659553643275836
2273,0.11664554486931505,0.40651816690708725
2274,0.1166100986189244,0.40649972044117544
2275,0.11657204098382366,0.4064800374806677
2276,0.11653909622838642,0.40648636211562184
2277,0.11650637882165706,0.4065946048550338
2278,0.11646782047595923,0.40654031170445637
2279,0.11641317891119449,0.40646912262912216
2280,0.11636531791134004,0.40645253149949784
2281,0.11633242467931519,0.4064919376172548
2282,0.1162879636648768,0.40648380322535854
2283,0.11624305138800096,0.4064875981648095
2284,0.11619967431925023,0.4064726639218981
2285,0.11616353310623131,0.4065011627705132
2286,0.11612281551582562,0.40655694388452335
2287,0.11606496914845331,0.4064648124493797
2288,0.11602458839004136,0.4064600112777905
2289,0.11597463794013899,0.40643327293713366
2290,0.11592779620044372,0.4063619710616401
2291,0.11587715106743912,0.40637032613472057
2292,0.11584255499451498,0.4063987451273832
2293,0.11579858508458726,0.4064156641113965
2294,0.11576607591217704,0.4063469539614516
2295,0.1157291923993803,0.4063963884765207
2296,0.11569095413718392,0.40642312688616344
2297,0.1156426658618613,0.40641070446746463
2298,0.11561127180469823,0.40641905575605625
2299,0.11557103540031288,0.4064645570635696
2300,0.11551965177448013,0.40646521805515773
2301,0.11547700397982513,0.4065102926583636
2302,0.11544223401838964,0.40649946387698976
2303,0.11541247639797775,0.4064870231893751
2304,0.11537513046661804,0.40648497815077855
2305,0.11533630547781108,0.4065493223622847
2306,0.11530578204387582,0.4065815662274371
2307,0.11527226506354743,0.40657204991764123
2308,0.1152300161311223,0.4065031893333844
2309,0.11517844767990586,0.40647799170004295
2310,0.1151284674564987,0.40645528022296235
2311,0.11510010188104236,0.40651492852108817
2312,0.11506635963721532,0.40645909338676023
2313,0.11502194587987621,0.4064175319777458
2314,0.11499257905142964,0.4064333253242391
2315,0.114961251773149,0.4064513056755355
2316,0.11491216438595955,0.40638368932810215
2317,0.1148782487873646,0.40635030726211663
2318,0.11483866337416122,0.4063345728641293
2319,0.11480311294753966,0.40629394053588014
2320,0.1147707097332803,0.40631691703805267
2321,0.11473135644622272,0.40635955272839897
2322,0.11468148771757379,0.40638073132197
2323,0.11464901425860166,0.40633321073603323
2324,0.11461241300649887,0.4063311806490615
2325,0.11458010146114876,0.40632198667943625
2326,0.11453079729144365,0.4063521246124303
2327,0.11448625439349107,0.4062781652250433
2328,0.11445358778800681,0.40631365745955994
2329,0.11439791442987986,0.40638025431361474
2330,0.11436156397207005,0.4064361783024991
2331,0.11431847892593507,0.4064539338459584
2332,0.11427451743745323,0.40640667816826065
2333,0.1142305419205772,0.40643781823463504
2334,0.11418011432255534,0.4064776771598171
2335,0.11413398804133383,0.406483418138611
2336,0.11410233110649046,0.406498288160471
2337,0.11406058679399951,0.40648838019468025
2338,0.11402422011879919,0.40655241113045754
2339,0.11398787930990426,0.40655988984716346
2340,0.1139485723319527,0.4066595637065179
2341,0.11390781976437389,0.40663007915293453
2342,0.11385633820789982,0.406639027484764
2343,0.11382462484343707,0.4066571707533899
2344,0.11379662798418964,0.4065611645791528
2345,0.1137672532311355,0.4065420862282452
2346,0.1137204561786472,0.4065250370452078
2347,0.11368062651782739,0.406520921487281
2348,0.1136218580160952,0.4065021802652888
2349,0.11358625110154853,0.40645534858577215
2350,0.11354674587304482,0.406458144431099
2351,0.11350606160389627,0.40642281643214406
2352,0.11346259152270882,0.4064171703634556
2353,0.11342126213108758,0.40638553548457906
2354,0.11338524562400228,0.40634698137408853
2355,0.11334476969943949,0.40626880466035314
2356,0.11330456162641935,0.4062949521028057
2357,0.11327168552017654,0.4062292377028772
2358,0.11322332182975883,0.40620367307005834
2359,0.11316802399606689,0.4061623813112963
2360,0.1131304929729393,0.40617715990207043
2361,0.11309069964542233,0.4061493026853898
2362,0.11303151086101015,0.4060734465547722
2363,0.11298871180814876,0.40610507507734
2364,0.11293711057936484,0.40609295952940205
2365,0.11290169785339474,0.4060749882014217
2366,0.11286190004170826,0.40600566652070824
2367,0.11281296713441154,0.4059595904512059
2368,0.11277171328503803,0.4059373398014149
2369,0.11273494004487698,0.40599718740628965
2370,0.11269363771432071,0.4058971216306116
2371,0.11266112641029212,0.4059257976146135
2372,0.11261765158753723,0.40599401573383403
2373,0.11258418225457013,0.4059190955831007
2374,0.112543941715211,0.4059160324928383
2375,0.11250497759485831,0.40594357004218895
2376,0.11246420994506466,0.4059628829238994
2377,0.1124348552783354,0.4059768700077754
2378,0.11239781186036416,0.4059275563882192
2379,0.11236166227528102,0.4058927529442617
2380,0.11232524748615726,0.40588593879797835
2381,0.11228519952018809,0.40589445294061033
2382,0.11224967359906723,0.405884945426723
2383,0.11220080314623643,0.4058739299587131
2384,0.11217500222619624,0.40589980636591744
2385,0.1121421422146145,0.40589150656707385
2386,0.11210552268134291,0.4058933012093324
2387,0.11207046178971644,0.405919241620353
2388,0.11203764715511035,0.40586300040109585
2389,0.11198920531849539,0.4058819454768898
2390,0.11195169968795188,0.40597270389767715
2391,0.1119118028054299,0.40602008774728776
2392,0.11186041242702502,0.4060711739841906
2393,0.11182682247788128,0.4060397208363734
2394,0.11178624545864965,0.4059732795282743
2395,0.11175021518907731,0.4059635873017212
2396,0.11172024526667354,0.4059279802860911
2397,0.11168778291143477,0.4058869392624825
2398,0.11164749001426495,0.4059266231377921
2399,0.11161887702244602,0.4059087793731594
2400,0.11158853609538974,0.4058468337289143
2401,0.11154465765118163,0.4058443050582147
2402,0.11151239902085168,0.40590636681823844
2403,0.11147067824860044,0.40586036098778744
2404,0.11143419886588314,0.40578502923549303
2405,0.11139042602027649,0.40577572184470073
2406,0.11135788862950798,0.4058042137238119
2407,0.11132624195678892,0.40589134312048064
2408,0.11129560959333673,0.40587029165184935
2409,0.11126071054130951,0.4058468812980755
2410,0.11122575416410399,0.4058728790703674
2411,0.11119122189865298,0.40583957812016597
2412,0.11115719940305356,0.4058206364566902
2413,0.11112533548032372,0.405895385071644
2414,0.11108583377039119,0.4058779493584701
2415,0.11105218755834015,0.4059014742741545
2416,0.11101756784479846,0.4059339561797906
2417,0.11097861552999111,0.4059798587938799
2418,0.11094699282904623,0.4060895403985961
2419,0.11091501475420243,0.4060311299335829
2420,0.11086714108736481,0.4060791726920795
2421,0.11083638680184628,0.40614405124584513
2422,0.11079426383165271,0.4060346398826707
2423,0.1107585426643195,0.40606849872357487
2424,0.11072216773059014,0.40606989046537234
2425,0.11068835653419885,0.4060547343218876
2426,0.1106578467898264,0.40602882568069176
2427,0.11061386481432411,0.40602863976401415
2428,0.11057989329198722,0.40597434849057057
2429,0.11054325051112428,0.40595528058553787
2430,0.11048544395425634,0.40605448816883194
2431,0.11044582942358623,0.406081116320581
2432,0.1104120539735479,0.4060415488797521
2433,0.1103721241180063,0.4061017734905331
2434,0.1103355059725367,0.40618633593910364
2435,0.11029760218025314,0.4062294852118492
2436,0.11026861541737631,0.4062938145492597
2437,0.11022577544313207,0.40633824139748936
2438,0.11019428177721752,0.4063836850114041
2439,0.11016221535600634,0.4064622058302784
2440,0.11012403852593826,0.4064849394326315
2441,0.11008772817152421,0.4064477419582796
2442,0.11005688810358104,0.4063544771755495
2443,0.11002312971208825,0.406298346205974
2444,0.10999443322296065,0.40631711411939964
2445,0.10995993201462259,0.40630118298767576
2446,0.10992165583185425,0.40640351896930044
2447,0.10987855182802003,0.40633357419298705
2448,0.10984725151186768,0.40630744032420535
2449,0.10980746135003612,0.4062363761569432
2450,0.1097723569870499,0.40630513306193117
2451,0.10973031898837736,0.4063835163965544
2452,0.10970448376508525,0.40640058323154504
2453,0.10966794257980372,0.40636049201314256
2454,0.1096342355777056,0.40642724521087725
2455,0.10957602218384718,0.4064904336966226
2456,0.10953703100797828,0.4064288960122692
2457,0.1095019918255215,0.4063849061882313
2458,0.10946955872500853,0.406394894215246
2459,0.10942610421772606,0.40641911913079726
2460,0.1093897910194601,0.4064001390827014
2461,0.10934588349899149,0.40639899258226503
2462,0.10931179227365684,0.406419645106721
2463,0.10927691828911702,0.4064632256202774
2464,0.10923694022468919,0.40645710343050556
2465,0.10921354863632247,0.4064315495957265
2466,0.10918773005785397,0.4064566913726009
2467,0.10915452578399677,0.4064810637528707
2468,0.10912307389718354,0.40653813304537134
2469,0.10909254842760074,0.40653038975454797
2470,0.10904382449701033,0.40651796816468
2471,0.10900679476931935,0.406563860761433
2472,0.10897586672677313,0.4064913050924203
2473,0.10893186358405306,0.40649038515733965
2474,0.10887849898371822,0.4064276495349722
2475,0.10883833951196022,0.40639388725818293
2476,0.10880377762305841,0.4063120883687335
2477,0.10877069429529333,0.40634743891859176
2478,0.1087280046890127,0.40646009352877527
2479,0.10869593813209501,0.4064686424661003
2480,0.10865835685848094,0.40639455004445507
2481,0.10862745400562797,0.4063817299247494
2482,0.10858494917164949,0.4063908754305451
2483,0.1085484929897711,0.40642349739399725
2484,0.10851061604684643,0.4064764561580343
2485,0.10847565392958841,0.40637710426089196
2486,0.10845108632083189,0.40631435538939964
2487,0.108414202679021,0.40627462202488257
2488,0.1083764361888947,0.4063354418146777
2489,0.10834059298612493,0.4063569439328204
2490,0.1083036520689747,0.40633484030665284
2491,0.10827232549580583,0.4064096261736844
2492,0.10824042464615205,0.4064401463470158
2493,0.10820903493102772,0.4064139627011569
2494,0.10818507047011497,0.4063792260891237
2495,0.10815449472533094,0.4064300324596155
2496,0.10810804080960879,0.40640017651479304
2497,0.1080565274314661,0.4063624497383334
2498,0.10801153357870649,0.4062855910049347
2499,0.10797772696579201,0.40633457539149104
2500,0.10794647304342513,0.40637780126591966
2501,0.10791972014167582,0.4064112547102561
2502,0.10788983849503889,0.40643148582954625
2503,0.10785819661885493,0.40641958125284583
2504,0.10782194286856847,0.4064374285249247
2505,0.10779443371007817,0.40650329144902964
