epoch,train_loss,val_loss
1,0.9687539257285411,0.9778404882122949
2,0.9376416318160438,0.949332600217638
3,0.9075408898951585,0.9215735918146055
4,0.8815549831418553,0.8985733827890129
5,0.8568098743249357,0.876199480801707
6,0.8354434132954738,0.8583349708549045
7,0.8147617216389099,0.8395845642095003
8,0.7945063800753523,0.8218624958924098
9,0.7767757457634991,0.8080754623132277
10,0.7596957751084128,0.7932353566006299
11,0.7427816607796264,0.779407812251812
12,0.7276687327537069,0.7675475849490927
13,0.7133848908844703,0.7562496134189686
14,0.6994834812358941,0.7453087861872545
15,0.6859772386821147,0.7345582320994468
16,0.6736629852291753,0.7251488878640012
17,0.6623984276316601,0.7170312854174944
18,0.6508309099999728,0.7070930910507328
19,0.6411767093214114,0.7002390890400025
20,0.630324229558122,0.6925485708075904
21,0.6209142648436626,0.6859320836471847
22,0.6114429065903498,0.678215187869856
23,0.6028045833903461,0.6717107813806051
24,0.595050166803496,0.6659818276596632
25,0.5876629288778474,0.6609192427117414
26,0.5799824809566154,0.6556816070229435
27,0.5729680407155455,0.6518895178267177
28,0.5667185256564861,0.6474781724035065
29,0.5606570304755377,0.6436355881933343
30,0.5544988782294425,0.6404332334696209
31,0.5476335167697469,0.6345429222887143
32,0.5415834317762792,0.6311233715950261
33,0.5358660204667404,0.62885189362379
34,0.5300198795356498,0.6248602055772055
35,0.5248038725026448,0.6213252446182803
36,0.5198110685679967,0.618304969295033
37,0.5148752014043233,0.6153880387100963
38,0.5100992768112675,0.6128840261380869
39,0.5058588099004814,0.6118346708985533
40,0.5008186229224583,0.6092904714495337
41,0.4960577239984965,0.60650286392619
42,0.4918147839594464,0.6049171995551027
43,0.4875093193104623,0.6027822172874937
44,0.4831605132579492,0.5998227919898611
45,0.47887751144446283,0.5974595014995807
46,0.4752864294886561,0.5959104487549518
47,0.4712016963202393,0.5944349745875219
48,0.46744076450989036,0.5929118976273441
49,0.46319116540657307,0.5905355600688496
50,0.4598351839633269,0.5892355471958388
51,0.45586035964126326,0.586565226128941
52,0.4523885716333559,0.58572824064234
53,0.4484200959082182,0.5838236216487165
54,0.4447222738674329,0.5818154432999515
55,0.4414887351022721,0.5808532389781044
56,0.4382533943622066,0.5796282765255519
57,0.43453703809540206,0.5771965353005367
58,0.4311099126831995,0.575106867913834
59,0.42756249879291064,0.5737427656029512
60,0.4243217309364069,0.5728854669762301
61,0.42130251614470127,0.5721305162792492
62,0.41796571801969296,0.5708607608676256
63,0.4148084699449224,0.5697877773856549
64,0.41175859621339295,0.5684506134538231
65,0.40903881616357046,0.5678227160856261
66,0.40627458069811,0.5671706642377021
67,0.40315465007727397,0.5667735403067888
68,0.40031314687799435,0.5664216554481605
69,0.3975811506721552,0.5654641064895497
70,0.3947053680450135,0.5640735982424047
71,0.39186757905264036,0.5627177007308339
72,0.38924642600841597,0.5621133386615603
73,0.38650096424003505,0.5616277857068849
74,0.3838713253847558,0.5603333567099203
75,0.3813637470636509,0.5600402269010889
76,0.378797994413548,0.5589422721432513
77,0.3761998838087328,0.5584378294338692
78,0.3736939265211629,0.5575258946883266
79,0.37117327891749013,0.5572611118709905
80,0.36875345675000804,0.5566835606328475
81,0.3663046768751164,0.5557429431969443
82,0.3638261578198187,0.554663275512791
83,0.36131403563581066,0.5535294914747936
84,0.35881344922041997,0.5530829920613665
85,0.35618105346423445,0.5519637887545696
86,0.35398095451945216,0.5517609343410235
87,0.3516643408816689,0.5509719151407166
88,0.349124183015315,0.5497280699009953
89,0.34686055851706193,0.5486646378105358
90,0.34453787757801385,0.5477872618250199
91,0.3422930978218515,0.5471198708259393
92,0.34008713090790793,0.5464046077375643
93,0.33786698391853837,0.5459139060275073
94,0.3356649475521622,0.5454837920629074
95,0.33351265873811436,0.5449203397205711
96,0.33152161544213765,0.5439145330732054
97,0.3293224269504933,0.5437702507193504
98,0.3273144575881066,0.5428988191410529
99,0.3250227652350946,0.542017918171082
100,0.32291539977986505,0.5415737928739418
101,0.32084860642535395,0.5410125840869909
102,0.3187106550455689,0.5402283035664283
103,0.31665984604239056,0.5396037661622572
104,0.31447710303886406,0.538306202013632
105,0.3122655867198355,0.537737651981281
106,0.31028966974189603,0.537180852930321
107,0.30828584610302145,0.5361029891194187
108,0.3065106486478297,0.5359423220251623
109,0.30458440692121974,0.5354095221513544
110,0.30261677763376826,0.5353693348148549
111,0.3005723169357965,0.5349188843512835
112,0.29871130403683394,0.5341311454667518
113,0.2968958259250113,0.5338533439874076
114,0.29501654011508843,0.5333271942739979
115,0.2930267929501935,0.5321875064911039
116,0.291318448347465,0.5318077361510656
117,0.28948730931314925,0.5319368228163386
118,0.287726412917768,0.5316299462601644
119,0.28608213948948874,0.5319634472175454
120,0.2843056832410107,0.5316631635959748
121,0.2825072350141332,0.5315448245415761
122,0.2808762455338085,0.5314960520535842
123,0.27923846320577755,0.5311816480889676
124,0.2775783959858494,0.5307992416304469
125,0.2759512058587371,0.5304505674513134
126,0.27427316286046455,0.529915810211828
127,0.2726785748735742,0.5297310436784068
128,0.27112917233979866,0.5290873438123652
129,0.26951058857212445,0.5288804186053889
130,0.26791061352075,0.5285745094347122
131,0.2663446693126326,0.5282964437867361
132,0.2648190218744969,0.5277941380433956
133,0.2633073939387375,0.5280573876788731
134,0.2617666846390691,0.5279013913829801
135,0.26023909542289847,0.5281472187286543
136,0.2586094256346096,0.528062294528229
137,0.2571888994706509,0.5279412925558675
138,0.255887360369576,0.5279397272697507
139,0.2545474688119235,0.5274524975808917
140,0.25312803533736905,0.5269115111533142
141,0.25161209506136467,0.5264769329397947
142,0.25025579048104635,0.5265400952068849
143,0.2488499102021047,0.5262329361805557
144,0.2474274490758081,0.5252942260357618
145,0.24589885173354856,0.5254992895844667
146,0.24449281021360655,0.5253608783383752
147,0.24314456676255425,0.5255674713763481
148,0.24177206212974028,0.5252915303535515
149,0.2403681183450358,0.5243371251052372
150,0.2390508805608712,0.5241254661389642
151,0.23770780020909024,0.5240523958628382
152,0.2364210930616767,0.5235658810571363
153,0.23515312269438518,0.5235076472628372
154,0.23380803388680096,0.5230312987254094
155,0.23246187938696478,0.5228367579478775
156,0.2311785448103554,0.5224015569006205
157,0.2297928099176955,0.5221720623267843
158,0.22848865996165177,0.5222596422516073
159,0.2273408450441414,0.5219789554206413
160,0.22613005207566064,0.522032311005928
161,0.22488462612834267,0.5216885397104123
162,0.22361237479383364,0.5215278329302087
163,0.22242554608948187,0.5218266996796947
164,0.22125678493714115,0.5216545997156592
165,0.22005610033577822,0.5215401808224739
166,0.21885402390354464,0.52118104615987
167,0.21745350992881782,0.5205954986776784
168,0.2161763675256678,0.5201373047650822
169,0.2148587203250575,0.5194645724922972
170,0.21370215817019264,0.5189157947513089
171,0.21241044551346605,0.5187622950883364
172,0.21125485188856719,0.5188042065933118
173,0.21014737559286284,0.5185903006624082
174,0.20903250498990847,0.5183348437021255
175,0.20783207127868816,0.5180264327460297
176,0.20664347650336323,0.5179176753151797
177,0.2055655908857154,0.5177176808258211
178,0.20447147415114092,0.5175719543155846
179,0.20336747693464027,0.5174921043992519
180,0.20230229809224684,0.5172816009077574
181,0.2012076643645446,0.5172265027328037
182,0.2001888462035551,0.517231149840908
183,0.19909998001939694,0.517220664524274
184,0.19813795122179595,0.516699163273823
185,0.19703634092566677,0.5164465850414505
186,0.19593905529619957,0.5163186319381046
187,0.19476505302989702,0.5155743912838943
188,0.1935759480825968,0.5153846045826873
189,0.19252074264278518,0.5152618649975745
190,0.19150953231607531,0.5151092521068735
191,0.19046587387108008,0.5149181298177364
192,0.18941863884354793,0.5146816863950232
193,0.18845626281646763,0.5143399234223723
194,0.1875236609720061,0.5142374450118956
195,0.18657984609541076,0.5142270306587882
196,0.18560812656209724,0.5139524273484095
197,0.1847068375634624,0.513794197804798
198,0.18377419740763504,0.5134485397172573
199,0.18280571004775933,0.5132008573393452
200,0.18190738337615583,0.5129400900535693
201,0.18097993516327043,0.5126645348503055
202,0.18001086748024656,0.5125892606967972
203,0.1790375338148869,0.5120610481218258
204,0.17806762299643727,0.511829846486055
205,0.1771773751357487,0.511574854187608
206,0.17630550951449295,0.5110263136366001
207,0.17535103409455643,0.5110208353678162
208,0.17448023785901745,0.5108547677809017
209,0.17354163965065197,0.510958069995263
210,0.17256818896559806,0.5107773222197273
211,0.17164064692089118,0.5105811004510727
212,0.1707522793762419,0.510538476589924
213,0.16977341509228544,0.510254659759626
214,0.1689103964664526,0.5098154911261359
215,0.16799414241551877,0.5096941266811674
216,0.16714429521135712,0.509588900502247
217,0.16630260101779915,0.5089921336142441
218,0.16546571891715106,0.5087067744394871
219,0.16465997065081167,0.5085250962142813
220,0.16378868066347302,0.5083148852181542
221,0.16291524050905506,0.5082034477922422
222,0.16211705296919532,0.5079379852706623
223,0.16127973008637864,0.5077219352893685
224,0.16046728351192727,0.5078708823277827
225,0.15967829279733736,0.5076725447865128
226,0.15893685479759906,0.5073824745950093
227,0.15819465538012903,0.5070320877115081
228,0.1573720606386126,0.5066664534404369
229,0.15659757453501064,0.5061767129162245
230,0.1557914157034005,0.5056523704454737
231,0.15494544405842534,0.5054120090460267
232,0.15419629636541402,0.505090175919005
233,0.1534309745809794,0.504812614375763
234,0.1526938839549941,0.5047362477801617
235,0.15188635797125993,0.5046809069862086
236,0.15111426390110508,0.5045948881090466
237,0.15038043125308131,0.504273375740172
238,0.1496203265606512,0.5040767550457681
239,0.14881090805477698,0.5037380026580506
240,0.14801771434862357,0.5035318618105584
241,0.14728467241722748,0.503477094064224
242,0.14655725995072474,0.5032031086846517
243,0.14583032510689709,0.5031114583405044
244,0.14507086444602066,0.5032529110374837
245,0.14436626042951994,0.5032668859349173
246,0.14357517618788349,0.5031764810868068
247,0.14288306160839812,0.5029313860667296
248,0.14216860187730745,0.5027750679047384
249,0.1414053330272119,0.5027649862810777
250,0.14066115499135087,0.5026048816596682
251,0.13997925885974247,0.5025719631804987
252,0.1393465649952878,0.5025602307474623
253,0.13869827713069963,0.5022848151481601
254,0.13803443338247368,0.5022562870452277
255,0.1373579454185036,0.5017576926147791
256,0.13667176406625836,0.5018207741490434
257,0.13601987247911992,0.5016827850335159
258,0.13529782441878807,0.501603720090696
259,0.13464466734178154,0.5016353507889512
260,0.13396001034003294,0.5015764746340211
261,0.13322868278376693,0.5015037288429909
262,0.1325633084573926,0.5014076520896213
263,0.1319208947017478,0.5013682907746109
264,0.13120511758572567,0.5012523511779974
265,0.1305177771705234,0.5009919605401074
266,0.1298866627327127,0.5010864400079265
267,0.1291731894917743,0.5006915922617892
268,0.12850445526546933,0.5007714347319994
269,0.12788747231678343,0.500808400572063
270,0.12726454270221788,0.5006092478581605
271,0.12670211564048797,0.5007191586878158
272,0.1261303238454442,0.5004882442615967
273,0.1255076806150986,0.5003485863591657
274,0.12485373470932487,0.5001785421862706
275,0.12422493740500881,0.5000912920130512
276,0.12364563238524186,0.5001350908271545
277,0.1231144679676756,0.5000361118770767
278,0.12249859224644355,0.5000420934908415
279,0.12188092600390238,0.4999375063400549
280,0.12135006620762107,0.4999416117984497
281,0.12076335643555719,0.4997885478939246
282,0.12011922317203216,0.4996785310972912
283,0.11955977326474876,0.4999635248942214
284,0.11903562906556683,0.4998539626029913
285,0.11842479115548413,0.49957776094139034
286,0.11784221676292532,0.49963426799979294
287,0.11730940509777385,0.49963627862336935
288,0.11667463845924812,0.4992801771256649
289,0.11608404085271826,0.49929157157635107
290,0.1155035631453753,0.4992992478769203
291,0.11491684526915183,0.49903983039603234
292,0.11437660403609219,0.49899577003974177
293,0.11379650592322745,0.4987361336838227
294,0.1132434884965677,0.49864084952354504
295,0.11270481869681304,0.4983544599558164
296,0.1121309041680202,0.49863124450463897
297,0.11163096031034954,0.49862990756386416
298,0.11111227834387953,0.4986351713961564
299,0.1105813336089663,0.4983900800219985
300,0.11006370958358828,0.4982119924595604
301,0.10956934471282366,0.4980691241873574
302,0.10903648059699492,0.49772582189721537
303,0.10851870916708417,0.4977859127629375
304,0.10800730395719263,0.4974958018678996
305,0.10744981661937959,0.4973130655417117
306,0.10695758786212012,0.4972610105367734
307,0.10644756808631171,0.49715405037513305
308,0.10594827541604662,0.4968054696063849
309,0.10544111593015909,0.496543797329185
310,0.10492532055776525,0.496356699648053
311,0.10441615198723679,0.49656665121321436
312,0.10388515232138411,0.4965713112027457
313,0.10338288351169769,0.49665185999677247
314,0.10288067878369334,0.49678531477345245
315,0.10237407413930033,0.49675819770862495
316,0.10185168421909759,0.4967752675152785
317,0.10136703314307616,0.49669575585676
318,0.10089706690786582,0.4968023143760668
319,0.10042792972175577,0.49654337566843404
320,0.09995289170031234,0.4964931269202926
321,0.09948287095578133,0.49628913528204277
322,0.09906034320827405,0.4963692023949163
323,0.09855936599385731,0.49646648918456204
324,0.09809377449394391,0.4962405390643985
325,0.09765518005448663,0.4962486603198996
326,0.09717934789552433,0.4962382811217751
327,0.09673919115870884,0.49621573571616673
328,0.09627773398308404,0.4963125270995334
329,0.09581919892415235,0.49634569766660364
330,0.0954303336316254,0.4964105952076674
331,0.09495919210851926,0.49645348599513406
332,0.09449504978952078,0.49653715003783877
333,0.0940324803774598,0.49670629089434176
334,0.09355416235153773,0.4968387069685376
335,0.09307881658481527,0.49672305397894795
336,0.09265809347026106,0.4966580780387873
337,0.09218719405420682,0.49658137184393436
338,0.09178225057298929,0.4968170034239877
339,0.0913610540017454,0.49682952468482017
340,0.0909505725690275,0.4968141749820719
341,0.09054033939763625,0.49669441179744606
342,0.09011140158466796,0.4966710358595899
343,0.08966765476830668,0.49669309646041265
344,0.08927913758992437,0.4966992117931129
345,0.08887195491422566,0.49685947753355997
346,0.08848403355065089,0.4969109053737801
347,0.08808806361490651,0.4967594565586415
348,0.08770421453838398,0.4968271368788997
349,0.0872981004052973,0.49669865407505365
350,0.08683391725053748,0.4966603623022325
351,0.08646484504051465,0.4966556741262123
352,0.08607677726880184,0.4968211768035903
353,0.0857205667632483,0.49669172656527755
354,0.08534928711861674,0.49652791540598884
355,0.08497545532908102,0.49635846348248713
356,0.08456034264424948,0.49644756981289356
357,0.08415996187969416,0.49622324408653923
358,0.08375315745472899,0.4962531711083018
359,0.0834106932570856,0.49625527093117183
360,0.08300214740596697,0.4963731413008633
361,0.08263194379749249,0.49636810469023845
362,0.08227986751621749,0.496199896493284
363,0.08196540767986045,0.4961690568285106
364,0.08161121007253133,0.4960497490235898
365,0.08128457613245405,0.49596319134153527
366,0.0809363501583271,0.4959531480724974
367,0.08055940809603415,0.49599265363933437
368,0.08018159280977454,0.49610109536525143
369,0.07984556396908242,0.4958928800230208
370,0.0795163345509083,0.49594923828216647
371,0.07919328254155128,0.4960075257187703
372,0.07881447409663234,0.4960220249209951
373,0.07843708293865245,0.4959233972033472
374,0.07807022776079967,0.4960233732430194
375,0.0776883713502172,0.4960622216235715
376,0.07734456881382692,0.49581902140351475
377,0.07696115385472296,0.49584229754418085
378,0.07660804894525365,0.49583889907881745
379,0.07626815544228177,0.4958515185554355
380,0.07587090922711766,0.49580997844329666
381,0.0755149662332294,0.4957163017261955
382,0.07512963875376318,0.49571404317393564
383,0.07476493066074717,0.49550661580719807
384,0.0744174515533094,0.49550290790446283
385,0.07410929716724256,0.4954414996472656
386,0.07379046390066235,0.4954288754736701
387,0.07346407224711231,0.49518542871413596
388,0.07316196397257752,0.49518354887718335
389,0.07284987416708696,0.4951152400357434
390,0.07252377659255695,0.4951056775901549
391,0.07215454639439621,0.4948340311803262
392,0.07183719667849776,0.4947770074539906
393,0.07149338488872303,0.4947373771529212
394,0.07115759146154885,0.49489010711018294
395,0.07082931565341088,0.49479401680713503
396,0.07050878266926934,0.494745291957837
397,0.07015924870224127,0.494655560573295
398,0.06985521585878893,0.49482476568210565
399,0.0695480690511444,0.4947275539470684
400,0.06923539929023804,0.49460748173201746
401,0.06889235101438675,0.4945415919091971
402,0.06858364781135233,0.4947768704631481
403,0.06829597776118398,0.494581143099108
404,0.0679823908601534,0.49461229138181195
405,0.06769897319499214,0.4945385067343867
406,0.06736487634006803,0.4944508568912105
407,0.06707022603836883,0.4945224919243721
408,0.0667842005479607,0.4944831291240982
409,0.06649563956965092,0.4946176637834529
410,0.06615830782121722,0.4946044901197897
411,0.06586767712763326,0.49458210602952185
412,0.0655699664990474,0.4943666700958435
413,0.06527364248057294,0.49432931773882066
414,0.06497447634728769,0.49420569576065665
415,0.06468829445472075,0.49426604347300124
416,0.06440728251996453,0.4942735493984769
417,0.06413425550179754,0.4942192621181301
418,0.06382249727738741,0.4942887559572145
419,0.06351890601971397,0.49425360622877673
420,0.06322567177277559,0.49415468333113155
421,0.06295848203998552,0.4938996959782799
422,0.06268450622698496,0.49409394824404934
423,0.062413044187290954,0.49411630153151515
424,0.06210158421435642,0.4939961791421817
425,0.061849190404174366,0.4938647264370546
426,0.06158290847347448,0.4936707102114786
427,0.06132159600512929,0.49358795964320706
428,0.06105287207301815,0.49356993897875767
429,0.06077860101421423,0.49350060962479686
430,0.06050943237953917,0.49353281192852494
431,0.060219326977443005,0.4932814677362985
432,0.059909887131148816,0.49326670279249385
433,0.05964556827366734,0.4933607249546286
434,0.05935189242069655,0.49319464969481364
435,0.059081894344265216,0.49311892860608664
436,0.05880866916948926,0.49307449511356555
437,0.05854822564061288,0.4930591005010491
438,0.0582625058275745,0.49295267228909895
439,0.05799203895432329,0.4930132547889315
440,0.05772722808572796,0.4928987416091966
441,0.057469173501269274,0.49292513566577534
442,0.057199834933374306,0.49282374221038544
443,0.056953637638546994,0.49268979901038
444,0.05667050111055474,0.4925734928734259
445,0.05644016214277598,0.49245368982345394
446,0.056181013953380404,0.49227017969641196
447,0.05592744065834853,0.49232809304750014
448,0.05565474550126515,0.4923047013559717
449,0.05539119041466309,0.4922321490198598
450,0.055123774618228,0.49232064609581244
451,0.05486630843083487,0.49236687869150636
452,0.05463661876761345,0.49223343097564715
453,0.05440875788286935,0.4922342727685361
454,0.054152255605750876,0.4922105351214135
455,0.05390908643376059,0.4923997089021884
456,0.05367654746224136,0.4924011423288667
457,0.05343661395019955,0.4923929353103146
458,0.053231035398218,0.4924513629238387
459,0.05302840049369143,0.49243137734994286
460,0.05281646872231085,0.49228950778515357
461,0.05256339860828732,0.4921791690860615
462,0.052330126224408365,0.49221638756758457
463,0.052125147526105954,0.49223125549335667
464,0.051879721587760746,0.49197564083738576
465,0.05166296451432474,0.49194056476302805
466,0.051416644282022084,0.49178684212460133
467,0.05119653944229548,0.4919386418221115
468,0.05094812328258513,0.49200975975576566
469,0.050712017165754214,0.4919656315092211
470,0.05047123941234965,0.49192904483382044
471,0.05026584605242488,0.491871659076531
472,0.05006822021415245,0.49197200812604713
473,0.04985921629396341,0.49185343384770835
474,0.0496480070202546,0.49180474493197285
475,0.049421744722054566,0.49185973479624356
476,0.049193561307785426,0.4917335956193265
477,0.04899732656821222,0.49176130310699556
478,0.048788183963986716,0.4916996120357136
479,0.0485759716232312,0.4917116107720817
480,0.04837884503226422,0.4917226627418383
481,0.048164784193526954,0.49181428936254934
482,0.04795898311649293,0.4917533052125089
483,0.047748524467470986,0.4917323160031571
484,0.047547793786875,0.4916298687421561
485,0.04733429701285834,0.49157630504022526
486,0.047126854937448934,0.4915517018203045
487,0.04691168234913742,0.4915218358989598
488,0.046711211728328414,0.49166354804023366
489,0.04651565230554735,0.4916573462158617
490,0.046298051795816086,0.49162317455984095
491,0.0460617960495336,0.49151553734575726
492,0.0458681931992044,0.4914848941382236
493,0.04566884458173471,0.4912973024215448
494,0.0454822749563411,0.4912205909687256
495,0.04528271234648533,0.4912650312104938
496,0.045092814511416696,0.4913419608087385
497,0.044913159226499494,0.4914062501311959
498,0.0447200837902117,0.4913790378377552
499,0.04453616993374101,0.4912699529461786
500,0.04434847307569881,0.4912502792752608
501,0.04414365575434593,0.49123387404972324
502,0.043953465220275365,0.4912027973904052
503,0.04376821404542129,0.4910454265450916
504,0.043564595847591,0.49106291887367465
505,0.04338621714478062,0.4910527385464071
506,0.043200139475320976,0.49108345353072475
507,0.04304166929667356,0.49105868793342566
508,0.04286910649760731,0.4910895498289897
509,0.04269388033927676,0.49106769208774664
510,0.04250159388572526,0.49106584296994743
511,0.04230167611134459,0.4911222612590567
512,0.042117963044340415,0.49103944423017004
513,0.04194641850826013,0.49100422610972483
514,0.04176956537723125,0.4909629116091051
515,0.04159066687017118,0.4908178606212612
516,0.04141811058157342,0.4908657474707362
517,0.04125159071388927,0.4908452828077562
518,0.0410625381588022,0.49080030842038447
519,0.04089261206178817,0.49063469387972264
520,0.040720379252731906,0.4906741150947877
521,0.04053473722517286,0.49079579794488987
522,0.040355311927034315,0.49074787334170633
523,0.04017808521508509,0.49058011576177024
524,0.039985234823076955,0.4905912861523172
525,0.03980002091314153,0.490595165062079
526,0.03963516952277657,0.4906645390285198
527,0.03946837260515553,0.4907289115953115
528,0.03930241072586284,0.4905900960930177
529,0.039129336361595365,0.4905630417235002
530,0.03896107537862366,0.4907468527885151
531,0.03879825631634935,0.4907669937240675
532,0.0386387289327642,0.49080089571767344
533,0.03848399608450696,0.490793949180556
534,0.03832937014055571,0.4907042923346323
535,0.03815457846979013,0.4908876156700612
536,0.03796643526666264,0.4907575402665905
537,0.037796802974186916,0.4906653605171503
538,0.037644450013582416,0.4906530270327547
539,0.03747851609820184,0.490549372787476
540,0.03730028037541552,0.4905997601717699
541,0.03711771442173878,0.49057969523120354
542,0.036948907715804696,0.4905537680180063
543,0.03678973809753547,0.49057450129858315
544,0.0366313626223002,0.4905798704476767
545,0.03647639014813714,0.4905741348092926
546,0.03631138048009798,0.4906558481368535
547,0.0361681239579075,0.49066556743977224
548,0.0360112742748022,0.4906045011387796
549,0.035866088450304486,0.4905206215555492
550,0.03572050594914428,0.4904277467667601
551,0.035574662665639016,0.4904602492969474
552,0.03543381850374911,0.4905060845377863
553,0.03528880136506404,0.4905341132768742
554,0.03514052202585393,0.4906251846859974
555,0.035001040093591944,0.4907342706402987
556,0.0348569955331546,0.4907476118464648
557,0.034702476362270765,0.4906471853343359
558,0.0345557881948079,0.4906675896806825
559,0.03439862620257477,0.49062847540036125
560,0.03424253262362238,0.49062996077769694
561,0.034102188631602914,0.49057125313986966
562,0.03396146372182805,0.49047700927626914
563,0.03382272720400493,0.49042615929049743
564,0.033672790382183314,0.49057720426710555
565,0.03351896137219979,0.49059009713885626
566,0.0333777988114829,0.49052376341125137
567,0.033239770311814194,0.49058187770271955
568,0.03309367588222666,0.4906880578513844
569,0.03295565191255405,0.49074562871345884
570,0.0328055153948781,0.49078747824502883
571,0.032639704829757,0.4906691052572312
572,0.03250750972920322,0.4906350267686095
573,0.03237796648636445,0.4905312245695202
574,0.03223648916532715,0.49048802762494614
575,0.03210922954006261,0.49051157900939
576,0.031963440617699436,0.4904901806224878
577,0.03183537135154018,0.49046622281408986
578,0.031699893909003636,0.49039930642338525
579,0.03155492588100324,0.490424073589365
580,0.031420112959396465,0.4904621494695448
581,0.03128568573877226,0.49045654603306926
582,0.031151179961156225,0.4904331207533183
583,0.031026836386026917,0.4904756315777688
584,0.030897070644590182,0.4904903915511245
585,0.03075763825290801,0.4904784766478048
586,0.030640124172717113,0.4905695274028819
587,0.030514443914510664,0.49063882725759167
588,0.030393416335504103,0.49056029958017716
589,0.030266704136679312,0.4906432531506368
590,0.03013278177650049,0.4906854381049104
591,0.03000488277561983,0.4907349009110277
592,0.029889716968549054,0.4907495563844839
593,0.029765023866744716,0.4907481394225924
594,0.029629799962414795,0.4906035630837446
595,0.02950831807593727,0.49060661480921836
596,0.029387809646951125,0.49066876136122495
597,0.029252306185609277,0.49077160811423765
598,0.02913145140185393,0.4906678422893035
599,0.029005141304128092,0.4906468656587615
600,0.028869264995701544,0.49058909929093963
601,0.02873703836081315,0.490460972315103
602,0.028608861384885123,0.4904235776711455
603,0.0284858497146629,0.49036134974108325
604,0.028368463118406215,0.49031973875591794
605,0.028247524364337803,0.49027302606750994
606,0.028124727096639164,0.4902308752565391
607,0.02802200053481163,0.49019493247552703
608,0.027907515809156357,0.49034415099102036
609,0.027783247920768056,0.4903319301804743
610,0.02766309587310652,0.49034822184311144
611,0.027537797984835747,0.49033629416798075
612,0.02742650783778705,0.4903425453634324
613,0.027303418747617766,0.49014579619527204
614,0.027197372411354056,0.4901340881873758
615,0.02709010011327303,0.4901482271307802
616,0.026966885707931883,0.4900988464419245
617,0.026853209693538105,0.49011442367564334
618,0.026747672686691672,0.49013830184158486
619,0.026629334978825542,0.49007017578194323
620,0.02650622293212141,0.4901021363689427
621,0.026410313904231625,0.4900314954450897
622,0.026295667985832247,0.4901195901171003
623,0.02618297947499845,0.4901335316154443
624,0.026083947458346097,0.4901524700410065
625,0.025973768164383664,0.49026068843474463
626,0.02586580712699746,0.49024723191867364
627,0.025772853829714323,0.49023899343822186
628,0.025659234101008736,0.4901793732863229
629,0.02554306047420948,0.49018646853505843
630,0.025444921043643084,0.4901146271308279
631,0.0253348390276381,0.49009466542573504
632,0.025233504908343134,0.4900370611572687
633,0.02512491321705204,0.4900340214132281
634,0.02502440910818832,0.4900046795652132
635,0.02492433336236095,0.4899473337129905
636,0.024824916153746216,0.4900029917342123
637,0.024722689937301392,0.48997944223216605
638,0.024619599886228714,0.48991267797312044
639,0.024511434222761124,0.48977029890624396
640,0.024410168136431924,0.48981002326554673
641,0.02430681169653888,0.4897930292841056
642,0.024207528524452553,0.489864294176115
643,0.02410335610566948,0.48988718651474294
644,0.024006654701466873,0.4899012041008365
645,0.02390435451417766,0.4898896160599096
646,0.023808693741230246,0.4899226758410182
647,0.023714159122106615,0.4898991134570063
648,0.023623770084606543,0.4900308020352494
649,0.023521990297095875,0.48997452967701627
650,0.023423474466424007,0.4899096382615074
651,0.02332457542242199,0.4899624293522815
652,0.023226816011350924,0.4899536107830394
653,0.02313111965548703,0.489949228842122
654,0.023024635846658526,0.48987524877894717
655,0.022930059579706445,0.4897877522790976
656,0.022835003736130052,0.4897449206457438
657,0.02274600569273344,0.489735042886125
658,0.022654186396669232,0.4897405029088403
659,0.022556231996249856,0.48975622816915504
660,0.02245772724426199,0.48965566772120983
661,0.022345441219901657,0.4895959993778614
662,0.022254780945883432,0.4895297802876348
663,0.022165409699834805,0.4895376580973353
664,0.022069769107337826,0.4895668949240761
665,0.02196830919704171,0.4895052384254955
666,0.021872175712177432,0.48948859180543475
667,0.021780053701490637,0.48944509273378456
668,0.02168973726992319,0.48933868494249977
669,0.02160457174211239,0.48922916649763337
670,0.02152244803075194,0.48924006800865794
671,0.021425797006954832,0.4892584852605852
672,0.021333598764387642,0.4892853931446907
673,0.02124507054042732,0.4892746693453042
674,0.02115242611412898,0.4892595213280464
675,0.021064270709389887,0.4892092965449839
676,0.020969970986008786,0.48912376661761137
677,0.020880157363835423,0.489072687552301
678,0.020793222471342614,0.4889589633517362
679,0.020707654972153225,0.48896487300265373
680,0.020609927272919656,0.489020560644886
681,0.02052380536796243,0.48897076156537445
682,0.020445189298196532,0.4890576970147258
683,0.020360192240786803,0.48901793745242683
684,0.02027148878181864,0.4890167189562474
685,0.02020496875763227,0.4890022074802183
686,0.02012652280743755,0.48905688115331647
687,0.0200523106881795,0.4890594350677922
688,0.01996562892285685,0.4889737337521373
689,0.01988626158485031,0.4888982492347627
690,0.01981284482069185,0.4888629844833239
691,0.019734250600522314,0.48878140401851183
692,0.01964592453319657,0.4888371853942427
693,0.019557703856773294,0.4887556516032169
694,0.019478918438200224,0.48879795621237454
695,0.01940016132264301,0.488821803691029
696,0.019324245657627512,0.4888548875333959
697,0.0192388666935561,0.48877620682189654
698,0.019152673157466615,0.48882187786089754
699,0.019081054475417903,0.488811876737918
700,0.018998620618169714,0.48882060555538165
701,0.01892545876546636,0.48878906406425543
702,0.018845777178175184,0.4887114669553821
703,0.018768688193706393,0.48871671207852774
704,0.018687003374440098,0.48872357851148984
705,0.01861010506137822,0.4886891867125922
706,0.01852836105660718,0.4887113580307843
707,0.01845085733321165,0.4887935143198671
708,0.01837927396215322,0.4887898284013642
709,0.01830136591064386,0.4887363474093783
710,0.018220690892549206,0.48879946181789147
711,0.018146190499012897,0.48872218545907636
712,0.01807782966428244,0.4886583922496821
713,0.01800862689414665,0.4885573162997527
714,0.017937512549143032,0.4885824045575859
715,0.01786582806412746,0.4885132382598838
716,0.01778992263646308,0.4885199691319784
717,0.01772350241688238,0.48850598873392026
718,0.017657408449674165,0.48854190949542253
719,0.01758606546260389,0.4885885246206894
720,0.017508438576877058,0.4885584674647842
721,0.017433189620901544,0.4884267466171367
722,0.017360325456961076,0.4884171881342666
723,0.017290992760606572,0.4884525794253734
724,0.017212993392054034,0.48848499800146955
725,0.01714249263906633,0.48848133917614356
726,0.017063468718114184,0.48838596223254566
727,0.016991752880911086,0.48830562139455547
728,0.01691894598364364,0.48830542493513873
729,0.01684576596325672,0.48826107968211724
730,0.016783513752971112,0.48823099797113867
731,0.01671241046808552,0.488256966648037
732,0.016648797478663904,0.48822215645671896
733,0.01657317383572991,0.4881704340159113
734,0.01650362174144201,0.4881737133883768
735,0.01644568140191294,0.48816727403732735
736,0.016377014595746895,0.4882497076280038
737,0.01630720291745367,0.48823911630913214
738,0.01624092035251052,0.4882804627218762
739,0.01616733506287588,0.4882901433616849
740,0.016106736577993122,0.4883319889840871
741,0.01603431497795993,0.4882602267663512
742,0.015970737544174368,0.4882951115766417
743,0.015913891903250956,0.4883327409462209
744,0.015857813056989935,0.4883425086976219
745,0.015784782748755107,0.48838198781534914
746,0.015717142626210767,0.48835034208135797
747,0.01565073275458406,0.48828555883438535
748,0.015587231413765853,0.4883421664227119
749,0.015524626634558952,0.4883371877814348
750,0.015458543916760905,0.4883179007487531
751,0.015390725982414545,0.4883105578663073
752,0.015325792466194078,0.488338755024429
753,0.015268437933188517,0.48833946059164124
754,0.015210709615214011,0.4883346939389535
755,0.015148330763665636,0.48841371407713036
756,0.01508702047391785,0.48836892785363417
757,0.015027299418772639,0.48841515590907697
758,0.014961855833323883,0.4884254788209618
759,0.014902359194569045,0.48840194314287244
760,0.014845296129805443,0.48837521779534604
761,0.014782609769023894,0.4883453335351188
762,0.014723148117396867,0.4883443255805887
763,0.01466911567373095,0.4883089834965012
764,0.014608842476870052,0.48831083054327296
765,0.014550537221961512,0.4882394983510629
766,0.014484118753917658,0.48825931726847455
767,0.014427182416720046,0.4882285868501314
768,0.014363656516328807,0.48819235313860776
769,0.01430831432264552,0.48820965465896315
770,0.014246587802566373,0.4881499870993545
771,0.014187917822034464,0.4881764109394125
772,0.014134199974812288,0.48807100769893325
773,0.014079146107179641,0.4880303285375977
774,0.014020203049920283,0.48798873145329064
775,0.013963516707451652,0.4879154305005752
776,0.013909478008181207,0.4879007134082684
777,0.013849789360391546,0.4878630915675387
778,0.013787329775838438,0.4877646903161645
779,0.013728126398867472,0.4877844828696144
780,0.013676683424781691,0.48788132077728885
781,0.013628782591383533,0.48786916751422066
782,0.013562962152181534,0.48787272210161886
783,0.013510081019844862,0.48781988369914403
784,0.01345680360429402,0.48781778187766756
785,0.013397407049363486,0.48785686959882174
786,0.013344459706341053,0.4878411932730243
787,0.013286816972150381,0.48787093127224684
788,0.013237464415342251,0.48781082865484743
789,0.013174290121541768,0.4877182824113558
790,0.01312306602803579,0.48766278725777207
791,0.01306586372226596,0.4876750231156764
792,0.013010669786112098,0.48767615269488085
793,0.012954850997235668,0.48766567079065737
794,0.012907035747003852,0.48768456701899926
795,0.012853933979671996,0.48760617848435395
796,0.01280211000580406,0.48767155985789773
797,0.012749850577376098,0.4876773997437857
798,0.012693690560017646,0.48766242365742635
799,0.012642879073445539,0.4876346319482483
800,0.012591087375743345,0.48760541698644805
801,0.012537723337022737,0.4875781629630692
802,0.01248375985983246,0.48755070178853105
803,0.01242661605353639,0.4875360954399486
804,0.01238274693416264,0.4875449117064301
805,0.012331849107202334,0.48747959154279413
806,0.012282801264045493,0.4874933550853223
807,0.012234802456126546,0.4874442610745032
808,0.01218290901670036,0.48755621833166585
809,0.012138136602543773,0.4874956271309774
810,0.01209071016801617,0.48748988345555533
811,0.01204352491084658,0.48749522635862624
812,0.011998721639606857,0.4874549346439606
813,0.011949244178999043,0.48751744486820164
814,0.011898937750973438,0.4875620214824388
815,0.011841157462535218,0.4875743269865377
816,0.011794588684268381,0.48758505087725196
817,0.011750964514417374,0.48754092938217175
818,0.011701600527685513,0.4874767511810836
819,0.011660508386383415,0.4874917814231305
820,0.011614405740213905,0.4874299292428025
821,0.011564618934058274,0.48730754311756563
822,0.011520049577977445,0.4872964055774911
823,0.01147113642144658,0.48732010401652276
824,0.01142155059674656,0.48733478664793445
825,0.0113778308271484,0.48726345172436136
826,0.01133444445417846,0.4872769268267464
827,0.011286656651833777,0.4872474405878385
828,0.011236074403525316,0.4872268708050012
829,0.0111934055456403,0.48722257907781835
830,0.011155002841292378,0.48723354639781913
831,0.01110822272335967,0.4872543211998083
832,0.011058722154143965,0.4872783864808853
833,0.01101765573987455,0.487235654387432
834,0.01097457407693588,0.4872287950080291
835,0.010922423426687112,0.48726787049562187
836,0.010876067460955067,0.48722743497128945
837,0.010834975451926212,0.4872030409381162
838,0.01078865904344871,0.48727797435893594
839,0.010745629096775783,0.4872340089193724
840,0.01069851555121386,0.48726929413309633
841,0.010656182105800556,0.4872718715843612
842,0.010612984875819713,0.4872152453396589
843,0.010578561829737045,0.48714692076716903
844,0.01053506994763022,0.4871215849967213
845,0.010496072676376375,0.4871540726761687
846,0.010453250582744336,0.48713062189830403
847,0.01041129271860633,0.48711843304238894
848,0.010364150252328433,0.4870298815758169
849,0.010322520753020432,0.4870757329416002
850,0.010279604671059095,0.48701838660063085
851,0.010237750541896913,0.4870114036961022
852,0.01019823685421147,0.48700722668198804
853,0.010150750550977824,0.4870482770580782
854,0.010112116542977145,0.4870367053854821
855,0.0100698513071517,0.48697332337350163
856,0.010033089321248688,0.4869671099743739
857,0.009988144629615277,0.4869618758834235
858,0.009951497815780393,0.4870174991901357
859,0.009905070711463945,0.4869698729895396
860,0.009866352497138665,0.486986576984625
861,0.00982599102783855,0.4869906143768514
862,0.009786949908329939,0.4870026130939244
863,0.009741723433314047,0.48695757961103403
864,0.009705400104026962,0.4869767365967642
865,0.009664043344498887,0.4869101053185856
866,0.009620630102466762,0.48689615148926324
867,0.009583811442043044,0.48686630939932435
868,0.009543722324036252,0.4869331997764219
869,0.00950545570304696,0.4869077552110515
870,0.009467480553768193,0.4868219872004459
871,0.00943260271865125,0.4867842066425973
872,0.009395897853619833,0.4867388142237438
873,0.009356745670260399,0.4867726544970019
874,0.009321084685214066,0.4867706932496693
875,0.009275368810487418,0.48670281808120136
876,0.009236103240181195,0.48674336406625784
877,0.009198667683644496,0.48680751268781275
878,0.009166517941741462,0.4868129452399582
879,0.009126536171950085,0.4867897155293677
880,0.009091587492257058,0.4867938576706458
881,0.009058367057233944,0.48675769998187707
882,0.009024403016083954,0.486760936229554
883,0.008985711737356374,0.48677499630186877
884,0.008950600930169026,0.4867978885651001
885,0.008916120308086526,0.486829305098979
886,0.008880213357904456,0.4868430037743955
887,0.00884732756464025,0.4869083267081376
888,0.008810503025427638,0.48693173314906596
889,0.008777315621274564,0.48693518445875295
890,0.008741032750368461,0.4869270844159562
891,0.00870802387872679,0.4869280314097091
892,0.008672060676627314,0.48691541938351857
893,0.008641866569621673,0.48693332519781485
894,0.008603156216550922,0.48689976231614934
895,0.00856598078221747,0.48688970653981023
896,0.008530332070313432,0.4868861592847708
897,0.008492955745395655,0.4868456296757972
898,0.008458870180798753,0.48680074282558455
899,0.008422654943501733,0.48678784665813657
900,0.008385557103156891,0.486766546963316
901,0.008347337813210029,0.4867102535295214
902,0.008313934064758088,0.4867162983407729
903,0.008277882901993121,0.48679035406094767
904,0.008241272720993821,0.48675771714599664
905,0.008205883677305618,0.4867357135867961
906,0.008173304968650331,0.4867276179770905
907,0.008141518314687146,0.48674742190984016
908,0.008111612181369753,0.4867271801912127
909,0.008085552220946616,0.4866598275806011
910,0.008053248149160194,0.48665072738310783
911,0.008023339641311878,0.4866889828697299
912,0.007991817734955197,0.48668028629560245
913,0.007964323074327692,0.4867009936531678
914,0.007928212698312858,0.4866754799960358
915,0.007890469868830238,0.4866333873870582
916,0.00786066792920243,0.48666339350744664
917,0.007827395653754123,0.48665168248923013
918,0.007796047786119916,0.48663885960528275
919,0.007760543126675821,0.48665606250324234
920,0.0077327706619013,0.48668427631571154
921,0.007701909127381782,0.4866737381571113
922,0.007669275458670805,0.48668652513949134
923,0.007636522351568705,0.486694478248626
924,0.007607326631177781,0.4866600316873045
925,0.007576794405246526,0.4866080950300962
926,0.007541804403805807,0.48664538179148187
927,0.007510609332599736,0.4866210455965484
928,0.007476464003237521,0.48662149461010906
929,0.0074459189353045,0.48658115561889553
930,0.007414519339639364,0.4865701998387456
931,0.007381133325547275,0.486580131641376
932,0.007350808915511632,0.48657628376434636
933,0.0073196240207226105,0.48656300140073067
934,0.007292467358850622,0.48648345635789225
935,0.007264478752795397,0.4864555038398324
936,0.007236022093932095,0.48643917600828884
937,0.007202160020425643,0.48648660945275335
938,0.0071733562355261755,0.4864785718502744
939,0.007142534541538384,0.48642807256782516
940,0.00711241787784469,0.48641014007853756
941,0.007083510327675947,0.48645827263767294
942,0.0070532628623039976,0.48642955952213857
943,0.007025011686042779,0.4864456521560483
944,0.006999193664990478,0.4864583379391904
945,0.006970429207810208,0.48645409432668185
946,0.006942453631997786,0.4864708163141652
947,0.006914758887004657,0.4864554707551046
948,0.006889209977830076,0.486461495874161
949,0.0068631322814911005,0.48646012039937225
950,0.006836059332319083,0.4864553279603896
951,0.006808324847705127,0.48646893066467184
952,0.006777326269185601,0.4864915697361537
953,0.0067470472844535796,0.4865009560084947
954,0.006722719371029639,0.4865084779073536
955,0.006696112616222115,0.4865603083740018
956,0.00667026219019966,0.48657288596793785
957,0.006642922324937934,0.48657614295563983
958,0.006617450098949431,0.48657049024578203
959,0.006593065354854684,0.48660128812387227
960,0.0065677747546760085,0.4865988979442144
961,0.006543025751901827,0.4865732502981083
962,0.006516800790688975,0.4865333519034563
963,0.00649016518469182,0.4865417275070797
964,0.0064642755645102435,0.4865680585316102
965,0.006439184496982462,0.4865318136788652
966,0.006416910923968995,0.48651567405951945
967,0.0063916004344559095,0.4864609942145395
968,0.00636477907400823,0.48646220491332437
969,0.006341017126909363,0.48645868631724487
970,0.006317929640315691,0.4864584376468275
971,0.0062905622922904735,0.48650000205997057
972,0.006265032711331415,0.48647513446958074
973,0.0062417928504334705,0.4865086172457716
974,0.006217476039932953,0.486510055384568
975,0.006190747168646148,0.486506203073627
976,0.006168467053162751,0.48649593789204665
977,0.006140754173484368,0.4865418288699073
978,0.0061137132334496734,0.4865087667156552
979,0.006091202741146267,0.48650139808183596
980,0.006067459079630502,0.4864655001340404
981,0.006046504360059194,0.4864780475959143
982,0.006025712988206156,0.4864796844607365
983,0.006004468108105456,0.4864413989238666
984,0.005979489353599405,0.4864047994613759
985,0.005956263008656403,0.4863927772674146
986,0.005931953724721013,0.48639982010254235
987,0.005908665225139598,0.48641472219285525
988,0.005884611979466592,0.48638911031256793
989,0.005863954540156835,0.4863980533250401
990,0.005843474468773088,0.48639956207085683
991,0.005818928880493027,0.4864211161400089
992,0.005795670715573863,0.48640266686995803
993,0.005772571791330551,0.4863872488956967
994,0.005749393188788468,0.48632743015228996
995,0.00572689972046167,0.48628139322886305
996,0.005702408662361581,0.48630534693174193
997,0.00567843147467118,0.48630201879082147
998,0.005655717998131064,0.4863192886641755
999,0.005630590397175323,0.48631081408482396
1000,0.005610012826085265,0.486269475528294
1001,0.005586428547615423,0.48625953875702654
1002,0.0055672338628714865,0.48626683557365785
1003,0.005547233566922431,0.486232399126764
1004,0.0055241146587186275,0.48620898009648167
1005,0.005500843914349145,0.4862406189037549
1006,0.005479107634560603,0.4862072508046854
1007,0.005456558149193024,0.48622497744168885
1008,0.0054315266156669045,0.486183883345485
1009,0.00540770328602449,0.48618748532468853
1010,0.005384219041941509,0.48613958992872125
1011,0.005362611789466738,0.48618241992967426
1012,0.005341996932023471,0.4861848304254533
1013,0.005319105886151457,0.4861917424991795
1014,0.005300052265785517,0.48618322745117154
1015,0.00527960312914037,0.48619748981235295
1016,0.005258399966758936,0.48617205728079965
1017,0.005236930455523433,0.48619882288727995
1018,0.0052172761236339285,0.4862430513507385
1019,0.005193461085520162,0.4862804783715923
1020,0.005173952380166451,0.4862907941032
1021,0.005153070315924088,0.48623241279774443
1022,0.0051361514281856755,0.48623997086119763
1023,0.0051171774140381905,0.48624825808205974
1024,0.005097346742806695,0.48626111778174486
1025,0.005078572763497872,0.4862784716120714
1026,0.0050567868425368265,0.48624409273647573
1027,0.0050340143801313525,0.48618043343716205
1028,0.005016332049766942,0.4861451479622088
1029,0.004997168070013079,0.48613354771579137
1030,0.004975887500988083,0.48611617776162896
1031,0.004956423172396006,0.48615074562257826
1032,0.0049368004443131235,0.4861254114917006
1033,0.0049180274310220125,0.48612732444487394
1034,0.0048990582047184345,0.4861702808627066
1035,0.004877627468345419,0.48613774137717086
1036,0.004857406040702915,0.48617564668920615
1037,0.004839452516112379,0.4861105743619799
1038,0.00482114899884261,0.4860805265761329
1039,0.0047995509179967425,0.48610980071875126
1040,0.004778525315375607,0.4861164956962866
1041,0.0047604477827902485,0.4860933471028898
1042,0.004742285821980392,0.4861171287633882
1043,0.004724070810539817,0.48612883413787794
1044,0.0047028263838489225,0.48611459199383206
1045,0.004682529421518171,0.486143201259212
1046,0.004660976099483993,0.4861337527748853
1047,0.004644356827806166,0.48614658675881917
1048,0.004623646826847069,0.48615187413619265
1049,0.0046044986913372065,0.4861712396260001
1050,0.00458574497685746,0.48614637685253664
1051,0.004566389669146508,0.4861392595496964
1052,0.004549917517375502,0.4861471945262353
1053,0.004531858418230414,0.4860969575818643
1054,0.0045146635417159815,0.4860891347652346
1055,0.0044955551814799865,0.4860743921616959
1056,0.004476691773098376,0.4860700750286671
1057,0.0044581929412776285,0.4860197973940488
1058,0.004439908628234826,0.4859899363754421
1059,0.00442142635802466,0.48597168954988373
1060,0.004404827348042149,0.4859850049404371
1061,0.004386128394018471,0.4859467650399441
1062,0.004368493522450935,0.4859542571889813
1063,0.004353463322205936,0.48597527839740695
1064,0.004337439669774645,0.48598173358428026
1065,0.004321804744804127,0.48598550053731365
1066,0.004303694316282101,0.485954422345874
1067,0.004287537500851853,0.48594926432063246
1068,0.004269846769849088,0.4859794515998552
1069,0.004253688368502492,0.48596176938671676
1070,0.004238524904383626,0.48595624497198553
1071,0.004220654054032284,0.48597395663743975
1072,0.004205744558636363,0.4859812798555444
1073,0.004190287476899296,0.4859716720105943
1074,0.004173426646580718,0.48595357182251103
1075,0.004157994544717562,0.4859511368452959
1076,0.0041402671897218446,0.4859334547897928
1077,0.00412429941873306,0.48591550636366665
1078,0.00410692288340521,0.48590260837547
1079,0.004089828299227734,0.4859074185121099
1080,0.0040762686124560694,0.4859165257119679
1081,0.004058410837200722,0.4859021219369466
1082,0.004043448853925072,0.4859248099255884
1083,0.004027036501492153,0.48594566522985533
1084,0.004010036468583619,0.48596376823455856
1085,0.003993260518133998,0.4859017364442671
1086,0.003975314108631814,0.48587002657292383
1087,0.003959491692358635,0.4858578073401345
1088,0.003943604774980522,0.48588061333368343
1089,0.0039281428639952026,0.4858583132505353
1090,0.003913136516864097,0.48584541387044794
1091,0.0038966457127089637,0.4857889260155325
1092,0.0038795439079470488,0.48575923350106404
1093,0.003865662278004929,0.4857332110880695
1094,0.0038497141007885036,0.4857089935823283
1095,0.003834374714217347,0.48570338980080635
1096,0.0038203905798060477,0.48569588625873467
1097,0.003804326860770516,0.48569251461967056
1098,0.003791002247691211,0.4856909178652683
1099,0.003774057224809802,0.4856981060414295
1100,0.0037598837373241027,0.48569600041242683
1101,0.003743501679497987,0.4856990417293011
1102,0.003727494573423739,0.4857134230973625
1103,0.003713699617736009,0.4857286688538703
1104,0.0036979919740209835,0.48569757665103014
1105,0.003681811071420043,0.48568254019556695
1106,0.0036655088208644607,0.48565453267670494
1107,0.003649951627244744,0.4856577762517507
1108,0.0036362069181535045,0.4856671353706177
1109,0.003621437436184585,0.4856447031836824
1110,0.0036080674548032814,0.485687384129601
1111,0.003593854282408598,0.48565892762227586
1112,0.0035795755359340747,0.4856506538408838
1113,0.0035666525098385707,0.4856556537874606
1114,0.003551930852326739,0.48566597511153814
1115,0.0035379232692370143,0.4856575894993943
1116,0.0035251003221113512,0.4856467383599436
1117,0.003511823423555467,0.4856635784294644
1118,0.003499572630653914,0.4856431654466012
1119,0.0034855543573446167,0.48563772656545556
1120,0.00347144123835861,0.48560960780502954
1121,0.0034566360869349297,0.485596777669192
1122,0.0034433745517695883,0.48562093604157835
1123,0.00343005997737914,0.48559873002572584
1124,0.0034185238124030144,0.4855912145132882
1125,0.003404447545563798,0.48561426280707565
1126,0.003391415790006465,0.4856072659943127
1127,0.003379576379292631,0.48558857276125644
1128,0.003366654482658744,0.4856069846616621
1129,0.0033533035591986203,0.4855862477877282
1130,0.0033404109921928763,0.4855838738470767
1131,0.0033255623452571386,0.4855492761203774
1132,0.0033134758973699255,0.48559701688000484
1133,0.0033003936199106887,0.4855911886815043
1134,0.0032882881989679705,0.48554845654504836
1135,0.003276281546832011,0.48554959820192295
1136,0.00326405370954141,0.48551126208084144
1137,0.0032518531717651983,0.48552328828613556
1138,0.003238652343298893,0.48552519911091374
1139,0.0032261806211051286,0.48550094180204245
1140,0.0032142344403088873,0.4854918709644989
1141,0.003201091576066938,0.48546758382067623
1142,0.003187475152519451,0.48545167967085745
1143,0.003173627360877091,0.4854499976725687
1144,0.003162107698086827,0.4854351881681401
1145,0.0031508611752955737,0.485394296969814
1146,0.0031386724974324124,0.4854282658077252
1147,0.0031261474421715595,0.4854271444181527
1148,0.003114374528959239,0.48545538517685494
1149,0.003101659716905602,0.48542740712037596
1150,0.003090596743530678,0.48541536978039096
1151,0.003078150731011715,0.4854118306819489
1152,0.003065783555974704,0.4854603057066204
1153,0.0030547831937058558,0.4854595824490458
1154,0.003041835991305861,0.48548587762087836
1155,0.0030282878869491597,0.4854594585269707
1156,0.0030153733016471517,0.4854410089094567
1157,0.0030043372282106025,0.4854476344979011
1158,0.002993121641383219,0.4854276613004943
1159,0.0029820518287694644,0.48542326432231053
1160,0.002968685891279914,0.4854027615184232
1161,0.0029564997532740204,0.4853693191038948
1162,0.0029443876100840234,0.4853345660250862
1163,0.0029334461632405957,0.48536318536093426
1164,0.002921113383082039,0.48538972891192605
1165,0.0029090163537213837,0.48539806079823317
1166,0.0028971594623767843,0.48541394765889795
1167,0.0028857844069690108,0.4854252061556577
1168,0.0028745591181813623,0.4854458019523487
1169,0.002863674938039056,0.4854415138590265
1170,0.0028538115140465297,0.4854877312430076
1171,0.002840368007048058,0.4854988039869886
1172,0.0028312500477871536,0.4854815667284942
1173,0.002820069887422218,0.4854705807002148
1174,0.002810323937491785,0.4854749751258104
1175,0.00279932209137489,0.4854495053660157
1176,0.002787058707947936,0.48543059817984713
1177,0.0027762132537907194,0.48542156840001577
1178,0.0027649152823582233,0.4854096375781637
1179,0.0027535382022817936,0.48538064739834874
1180,0.0027427433374281923,0.48538419588585197
1181,0.0027328242371473304,0.4853879339401188
1182,0.0027224794622980244,0.4854248928126478
1183,0.002712123883195153,0.48543382821606557
1184,0.002701060296498835,0.4854306169437388
1185,0.0026915748967161943,0.485426752004766
1186,0.002681795902798364,0.485431487908466
1187,0.0026697490309051616,0.48541759191013
1188,0.0026585756644134117,0.4854359201313325
1189,0.002647446072963748,0.4854539434699645
1190,0.0026378505467379463,0.485451587475454
1191,0.002628130334844109,0.48543666183168255
1192,0.0026178466232841015,0.48544557949518674
1193,0.0026065131323868428,0.4854169613368265
1194,0.002595492240358176,0.48540762744760907
1195,0.0025845720675351106,0.4853916114087911
1196,0.0025758739121639644,0.4853794972085685
1197,0.002566587200687148,0.4853513840137488
1198,0.002558220811197398,0.48536110971678825
1199,0.0025470036990015966,0.4853804499434841
1200,0.002535406583406864,0.4853767234318577
1201,0.0025265426612899934,0.48538605271228685
1202,0.002516280018423761,0.4853733489334405
1203,0.0025071385572720114,0.48538813346985343
1204,0.002496709135730384,0.4853840771577822
1205,0.0024871515574123636,0.48539992999269843
1206,0.0024767846715161627,0.48543240952797384
1207,0.002466446114174538,0.48546112321608215
1208,0.0024568860133512903,0.4854555601187237
1209,0.0024482019091701377,0.485463512914814
1210,0.0024385654585361185,0.4854563748824576
1211,0.002428335592833576,0.48546867639151686
1212,0.0024200059041254323,0.48546713436832045
1213,0.0024107143767496233,0.4854629731713074
1214,0.002401585617794435,0.4854729701245987
1215,0.0023914601525083187,0.48547148696186543
1216,0.0023818815468703383,0.48550605377071754
1217,0.002371406502313837,0.4855229387979577
1218,0.002361550620149415,0.4855234794120919
1219,0.0023526729784850288,0.4855507592635312
1220,0.0023428091368355914,0.48554039351955003
1221,0.0023344267444641983,0.48553061533399516
1222,0.0023264089213399686,0.48553276346465046
1223,0.002315843896628562,0.48550896988961323
1224,0.0023069110993473754,0.4855071930267645
1225,0.00229742208383019,0.48550781956339156
1226,0.002286815198658251,0.4854765178374938
1227,0.002277092893749856,0.4854802102216874
1228,0.002267735685518103,0.48549805449251565
1229,0.0022589913429346114,0.48550687634162365
1230,0.0022510543782328168,0.48551378815996943
1231,0.002242874499780174,0.4854939857713441
1232,0.002233953769000763,0.48548510774756926
1233,0.0022251913086841777,0.485484299582487
1234,0.0022172123818846186,0.4854958547159754
1235,0.002208612087240389,0.4854972195979834
1236,0.0021992633683061997,0.4854836869373041
1237,0.002190044473710198,0.48548382411494023
1238,0.002182123176611295,0.4854458513781128
1239,0.0021740631918342993,0.48542733727911297
1240,0.0021649536393289087,0.48540144860125084
1241,0.0021565152931354013,0.4854322861608372
1242,0.0021478273486127144,0.4854543895987663
1243,0.0021388125430459345,0.4854483198840163
1244,0.0021306066297932086,0.4854558810332641
1245,0.0021228737825590618,0.48545642333894157
1246,0.0021142928425711208,0.4854519355110489
1247,0.002107203338846933,0.48541874507117316
1248,0.0020986479487527868,0.485386764662618
1249,0.002089523072748741,0.48534221816288853
1250,0.0020816695533735076,0.4853348928510895
1251,0.002074385657126685,0.4853307202311694
1252,0.002065206576703002,0.48535654562728386
1253,0.002057646432905342,0.4853405576020639
1254,0.0020495177777870677,0.48533265335178755
1255,0.0020408685595453783,0.4853164524619712
1256,0.0020325382858969562,0.4852976618773007
1257,0.002024583885575665,0.48528745304324705
1258,0.002017146688338364,0.4852996297336739
1259,0.002008680848499595,0.48529241673740664
1260,0.0020010659556173697,0.4853012341917172
1261,0.001993484942902639,0.48528689366842886
1262,0.0019856653361565828,0.48526439542950683
1263,0.0019788391015411353,0.48527633444697055
1264,0.0019721856965488893,0.485289339937023
1265,0.001964917207287653,0.485274692441565
1266,0.00195748260034817,0.48525983360932967
1267,0.0019505908734752024,0.485276380615349
1268,0.001943094084730274,0.4852768576553859
1269,0.0019360018289719665,0.48526109803651
1270,0.0019284392025823512,0.4852573025122308
1271,0.0019208663571934888,0.48526845256183904
1272,0.00191327661267312,0.48525640310024903
1273,0.001906784032863996,0.4852503225772623
1274,0.0018993643497159235,0.48525643857818307
1275,0.0018920803721283448,0.4852484322735892
1276,0.001884197525099747,0.48523298826047484
1277,0.0018771347636260725,0.4852337185831791
1278,0.0018699802823352021,0.4852453705767505
1279,0.0018612054793118863,0.4852199187275662
1280,0.0018533182685647155,0.485206182633548
1281,0.0018445383911803786,0.4851944690830028
1282,0.0018382155895383847,0.48521825995833684
1283,0.0018307081025867565,0.4852151068024416
1284,0.0018235640238085766,0.48522398047017307
1285,0.0018155370466677288,0.48521424487332887
1286,0.0018084458610174191,0.48524569426554065
1287,0.0018007155684222843,0.4852127492572632
1288,0.0017938158881949267,0.4852374732733359
1289,0.0017862797105995484,0.4852130559858276
1290,0.0017789648921655763,0.48520857560406877
1291,0.001771420201510456,0.48523433521415105
1292,0.001764776242792678,0.48521611987756524
1293,0.0017577494055189729,0.4851971189980114
1294,0.0017509346509813409,0.4851944176844232
1295,0.0017432583125617602,0.48520870519318926
1296,0.0017376653119388263,0.4851964478433553
1297,0.001730887265419433,0.4851985596203219
1298,0.0017242175840116525,0.4852263620359878
1299,0.0017163585682998716,0.48522221971528734
1300,0.0017093306046799405,0.48523921831934935
1301,0.0017021609798186612,0.4852385998920156
1302,0.0016958875325684855,0.48526190659984414
1303,0.001690028582119959,0.4852576178273271
1304,0.0016831398802228015,0.4852372114996861
1305,0.0016759238601841693,0.4852144383427353
1306,0.0016696265266753236,0.4852047896236093
1307,0.0016631174153446651,0.4851858170548458
1308,0.0016566265072766259,0.4851776243615336
1309,0.0016491793780589086,0.48514472025108457
1310,0.0016427433456597824,0.48515754607102063
1311,0.0016360920215531653,0.4851546898559925
1312,0.001629395963607406,0.4851416378028461
1313,0.0016227714006959123,0.4851362072083428
1314,0.0016162972905378007,0.4851344542673661
1315,0.0016097571734394868,0.4851369486543419
1316,0.0016036406192639504,0.4851275453728872
1317,0.0015986324967866919,0.4851368028928971
1318,0.0015922061905757861,0.4851399532893936
1319,0.0015861634383133362,0.48514601919464734
1320,0.00157980354593588,0.4851301440148002
1321,0.001573353936718251,0.4851363058470642
1322,0.0015666693557283562,0.48513307344757817
1323,0.0015600224014370313,0.4851155615616186
1324,0.0015545328759088942,0.48511730716052787
1325,0.0015489341202828805,0.48510169527515745
1326,0.0015443636305209482,0.48510793250779755
1327,0.0015388091254176267,0.48510246531976076
1328,0.0015335684414215177,0.48510552407133817
1329,0.0015281482704288054,0.4851095993010411
1330,0.0015220504809069818,0.48510834933323715
1331,0.0015166151099904829,0.48511599065967065
1332,0.001510352898295161,0.48510255116645223
1333,0.0015040951241191306,0.48508994470421707
1334,0.0014990770856026308,0.4850993779481048
1335,0.0014941863455061849,0.4850765773701415
1336,0.0014887248026045799,0.485079030480025
1337,0.0014830268716042058,0.48507045608394683
1338,0.0014768635640539933,0.4850585250395089
1339,0.001471294443646426,0.4850679134278841
1340,0.001465610571443217,0.4850627328569704
1341,0.0014601112313548587,0.4850848347751826
1342,0.0014542232666856225,0.4850924875516072
1343,0.0014490635657297731,0.4850973787725443
1344,0.0014431345406758706,0.48508003124180327
1345,0.0014373211857813015,0.48507702804452024
1346,0.001431965729888442,0.4850845943598934
1347,0.0014263162832128917,0.4850802009745196
1348,0.001420809591989987,0.48507969946442675
1349,0.0014153820549578624,0.485061286543767
1350,0.0014102903747005772,0.4850615658084619
1351,0.0014053113923315754,0.48504941620800873
1352,0.0013996029056889366,0.48504228561728824
1353,0.0013944818853600877,0.485034338797266
1354,0.001389532981040677,0.4850432659501761
1355,0.0013844307958731045,0.48502881417849814
1356,0.0013787380625978778,0.48500805633310845
1357,0.0013738777890219727,0.48500472339440664
1358,0.0013680184413373683,0.4849994544781351
1359,0.0013630187641191195,0.4850133074239343
1360,0.0013571994332700623,0.48502050984644957
1361,0.001351974680546111,0.4850059031854172
1362,0.0013470556120992062,0.48498962127586703
1363,0.0013409680840471856,0.4849923251904981
1364,0.0013364699382005668,0.4849840632212747
1365,0.001330998727667951,0.4849947683528228
1366,0.0013256340843497982,0.4849877626873092
1367,0.0013202990574586267,0.48500154036978144
1368,0.0013151242875747526,0.48500575964162107
1369,0.0013106464016362594,0.48502819773400363
1370,0.0013062622960125193,0.48500251659079274
1371,0.0013014584091123169,0.4849822471314084
1372,0.0012968746998529767,0.48499230649691943
1373,0.0012916238724963833,0.48499179690310823
1374,0.001286643143473422,0.4849960010845159
1375,0.0012809667080385116,0.4849871339145517
1376,0.0012763928773295962,0.48495983507457274
1377,0.0012720266826061377,0.48497535413705756
1378,0.00126707386440024,0.4849746389609719
1379,0.0012617070532320962,0.484965540402783
1380,0.001256765889941714,0.48496437264332176
1381,0.001251631712673704,0.4849712589206117
1382,0.0012467974452506118,0.48496594216804095
1383,0.0012425583800070152,0.48497422997890705
1384,0.0012383279258661656,0.4849712576234877
1385,0.0012340320321590189,0.48495605068545433
1386,0.0012291094942118996,0.48496619209782243
1387,0.0012245764611488567,0.4849623495752718
1388,0.0012192676111626233,0.4849666705033291
1389,0.001215026137514398,0.48496571474036054
1390,0.0012107008720328297,0.4849760739313191
1391,0.0012063900984304028,0.48498006392683396
1392,0.0012012199934876208,0.4849756335847243
1393,0.001196543009233039,0.48495907781148073
1394,0.0011915816792232115,0.4849578822985794
1395,0.0011866147323331563,0.48496257195932174
1396,0.0011817459141560303,0.4849650294410209
1397,0.001177503404410211,0.48496388522054024
1398,0.0011728044956544835,0.48493393456155687
1399,0.0011682764186711214,0.4849379811293832
1400,0.0011634052306847176,0.48494820408053263
1401,0.00115877830685527,0.48494481841205533
1402,0.0011541181347603966,0.48495040167871567
1403,0.0011497247893657056,0.48495514145093765
1404,0.0011454359722519467,0.48496575472475345
1405,0.0011410062505358611,0.484973867278565
1406,0.0011367549298655591,0.48497718791068745
1407,0.0011318031532562328,0.4849754820883053
1408,0.0011272359499855985,0.4849724579465466
1409,0.0011231437573756805,0.48497466811585643
1410,0.0011189388015972513,0.4849572145193862
1411,0.0011148554538145238,0.4849552417460038
1412,0.0011106197651201306,0.48497821288608006
1413,0.0011057072823864352,0.48496683780064104
1414,0.0011005617750048558,0.48495556981844906
1415,0.001095996676296036,0.4849539669207871
1416,0.001091925360829959,0.48494070283461227
1417,0.0010875997461325404,0.48495195395528273
1418,0.001083480131853977,0.4849424884497134
1419,0.0010793408017957605,0.4849340419764141
1420,0.0010755994333100211,0.48495454537778143
1421,0.0010717118009574138,0.48494085788214825
1422,0.001067673312398781,0.484952052004804
1423,0.0010635568992549732,0.4849474958988785
1424,0.001059546691761921,0.4849493912760604
1425,0.0010547953003553583,0.4849335887128103
1426,0.0010505522707216321,0.4849520571307307
1427,0.0010465289107678096,0.4849467913160197
1428,0.0010421845642817743,0.4849189749547202
1429,0.0010379714710411021,0.4849030156300655
1430,0.0010346656982731836,0.4848881279860458
1431,0.0010303422875592553,0.48489742874797936
1432,0.0010263383912784102,0.4849027224525213
1433,0.0010227725192899796,0.4848790995150478
1434,0.0010188472099938847,0.4848848381912113
1435,0.0010147973672951524,0.48486965870110343
1436,0.0010111135448778452,0.48485988424140086
1437,0.0010075204617913962,0.48483988377706844
1438,0.0010034093044567123,0.48481674060914287
1439,0.001000281369947761,0.4848302663895243
1440,0.0009959494979788369,0.48483820213029294
1441,0.000992604646102128,0.48485743817702465
1442,0.00098874474257044,0.48485085566506686
1443,0.0009843020631756538,0.4848293181887707
1444,0.000980689019042967,0.4848361537157525
1445,0.000976914776676418,0.48483200223453005
1446,0.0009733649150917007,0.48482152036856296
1447,0.0009692587305421975,0.4848194319373072
1448,0.0009657558083066021,0.48480557460298823
1449,0.0009618228452496036,0.48480350983672443
1450,0.0009578524370277312,0.4848062204289524
1451,0.0009540758442799167,0.4847958991851816
1452,0.0009506034705204845,0.4847958935951007
1453,0.0009475429344405262,0.4848062247805911
1454,0.000943632094017919,0.48479318982178043
1455,0.0009398768360219793,0.4847944597438807
1456,0.0009365514856722114,0.4847968846889105
1457,0.0009333940900667564,0.48478797966703757
1458,0.0009301931579495946,0.4847851296177898
1459,0.0009268005630763206,0.48478230819157486
1460,0.0009231325499549923,0.4847601669133808
1461,0.0009191731917279348,0.4847687161268923
1462,0.0009159852180884588,0.4847671866830775
1463,0.0009128710666773708,0.4847685796863237
1464,0.0009095112213472542,0.48476804035072896
1465,0.0009061851859829235,0.48476272941574094
1466,0.0009029880353797037,0.48476338096275917
1467,0.0008993062370970913,0.4847593848349714
1468,0.0008961746009407319,0.4847456148688133
1469,0.0008933090864186603,0.48475476373746684
1470,0.0008901236514702675,0.484753442667935
1471,0.0008872090709525717,0.4847434338974494
1472,0.0008840941037977125,0.48473294843718207
1473,0.0008804667969203196,0.48473876981491487
1474,0.0008771646609191171,0.4847385923441565
1475,0.0008739846068343287,0.4847302180337446
1476,0.0008705324731202245,0.48472443766400364
1477,0.0008675383956038472,0.4847298986634981
1478,0.0008642597922377294,0.4847202747936344
1479,0.0008606224078972588,0.4847000886392271
1480,0.0008571811954116807,0.48469648655356196
1481,0.0008540470215568673,0.484695727642505
1482,0.000850639065843031,0.4847066887704833
1483,0.0008468920833787587,0.48473549772874236
1484,0.0008439994005142594,0.4847401272280183
1485,0.0008405035360682135,0.48476084337841036
1486,0.0008370208784767605,0.48476506158208044
1487,0.0008337050904348755,0.4847540140249254
1488,0.0008304138678150284,0.48476433194271373
1489,0.0008274615588856702,0.4847523940811157
1490,0.0008243911972124365,0.4847592986506986
1491,0.0008215424517066177,0.4847505683679126
1492,0.0008183955897300135,0.4847514887649124
1493,0.0008151181386741476,0.4847493656745603
1494,0.0008116438803175354,0.4847450041398214
1495,0.000808416171390749,0.4847519682461141
1496,0.0008050345368577463,0.4847764580887598
1497,0.0008021356301389544,0.48478402023072553
1498,0.000799398087782246,0.4847617816903448
1499,0.0007968109576397466,0.4847558739745844
1500,0.0007931810187998349,0.484745198285318
1501,0.0007906210911471919,0.48474585020339866
1502,0.0007879454687449788,0.48474486879709405
1503,0.0007846455212406916,0.484728449861934
1504,0.0007813752411738561,0.4846978259122759
1505,0.0007775626859879467,0.4846879389044006
1506,0.0007743487014662345,0.48468603848079084
1507,0.0007714594447981564,0.4846711551709137
1508,0.0007684564614832851,0.48466706251711
1509,0.0007658480250303339,0.48467530738876985
1510,0.0007630622271260156,0.48467358651439674
1511,0.0007597737292981129,0.4846787876081196
1512,0.0007567623677755781,0.48466889058797424
1513,0.0007541098809756702,0.48467042880937145
1514,0.0007512398626432285,0.48468033816600536
1515,0.0007486478988471561,0.4846695165149877
1516,0.000745989900347859,0.48467841902038533
1517,0.0007428558557445006,0.4846676666144957
1518,0.0007397759674672032,0.4846568586587003
1519,0.0007371111059727527,0.48467036845023287
1520,0.0007342558849870354,0.48465352354329694
1521,0.0007317386073314257,0.48466636362423887
1522,0.0007291374231684153,0.48467841134902057
1523,0.0007259578043760848,0.4846845009534255
1524,0.000723243042411556,0.4846866846120801
1525,0.0007207680572021408,0.4846894442765052
1526,0.000718063049067405,0.4846818379777805
1527,0.0007157078884696063,0.48467532359992505
1528,0.0007130582346995912,0.4846614399051876
1529,0.0007104860511953272,0.48465821706494866
1530,0.0007078870434974301,0.4846500415923942
1531,0.0007050622227173604,0.48465386442904007
1532,0.000702158937573911,0.48464063262384316
1533,0.0006993252145328728,0.4846452472719784
1534,0.0006968554391100517,0.4846428782748481
1535,0.0006941110957996836,0.4846419235859438
1536,0.0006911898551589635,0.4846372490625085
1537,0.0006886855288636139,0.4846283967105814
1538,0.00068631937333646,0.484632595688532
1539,0.0006836911000489897,0.48463615459131393
1540,0.0006810415822562123,0.48462871030322385
1541,0.0006783139635883713,0.484622222732511
1542,0.0006758966727014326,0.4846158234411426
1543,0.0006734120830071421,0.4846051010569258
1544,0.0006705760538560613,0.4846000150353364
1545,0.0006679077681016844,0.4846024140417903
1546,0.000664931052121708,0.48460144845411396
1547,0.0006623848834789581,0.484597709280513
1548,0.0006602467854551604,0.4845978643249686
1549,0.0006579494027813841,0.4845860147642398
1550,0.0006552836452091425,0.48459046052387794
1551,0.0006525152022405844,0.48458247008343736
1552,0.0006498565545086468,0.4845771627471142
1553,0.0006472619226873091,0.48457263431348857
1554,0.0006450903137941583,0.48456560697432316
1555,0.0006427919556585118,0.4845708543495123
1556,0.0006405319447019036,0.48456280866079304
1557,0.0006384042983853615,0.48456208768087444
1558,0.0006361610386136561,0.4845543910619404
1559,0.0006337272431979047,0.4845522912688185
1560,0.0006315602145886648,0.4845556312449544
1561,0.0006291898308778096,0.48455498019217336
1562,0.0006267703032754794,0.484548245696057
1563,0.0006246125108780701,0.4845570275825318
1564,0.000622395959767489,0.48454644932372226
1565,0.0006199454662398663,0.4845543435166289
1566,0.0006175156171041165,0.4845583054108464
1567,0.0006151000124103513,0.4845479773683525
1568,0.0006130185204013391,0.4845513270680301
1569,0.0006104734150324686,0.4845500174791539
1570,0.000607988093425286,0.48454858858067323
1571,0.0006053676382892133,0.4845413168056609
1572,0.0006027963814192988,0.4845529512654369
1573,0.0006005567893020842,0.48454690229447356
1574,0.0005984532458463929,0.484538764243453
1575,0.0005960694192584708,0.48452911889106837
1576,0.000593735626610295,0.4845155366383493
1577,0.0005913776927740532,0.4845171688128327
1578,0.0005888423752999657,0.48450971717059665
1579,0.0005864834981050042,0.48453400150724957
1580,0.0005843108477545159,0.4845503973653114
1581,0.0005821692137684939,0.4845410239904047
1582,0.0005799029535164111,0.48452902180350504
1583,0.0005776022674475931,0.4845341277872806
1584,0.000575597222242072,0.4845298115314503
1585,0.0005735691956170231,0.48453688388557775
1586,0.0005715570507612773,0.4845494906764858
1587,0.0005695548942212848,0.4845365025727985
1588,0.0005673771646437748,0.4845306796856845
1589,0.0005652125391441413,0.4845342630815274
1590,0.0005630439044438602,0.4845329974724614
1591,0.0005609564422497252,0.4845428755607175
1592,0.0005586933228588897,0.48453251140506853
1593,0.0005563827249051609,0.484522077154317
1594,0.0005544410667326143,0.48453771163784637
1595,0.0005522856427979411,0.48453486677697255
1596,0.0005497649294361964,0.4845336232839245
1597,0.0005475167217220537,0.48452168519386135
1598,0.0005454580275670532,0.48453586246651986
1599,0.0005434191200530998,0.48454404754307334
1600,0.0005413211910613911,0.4845400215083717
1601,0.000539557063441396,0.48454306366682026
1602,0.0005376004948711803,0.4845358696463929
1603,0.0005357687858271878,0.48452095647119714
1604,0.000533783102886743,0.48452454523800337
1605,0.0005318444784967157,0.4845275434317777
1606,0.0005295901175382666,0.4845207110769284
1607,0.0005276761669346378,0.4845118450767893
1608,0.0005255656040375098,0.4845276408939232
1609,0.0005237544110876851,0.4845361978805448
1610,0.0005220569779035452,0.4845361546278814
1611,0.0005200520072413528,0.4845499735618498
1612,0.0005179515153883607,0.48455932646365313
1613,0.0005161834716760414,0.4845485690867251
1614,0.0005140867258006013,0.484545442817993
1615,0.0005121066088184182,0.48453727928258633
1616,0.0005100039030864663,0.4845342183103356
1617,0.0005081019912603167,0.48453007522960856
1618,0.0005059709851298727,0.4845272646001976
1619,0.0005040780297941956,0.48453167357337285
1620,0.0005020637403415032,0.48451888308218555
1621,0.0004998274150311716,0.4845220044674626
1622,0.0004979829758076628,0.4845151050698653
1623,0.0004959564765751406,0.48452582676425116
1624,0.0004939985765079099,0.4845317141979367
1625,0.0004922361228236054,0.4845281337233502
1626,0.000490554683071024,0.4845262924088776
1627,0.0004889684550823416,0.4845230893181819
1628,0.00048684907986037756,0.48451142850500073
1629,0.0004852838524751001,0.4845138248743845
1630,0.00048339414002465057,0.4844976360420332
1631,0.0004816275684666447,0.48450098942912995
1632,0.00047958108812585826,0.48450510696232546
1633,0.0004778878869470725,0.4845048806425134
1634,0.0004761964702091483,0.4845138593402333
1635,0.00047449751273648526,0.4845155327683135
1636,0.00047272560592998296,0.4845117976470982
1637,0.0004711924531929755,0.48450936605559286
1638,0.00046943479694196193,0.4845022761318815
1639,0.00046775120086097187,0.48449824090230986
1640,0.00046612590421174434,0.48448376102502516
1641,0.0004643541264486927,0.4844856950461545
1642,0.0004625004320938026,0.4844868477001241
1643,0.00046077490285112275,0.4844958242560077
1644,0.00045929149075817153,0.4845050218461251
1645,0.00045740693259286626,0.48449613572715283
1646,0.00045589666546891615,0.48450037863793555
1647,0.00045415362912593527,0.4844926639687798
1648,0.0004524492389160622,0.484489647931697
1649,0.00045092516768562756,0.4844866823945155
1650,0.00044931593546550415,0.48447246148246514
1651,0.00044747595217057103,0.48447503909056155
1652,0.00044558198870763623,0.48448022860576934
1653,0.0004442418545844489,0.48447869269013605
1654,0.00044262667055429796,0.48445915582279975
1655,0.0004409217868675176,0.4844559321695743
1656,0.0004392519089678787,0.48446251439024385
1657,0.0004375267421785231,0.48445449457929823
1658,0.0004359935052146332,0.48445223420393135
1659,0.0004343948785889438,0.48443939505266076
1660,0.00043270877515358966,0.4844423000502916
1661,0.0004308858246374538,0.4844550297122468
1662,0.00042936398726633914,0.4844564776924725
1663,0.0004278586780100897,0.4844543593100913
1664,0.00042654185081097236,0.4844500971932436
1665,0.00042512950697708466,0.48444283296641694
1666,0.0004236246278204155,0.48444311153316827
1667,0.00042204105422307244,0.4844474522210503
1668,0.00042041684709626857,0.4844446290685412
1669,0.00041872937087989007,0.48443833120513036
1670,0.00041701354744356605,0.48444676258313524
1671,0.0004154835266301321,0.48444406732677076
1672,0.00041394717904324156,0.4844445165849869
1673,0.0004124016955193264,0.48443911750068736
1674,0.00041102084895303505,0.4844432404128582
1675,0.0004096753125861005,0.4844425976288464
1676,0.000408223744323458,0.4844479623779525
1677,0.0004065131594152847,0.48444257927881856
1678,0.00040499148292837,0.48445138080461925
1679,0.0004035067563811031,0.48445535212505386
1680,0.0004018907118136645,0.48444099218461023
1681,0.0004005004967892589,0.48444175633913344
1682,0.0003989532283418679,0.484447901123524
1683,0.00039723564337453666,0.48444573512544004
1684,0.0003957542607720821,0.4844381207419228
1685,0.0003942180315520672,0.4844210666025612
1686,0.0003927565793395399,0.4844239627458367
1687,0.00039149348497487024,0.4844204845097584
1688,0.00039015728169560984,0.48441507045220683
1689,0.0003885245908761555,0.4844153744879459
1690,0.0003870200350978485,0.48440528155638163
1691,0.0003856671079413397,0.4843997427119432
1692,0.0003844082141803581,0.4843945367112507
1693,0.000382825065936512,0.48438844247310653
1694,0.00038136384066286117,0.4843850550447799
1695,0.0003797224946859175,0.48438109308670474
1696,0.0003781462704686567,0.4843755036663701
1697,0.00037667054327062614,0.48437274755568344
1698,0.00037520443898795126,0.48437287127808715
1699,0.00037390191474697185,0.48436580604023305
1700,0.0003727185599705886,0.48437149239743893
1701,0.0003714600364532401,0.4843658042538208
1702,0.00036996019328960596,0.4843517773299133
1703,0.00036845733362206366,0.4843554894853119
1704,0.0003672998240214133,0.48435939706140163
1705,0.0003660580239576943,0.4843557716649205
1706,0.00036474966126055476,0.48434421560669677
1707,0.0003635573694966449,0.4843452300507187
1708,0.00036221047997874947,0.484325999262449
1709,0.0003609627198056189,0.4843267254184906
1710,0.000359442476899105,0.4843253242687384
1711,0.0003579017109236368,0.48431485293374177
1712,0.0003564200038367674,0.4843113215655936
1713,0.00035487418664067837,0.48430786143233495
1714,0.00035346598387496985,0.48430269135682213
1715,0.0003520463342335517,0.48429516498092107
1716,0.00035064150905366663,0.4842923170945321
1717,0.00034932806774340966,0.4842817939528456
1718,0.0003481874068312392,0.48427946979349823
1719,0.0003468573705872374,0.48428290269238555
1720,0.0003454260931599617,0.4842846761716013
1721,0.0003443413223624959,0.48427307720015245
1722,0.0003431045137922421,0.48427311223813
1723,0.0003418269118573147,0.48427645879567344
1724,0.00034058581563300755,0.48427472658506343
1725,0.0003392928937603743,0.4842775447068213
1726,0.00033787725576011647,0.48427897694899497
1727,0.00033661310266959216,0.4842775815533606
1728,0.0003354843649269352,0.484276983912858
1729,0.0003338756562812029,0.48426628369451036
1730,0.0003325672818246992,0.48426222713807976
1731,0.00033122837755835744,0.48425478908418146
1732,0.00033001175889172833,0.48425160968849884
1733,0.00032875517934620896,0.48424809442251476
1734,0.0003274401573400404,0.48425104201547947
1735,0.00032593897382539056,0.4842429399788857
1736,0.0003248228449830539,0.48422455380707624
1737,0.00032364481418850535,0.48421885911879886
1738,0.00032243768326466584,0.4842058546701628
1739,0.00032120815274648014,0.48421096519595974
1740,0.0003200184411859504,0.4842013546188433
1741,0.0003188426844443326,0.48419944403228055
1742,0.0003177881615444888,0.48419870864736764
1743,0.00031676263502125596,0.4841958730154456
1744,0.00031566512907698046,0.4841943295023258
1745,0.00031420422160068843,0.48418904813537994
1746,0.00031305308540562424,0.48419525525514495
1747,0.0003117400664417395,0.48420490702998054
1748,0.00031058248655668215,0.48420855451877315
1749,0.00030935337108095004,0.48420161812157514
1750,0.0003082669120556952,0.48419653650453004
1751,0.00030736780748474385,0.4842041850591979
1752,0.00030622973740463484,0.48421080444428155
1753,0.00030516404162206714,0.4841975421560117
1754,0.00030413414647850675,0.48418927585696386
1755,0.0003028516406227846,0.48418613645037484
1756,0.00030171270147944163,0.48419033718890536
1757,0.0003005223190574491,0.4841881461872336
1758,0.0002993418726581717,0.48418761561654106
1759,0.00029831490285681084,0.4841872424480309
1760,0.00029727534873547296,0.48419069446981566
1761,0.0002961881640160943,0.48418749544796225
1762,0.00029505993287970103,0.4841854911932375
1763,0.00029395709443154474,0.4841900814299645
1764,0.00029275060996496904,0.4841957580911081
1765,0.000291644938646036,0.48419697151969665
1766,0.0002903880752676293,0.48418953350337607
1767,0.0002892615677488417,0.48418382296644324
1768,0.00028807652266586405,0.4841919099239938
1769,0.00028711345330955133,0.48419737299813165
1770,0.0002859234755590202,0.48419822366756105
1771,0.0002847449116123111,0.48419788741775144
1772,0.00028371979465838736,0.4841982129729155
1773,0.00028253114996211226,0.48419591601934275
1774,0.0002814815794704861,0.48418653376579995
1775,0.00028033783686913,0.4841789163596568
1776,0.00027943923754190344,0.48418060717248174
1777,0.0002784003432319991,0.4841777462701477
1778,0.000277418708596757,0.4841650684446866
1779,0.00027650901058385647,0.48416831444461583
1780,0.00027549559992571436,0.4841748887895528
1781,0.0002743373693019115,0.48416920502042715
1782,0.00027327326062015467,0.48416801360378625
1783,0.0002722621937500888,0.48417425314641815
1784,0.00027124230891725727,0.4841708109101287
1785,0.00027036725775916073,0.48416374660934647
1786,0.0002692593589739938,0.484163981887898
1787,0.00026822647996881506,0.48415409289391004
1788,0.00026738079528014806,0.48414676537001017
1789,0.00026627463719207953,0.48413374529208547
1790,0.0002653766548795808,0.4841413078012146
1791,0.0002643764383178914,0.48413123850666445
1792,0.00026347851052714154,0.4841314063306272
1793,0.00026242743498819425,0.48413000076290796
1794,0.0002614847687890786,0.4841271221389127
1795,0.0002604403018352972,0.48412092296615117
1796,0.0002594616512971233,0.48410607543288625
1797,0.0002585614642103994,0.48410977311378584
1798,0.00025750848554518846,0.48410014018193176
1799,0.00025649232286109104,0.4840998923544868
1800,0.00025558565390969713,0.48410133042057846
1801,0.000254552058055053,0.4841088002406121
1802,0.0002536734481406362,0.48411120358148185
1803,0.00025259330592717087,0.48411414287536186
1804,0.00025172254321809145,0.4841229254913076
1805,0.0002508796226553725,0.4841212542107919
1806,0.00024999025787649176,0.48411461916780857
1807,0.0002490505636848667,0.4841070409988213
1808,0.0002482158937219877,0.4841077142604675
1809,0.0002472865831387853,0.4841017138548322
1810,0.0002463847544714045,0.4841090190171616
1811,0.0002454337970698743,0.4841041413881085
1812,0.00024438039153557354,0.4840996133195372
1813,0.00024350687148350003,0.48410644775186057
1814,0.00024259689531317042,0.4841092114080349
1815,0.0002416589817036491,0.4841162699213937
1816,0.00024069104182874334,0.48411808339639206
1817,0.00023980449421496714,0.48411473878541944
1818,0.0002390085298127773,0.4840966857435097
1819,0.0002382126686078064,0.4840931710518888
1820,0.00023724475010983265,0.48407932737801834
1821,0.0002365313663957914,0.4840762235081654
1822,0.00023564538911390026,0.48407169592870425
1823,0.00023492878654255762,0.48407967360025417
1824,0.0002339543540336832,0.4840753668610283
1825,0.0002330477361935856,0.4840784073582328
1826,0.0002320968806025752,0.48408114693374055
1827,0.0002312060012530097,0.4840830981306139
1828,0.000230294166087539,0.48407543048638246
1829,0.0002295864257554255,0.4840787584713898
1830,0.00022869853883794727,0.4840799492404441
1831,0.00022779229878213357,0.48407531070185267
1832,0.0002269583384091548,0.4840664413298637
1833,0.00022612555313280048,0.48406431524751425
1834,0.00022515528193291342,0.48407327441101256
1835,0.00022436264226053152,0.48407426978596707
1836,0.00022356088349617068,0.48407425699438394
1837,0.00022264033259056514,0.4840745367854935
1838,0.00022171679390367392,0.48407348212448864
1839,0.00022102152887260346,0.4840751848050502
1840,0.0002201458134575025,0.4840696863982013
1841,0.00021923819590194749,0.4840696273728521
1842,0.00021850935817289673,0.48406718630853784
1843,0.00021774074012543982,0.4840670493063781
1844,0.00021707440598725536,0.48406839737486174
1845,0.0002162518052758086,0.4840644571436376
1846,0.00021544799047416632,0.4840602487313327
1847,0.0002145287082903044,0.48406123274369767
1848,0.0002138085688428443,0.4840549368705511
1849,0.00021300454604860627,0.48405800837412527
1850,0.00021222451478138194,0.48405774371514587
1851,0.0002114149589081148,0.4840529979489745
1852,0.00021051570870712325,0.4840537797057268
1853,0.00020970285061170025,0.48404275002890906
1854,0.00020891386782732261,0.4840358561426832
1855,0.0002082502347110068,0.48403343896103707
1856,0.00020742598310294593,0.4840272866735428
1857,0.0002066894092644283,0.4840239615065025
1858,0.00020590405817511067,0.4840157357293262
1859,0.0002051310870534866,0.48401367714427973
1860,0.00020435239910106227,0.48400773906320377
1861,0.0002036817345499731,0.48400637989691375
1862,0.00020280941567535547,0.4840069189143885
1863,0.00020203886536203543,0.4840085942222142
1864,0.0002013078112959017,0.48400518146750254
1865,0.00020056775902075108,0.4840125547455296
1866,0.00019994244119910374,0.48401308625152134
1867,0.00019919490176425377,0.484014519948729
1868,0.00019842524847212537,0.4840186939032283
1869,0.00019756862348762838,0.4840295515078277
1870,0.00019664653113830237,0.4840403877108601
1871,0.00019592490499406676,0.48403798227116324
1872,0.00019524585296238576,0.48403328391187705
1873,0.00019445125483073174,0.4840271287587389
1874,0.00019362849066054117,0.48402949462025396
1875,0.00019284118422864554,0.4840257821743329
1876,0.00019212627714076274,0.4840209786055966
1877,0.00019141543687729946,0.4840199009121357
1878,0.00019072735533518138,0.4840210765450718
1879,0.00019000915584493536,0.4840307629021273
1880,0.0001893472056246973,0.48402456962553864
1881,0.00018876522791788872,0.48402319374777436
1882,0.00018802885118922807,0.4840260194617016
1883,0.00018724506488604017,0.4840249032701977
1884,0.00018653520927537965,0.4840289298695768
1885,0.00018593475097631088,0.48403376331523085
1886,0.00018509109075704215,0.48403727145152503
1887,0.00018444603417406118,0.4840351538570698
1888,0.00018380772276460272,0.4840268709982446
1889,0.00018317247919096474,0.48402719875107897
1890,0.0001824839084712476,0.48402545943104464
1891,0.00018177203358015864,0.48403030325423857
1892,0.00018097216283487297,0.4840269459173066
1893,0.00018034356344625175,0.48402767805466135
1894,0.00017965831889697008,0.4840258788341844
1895,0.00017893651482097059,0.48402013093666507
1896,0.00017832144272852767,0.48402335822627
1897,0.0001776325059241912,0.48402556790143786
1898,0.00017691282725409594,0.4840281578306625
1899,0.00017621087665796768,0.4840308801070526
1900,0.00017556007946965225,0.4840270597489082
1901,0.0001748970719707778,0.4840226915368611
1902,0.0001742579325202771,0.48402527627802305
1903,0.00017360288480254357,0.48401747278795015
1904,0.00017306755702077467,0.48401775472525177
1905,0.00017251689835956951,0.4840192625220335
1906,0.00017193380198040955,0.4840177260688465
1907,0.00017127743273886412,0.4840156249434148
1908,0.0001706037219007865,0.4840164159264821
1909,0.0001700112311618117,0.48401870254484075
1910,0.00016938595773682556,0.48402027338136766
1911,0.0001687271975143787,0.484029951864211
1912,0.00016803665233777648,0.48402821156649717
1913,0.00016724687405207195,0.484035119466746
1914,0.00016664016285445447,0.4840322419354778
1915,0.00016602439197592846,0.4840270320969672
1916,0.00016540948004249253,0.4840287405047242
1917,0.00016472626986527335,0.4840279571841858
1918,0.0001641824189717622,0.48401786397177615
1919,0.00016355671403807683,0.48401600755162333
1920,0.00016289733536777889,0.4840143966825396
1921,0.00016232656409933814,0.4840183832722517
1922,0.00016170711090791634,0.48401719433010515
1923,0.000161087940791973,0.48402047300868756
1924,0.000160504626315495,0.484021248930171
1925,0.00015993095843317958,0.4840154056465521
1926,0.00015932738265125992,0.4840079666814792
1927,0.00015872849721493718,0.4840015227681639
1928,0.00015825161858098967,0.4840045879807872
1929,0.00015769273862137643,0.4839963117389577
1930,0.00015709528217201923,0.4840042316245577
1931,0.00015653610548324357,0.484002324265194
1932,0.00015596938828543212,0.48400073519432857
1933,0.00015541946019320197,0.48399262911342017
1934,0.0001548832105361053,0.4839948556124674
1935,0.00015433919568835934,0.48399193855059386
1936,0.00015385468226106677,0.48399207094687496
1937,0.00015332743256024097,0.48399433725834284
1938,0.0001526813870823006,0.4839940102754261
1939,0.00015216746140991305,0.4839897732811389
1940,0.00015160497176492033,0.4839802092408706
1941,0.000150999864985188,0.4839788703878171
1942,0.00015036143946208516,0.4839742861959398
1943,0.00014976743544478622,0.483972856762876
1944,0.00014919085325916325,0.48397650652358687
1945,0.00014861271267406284,0.48397437915534997
1946,0.00014802211542405474,0.4839645114611895
1947,0.000147477204990128,0.48396516542809936
1948,0.00014699698715968973,0.48396545691792464
1949,0.0001463970175447303,0.48396098132690824
1950,0.00014591708622765963,0.4839592128737791
1951,0.00014535617305236857,0.4839535478661794
1952,0.000144755614525197,0.48395213420827016
1953,0.0001441408834255988,0.48395155019503333
1954,0.00014362118375794113,0.4839580632914026
1955,0.00014300058325222823,0.48396533614932163
1956,0.000142499528735362,0.4839632310559291
1957,0.00014191031085656006,0.4839651771869366
1958,0.00014140511383687444,0.48396021285335117
1959,0.00014091490361226768,0.4839627609250808
1960,0.00014042403431049162,0.4839644469877001
1961,0.0001398822796784677,0.4839546742805937
1962,0.00013933514523540856,0.48395655925586056
1963,0.00013875074271714588,0.48395704429840164
1964,0.00013824805595706748,0.4839673813549824
1965,0.00013775586577403432,0.48396454321393456
1966,0.00013722986916327905,0.4839656658177991
1967,0.00013670100286479255,0.4839581829763668
1968,0.00013613929609368155,0.4839563632542748
1969,0.0001356928794637437,0.48395099460406227
1970,0.00013517367752135268,0.4839477126401894
1971,0.00013462189050557433,0.4839503160454088
1972,0.00013411784527887462,0.4839459407445409
1973,0.00013357211394338336,0.483946531350411
1974,0.00013301608485571492,0.4839451195079564
1975,0.00013254370564660142,0.4839410486877758
1976,0.0001321105767297898,0.48393447625488545
1977,0.00013160378595663305,0.4839366853882084
1978,0.00013108270446209624,0.4839299782013175
1979,0.00013058619849605136,0.4839357260590098
1980,0.00013004001327240352,0.4839412961460719
1981,0.0001295017368911237,0.4839423775675465
1982,0.00012900659771880623,0.48393816698253755
1983,0.0001285775953062328,0.4839375622831467
1984,0.0001281519316147408,0.48393793665609836
1985,0.00012762231398386935,0.4839426115524895
1986,0.0001271419890889855,0.48394704841654645
1987,0.00012665463860679808,0.48395591270275823
1988,0.0001261916835289296,0.48395628012256864
1989,0.00012578767010538582,0.4839520228273784
1990,0.0001253030190643149,0.48395821620980484
1991,0.00012490511878175586,0.48395984847827667
1992,0.0001244858800175368,0.48395973340179993
1993,0.00012409804053592732,0.4839553283821007
1994,0.0001236469322768885,0.48395882549743885
1995,0.00012317951255842022,0.4839535258328459
1996,0.00012271774075170279,0.48395182175453355
1997,0.00012225897687019187,0.48394990749730116
1998,0.00012180466884379438,0.48394457083848835
1999,0.00012137011745384287,0.483942431506332
2000,0.0001209756078825875,0.48394339456623625
2001,0.0001205633878292723,0.48394303753798773
2002,0.00012012367558836502,0.4839456139953653
2003,0.00011973737768577989,0.48394105969330364
2004,0.00011924825026010041,0.4839512568524477
2005,0.00011880898630669801,0.48396006689736754
2006,0.0001183169681256358,0.4839580108682123
2007,0.00011782698331095403,0.4839592782267815
2008,0.00011737865750584574,0.48396211093828706
2009,0.00011695793709847033,0.4839593499432884
2010,0.00011650903176058606,0.4839597569448807
2011,0.00011615383900297088,0.48396226568259193
2012,0.00011569821733414939,0.4839612079714572
2013,0.00011524346473428431,0.4839657332529681
2014,0.00011476118763491055,0.4839628303368904
2015,0.0001143378404391446,0.48396367239183735
2016,0.00011390949072068846,0.48396444852706455
2017,0.00011348616691923156,0.4839648553659497
2018,0.00011312576301386529,0.4839619706019914
2019,0.00011274204039412544,0.4839644172858229
2020,0.0001123262990454374,0.4839579623055212
2021,0.00011189481615949155,0.4839601227310549
2022,0.00011146479889520284,0.48396031307162796
2023,0.00011107793712797377,0.4839551993908761
2024,0.000110623058441632,0.4839450988183807
2025,0.0001102279609743858,0.4839437560663084
2026,0.00010979423957673162,0.48394403439798667
2027,0.00010940745253964862,0.48394555325754574
2028,0.0001089587419431289,0.4839457326421635
2029,0.00010859281161058563,0.4839496606498454
2030,0.00010823124275880774,0.4839490749654211
2031,0.0001078585912391121,0.4839479387349578
2032,0.00010743620445654484,0.48394197091922353
2033,0.0001070842075594436,0.4839407999644664
2034,0.00010662759215843963,0.4839399667354705
2035,0.00010623565605005567,0.4839365052766917
2036,0.00010587103433540461,0.48393555642207986
2037,0.00010551684928195967,0.48394009025819346
2038,0.0001050946848520153,0.483943345271392
2039,0.00010470350883457612,0.4839459105719098
2040,0.00010436764218745184,0.4839430870584706
2041,0.00010400259371020079,0.48393743345091106
2042,0.00010366319652217504,0.48394120089436915
2043,0.00010325987461187456,0.48393582669540736
2044,0.00010287429672023292,0.4839319646341334
2045,0.00010245282216330621,0.48393163488955143
2046,0.00010207163176608968,0.4839244469291144
2047,0.00010173853108333904,0.48392743016863154
2048,0.00010140401797100219,0.4839232597607486
2049,0.00010103053669858739,0.48392620650899953
2050,0.00010067531200957805,0.4839288101934918
2051,0.00010026758740626686,0.48393056418964553
2052,9.987793316412088e-05,0.4839289265952322
2053,9.951253953910219e-05,0.48393460208414574
2054,9.915211082769178e-05,0.48393509070648655
2055,9.879788356348846e-05,0.48393690279720686
2056,9.844618873259783e-05,0.4839349719430362
2057,9.813313123037818e-05,0.48393518921531337
2058,9.775482463142598e-05,0.48393096638305283
2059,9.740810301837209e-05,0.48392707749580705
2060,9.704052847176566e-05,0.4839251731663909
2061,9.674344464074102e-05,0.4839278091192163
2062,9.638723338911608e-05,0.48392940193458006
2063,9.603861549641987e-05,0.4839221638308803
2064,9.566818668433801e-05,0.48392031586743967
2065,9.52778313583581e-05,0.483921373838524
2066,9.496775487308795e-05,0.48391626950057076
2067,9.459252039304598e-05,0.4839123119189439
2068,9.42450655270157e-05,0.48391513573468053
2069,9.384771151021283e-05,0.483914752771382
2070,9.350332480131139e-05,0.48391489366243207
2071,9.313994999298317e-05,0.4839070465084317
2072,9.286911945091291e-05,0.4839084887888591
2073,9.258928464354663e-05,0.48390263409346684
2074,9.22707709008737e-05,0.483905469867262
2075,9.193296133520663e-05,0.4839023965098593
2076,9.157219527029369e-05,0.48390336312242677
2077,9.120801126376409e-05,0.4839085191570546
2078,9.087566445541286e-05,0.4839096517834078
2079,9.052662698457296e-05,0.483907675215711
2080,9.017279699599797e-05,0.48391123040781014
2081,8.983229988371667e-05,0.48390966271126074
2082,8.948416701037177e-05,0.48390548202066386
2083,8.914739129396415e-05,0.48390507222530493
2084,8.883649391510734e-05,0.4838995222177733
2085,8.850030199336503e-05,0.4838992501704438
2086,8.818510485444479e-05,0.4839002518545486
2087,8.789296519536325e-05,0.48389430162834235
2088,8.756473560404162e-05,0.483896673306453
2089,8.722735149363893e-05,0.4838947332320478
2090,8.686747283671966e-05,0.4838994403534981
2091,8.656045212869974e-05,0.4839002723633473
2092,8.62533398803059e-05,0.4838926433975181
2093,8.594976459842228e-05,0.4838923151479084
2094,8.56460145238047e-05,0.48389269892857534
2095,8.531861716422792e-05,0.4838935021801265
2096,8.504044664188483e-05,0.4838900203609136
2097,8.469602424493408e-05,0.48389051619379586
2098,8.436239808686075e-05,0.48388925115893366
2099,8.399736529958472e-05,0.48389048651732613
2100,8.365639323893679e-05,0.48388799504716146
2101,8.331325419555965e-05,0.483882599740844
2102,8.301968196597272e-05,0.4838875732883681
2103,8.27517580275299e-05,0.4838859898473082
2104,8.243100244810907e-05,0.4838804790112633
2105,8.209673670040905e-05,0.48388240008287026
2106,8.178107345149517e-05,0.48388123561939206
2107,8.151660107098977e-05,0.4838828378878585
2108,8.11751843533715e-05,0.48388448841254705
2109,8.088326416498046e-05,0.48388666853688933
2110,8.059501197519725e-05,0.4838821180886123
2111,8.031624304211789e-05,0.48387979174723583
2112,8.002243219802818e-05,0.4838817243391944
2113,7.976152656775116e-05,0.48388220228140044
2114,7.947828731901583e-05,0.48388405850502003
2115,7.919242948055185e-05,0.4838748402351474
2116,7.892090792662488e-05,0.48387558696760746
2117,7.864209861685722e-05,0.48387340118711786
2118,7.833810461138017e-05,0.48387472059968395
2119,7.807318763236469e-05,0.48387979199220954
2120,7.783088461756295e-05,0.4838772860609352
2121,7.758621817939511e-05,0.4838786647825447
2122,7.731061280351829e-05,0.4838783570879291
2123,7.705449590812561e-05,0.48387664533908503
2124,7.681267820024958e-05,0.4838762942693983
2125,7.652970747841732e-05,0.48387286963226933
2126,7.624680924917753e-05,0.48387819704041035
2127,7.594277621997897e-05,0.48387594442846493
2128,7.568124094267549e-05,0.48387277839316395
2129,7.53804577582134e-05,0.48387149331581447
2130,7.510695060008027e-05,0.4838728640909583
2131,7.486594237852889e-05,0.48387649737976474
2132,7.459719100807843e-05,0.48387707777236677
2133,7.435273650073604e-05,0.48388065194555124
2134,7.404956206136422e-05,0.4838793105764905
2135,7.375728599937276e-05,0.48387522176811393
2136,7.346946170404823e-05,0.4838708666181953
2137,7.322148886483069e-05,0.48386735250705926
2138,7.298270321493802e-05,0.4838684300728997
2139,7.275475625309633e-05,0.4838694183449447
2140,7.25036545972209e-05,0.4838693299438966
2141,7.223341240451706e-05,0.4838701792955214
2142,7.195081708174531e-05,0.4838664568298514
2143,7.167382308509226e-05,0.48386664358691045
2144,7.142333174862813e-05,0.48386693057539726
2145,7.117659585498495e-05,0.48386273863392465
2146,7.09303623319356e-05,0.4838615562231252
2147,7.063884861665496e-05,0.48386308080662255
2148,7.03580714262441e-05,0.4838591573672384
2149,7.008243383727476e-05,0.483863020660026
2150,6.97764590671342e-05,0.4838631251925459
2151,6.950166503949331e-05,0.48385622580456655
2152,6.929473534086115e-05,0.4838567044186583
2153,6.901798927134962e-05,0.48386107258659244
2154,6.87951966629464e-05,0.48385987620938137
2155,6.854804717769767e-05,0.48386405442963215
2156,6.829040434724514e-05,0.48385738137332646
2157,6.809975518977499e-05,0.4838591323119193
2158,6.786910534602251e-05,0.4838573868218183
2159,6.765486967101572e-05,0.4838597363733225
2160,6.738121680676083e-05,0.48385335540216634
2161,6.712665541469469e-05,0.48385599539701274
2162,6.685873132455978e-05,0.48385629259046087
2163,6.661516937161951e-05,0.48385154830675237
2164,6.637237010347034e-05,0.4838496731820183
2165,6.613793350708063e-05,0.48384954074641645
2166,6.59055082117557e-05,0.4838459313119005
2167,6.567232225415133e-05,0.4838479459978111
2168,6.542598157977444e-05,0.4838491603285958
2169,6.514655955736835e-05,0.4838450944639811
2170,6.492069915204105e-05,0.48384797738877455
2171,6.465807769624526e-05,0.4838470970822584
2172,6.441976180255994e-05,0.48384588055671823
2173,6.418262453186e-05,0.4838457436124402
2174,6.392136694091583e-05,0.4838465832965646
2175,6.369716261738299e-05,0.48384597654965994
2176,6.344245933605657e-05,0.4838462091341509
2177,6.319579928426788e-05,0.48384536187924926
2178,6.295640861763296e-05,0.4838485042870933
2179,6.271380571005275e-05,0.48385067837815215
2180,6.249558789807311e-05,0.4838464531300769
2181,6.22423359542029e-05,0.4838432130799045
2182,6.199601830438967e-05,0.48384464984316716
2183,6.17857522057391e-05,0.4838446567703226
2184,6.156093941864387e-05,0.4838418353673341
2185,6.133966873025958e-05,0.4838361685747458
2186,6.110712114935854e-05,0.4838422654780489
2187,6.089281395426723e-05,0.48384080270379126
2188,6.0687839919307875e-05,0.48384023332271875
2189,6.043134228171005e-05,0.48383801612887234
2190,6.0203626753243264e-05,0.48384248382381984
2191,5.997442395388572e-05,0.48384086085324884
2192,5.977815121645039e-05,0.48383997121288413
2193,5.9581631044918906e-05,0.4838422446167891
2194,5.936709190070895e-05,0.4838447468246677
2195,5.915859880209643e-05,0.4838465366606084
2196,5.894264941044647e-05,0.48384567753143265
2197,5.873378548336472e-05,0.4838429341088708
2198,5.850710538480863e-05,0.4838452475280637
2199,5.830515708706733e-05,0.48384451761304487
2200,5.811955882165871e-05,0.48384554865713225
2201,5.7848023226870845e-05,0.4838424846214151
2202,5.7650684554455004e-05,0.48384176088044045
2203,5.744686095808714e-05,0.48383758349420325
2204,5.722565291045888e-05,0.48383490774089044
2205,5.698591550098863e-05,0.4838305376711109
2206,5.675903218012686e-05,0.4838268093420402
2207,5.654772373071369e-05,0.4838327382380442
2208,5.6360355522446175e-05,0.4838269467283219
2209,5.613414422227396e-05,0.4838250614559874
2210,5.594387029910281e-05,0.48382780609676856
2211,5.575062979654773e-05,0.48382844857800683
2212,5.555369366625009e-05,0.4838281894133626
2213,5.535450503888248e-05,0.4838297408847985
2214,5.5152553053045746e-05,0.4838270468431023
2215,5.495495524826843e-05,0.48382598362144047
2216,5.474177122196383e-05,0.4838226125499282
2217,5.455041602134855e-05,0.48381890012408807
2218,5.435362504172668e-05,0.4838181726292057
2219,5.413899153762835e-05,0.48381587087595646
2220,5.392382763644206e-05,0.48381689528083266
2221,5.3701835304164426e-05,0.4838122609165785
2222,5.34881382411425e-05,0.48381611853088047
2223,5.328357515071642e-05,0.4838130379677798
2224,5.306380468232037e-05,0.4838136887026351
2225,5.286592119080576e-05,0.4838104646443654
2226,5.2687262163888856e-05,0.4838098536072861
2227,5.250581479886854e-05,0.48381121418702927
2228,5.229922307045335e-05,0.4838131589065053
2229,5.208957872573576e-05,0.4838180985601231
2230,5.190569307140964e-05,0.48381807822159417
2231,5.170508878718105e-05,0.48380874546287095
2232,5.151637582301275e-05,0.4838000642692744
2233,5.129657756395645e-05,0.4838012647417051
2234,5.1102681017666616e-05,0.4838033352278353
2235,5.091129879022261e-05,0.48380115037949023
2236,5.0716563390370855e-05,0.4837969910164402
2237,5.0526487607014604e-05,0.48379105336683365
2238,5.035097583765535e-05,0.4837944585754946
2239,5.016407204942308e-05,0.4837989706948201
2240,4.997916324905467e-05,0.48379495711374004
2241,4.9800735463122774e-05,0.4837896419995863
2242,4.9611234758543154e-05,0.4837876103803513
2243,4.945231533441032e-05,0.4837900420194509
2244,4.9250872766127806e-05,0.4837904657029309
2245,4.909197080480435e-05,0.48378989867102623
2246,4.892101427741322e-05,0.48379205342665615
2247,4.874320156200744e-05,0.48378971893623457
2248,4.858146405554054e-05,0.4837916010064271
2249,4.840784609277587e-05,0.4837916344983306
2250,4.8238098607621344e-05,0.48379171719622777
2251,4.807023934292238e-05,0.48378980739884514
2252,4.789784671982052e-05,0.4837889512435445
2253,4.771435470090482e-05,0.48378629127854933
2254,4.752499919636784e-05,0.4837873643012852
2255,4.737027435907993e-05,0.48378388171937503
2256,4.720952953070998e-05,0.4837856955685582
2257,4.703497329227923e-05,0.4837892607639715
2258,4.6876162799339795e-05,0.48378785374478606
2259,4.671109023235718e-05,0.4837897675963482
2260,4.65497873179606e-05,0.4837923568579475
2261,4.636470413386662e-05,0.48379525246993643
2262,4.614357669043817e-05,0.48379250910860194
2263,4.596566153982739e-05,0.4837918032563186
2264,4.579560471217664e-05,0.483792087780939
2265,4.562301271346668e-05,0.48379427335829633
2266,4.544687467766355e-05,0.4837913324978984
2267,4.5286028373573917e-05,0.4837914959637376
2268,4.5126779362151944e-05,0.483791482701393
2269,4.49654717751339e-05,0.48378825590101776
2270,4.482776148923977e-05,0.48378957705674697
2271,4.4670956780561873e-05,0.4837903689893754
2272,4.448926409987436e-05,0.48378842427650415
2273,4.434430029206906e-05,0.4837868805979559
2274,4.4185088593337864e-05,0.4837859320082686
2275,4.402785111787309e-05,0.4837830633443497
2276,4.3846943190785145e-05,0.4837847495388246
2277,4.370465017807867e-05,0.4837858827374356
2278,4.355048651507191e-05,0.48378660714621624
2279,4.334420352473529e-05,0.4837830005333548
2280,4.3193089972785615e-05,0.48378262290503066
2281,4.303735574020763e-05,0.4837824209748039
2282,4.288251696064891e-05,0.4837836215011741
2283,4.273832363314087e-05,0.4837846592314146
2284,4.257216980293563e-05,0.48378496831560974
2285,4.2406431591951095e-05,0.4837811873295288
2286,4.225243554875592e-05,0.48378047127403856
2287,4.2108623593655565e-05,0.4837815433183257
2288,4.194953317624209e-05,0.48378823299414747
2289,4.1792403138168934e-05,0.4837895047217693
2290,4.1632468241177315e-05,0.48378664460092585
2291,4.149612481550973e-05,0.48378562026225513
2292,4.1347961490912044e-05,0.4837819248267993
2293,4.120984157192731e-05,0.4837808492770887
2294,4.1056458194963126e-05,0.4837823889190807
2295,4.090320742407086e-05,0.48378400985884645
2296,4.0719840422050536e-05,0.4837867504905849
2297,4.059597545192846e-05,0.48378641318181825
2298,4.043971364583588e-05,0.4837881312215255
2299,4.028469495974186e-05,0.4837854569617396
2300,4.014689460656978e-05,0.48378492237174553
2301,3.9974935839281123e-05,0.4837861185011598
2302,3.981574519663746e-05,0.48378365210242186
2303,3.9673070256521424e-05,0.48378693611308216
2304,3.952648190040787e-05,0.4837857329571339
2305,3.937307479425238e-05,0.4837872389490918
2306,3.922935803879676e-05,0.483787716286676
2307,3.909405238088621e-05,0.48378552400967034
2308,3.895776781404425e-05,0.4837852054067489
2309,3.880157925172546e-05,0.48378686543763166
2310,3.865180006296385e-05,0.4837853924453387
2311,3.850823958192528e-05,0.4837890153658643
2312,3.8367049502969155e-05,0.4837868194977364
2313,3.8229045438931144e-05,0.48378628604883434
2314,3.808069063630013e-05,0.48378683163249653
2315,3.7947373643101066e-05,0.48378676981145285
2316,3.778618678803764e-05,0.4837876922432545
2317,3.766565049172553e-05,0.4837902210102352
2318,3.75273191098101e-05,0.4837891224648978
2319,3.739514640093476e-05,0.48378768185049364
2320,3.724961799443863e-05,0.48379134063939794
2321,3.710736972000574e-05,0.4837902382041415
2322,3.699293958735281e-05,0.4837897361216313
2323,3.68588218357533e-05,0.48378809522973115
2324,3.672413779104024e-05,0.4837880059239315
2325,3.658189405608828e-05,0.4837847096252581
2326,3.644907501018374e-05,0.4837843357022497
2327,3.631427224887985e-05,0.48378551452526236
2328,3.619082362745387e-05,0.48378477223137134
2329,3.605135976161428e-05,0.4837842217539832
2330,3.5920304587228643e-05,0.48378635804224446
2331,3.5798625258083304e-05,0.4837852496890179
2332,3.568684694349574e-05,0.48378594236322753
2333,3.554467437549165e-05,0.4837843274462324
2334,3.543550101616885e-05,0.48378396932466994
2335,3.531071824885178e-05,0.4837805657007981
2336,3.5187376652372086e-05,0.48378088035075256
2337,3.506916416945111e-05,0.4837778433885246
2338,3.492383649623559e-05,0.48377760680113496
2339,3.479388708668443e-05,0.48377751818136516
2340,3.4656919235434606e-05,0.48377802934618847
2341,3.453132905551404e-05,0.4837774260152531
2342,3.440330386136473e-05,0.4837804355076708
2343,3.428777007165516e-05,0.48378008361806757
2344,3.4166465226215764e-05,0.4837803457014116
2345,3.403927673485082e-05,0.4837733253147491
2346,3.39109995291476e-05,0.48377440764275537
2347,3.378943917192839e-05,0.48377391830182814
2348,3.365190109586865e-05,0.4837764843382504
2349,3.3531482023343245e-05,0.4837767408716626
2350,3.3424223828870135e-05,0.4837787911283778
2351,3.330271021876131e-05,0.4837764971281758
2352,3.3172381041884155e-05,0.48377905593611886
2353,3.304739300479732e-05,0.48377868020026693
2354,3.294697191969764e-05,0.4837769721043303
2355,3.282988049568182e-05,0.48377615487833375
2356,3.271806573971495e-05,0.48377739730093094
2357,3.2601775152168813e-05,0.4837753683951443
2358,3.249223145002933e-05,0.4837766594925941
2359,3.236685068714932e-05,0.48377611824663924
2360,3.225889901728239e-05,0.48377676018451515
2361,3.2137484629454806e-05,0.4837743864982754
2362,3.202293289536638e-05,0.48377486379572365
2363,3.190002229160159e-05,0.4837764185385369
2364,3.178648679649658e-05,0.48377476263213454
2365,3.16541195199665e-05,0.4837718144442909
2366,3.15315591982207e-05,0.48377036851563765
2367,3.1409397921111396e-05,0.48377095198572795
2368,3.13080488375248e-05,0.4837710842086077
2369,3.119476647955742e-05,0.4837694403159835
2370,3.108085168312794e-05,0.4837662544699124
2371,3.096748286465499e-05,0.48376682723992825
2372,3.083378992079431e-05,0.48376755912355274
2373,3.0712695894348256e-05,0.48376662837026285
2374,3.0587782764362894e-05,0.48376563633905356
2375,3.047215717555661e-05,0.4837669362614354
2376,3.0361404198800904e-05,0.4837670800154098
2377,3.024584718466315e-05,0.4837680985765152
2378,3.0118649554926867e-05,0.483766660725912
2379,2.9998223555955292e-05,0.4837675937430544
2380,2.9896337717207457e-05,0.4837695092883797
2381,2.9794061598299222e-05,0.4837690799233467
2382,2.9685035388808367e-05,0.4837721247693221
2383,2.957609745222877e-05,0.4837740996656502
2384,2.9470219444403743e-05,0.48377335377782865
2385,2.9351558854787775e-05,0.4837706782684266
2386,2.923694550963669e-05,0.48377073839758017
2387,2.9143524866886527e-05,0.483769037108075
2388,2.9046220221915254e-05,0.48377008488493295
2389,2.8935574042519763e-05,0.48376512981738456
2390,2.8839766393804372e-05,0.48376370732336815
2391,2.874650584577444e-05,0.483760399158257
2392,2.8638856828120935e-05,0.48375666583088667
2393,2.8533662093361053e-05,0.48375288791671
2394,2.8427067211324848e-05,0.4837509672984259
2395,2.831439302701404e-05,0.4837520531230585
2396,2.8213446733829476e-05,0.4837511393027636
2397,2.8117734870922315e-05,0.4837521972280183
2398,2.8011128243595417e-05,0.4837522431762253
2399,2.7911841586979814e-05,0.48374767745676256
2400,2.780014305542541e-05,0.4837490621144474
2401,2.7702936416597025e-05,0.48375140001512335
2402,2.7603957959431696e-05,0.48375281994859404
2403,2.749663758229373e-05,0.4837522774804143
2404,2.7388451069487594e-05,0.48375128617550944
2405,2.7289295179540823e-05,0.48374968451516515
2406,2.720445887736362e-05,0.4837519949606144
2407,2.71121481571529e-05,0.4837512258821602
2408,2.7016548685041656e-05,0.48374968116239025
2409,2.6928068225987346e-05,0.483749600795573
2410,2.6853195894239258e-05,0.4837504458576964
2411,2.6743845278192033e-05,0.4837516110733815
2412,2.665200504760686e-05,0.48374963152624245
2413,2.6560744457080962e-05,0.48374976684996346
2414,2.647451484834973e-05,0.4837490021713852
2415,2.6376699274708958e-05,0.48375172667539645
2416,2.6279093362829976e-05,0.48374783936627525
2417,2.6185948032101296e-05,0.4837478468009638
2418,2.6092715066816567e-05,0.4837473971682067
2419,2.600195313123737e-05,0.4837417547538234
2420,2.591606853501017e-05,0.48374096714940934
2421,2.5818348341060074e-05,0.4837432496177158
2422,2.5731237697842015e-05,0.4837428225468524
2423,2.5642374586908932e-05,0.4837419451410898
2424,2.5556825773754278e-05,0.48374241637011356
2425,2.5455762758994955e-05,0.4837439856151018
2426,2.537618384639477e-05,0.48374521416378025
2427,2.5273063182857045e-05,0.4837468597617291
2428,2.5168182642759783e-05,0.48374640879754516
2429,2.507820616536996e-05,0.4837470600081624
2430,2.497486465956637e-05,0.4837467508336393
2431,2.4861354030733364e-05,0.48374778340106966
2432,2.478507640807784e-05,0.48374770993416666
2433,2.4697202032057524e-05,0.4837483267914517
2434,2.4614983252127262e-05,0.4837478877407438
2435,2.453039918355764e-05,0.48374316067575895
2436,2.4436272147162713e-05,0.48374435759202467
2437,2.4356897262262816e-05,0.48374455739241523
2438,2.4270648481852604e-05,0.483746844247331
2439,2.41784795562299e-05,0.4837434658414752
2440,2.4097806375221184e-05,0.4837423205800828
2441,2.402494278676202e-05,0.48374461809821195
2442,2.3933488103301476e-05,0.48374474659176936
2443,2.385081210489465e-05,0.4837446177540652
2444,2.3760183774909217e-05,0.4837463838546142
2445,2.3672686233641966e-05,0.4837461519605323
2446,2.3578294660760835e-05,0.4837469513796569
2447,2.349757640040734e-05,0.48374498168146746
2448,2.3413636406713384e-05,0.4837442441737253
2449,2.332878748412878e-05,0.48374495322089334
2450,2.3239362065723454e-05,0.48374469740823944
2451,2.3164488841014296e-05,0.48374589849232486
2452,2.308796380929174e-05,0.4837429799577505
2453,2.300966651717948e-05,0.4837416711084052
2454,2.2925542160084024e-05,0.4837430094201507
2455,2.283289114798779e-05,0.4837449219263028
2456,2.273712024315778e-05,0.4837435942280418
2457,2.264991983715327e-05,0.48374244378469466
2458,2.2574887996562012e-05,0.48374251004631325
2459,2.250533243977041e-05,0.4837412197100664
2460,2.242478065206882e-05,0.4837433225598683
2461,2.2347162754456272e-05,0.4837416993043009
2462,2.2261869670389105e-05,0.4837421742713277
2463,2.2187532738734884e-05,0.4837431724072209
2464,2.2107426136835864e-05,0.48374265822555607
2465,2.2033262194666075e-05,0.4837432733613704
2466,2.1954858589206558e-05,0.4837421921911541
2467,2.188077364373581e-05,0.4837416381484205
2468,2.18180227566498e-05,0.48374314884106506
2469,2.174163829574388e-05,0.48374469814116566
2470,2.166014993201211e-05,0.4837477185537133
2471,2.157110783581854e-05,0.48374577186647433
2472,2.1496232599010987e-05,0.4837470402054614
2473,2.1416726681018253e-05,0.4837420036204354
2474,2.1339285010197463e-05,0.48374017901391453
2475,2.1255329106216833e-05,0.4837412565326708
2476,2.1185571777786977e-05,0.483741503061958
2477,2.1106712437826043e-05,0.4837420254814754
2478,2.1034167291281304e-05,0.4837394757634374
2479,2.095478724386652e-05,0.48374205002865694
2480,2.0876570217356105e-05,0.4837411608995262
2481,2.0803496082014786e-05,0.48374285003267264
2482,2.0730428771857906e-05,0.48374169776596215
2483,2.0658523116353753e-05,0.48374115807349544
2484,2.0583208863867935e-05,0.4837423222347893
2485,2.0508838316832023e-05,0.48374142368299494
2486,2.04206320435942e-05,0.4837437420142827
2487,2.03526081337308e-05,0.48374446521910985
2488,2.0278856568770494e-05,0.48374356945312347
2489,2.0199674691532485e-05,0.48374319423487055
2490,2.012319357280031e-05,0.48374467303425783
2491,2.005390467193385e-05,0.48374619148288084
2492,1.9972962599702467e-05,0.4837467987698611
2493,1.9904370265919956e-05,0.4837457779557326
2494,1.9825871160789825e-05,0.4837452765133394
2495,1.9759911978594136e-05,0.4837444916530039
2496,1.969786079832323e-05,0.4837432428441782
2497,1.9633861221104234e-05,0.4837441381641223
2498,1.9569892068441345e-05,0.48374538681235935
2499,1.9506861059188654e-05,0.48374407094437305
2500,1.9427781749992762e-05,0.4837442558183798
2501,1.935127687269474e-05,0.48374298525009696
2502,1.9276960340478828e-05,0.4837426062948978
2503,1.9210371861284462e-05,0.4837400038895055
2504,1.913962682253332e-05,0.48374028319543433
2505,1.9064047309382705e-05,0.4837380439715922
2506,1.9000567948740034e-05,0.48373644987718684
2507,1.892790511279122e-05,0.4837358601236399
2508,1.8854884735108064e-05,0.4837383438624233
2509,1.878230181171434e-05,0.4837409049880193
2510,1.871263300828354e-05,0.48374161305475133
2511,1.8647018019362864e-05,0.4837431722687964
2512,1.8577571757052543e-05,0.48374399348135916
2513,1.8503482528870815e-05,0.4837438216362068
2514,1.8436316019720857e-05,0.48374537309433013
2515,1.836065586063766e-05,0.48374797627532246
2516,1.8292651433331994e-05,0.4837503783582064
2517,1.8231761850359033e-05,0.48374909411993533
2518,1.8164538627601204e-05,0.4837475488255076
2519,1.8098764866481645e-05,0.4837453965638376
2520,1.803426860453303e-05,0.4837465261185709
2521,1.7966651085692227e-05,0.4837448412584603
2522,1.7904131664073124e-05,0.4837440259964941
2523,1.7846119530238465e-05,0.4837421449910826
2524,1.778442837344662e-05,0.4837433706520705
2525,1.7716599456886183e-05,0.4837415905688637
2526,1.7655063263158702e-05,0.4837414365054342
2527,1.758232612127818e-05,0.48374152714109325
2528,1.7525978414327448e-05,0.4837412944196919
2529,1.746467178588753e-05,0.4837398022926401
2530,1.7395775183999858e-05,0.48374079547424215
2531,1.7339681086107703e-05,0.4837422722400932
2532,1.728208657627493e-05,0.4837425359927663
2533,1.721399233479656e-05,0.48374373676107574
2534,1.7146793572622134e-05,0.4837428460931603
2535,1.7082306742120975e-05,0.48374430334240304
2536,1.7018384164702523e-05,0.4837444932557069
2537,1.6946801301436056e-05,0.4837427508647515
2538,1.6894965199425858e-05,0.4837416862674272
2539,1.6843189597845478e-05,0.4837447493519011
2540,1.6780318280079892e-05,0.48374485904374254
2541,1.6708323530285522e-05,0.48374249819334064
2542,1.6637214395321493e-05,0.4837409285480489
2543,1.6572303688621478e-05,0.4837395120237563
2544,1.651477242821239e-05,0.4837394786792587
2545,1.6449569040193835e-05,0.4837373287835843
2546,1.639639696992292e-05,0.48373513578659305
2547,1.633563248306706e-05,0.48373556200266044
2548,1.627454714280399e-05,0.4837383588512032
2549,1.6217780945091313e-05,0.48373635335236964
2550,1.6168061464830443e-05,0.483736785351344
2551,1.6111772913420693e-05,0.48373925515036437
2552,1.6061016112811637e-05,0.4837373387678089
2553,1.600343684914333e-05,0.4837358469920107
2554,1.5950742666391514e-05,0.4837346269721579
2555,1.5883956208832438e-05,0.4837336742879304
2556,1.5818819240508026e-05,0.48373270585671635
2557,1.5758429128819096e-05,0.48373053388422854
2558,1.570391831475061e-05,0.48373179356161566
2559,1.5655764030230272e-05,0.48373303736445433
2560,1.5605667766853952e-05,0.4837337216494824
2561,1.5550385566237258e-05,0.4837312579992925
2562,1.5490016476727933e-05,0.4837309621821122
2563,1.5431986251938263e-05,0.4837292575323368
2564,1.5382156488392244e-05,0.4837289260023568
2565,1.5330741930534717e-05,0.483730655549502
2566,1.5265832605706813e-05,0.4837283782087267
2567,1.5201367794082193e-05,0.48372989909202113
2568,1.5149550814937364e-05,0.4837283196626643
2569,1.509069359920842e-05,0.48372662304607494
2570,1.503576518454367e-05,0.4837265412316554
2571,1.4988610749361317e-05,0.4837248911977029
2572,1.4931742221854405e-05,0.4837252879596985
2573,1.4888278905217847e-05,0.48372461039577347
2574,1.4839915210046018e-05,0.48372470864409844
2575,1.4777701148376608e-05,0.48372491208527735
2576,1.4729850334803026e-05,0.48372532374908844
2577,1.4676718457098549e-05,0.4837264115701091
2578,1.4622954750212443e-05,0.48372727745522637
2579,1.4573664164365175e-05,0.483724762802381
2580,1.4516725332687916e-05,0.4837245416426817
2581,1.446294334812283e-05,0.48372407698917724
2582,1.4411674448098461e-05,0.4837210462713793
2583,1.4348065198972559e-05,0.4837205004337519
2584,1.429748566714655e-05,0.48372148105199475
2585,1.4253555403740095e-05,0.4837226246663252
2586,1.4213353841881865e-05,0.48372422519741226
2587,1.415614016874523e-05,0.48372440578450066
2588,1.4101442990464731e-05,0.4837223491834031
2589,1.4051156651804868e-05,0.48372001002586407
2590,1.4004710942507539e-05,0.48371854433020556
2591,1.3949259254759152e-05,0.4837181312740307
2592,1.389966187579433e-05,0.48371744837013503
2593,1.3852431395155432e-05,0.4837192521161253
2594,1.3797488734270695e-05,0.48371974684713925
2595,1.3745202780898889e-05,0.4837223133401998
2596,1.3691315597054861e-05,0.4837218242530877
2597,1.3640042964562011e-05,0.48372345792309135
2598,1.3591223623966218e-05,0.4837239240094556
2599,1.3547941057361373e-05,0.48372360887599786
2600,1.3498686774522038e-05,0.4837243560187552
2601,1.3449923650963036e-05,0.48372381083688937
2602,1.3399706491922513e-05,0.4837263807616686
2603,1.3352392860102685e-05,0.4837261660864637
2604,1.3302515045762576e-05,0.48372672288167984
2605,1.3252496082264644e-05,0.4837247072719939
2606,1.320085782257007e-05,0.48372366000648287
2607,1.3148385964397551e-05,0.48372309588404205
2608,1.3103862819970583e-05,0.4837232790534094
2609,1.3051364203698268e-05,0.48372355062435857
2610,1.3003650318960047e-05,0.48372540541322057
2611,1.29526433060473e-05,0.4837269779300259
2612,1.2900762896483794e-05,0.4837267261842538
2613,1.2857959898883145e-05,0.48372554081032376
2614,1.2811904598779145e-05,0.48372404164332566
2615,1.2769925309276128e-05,0.4837231741836573
2616,1.2729979340529516e-05,0.48372122024910263
2617,1.2678382876096504e-05,0.48371989529170933
2618,1.2621246938536917e-05,0.48372018812354745
2619,1.2576153213820057e-05,0.483721991961537
2620,1.253487055415284e-05,0.4837220756471698
2621,1.2493095604033202e-05,0.4837220068214994
2622,1.2440127194768105e-05,0.4837193429930729
2623,1.2395064053562006e-05,0.4837180423246523
2624,1.235187213125345e-05,0.4837193136753681
2625,1.2303278190349236e-05,0.48372021707099755
2626,1.2261796916940959e-05,0.4837213405216156
2627,1.2215036485176971e-05,0.483720867184494
2628,1.217177272115171e-05,0.4837201674658635
2629,1.2122189115738056e-05,0.48372114859859416
2630,1.2079857943454582e-05,0.48372296922378094
2631,1.2038373160315725e-05,0.4837223099688355
2632,1.1992838118335136e-05,0.4837237669521105
2633,1.1945447156232684e-05,0.4837236753948889
2634,1.1901047282968327e-05,0.4837228515293712
2635,1.1853105561636521e-05,0.4837214587050269
2636,1.1810186483721206e-05,0.4837229790990454
2637,1.1767254622981817e-05,0.48372242365645934
2638,1.1726545923450264e-05,0.4837218732357378
2639,1.1680710449957561e-05,0.4837218762965316
2640,1.1639600108364546e-05,0.4837202180423964
2641,1.1597741197077112e-05,0.4837191503742247
2642,1.1561399575566063e-05,0.4837202782911744
2643,1.1519942197833799e-05,0.4837214892131781
2644,1.147981118246854e-05,0.48372307120345953
2645,1.1433024552661154e-05,0.4837232171122501
2646,1.1389894161019541e-05,0.4837231079835685
2647,1.1348591995781068e-05,0.48372393155243054
2648,1.1304905453176328e-05,0.4837237193022283
2649,1.12612297437848e-05,0.4837219489528974
2650,1.1216696356862155e-05,0.4837229085393406
2651,1.1180942987674787e-05,0.4837222825220347
2652,1.1141396913934222e-05,0.48372193730381674
2653,1.1102557184615872e-05,0.48372157241447067
2654,1.106279578289882e-05,0.4837207713612724
2655,1.1020849006835709e-05,0.4837225390525037
2656,1.0978328995329292e-05,0.48372267986597567
2657,1.094543107911633e-05,0.4837225099476367
2658,1.0901925343940018e-05,0.48372115421525635
2659,1.0866029028625832e-05,0.4837211207381167
2660,1.0825606613147465e-05,0.48372201339801923
2661,1.0789211609059286e-05,0.483723377311224
2662,1.0753021398222971e-05,0.48372145624481766
2663,1.0709125698271457e-05,0.48372221846780683
2664,1.0675820607432224e-05,0.4837209776440132
2665,1.0636175457523644e-05,0.48372099149402004
2666,1.0591451798511e-05,0.48372041601339216
2667,1.0555608801048446e-05,0.483722351756255
2668,1.0518232578230727e-05,0.4837232660087772
2669,1.047323806602676e-05,0.48372239207918954
2670,1.0434116506539065e-05,0.48372223085661353
2671,1.0399247794093985e-05,0.4837205415958944
2672,1.0358045888451321e-05,0.4837212679194811
2673,1.0320757227126284e-05,0.4837189031098085
2674,1.0283773229620045e-05,0.483718284710846
2675,1.0252196716664447e-05,0.4837201531188606
2676,1.021764871639257e-05,0.4837185419612232
2677,1.0179746499745355e-05,0.48371731424864106
2678,1.0140754725299914e-05,0.48371695679456406
2679,1.010449285555011e-05,0.4837151009745294
2680,1.0069677592703502e-05,0.48371479027111025
2681,1.0035187027527542e-05,0.483716073546661
2682,1.0004270474205103e-05,0.48371694194524745
2683,9.968480741571741e-06,0.48371459612032003
2684,9.937511548619916e-06,0.48371462831498424
2685,9.89601889059318e-06,0.48371591147012005
2686,9.863393128085234e-06,0.4837155930629418
2687,9.827993477777368e-06,0.48371648202774487
2688,9.788803684431351e-06,0.4837157046456466
2689,9.753881889866236e-06,0.4837147651794346
2690,9.721230342927451e-06,0.48371540536881097
2691,9.691902109524938e-06,0.4837155583636893
2692,9.652458561714185e-06,0.48371717338089903
2693,9.611638634955788e-06,0.4837156783826054
2694,9.577076081664365e-06,0.4837161471207354
2695,9.544949188188539e-06,0.4837153434814778
2696,9.509606455649876e-06,0.48371629756582274
2697,9.478090068455084e-06,0.483716541943359
2698,9.443999865905448e-06,0.48371589564617185
2699,9.408260254084748e-06,0.4837148562810786
2700,9.371222209433082e-06,0.48371563554119107
2701,9.339796570316764e-06,0.4837167346089787
2702,9.30489339702741e-06,0.48371748630989203
2703,9.26974533919429e-06,0.48371657704164256
2704,9.242507791368286e-06,0.4837171251380212
2705,9.211064599412125e-06,0.48371867105909216
2706,9.179399590374476e-06,0.483719343266
2707,9.14655903758377e-06,0.4837174815697324
2708,9.11770287525926e-06,0.48371672762275203
2709,9.08518074318745e-06,0.4837153167820109
2710,9.054183582275553e-06,0.48371388641435636
2711,9.021418132472438e-06,0.48371362200427737
2712,8.987038756775035e-06,0.48371383537443197
2713,8.957886665779112e-06,0.4837132729376693
2714,8.92375162817036e-06,0.48371440117598896
2715,8.89193350890202e-06,0.4837156751926261
2716,8.85697160661479e-06,0.4837163554014498
2717,8.827622472068595e-06,0.4837156701791294
2718,8.79491820597319e-06,0.4837151269457165
2719,8.760308444059028e-06,0.4837157438844842
2720,8.729422388184104e-06,0.48371310476647805
2721,8.699616925610751e-06,0.48371337384164964
2722,8.668918797101148e-06,0.4837138075832263
2723,8.635738938841966e-06,0.48371383480173546
2724,8.607677855167446e-06,0.48371474366345046
2725,8.570552543863661e-06,0.4837141389855193
2726,8.532352131760124e-06,0.4837151569411708
2727,8.498328711971504e-06,0.4837153216818564
2728,8.468394631921253e-06,0.48371343424609886
2729,8.44346388904965e-06,0.48371277000212143
2730,8.41464569307946e-06,0.48371312977850234
2731,8.378707813400636e-06,0.48371247157694486
2732,8.349176870019936e-06,0.4837137925526778
2733,8.313841309282844e-06,0.48371272428808487
2734,8.281023036183872e-06,0.483713345618706
2735,8.255924626341393e-06,0.48371314726264
2736,8.231204197400918e-06,0.48371401761716665
2737,8.197759540822638e-06,0.48371447632179543
2738,8.165775129350183e-06,0.4837141895268936
2739,8.134428908124188e-06,0.4837144431567048
2740,8.108209488870962e-06,0.4837134947626894
2741,8.083084040544364e-06,0.48371311679507434
2742,8.050526482403715e-06,0.4837119032161556
2743,8.0211783840889e-06,0.48371247874511164
2744,7.9927519879805e-06,0.4837126076429618
2745,7.966782345254145e-06,0.4837107356818694
2746,7.94233763815588e-06,0.48370957660220226
2747,7.914450943397143e-06,0.4837088136527215
2748,7.884936218588863e-06,0.48370862500912987
2749,7.856892168927723e-06,0.4837069141082966
2750,7.827240519727581e-06,0.4837078345656614
2751,7.795138695225881e-06,0.4837070296779526
2752,7.768634688483731e-06,0.4837064556824293
2753,7.739470563039557e-06,0.4837061434309242
2754,7.714867934648078e-06,0.48370515410020476
2755,7.685338884232852e-06,0.48370565266479537
2756,7.655929593462162e-06,0.4837055003525783
2757,7.631625065410405e-06,0.4837041486147899
2758,7.607567486416168e-06,0.4837058618558969
2759,7.576038222930728e-06,0.4837059283172018
2760,7.545675757127688e-06,0.48370463249463147
2761,7.517365109979369e-06,0.48370418991191966
2762,7.4929358154734184e-06,0.4837053954817119
2763,7.466302517344938e-06,0.483705743356251
2764,7.439041296301138e-06,0.4837053684551652
2765,7.4116556043143475e-06,0.48370658410213335
2766,7.384351926902594e-06,0.48370673064131287
2767,7.354454990523702e-06,0.48370585590925425
2768,7.3232418601004075e-06,0.48370581507056215
2769,7.2977651545063955e-06,0.4837056861124314
2770,7.269917385907381e-06,0.48370646275807283
2771,7.242000958445181e-06,0.48370765885815853
2772,7.220417556857142e-06,0.48370821466678315
2773,7.195109006115173e-06,0.48370848520613063
2774,7.1679648134801965e-06,0.4837094550533646
2775,7.140563526766516e-06,0.4837064584727765
2776,7.11318095933691e-06,0.48370618814666855
2777,7.088047921652253e-06,0.4837058784230196
2778,7.063570720757839e-06,0.4837053517889636
2779,7.034839078361489e-06,0.4837061127754498
2780,7.01302495541372e-06,0.4837067671479396
2781,6.986228359979516e-06,0.48370765515682324
2782,6.959762633938097e-06,0.48370648995010473
2783,6.938140939456756e-06,0.4837062717570772
2784,6.910457829363717e-06,0.4837062689554628
2785,6.888416437319029e-06,0.48370663150547605
2786,6.866052034462552e-06,0.48370614107778503
2787,6.8383516529076254e-06,0.48370443455975504
2788,6.814988971323454e-06,0.4837048323377703
2789,6.789959904964025e-06,0.4837052385057342
2790,6.766911561590519e-06,0.48370589287102667
2791,6.7429763139075175e-06,0.48370570052814477
2792,6.719576316396657e-06,0.48370532293844404
2793,6.694010492264416e-06,0.48370597489203904
2794,6.669381502696834e-06,0.4837065499924036
2795,6.645817748395568e-06,0.4837058447648484
2796,6.621315752347326e-06,0.4837067785554819
2797,6.5958752556237055e-06,0.48370767812484655
2798,6.572207080835621e-06,0.4837074865386029
2799,6.550466974512521e-06,0.48370760732321344
2800,6.524416803126452e-06,0.4837077297420707
2801,6.496572047485877e-06,0.48370739454884026
2802,6.4730355900363126e-06,0.483709326566238
2803,6.45076925271559e-06,0.4837085784862577
2804,6.428855382599245e-06,0.4837086262390239
2805,6.4041504020719155e-06,0.48370798182496494
2806,6.383032718019899e-06,0.4837081844330212
2807,6.360929948971284e-06,0.48370868921856525
2808,6.337421612057549e-06,0.48370941419337754
2809,6.314102383989176e-06,0.48370866844884014
2810,6.291104485922181e-06,0.4837074640886224
2811,6.265704445469737e-06,0.48370818685038836
2812,6.243313951994422e-06,0.48370847783504906
2813,6.221198020087978e-06,0.48370793779671223
2814,6.198712157227999e-06,0.4837083087535485
2815,6.174289784036457e-06,0.4837073898821571
2816,6.153853653043636e-06,0.48370898020176434
2817,6.132887591529695e-06,0.48370960475310343
2818,6.11066594588972e-06,0.48371112329825905
2819,6.086641163123971e-06,0.4837109050924545
2820,6.066466887582063e-06,0.4837110483657431
2821,6.046745642439572e-06,0.4837129169005484
2822,6.023109794293817e-06,0.48371209283582606
2823,6.0031537750189135e-06,0.4837119715513164
2824,5.9806564528996e-06,0.4837118687862581
2825,5.959355768463697e-06,0.4837116826405859
2826,5.939322071960317e-06,0.4837133797765959
2827,5.917510723849965e-06,0.4837127425421334
2828,5.893089683811719e-06,0.4837118260084085
2829,5.873180180873093e-06,0.4837123865842576
2830,5.849415287124257e-06,0.4837145253073855
2831,5.827204625933369e-06,0.4837141447487346
2832,5.808922074165556e-06,0.4837146974179424
2833,5.789921474049402e-06,0.48371412018872373
2834,5.768438748038159e-06,0.483713148917181
2835,5.747069483135816e-06,0.483713017934589
2836,5.728508310552862e-06,0.4837121376651498
2837,5.704485054542158e-06,0.4837115183225817
2838,5.683184905447295e-06,0.48371136310296364
2839,5.6614855597669745e-06,0.4837106742762376
2840,5.639945088100219e-06,0.4837106195144378
2841,5.621353212403872e-06,0.4837104272530347
2842,5.6000826552012045e-06,0.483711456607903
2843,5.578306128094189e-06,0.48371416068621725
2844,5.558913439872096e-06,0.4837137025812287
2845,5.538688100471963e-06,0.4837138532357818
2846,5.518098225060343e-06,0.4837136620512949
2847,5.496413248020119e-06,0.4837143675125618
2848,5.477380661623311e-06,0.48371524161171714
2849,5.4592169413144675e-06,0.48371502088179286
2850,5.439490103686257e-06,0.48371662553233236
2851,5.42500262106054e-06,0.483714916850732
2852,5.405317789045974e-06,0.4837155586146721
2853,5.388163567689318e-06,0.48371497501385
2854,5.367621212103171e-06,0.4837156356264608
2855,5.34669695629134e-06,0.4837160960010165
2856,5.326984904049093e-06,0.483716311788688
2857,5.305206336499324e-06,0.4837160224290014
