# gbm_node+energy seed 0
# boosted trees on node+energy
# inputs 11950, 2,757 trees
# LightGBM gradient-boosted trees, objective l2, lr 0.05, num_leaves 31, min_data_in_leaf 20, feature_fraction 0.3, bagging 0.8, lambda_l2 1.0, up to 3000 rounds, early stopping 100 on validation l2
# loss = l2 on standardised log10 half-life
#
 round        train          val  note
     1     0.968754     0.977840  
     2     0.937642     0.949333  
     3     0.907541     0.921574  
     4     0.881555     0.898573  
     5     0.856810     0.876199  
     6     0.835443     0.858335  
     7     0.814762     0.839585  
     8     0.794506     0.821862  
     9     0.776776     0.808075  
    10     0.759696     0.793235  
    11     0.742782     0.779408  
    12     0.727669     0.767548  
    13     0.713385     0.756250  
    14     0.699483     0.745309  
    15     0.685977     0.734558  
    16     0.673663     0.725149  
    17     0.662398     0.717031  
    18     0.650831     0.707093  
    19     0.641177     0.700239  
    20     0.630324     0.692549  
    21     0.620914     0.685932  
    22     0.611443     0.678215  
    23     0.602805     0.671711  
    24     0.595050     0.665982  
    25     0.587663     0.660919  
    26     0.579982     0.655682  
    27     0.572968     0.651890  
    28     0.566719     0.647478  
    29     0.560657     0.643636  
    30     0.554499     0.640433  
    31     0.547634     0.634543  
    32     0.541583     0.631123  
    33     0.535866     0.628852  
    34     0.530020     0.624860  
    35     0.524804     0.621325  
    36     0.519811     0.618305  
    37     0.514875     0.615388  
    38     0.510099     0.612884  
    39     0.505859     0.611835  
    40     0.500819     0.609290  
    41     0.496058     0.606503  
    42     0.491815     0.604917  
    43     0.487509     0.602782  
    44     0.483161     0.599823  
    45     0.478878     0.597460  
    46     0.475286     0.595910  
    47     0.471202     0.594435  
    48     0.467441     0.592912  
    49     0.463191     0.590536  
    50     0.459835     0.589236  
    51     0.455860     0.586565  
    52     0.452389     0.585728  
    53     0.448420     0.583824  
    54     0.444722     0.581815  
    55     0.441489     0.580853  
    56     0.438253     0.579628  
    57     0.434537     0.577197  
    58     0.431110     0.575107  
    59     0.427562     0.573743  
    60     0.424322     0.572885  
    61     0.421303     0.572131  
    62     0.417966     0.570861  
    63     0.414808     0.569788  
    64     0.411759     0.568451  
    65     0.409039     0.567823  
    66     0.406275     0.567171  
    67     0.403155     0.566774  
    68     0.400313     0.566422  
    69     0.397581     0.565464  
    70     0.394705     0.564074  
    71     0.391868     0.562718  
    72     0.389246     0.562113  
    73     0.386501     0.561628  
    74     0.383871     0.560333  
    75     0.381364     0.560040  
    76     0.378798     0.558942  
    77     0.376200     0.558438  
    78     0.373694     0.557526  
    79     0.371173     0.557261  
    80     0.368753     0.556684  
    81     0.366305     0.555743  
    82     0.363826     0.554663  
    83     0.361314     0.553529  
    84     0.358813     0.553083  
    85     0.356181     0.551964  
    86     0.353981     0.551761  
    87     0.351664     0.550972  
    88     0.349124     0.549728  
    89     0.346861     0.548665  
    90     0.344538     0.547787  
    91     0.342293     0.547120  
    92     0.340087     0.546405  
    93     0.337867     0.545914  
    94     0.335665     0.545484  
    95     0.333513     0.544920  
    96     0.331522     0.543915  
    97     0.329322     0.543770  
    98     0.327314     0.542899  
    99     0.325023     0.542018  
   100     0.322915     0.541574  
   101     0.320849     0.541013  
   102     0.318711     0.540228  
   103     0.316660     0.539604  
   104     0.314477     0.538306  
   105     0.312266     0.537738  
   106     0.310290     0.537181  
   107     0.308286     0.536103  
   108     0.306511     0.535942  
   109     0.304584     0.535410  
   110     0.302617     0.535369  
   111     0.300572     0.534919  
   112     0.298711     0.534131  
   113     0.296896     0.533853  
   114     0.295017     0.533327  
   115     0.293027     0.532188  
   116     0.291318     0.531808  
   117     0.289487     0.531937  
   118     0.287726     0.531630  
   119     0.286082     0.531963  
   120     0.284306     0.531663  
   121     0.282507     0.531545  
   122     0.280876     0.531496  
   123     0.279238     0.531182  
   124     0.277578     0.530799  
   125     0.275951     0.530451  
   126     0.274273     0.529916  
   127     0.272679     0.529731  
   128     0.271129     0.529087  
   129     0.269511     0.528880  
   130     0.267911     0.528575  
   131     0.266345     0.528296  
   132     0.264819     0.527794  
   133     0.263307     0.528057  
   134     0.261767     0.527901  
   135     0.260239     0.528147  
   136     0.258609     0.528062  
   137     0.257189     0.527941  
   138     0.255887     0.527940  
   139     0.254547     0.527452  
   140     0.253128     0.526912  
   141     0.251612     0.526477  
   142     0.250256     0.526540  
   143     0.248850     0.526233  
   144     0.247427     0.525294  
   145     0.245899     0.525499  
   146     0.244493     0.525361  
   147     0.243145     0.525567  
   148     0.241772     0.525292  
   149     0.240368     0.524337  
   150     0.239051     0.524125  
   151     0.237708     0.524052  
   152     0.236421     0.523566  
   153     0.235153     0.523508  
   154     0.233808     0.523031  
   155     0.232462     0.522837  
   156     0.231179     0.522402  
   157     0.229793     0.522172  
   158     0.228489     0.522260  
   159     0.227341     0.521979  
   160     0.226130     0.522032  
   161     0.224885     0.521689  
   162     0.223612     0.521528  
   163     0.222426     0.521827  
   164     0.221257     0.521655  
   165     0.220056     0.521540  
   166     0.218854     0.521181  
   167     0.217454     0.520595  
   168     0.216176     0.520137  
   169     0.214859     0.519465  
   170     0.213702     0.518916  
   171     0.212410     0.518762  
   172     0.211255     0.518804  
   173     0.210147     0.518590  
   174     0.209033     0.518335  
   175     0.207832     0.518026  
   176     0.206643     0.517918  
   177     0.205566     0.517718  
   178     0.204471     0.517572  
   179     0.203367     0.517492  
   180     0.202302     0.517282  
   181     0.201208     0.517227  
   182     0.200189     0.517231  
   183     0.199100     0.517221  
   184     0.198138     0.516699  
   185     0.197036     0.516447  
   186     0.195939     0.516319  
   187     0.194765     0.515574  
   188     0.193576     0.515385  
   189     0.192521     0.515262  
   190     0.191510     0.515109  
   191     0.190466     0.514918  
   192     0.189419     0.514682  
   193     0.188456     0.514340  
   194     0.187524     0.514237  
   195     0.186580     0.514227  
   196     0.185608     0.513952  
   197     0.184707     0.513794  
   198     0.183774     0.513449  
   199     0.182806     0.513201  
   200     0.181907     0.512940  
   201     0.180980     0.512665  
   202     0.180011     0.512589  
   203     0.179038     0.512061  
   204     0.178068     0.511830  
   205     0.177177     0.511575  
   206     0.176306     0.511026  
   207     0.175351     0.511021  
   208     0.174480     0.510855  
   209     0.173542     0.510958  
   210     0.172568     0.510777  
   211     0.171641     0.510581  
   212     0.170752     0.510538  
   213     0.169773     0.510255  
   214     0.168910     0.509815  
   215     0.167994     0.509694  
   216     0.167144     0.509589  
   217     0.166303     0.508992  
   218     0.165466     0.508707  
   219     0.164660     0.508525  
   220     0.163789     0.508315  
   221     0.162915     0.508203  
   222     0.162117     0.507938  
   223     0.161280     0.507722  
   224     0.160467     0.507871  
   225     0.159678     0.507673  
   226     0.158937     0.507382  
   227     0.158195     0.507032  
   228     0.157372     0.506666  
   229     0.156598     0.506177  
   230     0.155791     0.505652  
   231     0.154945     0.505412  
   232     0.154196     0.505090  
   233     0.153431     0.504813  
   234     0.152694     0.504736  
   235     0.151886     0.504681  
   236     0.151114     0.504595  
   237     0.150380     0.504273  
   238     0.149620     0.504077  
   239     0.148811     0.503738  
   240     0.148018     0.503532  
   241     0.147285     0.503477  
   242     0.146557     0.503203  
   243     0.145830     0.503111  
   244     0.145071     0.503253  
   245     0.144366     0.503267  
   246     0.143575     0.503176  
   247     0.142883     0.502931  
   248     0.142169     0.502775  
   249     0.141405     0.502765  
   250     0.140661     0.502605  
   251     0.139979     0.502572  
   252     0.139347     0.502560  
   253     0.138698     0.502285  
   254     0.138034     0.502256  
   255     0.137358     0.501758  
   256     0.136672     0.501821  
   257     0.136020     0.501683  
   258     0.135298     0.501604  
   259     0.134645     0.501635  
   260     0.133960     0.501576  
   261     0.133229     0.501504  
   262     0.132563     0.501408  
   263     0.131921     0.501368  
   264     0.131205     0.501252  
   265     0.130518     0.500992  
   266     0.129887     0.501086  
   267     0.129173     0.500692  
   268     0.128504     0.500771  
   269     0.127887     0.500808  
   270     0.127265     0.500609  
   271     0.126702     0.500719  
   272     0.126130     0.500488  
   273     0.125508     0.500349  
   274     0.124854     0.500179  
   275     0.124225     0.500091  
   276     0.123646     0.500135  
   277     0.123114     0.500036  
   278     0.122499     0.500042  
   279     0.121881     0.499938  
   280     0.121350     0.499942  
   281     0.120763     0.499789  
   282     0.120119     0.499679  
   283     0.119560     0.499964  
   284     0.119036     0.499854  
   285     0.118425     0.499578  
   286     0.117842     0.499634  
   287     0.117309     0.499636  
   288     0.116675     0.499280  
   289     0.116084     0.499292  
   290     0.115504     0.499299  
   291     0.114917     0.499040  
   292     0.114377     0.498996  
   293     0.113797     0.498736  
   294     0.113243     0.498641  
   295     0.112705     0.498354  
   296     0.112131     0.498631  
   297     0.111631     0.498630  
   298     0.111112     0.498635  
   299     0.110581     0.498390  
   300     0.110064     0.498212  
   301     0.109569     0.498069  
   302     0.109036     0.497726  
   303     0.108519     0.497786  
   304     0.108007     0.497496  
   305     0.107450     0.497313  
   306     0.106958     0.497261  
   307     0.106448     0.497154  
   308     0.105948     0.496805  
   309     0.105441     0.496544  
   310     0.104925     0.496357  
   311     0.104416     0.496567  
   312     0.103885     0.496571  
   313     0.103383     0.496652  
   314     0.102881     0.496785  
   315     0.102374     0.496758  
   316     0.101852     0.496775  
   317     0.101367     0.496696  
   318     0.100897     0.496802  
   319     0.100428     0.496543  
   320     0.099953     0.496493  
   321     0.099483     0.496289  
   322     0.099060     0.496369  
   323     0.098559     0.496466  
   324     0.098094     0.496241  
   325     0.097655     0.496249  
   326     0.097179     0.496238  
   327     0.096739     0.496216  
   328     0.096278     0.496313  
   329     0.095819     0.496346  
   330     0.095430     0.496411  
   331     0.094959     0.496453  
   332     0.094495     0.496537  
   333     0.094032     0.496706  
   334     0.093554     0.496839  
   335     0.093079     0.496723  
   336     0.092658     0.496658  
   337     0.092187     0.496581  
   338     0.091782     0.496817  
   339     0.091361     0.496830  
   340     0.090951     0.496814  
   341     0.090540     0.496694  
   342     0.090111     0.496671  
   343     0.089668     0.496693  
   344     0.089279     0.496699  
   345     0.088872     0.496859  
   346     0.088484     0.496911  
   347     0.088088     0.496759  
   348     0.087704     0.496827  
   349     0.087298     0.496699  
   350     0.086834     0.496660  
   351     0.086465     0.496656  
   352     0.086077     0.496821  
   353     0.085721     0.496692  
   354     0.085349     0.496528  
   355     0.084975     0.496358  
   356     0.084560     0.496448  
   357     0.084160     0.496223  
   358     0.083753     0.496253  
   359     0.083411     0.496255  
   360     0.083002     0.496373  
   361     0.082632     0.496368  
   362     0.082280     0.496200  
   363     0.081965     0.496169  
   364     0.081611     0.496050  
   365     0.081285     0.495963  
   366     0.080936     0.495953  
   367     0.080559     0.495993  
   368     0.080182     0.496101  
   369     0.079846     0.495893  
   370     0.079516     0.495949  
   371     0.079193     0.496008  
   372     0.078814     0.496022  
   373     0.078437     0.495923  
   374     0.078070     0.496023  
   375     0.077688     0.496062  
   376     0.077345     0.495819  
   377     0.076961     0.495842  
   378     0.076608     0.495839  
   379     0.076268     0.495852  
   380     0.075871     0.495810  
   381     0.075515     0.495716  
   382     0.075130     0.495714  
   383     0.074765     0.495507  
   384     0.074417     0.495503  
   385     0.074109     0.495441  
   386     0.073790     0.495429  
   387     0.073464     0.495185  
   388     0.073162     0.495184  
   389     0.072850     0.495115  
   390     0.072524     0.495106  
   391     0.072155     0.494834  
   392     0.071837     0.494777  
   393     0.071493     0.494737  
   394     0.071158     0.494890  
   395     0.070829     0.494794  
   396     0.070509     0.494745  
   397     0.070159     0.494656  
   398     0.069855     0.494825  
   399     0.069548     0.494728  
   400     0.069235     0.494607  
   401     0.068892     0.494542  
   402     0.068584     0.494777  
   403     0.068296     0.494581  
   404     0.067982     0.494612  
   405     0.067699     0.494539  
   406     0.067365     0.494451  
   407     0.067070     0.494522  
   408     0.066784     0.494483  
   409     0.066496     0.494618  
   410     0.066158     0.494604  
   411     0.065868     0.494582  
   412     0.065570     0.494367  
   413     0.065274     0.494329  
   414     0.064974     0.494206  
   415     0.064688     0.494266  
   416     0.064407     0.494274  
   417     0.064134     0.494219  
   418     0.063822     0.494289  
   419     0.063519     0.494254  
   420     0.063226     0.494155  
   421     0.062958     0.493900  
   422     0.062685     0.494094  
   423     0.062413     0.494116  
   424     0.062102     0.493996  
   425     0.061849     0.493865  
   426     0.061583     0.493671  
   427     0.061322     0.493588  
   428     0.061053     0.493570  
   429     0.060779     0.493501  
   430     0.060509     0.493533  
   431     0.060219     0.493281  
   432     0.059910     0.493267  
   433     0.059646     0.493361  
   434     0.059352     0.493195  
   435     0.059082     0.493119  
   436     0.058809     0.493074  
   437     0.058548     0.493059  
   438     0.058263     0.492953  
   439     0.057992     0.493013  
   440     0.057727     0.492899  
   441     0.057469     0.492925  
   442     0.057200     0.492824  
   443     0.056954     0.492690  
   444     0.056671     0.492573  
   445     0.056440     0.492454  
   446     0.056181     0.492270  
   447     0.055927     0.492328  
   448     0.055655     0.492305  
   449     0.055391     0.492232  
   450     0.055124     0.492321  
   451     0.054866     0.492367  
   452     0.054637     0.492233  
   453     0.054409     0.492234  
   454     0.054152     0.492211  
   455     0.053909     0.492400  
   456     0.053677     0.492401  
   457     0.053437     0.492393  
   458     0.053231     0.492451  
   459     0.053028     0.492431  
   460     0.052816     0.492290  
   461     0.052563     0.492179  
   462     0.052330     0.492216  
   463     0.052125     0.492231  
   464     0.051880     0.491976  
   465     0.051663     0.491941  
   466     0.051417     0.491787  
   467     0.051197     0.491939  
   468     0.050948     0.492010  
   469     0.050712     0.491966  
   470     0.050471     0.491929  
   471     0.050266     0.491872  
   472     0.050068     0.491972  
   473     0.049859     0.491853  
   474     0.049648     0.491805  
   475     0.049422     0.491860  
   476     0.049194     0.491734  
   477     0.048997     0.491761  
   478     0.048788     0.491700  
   479     0.048576     0.491712  
   480     0.048379     0.491723  
   481     0.048165     0.491814  
   482     0.047959     0.491753  
   483     0.047749     0.491732  
   484     0.047548     0.491630  
   485     0.047334     0.491576  
   486     0.047127     0.491552  
   487     0.046912     0.491522  
   488     0.046711     0.491664  
   489     0.046516     0.491657  
   490     0.046298     0.491623  
   491     0.046062     0.491516  
   492     0.045868     0.491485  
   493     0.045669     0.491297  
   494     0.045482     0.491221  
   495     0.045283     0.491265  
   496     0.045093     0.491342  
   497     0.044913     0.491406  
   498     0.044720     0.491379  
   499     0.044536     0.491270  
   500     0.044348     0.491250  
   501     0.044144     0.491234  
   502     0.043953     0.491203  
   503     0.043768     0.491045  
   504     0.043565     0.491063  
   505     0.043386     0.491053  
   506     0.043200     0.491083  
   507     0.043042     0.491059  
   508     0.042869     0.491090  
   509     0.042694     0.491068  
   510     0.042502     0.491066  
   511     0.042302     0.491122  
   512     0.042118     0.491039  
   513     0.041946     0.491004  
   514     0.041770     0.490963  
   515     0.041591     0.490818  
   516     0.041418     0.490866  
   517     0.041252     0.490845  
   518     0.041063     0.490800  
   519     0.040893     0.490635  
   520     0.040720     0.490674  
   521     0.040535     0.490796  
   522     0.040355     0.490748  
   523     0.040178     0.490580  
   524     0.039985     0.490591  
   525     0.039800     0.490595  
   526     0.039635     0.490665  
   527     0.039468     0.490729  
   528     0.039302     0.490590  
   529     0.039129     0.490563  
   530     0.038961     0.490747  
   531     0.038798     0.490767  
   532     0.038639     0.490801  
   533     0.038484     0.490794  
   534     0.038329     0.490704  
   535     0.038155     0.490888  
   536     0.037966     0.490758  
   537     0.037797     0.490665  
   538     0.037644     0.490653  
   539     0.037479     0.490549  
   540     0.037300     0.490600  
   541     0.037118     0.490580  
   542     0.036949     0.490554  
   543     0.036790     0.490575  
   544     0.036631     0.490580  
   545     0.036476     0.490574  
   546     0.036311     0.490656  
   547     0.036168     0.490666  
   548     0.036011     0.490605  
   549     0.035866     0.490521  
   550     0.035721     0.490428  
   551     0.035575     0.490460  
   552     0.035434     0.490506  
   553     0.035289     0.490534  
   554     0.035141     0.490625  
   555     0.035001     0.490734  
   556     0.034857     0.490748  
   557     0.034702     0.490647  
   558     0.034556     0.490668  
   559     0.034399     0.490628  
   560     0.034243     0.490630  
   561     0.034102     0.490571  
   562     0.033961     0.490477  
   563     0.033823     0.490426  
   564     0.033673     0.490577  
   565     0.033519     0.490590  
   566     0.033378     0.490524  
   567     0.033240     0.490582  
   568     0.033094     0.490688  
   569     0.032956     0.490746  
   570     0.032806     0.490787  
   571     0.032640     0.490669  
   572     0.032508     0.490635  
   573     0.032378     0.490531  
   574     0.032236     0.490488  
   575     0.032109     0.490512  
   576     0.031963     0.490490  
   577     0.031835     0.490466  
   578     0.031700     0.490399  
   579     0.031555     0.490424  
   580     0.031420     0.490462  
   581     0.031286     0.490457  
   582     0.031151     0.490433  
   583     0.031027     0.490476  
   584     0.030897     0.490490  
   585     0.030758     0.490478  
   586     0.030640     0.490570  
   587     0.030514     0.490639  
   588     0.030393     0.490560  
   589     0.030267     0.490643  
   590     0.030133     0.490685  
   591     0.030005     0.490735  
   592     0.029890     0.490750  
   593     0.029765     0.490748  
   594     0.029630     0.490604  
   595     0.029508     0.490607  
   596     0.029388     0.490669  
   597     0.029252     0.490772  
   598     0.029131     0.490668  
   599     0.029005     0.490647  
   600     0.028869     0.490589  
   601     0.028737     0.490461  
   602     0.028609     0.490424  
   603     0.028486     0.490361  
   604     0.028368     0.490320  
   605     0.028248     0.490273  
   606     0.028125     0.490231  
   607     0.028022     0.490195  
   608     0.027908     0.490344  
   609     0.027783     0.490332  
   610     0.027663     0.490348  
   611     0.027538     0.490336  
   612     0.027427     0.490343  
   613     0.027303     0.490146  
   614     0.027197     0.490134  
   615     0.027090     0.490148  
   616     0.026967     0.490099  
   617     0.026853     0.490114  
   618     0.026748     0.490138  
   619     0.026629     0.490070  
   620     0.026506     0.490102  
   621     0.026410     0.490031  
   622     0.026296     0.490120  
   623     0.026183     0.490134  
   624     0.026084     0.490152  
   625     0.025974     0.490261  
   626     0.025866     0.490247  
   627     0.025773     0.490239  
   628     0.025659     0.490179  
   629     0.025543     0.490186  
   630     0.025445     0.490115  
   631     0.025335     0.490095  
   632     0.025234     0.490037  
   633     0.025125     0.490034  
   634     0.025024     0.490005  
   635     0.024924     0.489947  
   636     0.024825     0.490003  
   637     0.024723     0.489979  
   638     0.024620     0.489913  
   639     0.024511     0.489770  
   640     0.024410     0.489810  
   641     0.024307     0.489793  
   642     0.024208     0.489864  
   643     0.024103     0.489887  
   644     0.024007     0.489901  
   645     0.023904     0.489890  
   646     0.023809     0.489923  
   647     0.023714     0.489899  
   648     0.023624     0.490031  
   649     0.023522     0.489975  
   650     0.023423     0.489910  
   651     0.023325     0.489962  
   652     0.023227     0.489954  
   653     0.023131     0.489949  
   654     0.023025     0.489875  
   655     0.022930     0.489788  
   656     0.022835     0.489745  
   657     0.022746     0.489735  
   658     0.022654     0.489741  
   659     0.022556     0.489756  
   660     0.022458     0.489656  
   661     0.022345     0.489596  
   662     0.022255     0.489530  
   663     0.022165     0.489538  
   664     0.022070     0.489567  
   665     0.021968     0.489505  
   666     0.021872     0.489489  
   667     0.021780     0.489445  
   668     0.021690     0.489339  
   669     0.021605     0.489229  
   670     0.021522     0.489240  
   671     0.021426     0.489258  
   672     0.021334     0.489285  
   673     0.021245     0.489275  
   674     0.021152     0.489260  
   675     0.021064     0.489209  
   676     0.020970     0.489124  
   677     0.020880     0.489073  
   678     0.020793     0.488959  
   679     0.020708     0.488965  
   680     0.020610     0.489021  
   681     0.020524     0.488971  
   682     0.020445     0.489058  
   683     0.020360     0.489018  
   684     0.020271     0.489017  
   685     0.020205     0.489002  
   686     0.020127     0.489057  
   687     0.020052     0.489059  
   688     0.019966     0.488974  
   689     0.019886     0.488898  
   690     0.019813     0.488863  
   691     0.019734     0.488781  
   692     0.019646     0.488837  
   693     0.019558     0.488756  
   694     0.019479     0.488798  
   695     0.019400     0.488822  
   696     0.019324     0.488855  
   697     0.019239     0.488776  
   698     0.019153     0.488822  
   699     0.019081     0.488812  
   700     0.018999     0.488821  
   701     0.018925     0.488789  
   702     0.018846     0.488711  
   703     0.018769     0.488717  
   704     0.018687     0.488724  
   705     0.018610     0.488689  
   706     0.018528     0.488711  
   707     0.018451     0.488794  
   708     0.018379     0.488790  
   709     0.018301     0.488736  
   710     0.018221     0.488799  
   711     0.018146     0.488722  
   712     0.018078     0.488658  
   713     0.018009     0.488557  
   714     0.017938     0.488582  
   715     0.017866     0.488513  
   716     0.017790     0.488520  
   717     0.017724     0.488506  
   718     0.017657     0.488542  
   719     0.017586     0.488589  
   720     0.017508     0.488558  
   721     0.017433     0.488427  
   722     0.017360     0.488417  
   723     0.017291     0.488453  
   724     0.017213     0.488485  
   725     0.017142     0.488481  
   726     0.017063     0.488386  
   727     0.016992     0.488306  
   728     0.016919     0.488305  
   729     0.016846     0.488261  
   730     0.016784     0.488231  
   731     0.016712     0.488257  
   732     0.016649     0.488222  
   733     0.016573     0.488170  
   734     0.016504     0.488174  
   735     0.016446     0.488167  
   736     0.016377     0.488250  
   737     0.016307     0.488239  
   738     0.016241     0.488280  
   739     0.016167     0.488290  
   740     0.016107     0.488332  
   741     0.016034     0.488260  
   742     0.015971     0.488295  
   743     0.015914     0.488333  
   744     0.015858     0.488343  
   745     0.015785     0.488382  
   746     0.015717     0.488350  
   747     0.015651     0.488286  
   748     0.015587     0.488342  
   749     0.015525     0.488337  
   750     0.015459     0.488318  
   751     0.015391     0.488311  
   752     0.015326     0.488339  
   753     0.015268     0.488339  
   754     0.015211     0.488335  
   755     0.015148     0.488414  
   756     0.015087     0.488369  
   757     0.015027     0.488415  
   758     0.014962     0.488425  
   759     0.014902     0.488402  
   760     0.014845     0.488375  
   761     0.014783     0.488345  
   762     0.014723     0.488344  
   763     0.014669     0.488309  
   764     0.014609     0.488311  
   765     0.014551     0.488239  
   766     0.014484     0.488259  
   767     0.014427     0.488229  
   768     0.014364     0.488192  
   769     0.014308     0.488210  
   770     0.014247     0.488150  
   771     0.014188     0.488176  
   772     0.014134     0.488071  
   773     0.014079     0.488030  
   774     0.014020     0.487989  
   775     0.013964     0.487915  
   776     0.013909     0.487901  
   777     0.013850     0.487863  
   778     0.013787     0.487765  
   779     0.013728     0.487784  
   780     0.013677     0.487881  
   781     0.013629     0.487869  
   782     0.013563     0.487873  
   783     0.013510     0.487820  
   784     0.013457     0.487818  
   785     0.013397     0.487857  
   786     0.013344     0.487841  
   787     0.013287     0.487871  
   788     0.013237     0.487811  
   789     0.013174     0.487718  
   790     0.013123     0.487663  
   791     0.013066     0.487675  
   792     0.013011     0.487676  
   793     0.012955     0.487666  
   794     0.012907     0.487685  
   795     0.012854     0.487606  
   796     0.012802     0.487672  
   797     0.012750     0.487677  
   798     0.012694     0.487662  
   799     0.012643     0.487635  
   800     0.012591     0.487605  
   801     0.012538     0.487578  
   802     0.012484     0.487551  
   803     0.012427     0.487536  
   804     0.012383     0.487545  
   805     0.012332     0.487480  
   806     0.012283     0.487493  
   807     0.012235     0.487444  
   808     0.012183     0.487556  
   809     0.012138     0.487496  
   810     0.012091     0.487490  
   811     0.012044     0.487495  
   812     0.011999     0.487455  
   813     0.011949     0.487517  
   814     0.011899     0.487562  
   815     0.011841     0.487574  
   816     0.011795     0.487585  
   817     0.011751     0.487541  
   818     0.011702     0.487477  
   819     0.011661     0.487492  
   820     0.011614     0.487430  
   821     0.011565     0.487308  
   822     0.011520     0.487296  
   823     0.011471     0.487320  
   824     0.011422     0.487335  
   825     0.011378     0.487263  
   826     0.011334     0.487277  
   827     0.011287     0.487247  
   828     0.011236     0.487227  
   829     0.011193     0.487223  
   830     0.011155     0.487234  
   831     0.011108     0.487254  
   832     0.011059     0.487278  
   833     0.011018     0.487236  
   834     0.010975     0.487229  
   835     0.010922     0.487268  
   836     0.010876     0.487227  
   837     0.010835     0.487203  
   838     0.010789     0.487278  
   839     0.010746     0.487234  
   840     0.010699     0.487269  
   841     0.010656     0.487272  
   842     0.010613     0.487215  
   843     0.010579     0.487147  
   844     0.010535     0.487122  
   845     0.010496     0.487154  
   846     0.010453     0.487131  
   847     0.010411     0.487118  
   848     0.010364     0.487030  
   849     0.010323     0.487076  
   850     0.010280     0.487018  
   851     0.010238     0.487011  
   852     0.010198     0.487007  
   853     0.010151     0.487048  
   854     0.010112     0.487037  
   855     0.010070     0.486973  
   856     0.010033     0.486967  
   857     0.009988     0.486962  
   858     0.009951     0.487017  
   859     0.009905     0.486970  
   860     0.009866     0.486987  
   861     0.009826     0.486991  
   862     0.009787     0.487003  
   863     0.009742     0.486958  
   864     0.009705     0.486977  
   865     0.009664     0.486910  
   866     0.009621     0.486896  
   867     0.009584     0.486866  
   868     0.009544     0.486933  
   869     0.009505     0.486908  
   870     0.009467     0.486822  
   871     0.009433     0.486784  
   872     0.009396     0.486739  
   873     0.009357     0.486773  
   874     0.009321     0.486771  
   875     0.009275     0.486703  
   876     0.009236     0.486743  
   877     0.009199     0.486808  
   878     0.009167     0.486813  
   879     0.009127     0.486790  
   880     0.009092     0.486794  
   881     0.009058     0.486758  
   882     0.009024     0.486761  
   883     0.008986     0.486775  
   884     0.008951     0.486798  
   885     0.008916     0.486829  
   886     0.008880     0.486843  
   887     0.008847     0.486908  
   888     0.008811     0.486932  
   889     0.008777     0.486935  
   890     0.008741     0.486927  
   891     0.008708     0.486928  
   892     0.008672     0.486915  
   893     0.008642     0.486933  
   894     0.008603     0.486900  
   895     0.008566     0.486890  
   896     0.008530     0.486886  
   897     0.008493     0.486846  
   898     0.008459     0.486801  
   899     0.008423     0.486788  
   900     0.008386     0.486767  
   901     0.008347     0.486710  
   902     0.008314     0.486716  
   903     0.008278     0.486790  
   904     0.008241     0.486758  
   905     0.008206     0.486736  
   906     0.008173     0.486728  
   907     0.008142     0.486747  
   908     0.008112     0.486727  
   909     0.008086     0.486660  
   910     0.008053     0.486651  
   911     0.008023     0.486689  
   912     0.007992     0.486680  
   913     0.007964     0.486701  
   914     0.007928     0.486675  
   915     0.007890     0.486633  
   916     0.007861     0.486663  
   917     0.007827     0.486652  
   918     0.007796     0.486639  
   919     0.007761     0.486656  
   920     0.007733     0.486684  
   921     0.007702     0.486674  
   922     0.007669     0.486687  
   923     0.007637     0.486694  
   924     0.007607     0.486660  
   925     0.007577     0.486608  
   926     0.007542     0.486645  
   927     0.007511     0.486621  
   928     0.007476     0.486621  
   929     0.007446     0.486581  
   930     0.007415     0.486570  
   931     0.007381     0.486580  
   932     0.007351     0.486576  
   933     0.007320     0.486563  
   934     0.007292     0.486483  
   935     0.007264     0.486456  
   936     0.007236     0.486439  
   937     0.007202     0.486487  
   938     0.007173     0.486479  
   939     0.007143     0.486428  
   940     0.007112     0.486410  
   941     0.007084     0.486458  
   942     0.007053     0.486430  
   943     0.007025     0.486446  
   944     0.006999     0.486458  
   945     0.006970     0.486454  
   946     0.006942     0.486471  
   947     0.006915     0.486455  
   948     0.006889     0.486461  
   949     0.006863     0.486460  
   950     0.006836     0.486455  
   951     0.006808     0.486469  
   952     0.006777     0.486492  
   953     0.006747     0.486501  
   954     0.006723     0.486508  
   955     0.006696     0.486560  
   956     0.006670     0.486573  
   957     0.006643     0.486576  
   958     0.006617     0.486570  
   959     0.006593     0.486601  
   960     0.006568     0.486599  
   961     0.006543     0.486573  
   962     0.006517     0.486533  
   963     0.006490     0.486542  
   964     0.006464     0.486568  
   965     0.006439     0.486532  
   966     0.006417     0.486516  
   967     0.006392     0.486461  
   968     0.006365     0.486462  
   969     0.006341     0.486459  
   970     0.006318     0.486458  
   971     0.006291     0.486500  
   972     0.006265     0.486475  
   973     0.006242     0.486509  
   974     0.006217     0.486510  
   975     0.006191     0.486506  
   976     0.006168     0.486496  
   977     0.006141     0.486542  
   978     0.006114     0.486509  
   979     0.006091     0.486501  
   980     0.006067     0.486466  
   981     0.006047     0.486478  
   982     0.006026     0.486480  
   983     0.006004     0.486441  
   984     0.005979     0.486405  
   985     0.005956     0.486393  
   986     0.005932     0.486400  
   987     0.005909     0.486415  
   988     0.005885     0.486389  
   989     0.005864     0.486398  
   990     0.005843     0.486400  
   991     0.005819     0.486421  
   992     0.005796     0.486403  
   993     0.005773     0.486387  
   994     0.005749     0.486327  
   995     0.005727     0.486281  
   996     0.005702     0.486305  
   997     0.005678     0.486302  
   998     0.005656     0.486319  
   999     0.005631     0.486311  
  1000     0.005610     0.486269  
  1001     0.005586     0.486260  
  1002     0.005567     0.486267  
  1003     0.005547     0.486232  
  1004     0.005524     0.486209  
  1005     0.005501     0.486241  
  1006     0.005479     0.486207  
  1007     0.005457     0.486225  
  1008     0.005432     0.486184  
  1009     0.005408     0.486187  
  1010     0.005384     0.486140  
  1011     0.005363     0.486182  
  1012     0.005342     0.486185  
  1013     0.005319     0.486192  
  1014     0.005300     0.486183  
  1015     0.005280     0.486197  
  1016     0.005258     0.486172  
  1017     0.005237     0.486199  
  1018     0.005217     0.486243  
  1019     0.005193     0.486280  
  1020     0.005174     0.486291  
  1021     0.005153     0.486232  
  1022     0.005136     0.486240  
  1023     0.005117     0.486248  
  1024     0.005097     0.486261  
  1025     0.005079     0.486278  
  1026     0.005057     0.486244  
  1027     0.005034     0.486180  
  1028     0.005016     0.486145  
  1029     0.004997     0.486134  
  1030     0.004976     0.486116  
  1031     0.004956     0.486151  
  1032     0.004937     0.486125  
  1033     0.004918     0.486127  
  1034     0.004899     0.486170  
  1035     0.004878     0.486138  
  1036     0.004857     0.486176  
  1037     0.004839     0.486111  
  1038     0.004821     0.486081  
  1039     0.004800     0.486110  
  1040     0.004779     0.486116  
  1041     0.004760     0.486093  
  1042     0.004742     0.486117  
  1043     0.004724     0.486129  
  1044     0.004703     0.486115  
  1045     0.004683     0.486143  
  1046     0.004661     0.486134  
  1047     0.004644     0.486147  
  1048     0.004624     0.486152  
  1049     0.004604     0.486171  
  1050     0.004586     0.486146  
  1051     0.004566     0.486139  
  1052     0.004550     0.486147  
  1053     0.004532     0.486097  
  1054     0.004515     0.486089  
  1055     0.004496     0.486074  
  1056     0.004477     0.486070  
  1057     0.004458     0.486020  
  1058     0.004440     0.485990  
  1059     0.004421     0.485972  
  1060     0.004405     0.485985  
  1061     0.004386     0.485947  
  1062     0.004368     0.485954  
  1063     0.004353     0.485975  
  1064     0.004337     0.485982  
  1065     0.004322     0.485986  
  1066     0.004304     0.485954  
  1067     0.004288     0.485949  
  1068     0.004270     0.485979  
  1069     0.004254     0.485962  
  1070     0.004239     0.485956  
  1071     0.004221     0.485974  
  1072     0.004206     0.485981  
  1073     0.004190     0.485972  
  1074     0.004173     0.485954  
  1075     0.004158     0.485951  
  1076     0.004140     0.485933  
  1077     0.004124     0.485916  
  1078     0.004107     0.485903  
  1079     0.004090     0.485907  
  1080     0.004076     0.485917  
  1081     0.004058     0.485902  
  1082     0.004043     0.485925  
  1083     0.004027     0.485946  
  1084     0.004010     0.485964  
  1085     0.003993     0.485902  
  1086     0.003975     0.485870  
  1087     0.003959     0.485858  
  1088     0.003944     0.485881  
  1089     0.003928     0.485858  
  1090     0.003913     0.485845  
  1091     0.003897     0.485789  
  1092     0.003880     0.485759  
  1093     0.003866     0.485733  
  1094     0.003850     0.485709  
  1095     0.003834     0.485703  
  1096     0.003820     0.485696  
  1097     0.003804     0.485693  
  1098     0.003791     0.485691  
  1099     0.003774     0.485698  
  1100     0.003760     0.485696  
  1101     0.003744     0.485699  
  1102     0.003727     0.485713  
  1103     0.003714     0.485729  
  1104     0.003698     0.485698  
  1105     0.003682     0.485683  
  1106     0.003666     0.485655  
  1107     0.003650     0.485658  
  1108     0.003636     0.485667  
  1109     0.003621     0.485645  
  1110     0.003608     0.485687  
  1111     0.003594     0.485659  
  1112     0.003580     0.485651  
  1113     0.003567     0.485656  
  1114     0.003552     0.485666  
  1115     0.003538     0.485658  
  1116     0.003525     0.485647  
  1117     0.003512     0.485664  
  1118     0.003500     0.485643  
  1119     0.003486     0.485638  
  1120     0.003471     0.485610  
  1121     0.003457     0.485597  
  1122     0.003443     0.485621  
  1123     0.003430     0.485599  
  1124     0.003419     0.485591  
  1125     0.003404     0.485614  
  1126     0.003391     0.485607  
  1127     0.003380     0.485589  
  1128     0.003367     0.485607  
  1129     0.003353     0.485586  
  1130     0.003340     0.485584  
  1131     0.003326     0.485549  
  1132     0.003313     0.485597  
  1133     0.003300     0.485591  
  1134     0.003288     0.485548  
  1135     0.003276     0.485550  
  1136     0.003264     0.485511  
  1137     0.003252     0.485523  
  1138     0.003239     0.485525  
  1139     0.003226     0.485501  
  1140     0.003214     0.485492  
  1141     0.003201     0.485468  
  1142     0.003187     0.485452  
  1143     0.003174     0.485450  
  1144     0.003162     0.485435  
  1145     0.003151     0.485394  
  1146     0.003139     0.485428  
  1147     0.003126     0.485427  
  1148     0.003114     0.485455  
  1149     0.003102     0.485427  
  1150     0.003091     0.485415  
  1151     0.003078     0.485412  
  1152     0.003066     0.485460  
  1153     0.003055     0.485460  
  1154     0.003042     0.485486  
  1155     0.003028     0.485459  
  1156     0.003015     0.485441  
  1157     0.003004     0.485448  
  1158     0.002993     0.485428  
  1159     0.002982     0.485423  
  1160     0.002969     0.485403  
  1161     0.002956     0.485369  
  1162     0.002944     0.485335  
  1163     0.002933     0.485363  
  1164     0.002921     0.485390  
  1165     0.002909     0.485398  
  1166     0.002897     0.485414  
  1167     0.002886     0.485425  
  1168     0.002875     0.485446  
  1169     0.002864     0.485442  
  1170     0.002854     0.485488  
  1171     0.002840     0.485499  
  1172     0.002831     0.485482  
  1173     0.002820     0.485471  
  1174     0.002810     0.485475  
  1175     0.002799     0.485450  
  1176     0.002787     0.485431  
  1177     0.002776     0.485422  
  1178     0.002765     0.485410  
  1179     0.002754     0.485381  
  1180     0.002743     0.485384  
  1181     0.002733     0.485388  
  1182     0.002722     0.485425  
  1183     0.002712     0.485434  
  1184     0.002701     0.485431  
  1185     0.002692     0.485427  
  1186     0.002682     0.485431  
  1187     0.002670     0.485418  
  1188     0.002659     0.485436  
  1189     0.002647     0.485454  
  1190     0.002638     0.485452  
  1191     0.002628     0.485437  
  1192     0.002618     0.485446  
  1193     0.002607     0.485417  
  1194     0.002595     0.485408  
  1195     0.002585     0.485392  
  1196     0.002576     0.485379  
  1197     0.002567     0.485351  
  1198     0.002558     0.485361  
  1199     0.002547     0.485380  
  1200     0.002535     0.485377  
  1201     0.002527     0.485386  
  1202     0.002516     0.485373  
  1203     0.002507     0.485388  
  1204     0.002497     0.485384  
  1205     0.002487     0.485400  
  1206     0.002477     0.485432  
  1207     0.002466     0.485461  
  1208     0.002457     0.485456  
  1209     0.002448     0.485464  
  1210     0.002439     0.485456  
  1211     0.002428     0.485469  
  1212     0.002420     0.485467  
  1213     0.002411     0.485463  
  1214     0.002402     0.485473  
  1215     0.002391     0.485471  
  1216     0.002382     0.485506  
  1217     0.002371     0.485523  
  1218     0.002362     0.485523  
  1219     0.002353     0.485551  
  1220     0.002343     0.485540  
  1221     0.002334     0.485531  
  1222     0.002326     0.485533  
  1223     0.002316     0.485509  
  1224     0.002307     0.485507  
  1225     0.002297     0.485508  
  1226     0.002287     0.485477  
  1227     0.002277     0.485480  
  1228     0.002268     0.485498  
  1229     0.002259     0.485507  
  1230     0.002251     0.485514  
  1231     0.002243     0.485494  
  1232     0.002234     0.485485  
  1233     0.002225     0.485484  
  1234     0.002217     0.485496  
  1235     0.002209     0.485497  
  1236     0.002199     0.485484  
  1237     0.002190     0.485484  
  1238     0.002182     0.485446  
  1239     0.002174     0.485427  
  1240     0.002165     0.485401  
  1241     0.002157     0.485432  
  1242     0.002148     0.485454  
  1243     0.002139     0.485448  
  1244     0.002131     0.485456  
  1245     0.002123     0.485456  
  1246     0.002114     0.485452  
  1247     0.002107     0.485419  
  1248     0.002099     0.485387  
  1249     0.002090     0.485342  
  1250     0.002082     0.485335  
  1251     0.002074     0.485331  
  1252     0.002065     0.485357  
  1253     0.002058     0.485341  
  1254     0.002050     0.485333  
  1255     0.002041     0.485316  
  1256     0.002033     0.485298  
  1257     0.002025     0.485287  
  1258     0.002017     0.485300  
  1259     0.002009     0.485292  
  1260     0.002001     0.485301  
  1261     0.001993     0.485287  
  1262     0.001986     0.485264  
  1263     0.001979     0.485276  
  1264     0.001972     0.485289  
  1265     0.001965     0.485275  
  1266     0.001957     0.485260  
  1267     0.001951     0.485276  
  1268     0.001943     0.485277  
  1269     0.001936     0.485261  
  1270     0.001928     0.485257  
  1271     0.001921     0.485268  
  1272     0.001913     0.485256  
  1273     0.001907     0.485250  
  1274     0.001899     0.485256  
  1275     0.001892     0.485248  
  1276     0.001884     0.485233  
  1277     0.001877     0.485234  
  1278     0.001870     0.485245  
  1279     0.001861     0.485220  
  1280     0.001853     0.485206  
  1281     0.001845     0.485194  
  1282     0.001838     0.485218  
  1283     0.001831     0.485215  
  1284     0.001824     0.485224  
  1285     0.001816     0.485214  
  1286     0.001808     0.485246  
  1287     0.001801     0.485213  
  1288     0.001794     0.485237  
  1289     0.001786     0.485213  
  1290     0.001779     0.485209  
  1291     0.001771     0.485234  
  1292     0.001765     0.485216  
  1293     0.001758     0.485197  
  1294     0.001751     0.485194  
  1295     0.001743     0.485209  
  1296     0.001738     0.485196  
  1297     0.001731     0.485199  
  1298     0.001724     0.485226  
  1299     0.001716     0.485222  
  1300     0.001709     0.485239  
  1301     0.001702     0.485239  
  1302     0.001696     0.485262  
  1303     0.001690     0.485258  
  1304     0.001683     0.485237  
  1305     0.001676     0.485214  
  1306     0.001670     0.485205  
  1307     0.001663     0.485186  
  1308     0.001657     0.485178  
  1309     0.001649     0.485145  
  1310     0.001643     0.485158  
  1311     0.001636     0.485155  
  1312     0.001629     0.485142  
  1313     0.001623     0.485136  
  1314     0.001616     0.485134  
  1315     0.001610     0.485137  
  1316     0.001604     0.485128  
  1317     0.001599     0.485137  
  1318     0.001592     0.485140  
  1319     0.001586     0.485146  
  1320     0.001580     0.485130  
  1321     0.001573     0.485136  
  1322     0.001567     0.485133  
  1323     0.001560     0.485116  
  1324     0.001555     0.485117  
  1325     0.001549     0.485102  
  1326     0.001544     0.485108  
  1327     0.001539     0.485102  
  1328     0.001534     0.485106  
  1329     0.001528     0.485110  
  1330     0.001522     0.485108  
  1331     0.001517     0.485116  
  1332     0.001510     0.485103  
  1333     0.001504     0.485090  
  1334     0.001499     0.485099  
  1335     0.001494     0.485077  
  1336     0.001489     0.485079  
  1337     0.001483     0.485070  
  1338     0.001477     0.485059  
  1339     0.001471     0.485068  
  1340     0.001466     0.485063  
  1341     0.001460     0.485085  
  1342     0.001454     0.485092  
  1343     0.001449     0.485097  
  1344     0.001443     0.485080  
  1345     0.001437     0.485077  
  1346     0.001432     0.485085  
  1347     0.001426     0.485080  
  1348     0.001421     0.485080  
  1349     0.001415     0.485061  
  1350     0.001410     0.485062  
  1351     0.001405     0.485049  
  1352     0.001400     0.485042  
  1353     0.001394     0.485034  
  1354     0.001390     0.485043  
  1355     0.001384     0.485029  
  1356     0.001379     0.485008  
  1357     0.001374     0.485005  
  1358     0.001368     0.484999  
  1359     0.001363     0.485013  
  1360     0.001357     0.485021  
  1361     0.001352     0.485006  
  1362     0.001347     0.484990  
  1363     0.001341     0.484992  
  1364     0.001336     0.484984  
  1365     0.001331     0.484995  
  1366     0.001326     0.484988  
  1367     0.001320     0.485002  
  1368     0.001315     0.485006  
  1369     0.001311     0.485028  
  1370     0.001306     0.485003  
  1371     0.001301     0.484982  
  1372     0.001297     0.484992  
  1373     0.001292     0.484992  
  1374     0.001287     0.484996  
  1375     0.001281     0.484987  
  1376     0.001276     0.484960  
  1377     0.001272     0.484975  
  1378     0.001267     0.484975  
  1379     0.001262     0.484966  
  1380     0.001257     0.484964  
  1381     0.001252     0.484971  
  1382     0.001247     0.484966  
  1383     0.001243     0.484974  
  1384     0.001238     0.484971  
  1385     0.001234     0.484956  
  1386     0.001229     0.484966  
  1387     0.001225     0.484962  
  1388     0.001219     0.484967  
  1389     0.001215     0.484966  
  1390     0.001211     0.484976  
  1391     0.001206     0.484980  
  1392     0.001201     0.484976  
  1393     0.001197     0.484959  
  1394     0.001192     0.484958  
  1395     0.001187     0.484963  
  1396     0.001182     0.484965  
  1397     0.001178     0.484964  
  1398     0.001173     0.484934  
  1399     0.001168     0.484938  
  1400     0.001163     0.484948  
  1401     0.001159     0.484945  
  1402     0.001154     0.484950  
  1403     0.001150     0.484955  
  1404     0.001145     0.484966  
  1405     0.001141     0.484974  
  1406     0.001137     0.484977  
  1407     0.001132     0.484975  
  1408     0.001127     0.484972  
  1409     0.001123     0.484975  
  1410     0.001119     0.484957  
  1411     0.001115     0.484955  
  1412     0.001111     0.484978  
  1413     0.001106     0.484967  
  1414     0.001101     0.484956  
  1415     0.001096     0.484954  
  1416     0.001092     0.484941  
  1417     0.001088     0.484952  
  1418     0.001083     0.484942  
  1419     0.001079     0.484934  
  1420     0.001076     0.484955  
  1421     0.001072     0.484941  
  1422     0.001068     0.484952  
  1423     0.001064     0.484947  
  1424     0.001060     0.484949  
  1425     0.001055     0.484934  
  1426     0.001051     0.484952  
  1427     0.001047     0.484947  
  1428     0.001042     0.484919  
  1429     0.001038     0.484903  
  1430     0.001035     0.484888  
  1431     0.001030     0.484897  
  1432     0.001026     0.484903  
  1433     0.001023     0.484879  
  1434     0.001019     0.484885  
  1435     0.001015     0.484870  
  1436     0.001011     0.484860  
  1437     0.001008     0.484840  
  1438     0.001003     0.484817  
  1439     0.001000     0.484830  
  1440     0.000996     0.484838  
  1441     0.000993     0.484857  
  1442     0.000989     0.484851  
  1443     0.000984     0.484829  
  1444     0.000981     0.484836  
  1445     0.000977     0.484832  
  1446     0.000973     0.484822  
  1447     0.000969     0.484819  
  1448     0.000966     0.484806  
  1449     0.000962     0.484804  
  1450     0.000958     0.484806  
  1451     0.000954     0.484796  
  1452     0.000951     0.484796  
  1453     0.000948     0.484806  
  1454     0.000944     0.484793  
  1455     0.000940     0.484794  
  1456     0.000937     0.484797  
  1457     0.000933     0.484788  
  1458     0.000930     0.484785  
  1459     0.000927     0.484782  
  1460     0.000923     0.484760  
  1461     0.000919     0.484769  
  1462     0.000916     0.484767  
  1463     0.000913     0.484769  
  1464     0.000910     0.484768  
  1465     0.000906     0.484763  
  1466     0.000903     0.484763  
  1467     0.000899     0.484759  
  1468     0.000896     0.484746  
  1469     0.000893     0.484755  
  1470     0.000890     0.484753  
  1471     0.000887     0.484743  
  1472     0.000884     0.484733  
  1473     0.000880     0.484739  
  1474     0.000877     0.484739  
  1475     0.000874     0.484730  
  1476     0.000871     0.484724  
  1477     0.000868     0.484730  
  1478     0.000864     0.484720  
  1479     0.000861     0.484700  
  1480     0.000857     0.484696  
  1481     0.000854     0.484696  
  1482     0.000851     0.484707  
  1483     0.000847     0.484735  
  1484     0.000844     0.484740  
  1485     0.000841     0.484761  
  1486     0.000837     0.484765  
  1487     0.000834     0.484754  
  1488     0.000830     0.484764  
  1489     0.000827     0.484752  
  1490     0.000824     0.484759  
  1491     0.000822     0.484751  
  1492     0.000818     0.484751  
  1493     0.000815     0.484749  
  1494     0.000812     0.484745  
  1495     0.000808     0.484752  
  1496     0.000805     0.484776  
  1497     0.000802     0.484784  
  1498     0.000799     0.484762  
  1499     0.000797     0.484756  
  1500     0.000793     0.484745  
  1501     0.000791     0.484746  
  1502     0.000788     0.484745  
  1503     0.000785     0.484728  
  1504     0.000781     0.484698  
  1505     0.000778     0.484688  
  1506     0.000774     0.484686  
  1507     0.000771     0.484671  
  1508     0.000768     0.484667  
  1509     0.000766     0.484675  
  1510     0.000763     0.484674  
  1511     0.000760     0.484679  
  1512     0.000757     0.484669  
  1513     0.000754     0.484670  
  1514     0.000751     0.484680  
  1515     0.000749     0.484670  
  1516     0.000746     0.484678  
  1517     0.000743     0.484668  
  1518     0.000740     0.484657  
  1519     0.000737     0.484670  
  1520     0.000734     0.484654  
  1521     0.000732     0.484666  
  1522     0.000729     0.484678  
  1523     0.000726     0.484685  
  1524     0.000723     0.484687  
  1525     0.000721     0.484689  
  1526     0.000718     0.484682  
  1527     0.000716     0.484675  
  1528     0.000713     0.484661  
  1529     0.000710     0.484658  
  1530     0.000708     0.484650  
  1531     0.000705     0.484654  
  1532     0.000702     0.484641  
  1533     0.000699     0.484645  
  1534     0.000697     0.484643  
  1535     0.000694     0.484642  
  1536     0.000691     0.484637  
  1537     0.000689     0.484628  
  1538     0.000686     0.484633  
  1539     0.000684     0.484636  
  1540     0.000681     0.484629  
  1541     0.000678     0.484622  
  1542     0.000676     0.484616  
  1543     0.000673     0.484605  
  1544     0.000671     0.484600  
  1545     0.000668     0.484602  
  1546     0.000665     0.484601  
  1547     0.000662     0.484598  
  1548     0.000660     0.484598  
  1549     0.000658     0.484586  
  1550     0.000655     0.484590  
  1551     0.000653     0.484582  
  1552     0.000650     0.484577  
  1553     0.000647     0.484573  
  1554     0.000645     0.484566  
  1555     0.000643     0.484571  
  1556     0.000641     0.484563  
  1557     0.000638     0.484562  
  1558     0.000636     0.484554  
  1559     0.000634     0.484552  
  1560     0.000632     0.484556  
  1561     0.000629     0.484555  
  1562     0.000627     0.484548  
  1563     0.000625     0.484557  
  1564     0.000622     0.484546  
  1565     0.000620     0.484554  
  1566     0.000618     0.484558  
  1567     0.000615     0.484548  
  1568     0.000613     0.484551  
  1569     0.000610     0.484550  
  1570     0.000608     0.484549  
  1571     0.000605     0.484541  
  1572     0.000603     0.484553  
  1573     0.000601     0.484547  
  1574     0.000598     0.484539  
  1575     0.000596     0.484529  
  1576     0.000594     0.484516  
  1577     0.000591     0.484517  
  1578     0.000589     0.484510  
  1579     0.000586     0.484534  
  1580     0.000584     0.484550  
  1581     0.000582     0.484541  
  1582     0.000580     0.484529  
  1583     0.000578     0.484534  
  1584     0.000576     0.484530  
  1585     0.000574     0.484537  
  1586     0.000572     0.484549  
  1587     0.000570     0.484537  
  1588     0.000567     0.484531  
  1589     0.000565     0.484534  
  1590     0.000563     0.484533  
  1591     0.000561     0.484543  
  1592     0.000559     0.484533  
  1593     0.000556     0.484522  
  1594     0.000554     0.484538  
  1595     0.000552     0.484535  
  1596     0.000550     0.484534  
  1597     0.000548     0.484522  
  1598     0.000545     0.484536  
  1599     0.000543     0.484544  
  1600     0.000541     0.484540  
  1601     0.000540     0.484543  
  1602     0.000538     0.484536  
  1603     0.000536     0.484521  
  1604     0.000534     0.484525  
  1605     0.000532     0.484528  
  1606     0.000530     0.484521  
  1607     0.000528     0.484512  
  1608     0.000526     0.484528  
  1609     0.000524     0.484536  
  1610     0.000522     0.484536  
  1611     0.000520     0.484550  
  1612     0.000518     0.484559  
  1613     0.000516     0.484549  
  1614     0.000514     0.484545  
  1615     0.000512     0.484537  
  1616     0.000510     0.484534  
  1617     0.000508     0.484530  
  1618     0.000506     0.484527  
  1619     0.000504     0.484532  
  1620     0.000502     0.484519  
  1621     0.000500     0.484522  
  1622     0.000498     0.484515  
  1623     0.000496     0.484526  
  1624     0.000494     0.484532  
  1625     0.000492     0.484528  
  1626     0.000491     0.484526  
  1627     0.000489     0.484523  
  1628     0.000487     0.484511  
  1629     0.000485     0.484514  
  1630     0.000483     0.484498  
  1631     0.000482     0.484501  
  1632     0.000480     0.484505  
  1633     0.000478     0.484505  
  1634     0.000476     0.484514  
  1635     0.000474     0.484516  
  1636     0.000473     0.484512  
  1637     0.000471     0.484509  
  1638     0.000469     0.484502  
  1639     0.000468     0.484498  
  1640     0.000466     0.484484  
  1641     0.000464     0.484486  
  1642     0.000463     0.484487  
  1643     0.000461     0.484496  
  1644     0.000459     0.484505  
  1645     0.000457     0.484496  
  1646     0.000456     0.484500  
  1647     0.000454     0.484493  
  1648     0.000452     0.484490  
  1649     0.000451     0.484487  
  1650     0.000449     0.484472  
  1651     0.000447     0.484475  
  1652     0.000446     0.484480  
  1653     0.000444     0.484479  
  1654     0.000443     0.484459  
  1655     0.000441     0.484456  
  1656     0.000439     0.484463  
  1657     0.000438     0.484454  
  1658     0.000436     0.484452  
  1659     0.000434     0.484439  
  1660     0.000433     0.484442  
  1661     0.000431     0.484455  
  1662     0.000429     0.484456  
  1663     0.000428     0.484454  
  1664     0.000427     0.484450  
  1665     0.000425     0.484443  
  1666     0.000424     0.484443  
  1667     0.000422     0.484447  
  1668     0.000420     0.484445  
  1669     0.000419     0.484438  
  1670     0.000417     0.484447  
  1671     0.000415     0.484444  
  1672     0.000414     0.484445  
  1673     0.000412     0.484439  
  1674     0.000411     0.484443  
  1675     0.000410     0.484443  
  1676     0.000408     0.484448  
  1677     0.000407     0.484443  
  1678     0.000405     0.484451  
  1679     0.000404     0.484455  
  1680     0.000402     0.484441  
  1681     0.000401     0.484442  
  1682     0.000399     0.484448  
  1683     0.000397     0.484446  
  1684     0.000396     0.484438  
  1685     0.000394     0.484421  
  1686     0.000393     0.484424  
  1687     0.000391     0.484420  
  1688     0.000390     0.484415  
  1689     0.000389     0.484415  
  1690     0.000387     0.484405  
  1691     0.000386     0.484400  
  1692     0.000384     0.484395  
  1693     0.000383     0.484388  
  1694     0.000381     0.484385  
  1695     0.000380     0.484381  
  1696     0.000378     0.484376  
  1697     0.000377     0.484373  
  1698     0.000375     0.484373  
  1699     0.000374     0.484366  
  1700     0.000373     0.484371  
  1701     0.000371     0.484366  
  1702     0.000370     0.484352  
  1703     0.000368     0.484355  
  1704     0.000367     0.484359  
  1705     0.000366     0.484356  
  1706     0.000365     0.484344  
  1707     0.000364     0.484345  
  1708     0.000362     0.484326  
  1709     0.000361     0.484327  
  1710     0.000359     0.484325  
  1711     0.000358     0.484315  
  1712     0.000356     0.484311  
  1713     0.000355     0.484308  
  1714     0.000353     0.484303  
  1715     0.000352     0.484295  
  1716     0.000351     0.484292  
  1717     0.000349     0.484282  
  1718     0.000348     0.484279  
  1719     0.000347     0.484283  
  1720     0.000345     0.484285  
  1721     0.000344     0.484273  
  1722     0.000343     0.484273  
  1723     0.000342     0.484276  
  1724     0.000341     0.484275  
  1725     0.000339     0.484278  
  1726     0.000338     0.484279  
  1727     0.000337     0.484278  
  1728     0.000335     0.484277  
  1729     0.000334     0.484266  
  1730     0.000333     0.484262  
  1731     0.000331     0.484255  
  1732     0.000330     0.484252  
  1733     0.000329     0.484248  
  1734     0.000327     0.484251  
  1735     0.000326     0.484243  
  1736     0.000325     0.484225  
  1737     0.000324     0.484219  
  1738     0.000322     0.484206  
  1739     0.000321     0.484211  
  1740     0.000320     0.484201  
  1741     0.000319     0.484199  
  1742     0.000318     0.484199  
  1743     0.000317     0.484196  
  1744     0.000316     0.484194  
  1745     0.000314     0.484189  
  1746     0.000313     0.484195  
  1747     0.000312     0.484205  
  1748     0.000311     0.484209  
  1749     0.000309     0.484202  
  1750     0.000308     0.484197  
  1751     0.000307     0.484204  
  1752     0.000306     0.484211  
  1753     0.000305     0.484198  
  1754     0.000304     0.484189  
  1755     0.000303     0.484186  
  1756     0.000302     0.484190  
  1757     0.000301     0.484188  
  1758     0.000299     0.484188  
  1759     0.000298     0.484187  
  1760     0.000297     0.484191  
  1761     0.000296     0.484187  
  1762     0.000295     0.484185  
  1763     0.000294     0.484190  
  1764     0.000293     0.484196  
  1765     0.000292     0.484197  
  1766     0.000290     0.484190  
  1767     0.000289     0.484184  
  1768     0.000288     0.484192  
  1769     0.000287     0.484197  
  1770     0.000286     0.484198  
  1771     0.000285     0.484198  
  1772     0.000284     0.484198  
  1773     0.000283     0.484196  
  1774     0.000281     0.484187  
  1775     0.000280     0.484179  
  1776     0.000279     0.484181  
  1777     0.000278     0.484178  
  1778     0.000277     0.484165  
  1779     0.000277     0.484168  
  1780     0.000275     0.484175  
  1781     0.000274     0.484169  
  1782     0.000273     0.484168  
  1783     0.000272     0.484174  
  1784     0.000271     0.484171  
  1785     0.000270     0.484164  
  1786     0.000269     0.484164  
  1787     0.000268     0.484154  
  1788     0.000267     0.484147  
  1789     0.000266     0.484134  
  1790     0.000265     0.484141  
  1791     0.000264     0.484131  
  1792     0.000263     0.484131  
  1793     0.000262     0.484130  
  1794     0.000261     0.484127  
  1795     0.000260     0.484121  
  1796     0.000259     0.484106  
  1797     0.000259     0.484110  
  1798     0.000258     0.484100  
  1799     0.000256     0.484100  
  1800     0.000256     0.484101  
  1801     0.000255     0.484109  
  1802     0.000254     0.484111  
  1803     0.000253     0.484114  
  1804     0.000252     0.484123  
  1805     0.000251     0.484121  
  1806     0.000250     0.484115  
  1807     0.000249     0.484107  
  1808     0.000248     0.484108  
  1809     0.000247     0.484102  
  1810     0.000246     0.484109  
  1811     0.000245     0.484104  
  1812     0.000244     0.484100  
  1813     0.000244     0.484106  
  1814     0.000243     0.484109  
  1815     0.000242     0.484116  
  1816     0.000241     0.484118  
  1817     0.000240     0.484115  
  1818     0.000239     0.484097  
  1819     0.000238     0.484093  
  1820     0.000237     0.484079  
  1821     0.000237     0.484076  
  1822     0.000236     0.484072  
  1823     0.000235     0.484080  
  1824     0.000234     0.484075  
  1825     0.000233     0.484078  
  1826     0.000232     0.484081  
  1827     0.000231     0.484083  
  1828     0.000230     0.484075  
  1829     0.000230     0.484079  
  1830     0.000229     0.484080  
  1831     0.000228     0.484075  
  1832     0.000227     0.484066  
  1833     0.000226     0.484064  
  1834     0.000225     0.484073  
  1835     0.000224     0.484074  
  1836     0.000224     0.484074  
  1837     0.000223     0.484075  
  1838     0.000222     0.484073  
  1839     0.000221     0.484075  
  1840     0.000220     0.484070  
  1841     0.000219     0.484070  
  1842     0.000219     0.484067  
  1843     0.000218     0.484067  
  1844     0.000217     0.484068  
  1845     0.000216     0.484064  
  1846     0.000215     0.484060  
  1847     0.000215     0.484061  
  1848     0.000214     0.484055  
  1849     0.000213     0.484058  
  1850     0.000212     0.484058  
  1851     0.000211     0.484053  
  1852     0.000211     0.484054  
  1853     0.000210     0.484043  
  1854     0.000209     0.484036  
  1855     0.000208     0.484033  
  1856     0.000207     0.484027  
  1857     0.000207     0.484024  
  1858     0.000206     0.484016  
  1859     0.000205     0.484014  
  1860     0.000204     0.484008  
  1861     0.000204     0.484006  
  1862     0.000203     0.484007  
  1863     0.000202     0.484009  
  1864     0.000201     0.484005  
  1865     0.000201     0.484013  
  1866     0.000200     0.484013  
  1867     0.000199     0.484015  
  1868     0.000198     0.484019  
  1869     0.000198     0.484030  
  1870     0.000197     0.484040  
  1871     0.000196     0.484038  
  1872     0.000195     0.484033  
  1873     0.000194     0.484027  
  1874     0.000194     0.484029  
  1875     0.000193     0.484026  
  1876     0.000192     0.484021  
  1877     0.000191     0.484020  
  1878     0.000191     0.484021  
  1879     0.000190     0.484031  
  1880     0.000189     0.484025  
  1881     0.000189     0.484023  
  1882     0.000188     0.484026  
  1883     0.000187     0.484025  
  1884     0.000187     0.484029  
  1885     0.000186     0.484034  
  1886     0.000185     0.484037  
  1887     0.000184     0.484035  
  1888     0.000184     0.484027  
  1889     0.000183     0.484027  
  1890     0.000182     0.484025  
  1891     0.000182     0.484030  
  1892     0.000181     0.484027  
  1893     0.000180     0.484028  
  1894     0.000180     0.484026  
  1895     0.000179     0.484020  
  1896     0.000178     0.484023  
  1897     0.000178     0.484026  
  1898     0.000177     0.484028  
  1899     0.000176     0.484031  
  1900     0.000176     0.484027  
  1901     0.000175     0.484023  
  1902     0.000174     0.484025  
  1903     0.000174     0.484017  
  1904     0.000173     0.484018  
  1905     0.000173     0.484019  
  1906     0.000172     0.484018  
  1907     0.000171     0.484016  
  1908     0.000171     0.484016  
  1909     0.000170     0.484019  
  1910     0.000169     0.484020  
  1911     0.000169     0.484030  
  1912     0.000168     0.484028  
  1913     0.000167     0.484035  
  1914     0.000167     0.484032  
  1915     0.000166     0.484027  
  1916     0.000165     0.484029  
  1917     0.000165     0.484028  
  1918     0.000164     0.484018  
  1919     0.000164     0.484016  
  1920     0.000163     0.484014  
  1921     0.000162     0.484018  
  1922     0.000162     0.484017  
  1923     0.000161     0.484020  
  1924     0.000161     0.484021  
  1925     0.000160     0.484015  
  1926     0.000159     0.484008  
  1927     0.000159     0.484002  
  1928     0.000158     0.484005  
  1929     0.000158     0.483996  
  1930     0.000157     0.484004  
  1931     0.000157     0.484002  
  1932     0.000156     0.484001  
  1933     0.000155     0.483993  
  1934     0.000155     0.483995  
  1935     0.000154     0.483992  
  1936     0.000154     0.483992  
  1937     0.000153     0.483994  
  1938     0.000153     0.483994  
  1939     0.000152     0.483990  
  1940     0.000152     0.483980  
  1941     0.000151     0.483979  
  1942     0.000150     0.483974  
  1943     0.000150     0.483973  
  1944     0.000149     0.483977  
  1945     0.000149     0.483974  
  1946     0.000148     0.483965  
  1947     0.000147     0.483965  
  1948     0.000147     0.483965  
  1949     0.000146     0.483961  
  1950     0.000146     0.483959  
  1951     0.000145     0.483954  
  1952     0.000145     0.483952  
  1953     0.000144     0.483952  
  1954     0.000144     0.483958  
  1955     0.000143     0.483965  
  1956     0.000142     0.483963  
  1957     0.000142     0.483965  
  1958     0.000141     0.483960  
  1959     0.000141     0.483963  
  1960     0.000140     0.483964  
  1961     0.000140     0.483955  
  1962     0.000139     0.483957  
  1963     0.000139     0.483957  
  1964     0.000138     0.483967  
  1965     0.000138     0.483965  
  1966     0.000137     0.483966  
  1967     0.000137     0.483958  
  1968     0.000136     0.483956  
  1969     0.000136     0.483951  
  1970     0.000135     0.483948  
  1971     0.000135     0.483950  
  1972     0.000134     0.483946  
  1973     0.000134     0.483947  
  1974     0.000133     0.483945  
  1975     0.000133     0.483941  
  1976     0.000132     0.483934  
  1977     0.000132     0.483937  
  1978     0.000131     0.483930  
  1979     0.000131     0.483936  
  1980     0.000130     0.483941  
  1981     0.000130     0.483942  
  1982     0.000129     0.483938  
  1983     0.000129     0.483938  
  1984     0.000128     0.483938  
  1985     0.000128     0.483943  
  1986     0.000127     0.483947  
  1987     0.000127     0.483956  
  1988     0.000126     0.483956  
  1989     0.000126     0.483952  
  1990     0.000125     0.483958  
  1991     0.000125     0.483960  
  1992     0.000124     0.483960  
  1993     0.000124     0.483955  
  1994     0.000124     0.483959  
  1995     0.000123     0.483954  
  1996     0.000123     0.483952  
  1997     0.000122     0.483950  
  1998     0.000122     0.483945  
  1999     0.000121     0.483942  
  2000     0.000121     0.483943  
  2001     0.000121     0.483943  
  2002     0.000120     0.483946  
  2003     0.000120     0.483941  
  2004     0.000119     0.483951  
  2005     0.000119     0.483960  
  2006     0.000118     0.483958  
  2007     0.000118     0.483959  
  2008     0.000117     0.483962  
  2009     0.000117     0.483959  
  2010     0.000117     0.483960  
  2011     0.000116     0.483962  
  2012     0.000116     0.483961  
  2013     0.000115     0.483966  
  2014     0.000115     0.483963  
  2015     0.000114     0.483964  
  2016     0.000114     0.483964  
  2017     0.000113     0.483965  
  2018     0.000113     0.483962  
  2019     0.000113     0.483964  
  2020     0.000112     0.483958  
  2021     0.000112     0.483960  
  2022     0.000111     0.483960  
  2023     0.000111     0.483955  
  2024     0.000111     0.483945  
  2025     0.000110     0.483944  
  2026     0.000110     0.483944  
  2027     0.000109     0.483946  
  2028     0.000109     0.483946  
  2029     0.000109     0.483950  
  2030     0.000108     0.483949  
  2031     0.000108     0.483948  
  2032     0.000107     0.483942  
  2033     0.000107     0.483941  
  2034     0.000107     0.483940  
  2035     0.000106     0.483937  
  2036     0.000106     0.483936  
  2037     0.000106     0.483940  
  2038     0.000105     0.483943  
  2039     0.000105     0.483946  
  2040     0.000104     0.483943  
  2041     0.000104     0.483937  
  2042     0.000104     0.483941  
  2043     0.000103     0.483936  
  2044     0.000103     0.483932  
  2045     0.000102     0.483932  
  2046     0.000102     0.483924  
  2047     0.000102     0.483927  
  2048     0.000101     0.483923  
  2049     0.000101     0.483926  
  2050     0.000101     0.483929  
  2051     0.000100     0.483931  
  2052     0.000100     0.483929  
  2053     0.000100     0.483935  
  2054     0.000099     0.483935  
  2055     0.000099     0.483937  
  2056     0.000098     0.483935  
  2057     0.000098     0.483935  
  2058     0.000098     0.483931  
  2059     0.000097     0.483927  
  2060     0.000097     0.483925  
  2061     0.000097     0.483928  
  2062     0.000096     0.483929  
  2063     0.000096     0.483922  
  2064     0.000096     0.483920  
  2065     0.000095     0.483921  
  2066     0.000095     0.483916  
  2067     0.000095     0.483912  
  2068     0.000094     0.483915  
  2069     0.000094     0.483915  
  2070     0.000094     0.483915  
  2071     0.000093     0.483907  
  2072     0.000093     0.483908  
  2073     0.000093     0.483903  
  2074     0.000092     0.483905  
  2075     0.000092     0.483902  
  2076     0.000092     0.483903  
  2077     0.000091     0.483909  
  2078     0.000091     0.483910  
  2079     0.000091     0.483908  
  2080     0.000090     0.483911  
  2081     0.000090     0.483910  
  2082     0.000089     0.483905  
  2083     0.000089     0.483905  
  2084     0.000089     0.483900  
  2085     0.000089     0.483899  
  2086     0.000088     0.483900  
  2087     0.000088     0.483894  
  2088     0.000088     0.483897  
  2089     0.000087     0.483895  
  2090     0.000087     0.483899  
  2091     0.000087     0.483900  
  2092     0.000086     0.483893  
  2093     0.000086     0.483892  
  2094     0.000086     0.483893  
  2095     0.000085     0.483894  
  2096     0.000085     0.483890  
  2097     0.000085     0.483891  
  2098     0.000084     0.483889  
  2099     0.000084     0.483890  
  2100     0.000084     0.483888  
  2101     0.000083     0.483883  
  2102     0.000083     0.483888  
  2103     0.000083     0.483886  
  2104     0.000082     0.483880  
  2105     0.000082     0.483882  
  2106     0.000082     0.483881  
  2107     0.000082     0.483883  
  2108     0.000081     0.483884  
  2109     0.000081     0.483887  
  2110     0.000081     0.483882  
  2111     0.000080     0.483880  
  2112     0.000080     0.483882  
  2113     0.000080     0.483882  
  2114     0.000079     0.483884  
  2115     0.000079     0.483875  
  2116     0.000079     0.483876  
  2117     0.000079     0.483873  
  2118     0.000078     0.483875  
  2119     0.000078     0.483880  
  2120     0.000078     0.483877  
  2121     0.000078     0.483879  
  2122     0.000077     0.483878  
  2123     0.000077     0.483877  
  2124     0.000077     0.483876  
  2125     0.000077     0.483873  
  2126     0.000076     0.483878  
  2127     0.000076     0.483876  
  2128     0.000076     0.483873  
  2129     0.000075     0.483871  
  2130     0.000075     0.483873  
  2131     0.000075     0.483876  
  2132     0.000075     0.483877  
  2133     0.000074     0.483881  
  2134     0.000074     0.483879  
  2135     0.000074     0.483875  
  2136     0.000073     0.483871  
  2137     0.000073     0.483867  
  2138     0.000073     0.483868  
  2139     0.000073     0.483869  
  2140     0.000073     0.483869  
  2141     0.000072     0.483870  
  2142     0.000072     0.483866  
  2143     0.000072     0.483867  
  2144     0.000071     0.483867  
  2145     0.000071     0.483863  
  2146     0.000071     0.483862  
  2147     0.000071     0.483863  
  2148     0.000070     0.483859  
  2149     0.000070     0.483863  
  2150     0.000070     0.483863  
  2151     0.000070     0.483856  
  2152     0.000069     0.483857  
  2153     0.000069     0.483861  
  2154     0.000069     0.483860  
  2155     0.000069     0.483864  
  2156     0.000068     0.483857  
  2157     0.000068     0.483859  
  2158     0.000068     0.483857  
  2159     0.000068     0.483860  
  2160     0.000067     0.483853  
  2161     0.000067     0.483856  
  2162     0.000067     0.483856  
  2163     0.000067     0.483852  
  2164     0.000066     0.483850  
  2165     0.000066     0.483850  
  2166     0.000066     0.483846  
  2167     0.000066     0.483848  
  2168     0.000065     0.483849  
  2169     0.000065     0.483845  
  2170     0.000065     0.483848  
  2171     0.000065     0.483847  
  2172     0.000064     0.483846  
  2173     0.000064     0.483846  
  2174     0.000064     0.483847  
  2175     0.000064     0.483846  
  2176     0.000063     0.483846  
  2177     0.000063     0.483845  
  2178     0.000063     0.483849  
  2179     0.000063     0.483851  
  2180     0.000062     0.483846  
  2181     0.000062     0.483843  
  2182     0.000062     0.483845  
  2183     0.000062     0.483845  
  2184     0.000062     0.483842  
  2185     0.000061     0.483836  
  2186     0.000061     0.483842  
  2187     0.000061     0.483841  
  2188     0.000061     0.483840  
  2189     0.000060     0.483838  
  2190     0.000060     0.483842  
  2191     0.000060     0.483841  
  2192     0.000060     0.483840  
  2193     0.000060     0.483842  
  2194     0.000059     0.483845  
  2195     0.000059     0.483847  
  2196     0.000059     0.483846  
  2197     0.000059     0.483843  
  2198     0.000059     0.483845  
  2199     0.000058     0.483845  
  2200     0.000058     0.483846  
  2201     0.000058     0.483842  
  2202     0.000058     0.483842  
  2203     0.000057     0.483838  
  2204     0.000057     0.483835  
  2205     0.000057     0.483831  
  2206     0.000057     0.483827  
  2207     0.000057     0.483833  
  2208     0.000056     0.483827  
  2209     0.000056     0.483825  
  2210     0.000056     0.483828  
  2211     0.000056     0.483828  
  2212     0.000056     0.483828  
  2213     0.000055     0.483830  
  2214     0.000055     0.483827  
  2215     0.000055     0.483826  
  2216     0.000055     0.483823  
  2217     0.000055     0.483819  
  2218     0.000054     0.483818  
  2219     0.000054     0.483816  
  2220     0.000054     0.483817  
  2221     0.000054     0.483812  
  2222     0.000053     0.483816  
  2223     0.000053     0.483813  
  2224     0.000053     0.483814  
  2225     0.000053     0.483810  
  2226     0.000053     0.483810  
  2227     0.000053     0.483811  
  2228     0.000052     0.483813  
  2229     0.000052     0.483818  
  2230     0.000052     0.483818  
  2231     0.000052     0.483809  
  2232     0.000052     0.483800  
  2233     0.000051     0.483801  
  2234     0.000051     0.483803  
  2235     0.000051     0.483801  
  2236     0.000051     0.483797  
  2237     0.000051     0.483791  
  2238     0.000050     0.483794  
  2239     0.000050     0.483799  
  2240     0.000050     0.483795  
  2241     0.000050     0.483790  
  2242     0.000050     0.483788  
  2243     0.000049     0.483790  
  2244     0.000049     0.483790  
  2245     0.000049     0.483790  
  2246     0.000049     0.483792  
  2247     0.000049     0.483790  
  2248     0.000049     0.483792  
  2249     0.000048     0.483792  
  2250     0.000048     0.483792  
  2251     0.000048     0.483790  
  2252     0.000048     0.483789  
  2253     0.000048     0.483786  
  2254     0.000048     0.483787  
  2255     0.000047     0.483784  
  2256     0.000047     0.483786  
  2257     0.000047     0.483789  
  2258     0.000047     0.483788  
  2259     0.000047     0.483790  
  2260     0.000047     0.483792  
  2261     0.000046     0.483795  
  2262     0.000046     0.483793  
  2263     0.000046     0.483792  
  2264     0.000046     0.483792  
  2265     0.000046     0.483794  
  2266     0.000045     0.483791  
  2267     0.000045     0.483791  
  2268     0.000045     0.483791  
  2269     0.000045     0.483788  
  2270     0.000045     0.483790  
  2271     0.000045     0.483790  
  2272     0.000044     0.483788  
  2273     0.000044     0.483787  
  2274     0.000044     0.483786  
  2275     0.000044     0.483783  
  2276     0.000044     0.483785  
  2277     0.000044     0.483786  
  2278     0.000044     0.483787  
  2279     0.000043     0.483783  
  2280     0.000043     0.483783  
  2281     0.000043     0.483782  
  2282     0.000043     0.483784  
  2283     0.000043     0.483785  
  2284     0.000043     0.483785  
  2285     0.000042     0.483781  
  2286     0.000042     0.483780  
  2287     0.000042     0.483782  
  2288     0.000042     0.483788  
  2289     0.000042     0.483790  
  2290     0.000042     0.483787  
  2291     0.000041     0.483786  
  2292     0.000041     0.483782  
  2293     0.000041     0.483781  
  2294     0.000041     0.483782  
  2295     0.000041     0.483784  
  2296     0.000041     0.483787  
  2297     0.000041     0.483786  
  2298     0.000040     0.483788  
  2299     0.000040     0.483785  
  2300     0.000040     0.483785  
  2301     0.000040     0.483786  
  2302     0.000040     0.483784  
  2303     0.000040     0.483787  
  2304     0.000040     0.483786  
  2305     0.000039     0.483787  
  2306     0.000039     0.483788  
  2307     0.000039     0.483786  
  2308     0.000039     0.483785  
  2309     0.000039     0.483787  
  2310     0.000039     0.483785  
  2311     0.000039     0.483789  
  2312     0.000038     0.483787  
  2313     0.000038     0.483786  
  2314     0.000038     0.483787  
  2315     0.000038     0.483787  
  2316     0.000038     0.483788  
  2317     0.000038     0.483790  
  2318     0.000038     0.483789  
  2319     0.000037     0.483788  
  2320     0.000037     0.483791  
  2321     0.000037     0.483790  
  2322     0.000037     0.483790  
  2323     0.000037     0.483788  
  2324     0.000037     0.483788  
  2325     0.000037     0.483785  
  2326     0.000036     0.483784  
  2327     0.000036     0.483786  
  2328     0.000036     0.483785  
  2329     0.000036     0.483784  
  2330     0.000036     0.483786  
  2331     0.000036     0.483785  
  2332     0.000036     0.483786  
  2333     0.000036     0.483784  
  2334     0.000035     0.483784  
  2335     0.000035     0.483781  
  2336     0.000035     0.483781  
  2337     0.000035     0.483778  
  2338     0.000035     0.483778  
  2339     0.000035     0.483778  
  2340     0.000035     0.483778  
  2341     0.000035     0.483777  
  2342     0.000034     0.483780  
  2343     0.000034     0.483780  
  2344     0.000034     0.483780  
  2345     0.000034     0.483773  
  2346     0.000034     0.483774  
  2347     0.000034     0.483774  
  2348     0.000034     0.483776  
  2349     0.000034     0.483777  
  2350     0.000033     0.483779  
  2351     0.000033     0.483776  
  2352     0.000033     0.483779  
  2353     0.000033     0.483779  
  2354     0.000033     0.483777  
  2355     0.000033     0.483776  
  2356     0.000033     0.483777  
  2357     0.000033     0.483775  
  2358     0.000032     0.483777  
  2359     0.000032     0.483776  
  2360     0.000032     0.483777  
  2361     0.000032     0.483774  
  2362     0.000032     0.483775  
  2363     0.000032     0.483776  
  2364     0.000032     0.483775  
  2365     0.000032     0.483772  
  2366     0.000032     0.483770  
  2367     0.000031     0.483771  
  2368     0.000031     0.483771  
  2369     0.000031     0.483769  
  2370     0.000031     0.483766  
  2371     0.000031     0.483767  
  2372     0.000031     0.483768  
  2373     0.000031     0.483767  
  2374     0.000031     0.483766  
  2375     0.000030     0.483767  
  2376     0.000030     0.483767  
  2377     0.000030     0.483768  
  2378     0.000030     0.483767  
  2379     0.000030     0.483768  
  2380     0.000030     0.483770  
  2381     0.000030     0.483769  
  2382     0.000030     0.483772  
  2383     0.000030     0.483774  
  2384     0.000029     0.483773  
  2385     0.000029     0.483771  
  2386     0.000029     0.483771  
  2387     0.000029     0.483769  
  2388     0.000029     0.483770  
  2389     0.000029     0.483765  
  2390     0.000029     0.483764  
  2391     0.000029     0.483760  
  2392     0.000029     0.483757  
  2393     0.000029     0.483753  
  2394     0.000028     0.483751  
  2395     0.000028     0.483752  
  2396     0.000028     0.483751  
  2397     0.000028     0.483752  
  2398     0.000028     0.483752  
  2399     0.000028     0.483748  
  2400     0.000028     0.483749  
  2401     0.000028     0.483751  
  2402     0.000028     0.483753  
  2403     0.000027     0.483752  
  2404     0.000027     0.483751  
  2405     0.000027     0.483750  
  2406     0.000027     0.483752  
  2407     0.000027     0.483751  
  2408     0.000027     0.483750  
  2409     0.000027     0.483750  
  2410     0.000027     0.483750  
  2411     0.000027     0.483752  
  2412     0.000027     0.483750  
  2413     0.000027     0.483750  
  2414     0.000026     0.483749  
  2415     0.000026     0.483752  
  2416     0.000026     0.483748  
  2417     0.000026     0.483748  
  2418     0.000026     0.483747  
  2419     0.000026     0.483742  
  2420     0.000026     0.483741  
  2421     0.000026     0.483743  
  2422     0.000026     0.483743  
  2423     0.000026     0.483742  
  2424     0.000026     0.483742  
  2425     0.000025     0.483744  
  2426     0.000025     0.483745  
  2427     0.000025     0.483747  
  2428     0.000025     0.483746  
  2429     0.000025     0.483747  
  2430     0.000025     0.483747  
  2431     0.000025     0.483748  
  2432     0.000025     0.483748  
  2433     0.000025     0.483748  
  2434     0.000025     0.483748  
  2435     0.000025     0.483743  
  2436     0.000024     0.483744  
  2437     0.000024     0.483745  
  2438     0.000024     0.483747  
  2439     0.000024     0.483743  
  2440     0.000024     0.483742  
  2441     0.000024     0.483745  
  2442     0.000024     0.483745  
  2443     0.000024     0.483745  
  2444     0.000024     0.483746  
  2445     0.000024     0.483746  
  2446     0.000024     0.483747  
  2447     0.000023     0.483745  
  2448     0.000023     0.483744  
  2449     0.000023     0.483745  
  2450     0.000023     0.483745  
  2451     0.000023     0.483746  
  2452     0.000023     0.483743  
  2453     0.000023     0.483742  
  2454     0.000023     0.483743  
  2455     0.000023     0.483745  
  2456     0.000023     0.483744  
  2457     0.000023     0.483742  
  2458     0.000023     0.483743  
  2459     0.000023     0.483741  
  2460     0.000022     0.483743  
  2461     0.000022     0.483742  
  2462     0.000022     0.483742  
  2463     0.000022     0.483743  
  2464     0.000022     0.483743  
  2465     0.000022     0.483743  
  2466     0.000022     0.483742  
  2467     0.000022     0.483742  
  2468     0.000022     0.483743  
  2469     0.000022     0.483745  
  2470     0.000022     0.483748  
  2471     0.000022     0.483746  
  2472     0.000021     0.483747  
  2473     0.000021     0.483742  
  2474     0.000021     0.483740  
  2475     0.000021     0.483741  
  2476     0.000021     0.483742  
  2477     0.000021     0.483742  
  2478     0.000021     0.483739  
  2479     0.000021     0.483742  
  2480     0.000021     0.483741  
  2481     0.000021     0.483743  
  2482     0.000021     0.483742  
  2483     0.000021     0.483741  
  2484     0.000021     0.483742  
  2485     0.000021     0.483741  
  2486     0.000020     0.483744  
  2487     0.000020     0.483744  
  2488     0.000020     0.483744  
  2489     0.000020     0.483743  
  2490     0.000020     0.483745  
  2491     0.000020     0.483746  
  2492     0.000020     0.483747  
  2493     0.000020     0.483746  
  2494     0.000020     0.483745  
  2495     0.000020     0.483744  
  2496     0.000020     0.483743  
  2497     0.000020     0.483744  
  2498     0.000020     0.483745  
  2499     0.000020     0.483744  
  2500     0.000019     0.483744  
  2501     0.000019     0.483743  
  2502     0.000019     0.483743  
  2503     0.000019     0.483740  
  2504     0.000019     0.483740  
  2505     0.000019     0.483738  
  2506     0.000019     0.483736  
  2507     0.000019     0.483736  
  2508     0.000019     0.483738  
  2509     0.000019     0.483741  
  2510     0.000019     0.483742  
  2511     0.000019     0.483743  
  2512     0.000019     0.483744  
  2513     0.000019     0.483744  
  2514     0.000018     0.483745  
  2515     0.000018     0.483748  
  2516     0.000018     0.483750  
  2517     0.000018     0.483749  
  2518     0.000018     0.483748  
  2519     0.000018     0.483745  
  2520     0.000018     0.483747  
  2521     0.000018     0.483745  
  2522     0.000018     0.483744  
  2523     0.000018     0.483742  
  2524     0.000018     0.483743  
  2525     0.000018     0.483742  
  2526     0.000018     0.483741  
  2527     0.000018     0.483742  
  2528     0.000018     0.483741  
  2529     0.000017     0.483740  
  2530     0.000017     0.483741  
  2531     0.000017     0.483742  
  2532     0.000017     0.483743  
  2533     0.000017     0.483744  
  2534     0.000017     0.483743  
  2535     0.000017     0.483744  
  2536     0.000017     0.483744  
  2537     0.000017     0.483743  
  2538     0.000017     0.483742  
  2539     0.000017     0.483745  
  2540     0.000017     0.483745  
  2541     0.000017     0.483742  
  2542     0.000017     0.483741  
  2543     0.000017     0.483740  
  2544     0.000017     0.483739  
  2545     0.000016     0.483737  
  2546     0.000016     0.483735  
  2547     0.000016     0.483736  
  2548     0.000016     0.483738  
  2549     0.000016     0.483736  
  2550     0.000016     0.483737  
  2551     0.000016     0.483739  
  2552     0.000016     0.483737  
  2553     0.000016     0.483736  
  2554     0.000016     0.483735  
  2555     0.000016     0.483734  
  2556     0.000016     0.483733  
  2557     0.000016     0.483731  
  2558     0.000016     0.483732  
  2559     0.000016     0.483733  
  2560     0.000016     0.483734  
  2561     0.000016     0.483731  
  2562     0.000015     0.483731  
  2563     0.000015     0.483729  
  2564     0.000015     0.483729  
  2565     0.000015     0.483731  
  2566     0.000015     0.483728  
  2567     0.000015     0.483730  
  2568     0.000015     0.483728  
  2569     0.000015     0.483727  
  2570     0.000015     0.483727  
  2571     0.000015     0.483725  
  2572     0.000015     0.483725  
  2573     0.000015     0.483725  
  2574     0.000015     0.483725  
  2575     0.000015     0.483725  
  2576     0.000015     0.483725  
  2577     0.000015     0.483726  
  2578     0.000015     0.483727  
  2579     0.000015     0.483725  
  2580     0.000015     0.483725  
  2581     0.000014     0.483724  
  2582     0.000014     0.483721  
  2583     0.000014     0.483721  
  2584     0.000014     0.483721  
  2585     0.000014     0.483723  
  2586     0.000014     0.483724  
  2587     0.000014     0.483724  
  2588     0.000014     0.483722  
  2589     0.000014     0.483720  
  2590     0.000014     0.483719  
  2591     0.000014     0.483718  
  2592     0.000014     0.483717  
  2593     0.000014     0.483719  
  2594     0.000014     0.483720  
  2595     0.000014     0.483722  
  2596     0.000014     0.483722  
  2597     0.000014     0.483723  
  2598     0.000014     0.483724  
  2599     0.000014     0.483724  
  2600     0.000013     0.483724  
  2601     0.000013     0.483724  
  2602     0.000013     0.483726  
  2603     0.000013     0.483726  
  2604     0.000013     0.483727  
  2605     0.000013     0.483725  
  2606     0.000013     0.483724  
  2607     0.000013     0.483723  
  2608     0.000013     0.483723  
  2609     0.000013     0.483724  
  2610     0.000013     0.483725  
  2611     0.000013     0.483727  
  2612     0.000013     0.483727  
  2613     0.000013     0.483726  
  2614     0.000013     0.483724  
  2615     0.000013     0.483723  
  2616     0.000013     0.483721  
  2617     0.000013     0.483720  
  2618     0.000013     0.483720  
  2619     0.000013     0.483722  
  2620     0.000013     0.483722  
  2621     0.000012     0.483722  
  2622     0.000012     0.483719  
  2623     0.000012     0.483718  
  2624     0.000012     0.483719  
  2625     0.000012     0.483720  
  2626     0.000012     0.483721  
  2627     0.000012     0.483721  
  2628     0.000012     0.483720  
  2629     0.000012     0.483721  
  2630     0.000012     0.483723  
  2631     0.000012     0.483722  
  2632     0.000012     0.483724  
  2633     0.000012     0.483724  
  2634     0.000012     0.483723  
  2635     0.000012     0.483721  
  2636     0.000012     0.483723  
  2637     0.000012     0.483722  
  2638     0.000012     0.483722  
  2639     0.000012     0.483722  
  2640     0.000012     0.483720  
  2641     0.000012     0.483719  
  2642     0.000012     0.483720  
  2643     0.000012     0.483721  
  2644     0.000011     0.483723  
  2645     0.000011     0.483723  
  2646     0.000011     0.483723  
  2647     0.000011     0.483724  
  2648     0.000011     0.483724  
  2649     0.000011     0.483722  
  2650     0.000011     0.483723  
  2651     0.000011     0.483722  
  2652     0.000011     0.483722  
  2653     0.000011     0.483722  
  2654     0.000011     0.483721  
  2655     0.000011     0.483723  
  2656     0.000011     0.483723  
  2657     0.000011     0.483723  
  2658     0.000011     0.483721  
  2659     0.000011     0.483721  
  2660     0.000011     0.483722  
  2661     0.000011     0.483723  
  2662     0.000011     0.483721  
  2663     0.000011     0.483722  
  2664     0.000011     0.483721  
  2665     0.000011     0.483721  
  2666     0.000011     0.483720  
  2667     0.000011     0.483722  
  2668     0.000011     0.483723  
  2669     0.000010     0.483722  
  2670     0.000010     0.483722  
  2671     0.000010     0.483721  
  2672     0.000010     0.483721  
  2673     0.000010     0.483719  
  2674     0.000010     0.483718  
  2675     0.000010     0.483720  
  2676     0.000010     0.483719  
  2677     0.000010     0.483717  
  2678     0.000010     0.483717  
  2679     0.000010     0.483715  
  2680     0.000010     0.483715  
  2681     0.000010     0.483716  
  2682     0.000010     0.483717  
  2683     0.000010     0.483715  
  2684     0.000010     0.483715  
  2685     0.000010     0.483716  
  2686     0.000010     0.483716  
  2687     0.000010     0.483716  
  2688     0.000010     0.483716  
  2689     0.000010     0.483715  
  2690     0.000010     0.483715  
  2691     0.000010     0.483716  
  2692     0.000010     0.483717  
  2693     0.000010     0.483716  
  2694     0.000010     0.483716  
  2695     0.000010     0.483715  
  2696     0.000010     0.483716  
  2697     0.000009     0.483717  
  2698     0.000009     0.483716  
  2699     0.000009     0.483715  
  2700     0.000009     0.483716  
  2701     0.000009     0.483717  
  2702     0.000009     0.483717  
  2703     0.000009     0.483717  
  2704     0.000009     0.483717  
  2705     0.000009     0.483719  
  2706     0.000009     0.483719  
  2707     0.000009     0.483717  
  2708     0.000009     0.483717  
  2709     0.000009     0.483715  
  2710     0.000009     0.483714  
  2711     0.000009     0.483714  
  2712     0.000009     0.483714  
  2713     0.000009     0.483713  
  2714     0.000009     0.483714  
  2715     0.000009     0.483716  
  2716     0.000009     0.483716  
  2717     0.000009     0.483716  
  2718     0.000009     0.483715  
  2719     0.000009     0.483716  
  2720     0.000009     0.483713  
  2721     0.000009     0.483713  
  2722     0.000009     0.483714  
  2723     0.000009     0.483714  
  2724     0.000009     0.483715  
  2725     0.000009     0.483714  
  2726     0.000009     0.483715  
  2727     0.000008     0.483715  
  2728     0.000008     0.483713  
  2729     0.000008     0.483713  
  2730     0.000008     0.483713  
  2731     0.000008     0.483712  
  2732     0.000008     0.483714  
  2733     0.000008     0.483713  
  2734     0.000008     0.483713  
  2735     0.000008     0.483713  
  2736     0.000008     0.483714  
  2737     0.000008     0.483714  
  2738     0.000008     0.483714  
  2739     0.000008     0.483714  
  2740     0.000008     0.483713  
  2741     0.000008     0.483713  
  2742     0.000008     0.483712  
  2743     0.000008     0.483712  
  2744     0.000008     0.483713  
  2745     0.000008     0.483711  
  2746     0.000008     0.483710  
  2747     0.000008     0.483709  
  2748     0.000008     0.483709  
  2749     0.000008     0.483707  
  2750     0.000008     0.483708  
  2751     0.000008     0.483707  
  2752     0.000008     0.483706  
  2753     0.000008     0.483706  
  2754     0.000008     0.483705  
  2755     0.000008     0.483706  
  2756     0.000008     0.483706  
  2757     0.000008     0.483704  * best
  2758     0.000008     0.483706  
  2759     0.000008     0.483706  
  2760     0.000008     0.483705  
  2761     0.000008     0.483704  
  2762     0.000007     0.483705  
  2763     0.000007     0.483706  
  2764     0.000007     0.483705  
  2765     0.000007     0.483707  
  2766     0.000007     0.483707  
  2767     0.000007     0.483706  
  2768     0.000007     0.483706  
  2769     0.000007     0.483706  
  2770     0.000007     0.483706  
  2771     0.000007     0.483708  
  2772     0.000007     0.483708  
  2773     0.000007     0.483708  
  2774     0.000007     0.483709  
  2775     0.000007     0.483706  
  2776     0.000007     0.483706  
  2777     0.000007     0.483706  
  2778     0.000007     0.483705  
  2779     0.000007     0.483706  
  2780     0.000007     0.483707  
  2781     0.000007     0.483708  
  2782     0.000007     0.483706  
  2783     0.000007     0.483706  
  2784     0.000007     0.483706  
  2785     0.000007     0.483707  
  2786     0.000007     0.483706  
  2787     0.000007     0.483704  
  2788     0.000007     0.483705  
  2789     0.000007     0.483705  
  2790     0.000007     0.483706  
  2791     0.000007     0.483706  
  2792     0.000007     0.483705  
  2793     0.000007     0.483706  
  2794     0.000007     0.483707  
  2795     0.000007     0.483706  
  2796     0.000007     0.483707  
  2797     0.000007     0.483708  
  2798     0.000007     0.483707  
  2799     0.000007     0.483708  
  2800     0.000007     0.483708  
  2801     0.000006     0.483707  
  2802     0.000006     0.483709  
  2803     0.000006     0.483709  
  2804     0.000006     0.483709  
  2805     0.000006     0.483708  
  2806     0.000006     0.483708  
  2807     0.000006     0.483709  
  2808     0.000006     0.483709  
  2809     0.000006     0.483709  
  2810     0.000006     0.483707  
  2811     0.000006     0.483708  
  2812     0.000006     0.483708  
  2813     0.000006     0.483708  
  2814     0.000006     0.483708  
  2815     0.000006     0.483707  
  2816     0.000006     0.483709  
  2817     0.000006     0.483710  
  2818     0.000006     0.483711  
  2819     0.000006     0.483711  
  2820     0.000006     0.483711  
  2821     0.000006     0.483713  
  2822     0.000006     0.483712  
  2823     0.000006     0.483712  
  2824     0.000006     0.483712  
  2825     0.000006     0.483712  
  2826     0.000006     0.483713  
  2827     0.000006     0.483713  
  2828     0.000006     0.483712  
  2829     0.000006     0.483712  
  2830     0.000006     0.483715  
  2831     0.000006     0.483714  
  2832     0.000006     0.483715  
  2833     0.000006     0.483714  
  2834     0.000006     0.483713  
  2835     0.000006     0.483713  
  2836     0.000006     0.483712  
  2837     0.000006     0.483712  
  2838     0.000006     0.483711  
  2839     0.000006     0.483711  
  2840     0.000006     0.483711  
  2841     0.000006     0.483710  
  2842     0.000006     0.483711  
  2843     0.000006     0.483714  
  2844     0.000006     0.483714  
  2845     0.000006     0.483714  
  2846     0.000006     0.483714  
  2847     0.000005     0.483714  
  2848     0.000005     0.483715  
  2849     0.000005     0.483715  
  2850     0.000005     0.483717  
  2851     0.000005     0.483715  
  2852     0.000005     0.483716  
  2853     0.000005     0.483715  
  2854     0.000005     0.483716  
  2855     0.000005     0.483716  
  2856     0.000005     0.483716  
  2857     0.000005     0.483716  
# best iteration 2757 (val l2 0.483704)
# Spearman  train +0.9951  val +0.7250  test +0.7311
