epoch,train_loss,val_loss
1,0.9690855194360726,0.9810435723118808
2,0.9383403918631978,0.9527191301425327
3,0.911293655124479,0.9278454937364141
4,0.8860571921209137,0.9046453489495995
5,0.8629547725556866,0.8832288178640787
6,0.8425250214722783,0.8649853256383454
7,0.8228247585369041,0.8469578037898479
8,0.8041819009213689,0.8308322952001428
9,0.7858775496809919,0.8141686285695414
10,0.76815124457716,0.7987042173605684
11,0.7529791929199099,0.7859930099262556
12,0.7389344867967104,0.7731945653850435
13,0.7269500309218557,0.7626737986471038
14,0.7142379936562964,0.7517378770705445
15,0.7033102463313103,0.7430928617393572
16,0.6927964411457699,0.733897459407625
17,0.6833948479184622,0.7264399466476171
18,0.6746476463883397,0.7191666374016078
19,0.6656985272770276,0.7120169777876137
20,0.6575175103025384,0.7055494282446764
21,0.6504199596612286,0.6999193687248803
22,0.6425283906575064,0.6937510436019888
23,0.6351627880346179,0.6883403741885056
24,0.628646648749936,0.683815172157104
25,0.622190168855147,0.6795969491427856
26,0.6164353394295312,0.6758824745081108
27,0.6111669145685584,0.67235228164598
28,0.6049703439075528,0.6671485053044337
29,0.5996799476604916,0.6632990719193215
30,0.5948192577114988,0.6607555076310667
31,0.5895724008609394,0.6574751414998721
32,0.5853231843804563,0.6547496752115236
33,0.5810512477166706,0.6521857624270724
34,0.5769686297479183,0.6502762912341818
35,0.5728152731231501,0.6481361786896608
36,0.5686100097546066,0.6458229766723005
37,0.5646229480720902,0.6433586503244811
38,0.5605130917065365,0.6413861617673355
39,0.5565154815231801,0.6388474450794586
40,0.5525621642425861,0.636874218817792
41,0.5488239387730497,0.6344296103938281
42,0.5451279383137427,0.6329343953155534
43,0.5410212010981572,0.6302465784474267
44,0.5379779686189721,0.628994841357082
45,0.5348775943774595,0.627347137703227
46,0.5306813267978407,0.624916168570304
47,0.5278390717143749,0.6239677238946241
48,0.5245287540478112,0.6226661981156895
49,0.5216923002010055,0.6209200648814609
50,0.5189847961882185,0.6198007594118919
51,0.5159652606693093,0.6187616068258944
52,0.5129163030274544,0.6173504164607022
53,0.5099420939559048,0.6163028485065906
54,0.5072489005189802,0.6145382005138282
55,0.5043881188902399,0.6126503774513115
56,0.5016689667203076,0.6117434574092618
57,0.498776660529242,0.6105095043320933
58,0.4956913854714165,0.6085264981793731
59,0.4932105526997736,0.6074974642317249
60,0.49033219062625444,0.6059315743855821
61,0.48818427510938156,0.6056383153403858
62,0.48566434740199455,0.6045734294898805
63,0.4830862695216266,0.6035940795970066
64,0.4808276155726317,0.6028098621877153
65,0.47839917606997723,0.6013767809844053
66,0.4758510340108298,0.6013144880195375
67,0.47348509143625134,0.6003714694270267
68,0.47110647759512425,0.5992517902957665
69,0.4689665986796577,0.5989042803451969
70,0.46625843686447294,0.5975585450281694
71,0.4639687371917454,0.5963792222701851
72,0.46164041171139764,0.5957438472950883
73,0.4594325737678107,0.5947637179097524
74,0.4575373963460083,0.594558529891567
75,0.4552121067997845,0.5934780239032373
76,0.4530170592118079,0.5929825453899026
77,0.4510346826075382,0.5924590909496942
78,0.44897309193623003,0.5913146893694022
79,0.44708716686602634,0.5909993326678986
80,0.44499998535756335,0.5900332373858259
81,0.4428664864073958,0.5895102114423029
82,0.4409201021510656,0.588874319371836
83,0.4389054555609696,0.5880237579524673
84,0.43710109808625447,0.5879504884660356
85,0.4350172208817418,0.5873664220891536
86,0.43335297518056387,0.5870957364508518
87,0.43155412386830166,0.5864251804079436
88,0.4296794119476512,0.5858163424623275
89,0.42779373473808335,0.5852951048009256
90,0.4258444719763474,0.5849160547251506
91,0.42363829969549693,0.5843330821294781
92,0.4219414606403929,0.5836646348452581
93,0.41997458088561357,0.5834470322353152
94,0.41827673557289385,0.5829112496126643
95,0.41651857708650253,0.5823644672820781
96,0.4147325457139578,0.5816233095465135
97,0.4128066821879429,0.581256001797276
98,0.41113354887496634,0.5804217000672868
99,0.4092489431286071,0.5792572327792893
100,0.4073447941771607,0.5790409249569431
101,0.4055754487015147,0.5792884118065157
102,0.4038736434331596,0.5786643105864311
103,0.4021030738569637,0.5781225831781885
104,0.4002693638421491,0.5777172429809209
105,0.3985994232182156,0.5773866673300747
106,0.3969174836560202,0.577337548849543
107,0.3950235845560657,0.5762036055451066
108,0.39353166019327024,0.5759639945457256
109,0.39169119829569804,0.5752819516282397
110,0.3899801491678977,0.5745420398420281
111,0.38827847856854575,0.5738462346070359
112,0.38665660273835445,0.573266930561962
113,0.38493742227278915,0.5724080345340462
114,0.38339030609501973,0.5717013886406553
115,0.3818593371416636,0.5712359809599328
116,0.38041871376869624,0.5710412052104099
117,0.3789256739940843,0.570835615920237
118,0.3774674317203583,0.5706741357266272
119,0.3759151912285685,0.5704812728482438
120,0.3743985542640115,0.5700314303883948
121,0.3728420329103413,0.5695548629749294
122,0.37140948182656386,0.5693669099482287
123,0.3698861807452927,0.5691874006599278
124,0.3683843001546871,0.5686846659917763
125,0.3668371348935176,0.5687332159531368
126,0.3653313417693329,0.5678722448193229
127,0.36386115348419334,0.5675169523046953
128,0.36239521540280095,0.5678695600118273
129,0.3610021403000462,0.5678520053270228
130,0.35962228753766295,0.5677071043319663
131,0.3580647158024137,0.5675265016623896
132,0.35624229055437684,0.5663530594727785
133,0.3548401823348373,0.5658028024495135
134,0.3534881159140828,0.5654337033808622
135,0.3521323306528258,0.5652858483974216
136,0.3508189504329668,0.5647486349600248
137,0.3495122682742648,0.5644931700709241
138,0.3482085594764483,0.5646016360102489
139,0.3466912827900878,0.5645712061284257
140,0.34524258682727726,0.5647422515103384
141,0.34400734153054624,0.5643929080034067
142,0.34242725501692717,0.5633258411145416
143,0.3409204189939211,0.5625579913806193
144,0.3395447926088848,0.5622367523408001
145,0.33825287186081543,0.5617594429208602
146,0.33704979336345536,0.5617434133922554
147,0.3358321860422862,0.5615093285241789
148,0.3346252339633301,0.5613536051275562
149,0.33296019455410275,0.5608429653966251
150,0.3318749243303363,0.5602799554312156
151,0.3303488197570142,0.559842630435749
152,0.3290455276140606,0.5590157418025262
153,0.3278933395956487,0.5588176910150234
154,0.32663585869005857,0.558792824800214
155,0.3254864100551507,0.5586842415461071
156,0.3243428956587563,0.5587343020406734
157,0.32316045294795337,0.5581832670436925
158,0.3219642251680542,0.5580772783530449
159,0.3208301328054304,0.5579073241644943
160,0.3195416629299482,0.5576089659807042
161,0.31829923426363,0.5569469647986557
162,0.3172223107053735,0.556729905871731
163,0.31602519582016,0.5569734387848579
164,0.3147964574786913,0.5563821967974791
165,0.31370279583973765,0.5561513982566051
166,0.31260727448198866,0.5563756479642635
167,0.31143786503162085,0.556259095853378
168,0.31027398086453484,0.5563087561680482
169,0.30913434092199,0.5557868873150311
170,0.3078737768616929,0.5557183265604523
171,0.3066400823645019,0.5555322580234463
172,0.3053733867643446,0.555013681389512
173,0.3041900807409568,0.5547158288440017
174,0.30302637772687874,0.5547352975529702
175,0.3019801109851827,0.5546024533967068
176,0.3007921639488561,0.5537889627279676
177,0.2996195188199691,0.5536769622184496
178,0.2985944602813338,0.5534190639680161
179,0.2975133169047601,0.5532672855214034
180,0.2963646084136082,0.5526263479255179
181,0.29529496368347297,0.5526531021609815
182,0.29417336567882096,0.5525214388906915
183,0.2931137814224518,0.5521393875668148
184,0.2920958150313604,0.5521875387487342
185,0.2911982644680138,0.5521365153112251
186,0.2901583856355434,0.5520182049909717
187,0.2892589486822181,0.5519657026146731
188,0.2881320706431949,0.5514811589163888
189,0.28695952246906464,0.5511873924759838
190,0.28595218907087583,0.5509638529592875
191,0.28496967722307687,0.5508824769811971
192,0.28382682105146784,0.5508281710763351
193,0.28273637295289406,0.5506535595161793
194,0.2816998125869055,0.5506826443457765
195,0.2807217587553463,0.5504044687313687
196,0.27976230254810547,0.5500024863710927
197,0.27871034228718383,0.549567687521495
198,0.277720358982379,0.5493201204816038
199,0.2767681967782172,0.549008675685119
200,0.27578278724608096,0.5488236630775795
201,0.2747915161777835,0.5488598477649755
202,0.2739438765011164,0.5486067077220802
203,0.27307720205213754,0.5487410510366404
204,0.27212009204269405,0.5486457331818633
205,0.27121023588513454,0.5485648299132981
206,0.2701335726413667,0.5481561097230168
207,0.26924629896818986,0.5480283547303568
208,0.2684018905091387,0.5477359863717628
209,0.2675627846184893,0.5472321434510424
210,0.2666632173037687,0.5468058957957613
211,0.2656383991703575,0.5462665680579757
212,0.2647356718217614,0.5461296326688113
213,0.26363869191149447,0.5460396783734183
214,0.26275365848331067,0.5461787604920164
215,0.26177736154887016,0.5460597455553695
216,0.26078218192328784,0.5459093881897551
217,0.25980184967735875,0.5456272940887503
218,0.2589923166192404,0.5455374672224891
219,0.2581546863155661,0.545260007890661
220,0.25732547294348124,0.5450534799826519
221,0.25642117921568225,0.544884350190205
222,0.2554893296306698,0.54471450044388
223,0.2545367248641481,0.5445977684604156
224,0.25378770779245935,0.5444996229270089
225,0.252971370867115,0.5442870909051922
226,0.2520343391688352,0.5441020841870448
227,0.25126994345603704,0.5442113954067803
228,0.25037475505100326,0.5441355134100707
229,0.24948438667874065,0.5437519266205981
230,0.24857935570040934,0.5437630669098785
231,0.24772669122304572,0.5435067722699736
232,0.2468601924189328,0.5434299092590483
233,0.24582941824205728,0.5431941086815495
234,0.24485626889227324,0.5429593754523245
235,0.2440051020166487,0.5429847916540688
236,0.24331377587701516,0.5429400626181011
237,0.24259449959020035,0.5426553824303793
238,0.24170367383547142,0.5424646699515911
239,0.24086279484987236,0.5422764451984098
240,0.24005463732173574,0.5421334310354751
241,0.23917457802054984,0.5421076186315046
242,0.23840753175344476,0.5421354925498111
243,0.23759470023736357,0.541980509988129
244,0.23690016253856366,0.5417202174155678
245,0.23613170705950812,0.5417159383568155
246,0.23539619327868205,0.5416976995931664
247,0.23474892111989493,0.5417331660624591
248,0.23392738728382698,0.541677002835676
249,0.23306930450811683,0.5414530606313763
250,0.23232512158799384,0.541282960144103
251,0.2315563999095885,0.541196326562897
252,0.23075467461491445,0.5412918203276539
253,0.22998457359875812,0.5408839838620869
254,0.22927524046909434,0.540785025903031
255,0.2284941623584706,0.5405886500009649
256,0.22778540450844345,0.5403048719701582
257,0.2270494308295728,0.5403248316946682
258,0.2264219226159704,0.5402901927626097
259,0.22572792981485176,0.5402321182692447
260,0.2250118744660453,0.5400482513550513
261,0.2242609874991548,0.5397339588602325
262,0.2235880246262767,0.539864375333104
263,0.22280844066426939,0.53963324503093
264,0.22219168216944385,0.539225529281879
265,0.22147302962798873,0.539018466354357
266,0.22088511057417895,0.5389495163591101
267,0.22012416463624312,0.5390884133173174
268,0.21932787108190402,0.5390586651650626
269,0.21864918436265005,0.5389879134324574
270,0.21785673239321812,0.5388258839058558
271,0.2171791683067152,0.53881677037954
272,0.21647652300384304,0.5389290959161486
273,0.21579400921274958,0.5390541827592947
274,0.21506711459583444,0.5389247518047092
275,0.21442969825412206,0.5388563044616793
276,0.2138075452528487,0.5387984420018761
277,0.21312690522439406,0.5387644484872137
278,0.2123371503417871,0.5386819863084714
279,0.2116336223243831,0.5384230943097106
280,0.21099370134002643,0.5384691643038175
281,0.21031913858415027,0.5382239962605928
282,0.20962256761687229,0.5382359341438883
283,0.20904392724331267,0.5383312038650467
284,0.2084119919629202,0.5383790567853063
285,0.20783729449724023,0.5383105369608884
286,0.20728125801354616,0.5384758536633244
287,0.2066583109793329,0.5381241619138015
288,0.20604336289336814,0.5379055721769387
289,0.2054882085281649,0.5379859704483815
290,0.20478567794110067,0.5381866529784131
291,0.20420653745948625,0.5380300112403456
292,0.20353471617810923,0.5381982711094635
293,0.20291965968831768,0.5382214016501528
294,0.20238852222549833,0.5381974676622008
295,0.20179470497701096,0.5381895245442873
296,0.20121600925299885,0.5383526476760007
297,0.2005516952694845,0.538109253914039
298,0.19991038856419704,0.5376378753741404
299,0.19916157279805716,0.537701783365349
300,0.19853058705442772,0.5375748587294515
301,0.19791236519843725,0.5371059141516811
302,0.19735159474211011,0.5370069202761802
303,0.1966480978799447,0.5367057583637351
304,0.19601016603990823,0.5364016134346007
305,0.1952691231673487,0.5363295100134765
306,0.19460543154067786,0.5359323798616337
307,0.19390962872896753,0.5359076674016898
308,0.19332392511261912,0.5355359739298226
309,0.19265210841964867,0.535101974008056
310,0.19196559167222335,0.5352209079371715
311,0.19133226473530446,0.5351436619048403
312,0.19071658974264336,0.534953544102561
313,0.19011245789196068,0.534915022584942
314,0.18951173067774627,0.5347210305693777
315,0.18889358463795217,0.5347771993885134
316,0.1882840439137757,0.5346089278176595
317,0.18763405488325474,0.5345750002956565
318,0.18684781591798386,0.5339742451597572
319,0.18626136920969047,0.5339285133952073
320,0.1856907713637387,0.5338044704471707
321,0.18508349541470107,0.5337988932544687
322,0.18452344044071714,0.5338518105668644
323,0.1839636218992401,0.5335867035420874
324,0.18341071518363752,0.5333350022675089
325,0.18287333120907534,0.5332510199717114
326,0.18229845351519963,0.5333933450582184
327,0.18176647995069212,0.5331955879484849
328,0.18117366133027,0.5332186627411564
329,0.18055266275375376,0.533340389994614
330,0.1799432766271876,0.5332485217437781
331,0.17940416040781165,0.5331250367617877
332,0.17884510633460907,0.5329687876392039
333,0.1782341388329572,0.5327972891252518
334,0.17758898042585394,0.532674336220285
335,0.17704088664672518,0.5326255072528878
336,0.1764600982718962,0.5324792151375541
337,0.17599900593599369,0.5323505875097213
338,0.1754850755316681,0.5321475932262099
339,0.17480813114461563,0.5317213919820891
340,0.1742151155659432,0.5316194499224449
341,0.17361891947785063,0.5314175426844431
342,0.17295559746904443,0.5309294607909785
343,0.17246559759563948,0.5309992397293087
344,0.17188954320852734,0.5307292895241719
345,0.1714794396941842,0.5308043002023182
346,0.17098312157725104,0.5306300959171749
347,0.17040600246752122,0.5306478211380297
348,0.16995238795071646,0.5306397022823806
349,0.16948211568384663,0.530361127893656
350,0.1690325259577602,0.5304748727384359
351,0.1686110221361256,0.5303645209596751
352,0.16814596603489465,0.5302460037133748
353,0.16762398784775212,0.5298967672007893
354,0.167117212673359,0.5300259635048195
355,0.16653089558872194,0.5299008869888319
356,0.16602865280172,0.5297393825020081
357,0.16546959022081295,0.5296497730649817
358,0.16505597694458846,0.5295626609264289
359,0.16465579068366737,0.5296538162005081
360,0.16405138119922186,0.5297210641315839
361,0.16354268162940216,0.5297001195575892
362,0.16304553328995788,0.5294571747922003
363,0.16254754296439697,0.529363185817504
364,0.16206423399540718,0.5290298843622881
365,0.16149090096068136,0.5288240927120506
366,0.16091877903788532,0.5289106548165646
367,0.1604809413082785,0.5286706537898883
368,0.16000985947966004,0.5283429229651285
369,0.15953742034707205,0.5283654584150539
370,0.1591252968923646,0.5284849317928836
371,0.1587428826631238,0.5284640273353017
372,0.158227787636895,0.528317847724953
373,0.15775721118982372,0.5282198004543511
374,0.15733992291301302,0.5281336984683822
375,0.15681483375294886,0.5279516705095749
376,0.1563398017255675,0.5280627622446284
377,0.15583140905930082,0.5283824299250858
378,0.15535482900986355,0.5283945920699471
379,0.15484694983814823,0.5282326263075415
380,0.1543756210931488,0.5282329129747844
381,0.15398435725883838,0.5279410278378126
382,0.15353986137502673,0.5279802263442573
383,0.15307392564136857,0.5278528943892525
384,0.1524237031290901,0.5274066622126212
385,0.1520393339094324,0.5272756604415835
386,0.15159663630322398,0.5272666081516465
387,0.15112731760304857,0.527027577948259
388,0.150619273955965,0.5270597603546752
389,0.15009201338004505,0.5270711790687957
390,0.14958537945125452,0.5269233563923068
391,0.14902988428054223,0.5267343019156364
392,0.14853242399248384,0.5267325786671688
393,0.14808459754578088,0.5267794743317162
394,0.14765106177964768,0.5267308780251212
395,0.147229157511427,0.5266306649253905
396,0.14681677381708766,0.5265152624142937
397,0.14641950674270654,0.5262794617874149
398,0.14595653787768545,0.5261732896703811
399,0.14549759936306034,0.5260578813269304
400,0.14511848173320824,0.5259838279794354
401,0.14466836334545533,0.5259697270996683
402,0.1442266817064912,0.5256495007554652
403,0.1437935363273227,0.5255837145345627
404,0.14343456210332273,0.5255514069430963
405,0.14301049531882504,0.5253975325288237
406,0.142559152245398,0.5253511999579676
407,0.14207545914060601,0.5253087785359054
408,0.14167564279305203,0.5252467516698077
409,0.14125915697225658,0.5251704507194073
410,0.14087450614831748,0.5251773575556181
411,0.14042921785995166,0.5251515478957126
412,0.1399751164716567,0.525034834570968
413,0.1395793834091888,0.5250502209442774
414,0.1391626384717691,0.5248971843503266
415,0.1387351016863071,0.5249724447585588
416,0.13833992105836937,0.5249273825050726
417,0.13795851568035364,0.5249679437897704
418,0.1375700010179538,0.5250521962036959
419,0.13711677130596675,0.5246878300251574
420,0.13671927304283266,0.5242789560859618
421,0.13633573043741334,0.5239929267484145
422,0.13599550441190042,0.5240950313357859
423,0.13554512319050235,0.5240067965656549
424,0.1350973704676051,0.5240236145722523
425,0.13464750494632657,0.5240473876827292
426,0.13427528742539502,0.5240949691631938
427,0.13386878955573486,0.5239598594245974
428,0.13343199143717113,0.5239179300362324
429,0.13299907084119,0.5240012346573681
430,0.13261776131178074,0.5240298047812687
431,0.1321989922064219,0.5239486180352396
432,0.13182180926488216,0.523882075555708
433,0.13137741963248897,0.5235734678169535
434,0.13100022529313568,0.5236884182706548
435,0.13063320173444065,0.5235736770390761
436,0.130218888085268,0.52361077117216
437,0.12982828950522712,0.5236994466626457
438,0.1293880521674836,0.5236185921720662
439,0.12898662388056797,0.5237842490723501
440,0.12862339500835251,0.5238213137419087
441,0.1282236837030884,0.5239223044737267
442,0.12781721224953788,0.5240832272720006
443,0.12737860629555003,0.5240736625705473
444,0.12702730033267634,0.5240461311152509
445,0.12666413686852546,0.5239596600618288
446,0.12629042973929158,0.5239634928034331
447,0.1259272007617433,0.5237496784239949
448,0.12552306947017064,0.5238002640464178
449,0.1251519542991298,0.5236629676249317
450,0.12480597344278885,0.5235099970550369
451,0.12447100781825235,0.5233152049522635
452,0.1240837068743874,0.523350186024866
453,0.12378462398539519,0.5233917215288992
454,0.12340077287832649,0.5233730335129276
455,0.1230229018365068,0.5234657333089733
456,0.12262543329614516,0.5234156593880291
457,0.12227703037528193,0.5234029274473364
458,0.12192800756867717,0.5233813177377669
459,0.12153383108110113,0.5232809028781452
460,0.1211957279855985,0.5232824329311097
461,0.12079870461163833,0.5232406646465925
462,0.12038400156136221,0.5230779264387738
463,0.11999513593454755,0.5230874928549768
464,0.11967895454305649,0.5232879092529671
465,0.11932612524686398,0.5234062705219391
466,0.11894587280770559,0.5234251774048012
467,0.11862979227254472,0.5233377880416389
468,0.11820317623474505,0.5233181421214259
469,0.11784124612718526,0.5232476753806724
470,0.1175118728946165,0.5230686562278541
471,0.11715235239061493,0.5230972923539718
472,0.11678223668109491,0.5231777790615694
473,0.11642893295015679,0.5230572284862769
474,0.1160919624631923,0.5231039531641601
475,0.1157218322849594,0.5230068982904136
476,0.11536840778061247,0.5229539208828486
477,0.115011144034387,0.5229216704956893
478,0.11464510855536818,0.522936004582454
479,0.11436292281914967,0.5230090104488113
480,0.11405141917048997,0.5230060192678495
481,0.11368734364695812,0.5227558711374014
482,0.11335490675272476,0.5227337268148988
483,0.11302322596706059,0.5225722115228792
484,0.11270054336935398,0.5225213365885716
485,0.11237234128074948,0.5225270798230819
486,0.11203942572170375,0.5224873490275834
487,0.11174063792310379,0.5223105314836317
488,0.11146126525971661,0.5224416852845654
489,0.11114276088279719,0.5224652517194754
490,0.11083619105622969,0.5223111893738537
491,0.11055791585385653,0.5222973120046309
492,0.11023851139742048,0.5223816688776743
493,0.10984410989370257,0.5222895011959727
494,0.1095246519651935,0.5222564052148476
495,0.10915814956017997,0.5220835411882561
496,0.1088523743677099,0.5220415497585048
497,0.10847974868119961,0.5219977897456785
498,0.1081481732044442,0.5219254115775444
499,0.10788305468253034,0.5220237115744718
500,0.10754189254604411,0.5220662182989659
501,0.10722998380891921,0.5220059358221387
502,0.1069037044861216,0.5219092684628631
503,0.10658758092535553,0.5219865165383742
504,0.10622228765401236,0.5218559797311251
505,0.10591445133274238,0.5219170020573846
506,0.10563974397732241,0.5219609355499906
507,0.10528789576279286,0.5219021546218261
508,0.10497288302080189,0.5218769639093466
509,0.10467803782339438,0.5219617492667313
510,0.10433814900515777,0.521851415863803
511,0.10399399139843674,0.5218861359258891
512,0.10367167372339992,0.5217351881905579
513,0.10334746787112524,0.5214964688139795
514,0.10309377370132689,0.5215907936726281
515,0.10278975129549048,0.5215011565631866
516,0.10254574008427776,0.5216710636998001
517,0.10217532536823701,0.5214955340586634
518,0.10191494561965007,0.5215108924424449
519,0.1016233427883768,0.52145353639429
520,0.10130246543447242,0.5213158308696189
521,0.10102852124805592,0.5211976481624457
522,0.1007384127138178,0.5213018197871314
523,0.10040910928810984,0.5213565728652949
524,0.10009821790497823,0.5213594796572975
525,0.09982311828443347,0.521347949291304
526,0.09948544409265439,0.521191666630683
527,0.09918000769111833,0.5212485944349461
528,0.09885665372321144,0.5212715910156752
529,0.09858589628636646,0.5212995959553987
530,0.0982911670911987,0.5213089474625222
531,0.09802190284263806,0.5211983030009398
532,0.09768335962332372,0.5210877290131596
533,0.09734634366372014,0.5211233190819826
534,0.09705519315003533,0.5211223518500397
535,0.09674874558731385,0.5209751107092881
536,0.09643704286411384,0.521046148547609
537,0.09615752397216382,0.5210665958343305
538,0.09589210461557846,0.5212311163677988
539,0.09561293261037361,0.5212070126052318
540,0.0953348087245727,0.5212039819277677
541,0.0950422871742432,0.5212197272508327
542,0.0947875479429277,0.5212235951817997
543,0.09451477337616282,0.5210880895527891
544,0.09416968218023791,0.5207993354537593
545,0.09386722486645702,0.5207723460066289
546,0.09362742230799001,0.5206153397238275
547,0.0933483005280923,0.5205791271820704
548,0.09306821175891902,0.5205434892106499
549,0.09276158091961162,0.5206230335715464
550,0.09250142128209057,0.5205743141740803
551,0.09225837759461199,0.520533777245208
552,0.0919798419050146,0.5204361647092081
553,0.09170626594233972,0.520355595017098
554,0.09139122790635563,0.5203104675295482
555,0.09111837000296337,0.5201582268207257
556,0.09088200450383835,0.5202558504956836
557,0.09061596037653304,0.5201384294880255
558,0.09033405071661332,0.5199764498190066
559,0.09004383389067937,0.519915293802937
560,0.0897472322216283,0.5197801830518897
561,0.0894698697763582,0.5197092038329378
562,0.08918952471886249,0.5198760489608741
563,0.08897290864172679,0.5198775214429865
564,0.08877070180346243,0.5197970815772883
565,0.0884797281392835,0.5196405280154811
566,0.0882503559279666,0.5195783109353928
567,0.08801544828679195,0.51967321302882
568,0.08779581426791423,0.5196373365080305
569,0.08758782550565966,0.5195188436887016
570,0.08731752710704771,0.519658714526887
571,0.08706902812335172,0.5195679161174666
572,0.0868460196924124,0.5195446620959471
573,0.08661513077045674,0.5196271290576019
574,0.08637869796328942,0.5195044434333109
575,0.08613978962204469,0.5194993156451233
576,0.08592602815216366,0.5194171198586758
577,0.08562760645835674,0.5194787622747175
578,0.08538981955803825,0.519390182175028
579,0.0851157732400626,0.5193591869322229
580,0.08491008283916306,0.5191872947091171
581,0.08468793517125534,0.5192893224104838
582,0.08444770490446178,0.5192753566898572
583,0.08421261479828318,0.5191556294129912
584,0.08396109632673301,0.5191360431356775
585,0.08371258699419769,0.5191939038048655
586,0.08345100853807383,0.5191151761689256
587,0.083182147165455,0.5191110392531371
588,0.08298492263001572,0.51929002155864
589,0.08278126629895352,0.5191143503108036
590,0.08256423727002847,0.5192954149559055
591,0.08232983912761807,0.5194006220192208
592,0.08210842055364685,0.5194560226232768
593,0.08183753141988383,0.5194130745222814
594,0.0815648938688588,0.5192025839932355
595,0.08132906623509754,0.5193496550668294
596,0.08105250361367135,0.5191854030460435
597,0.08086001185199748,0.5192568460789804
598,0.08061385248202649,0.5193546761301945
599,0.08037682993926692,0.5193787789433207
600,0.08017730749834757,0.5193783128357934
601,0.07993633724158891,0.5191847887269844
602,0.07970712742575008,0.5191643131911802
603,0.07947050592380724,0.5192887387148653
604,0.0792298071801527,0.5191242586854301
605,0.07902323860524821,0.5190608109561718
606,0.07877475858509697,0.5188958755876719
607,0.07855677565842067,0.5188793856953877
608,0.07837327590418443,0.5188076895634113
609,0.07815050461680771,0.5185801956971735
610,0.07792613259115143,0.5184655580275825
611,0.07774762323052267,0.5184818055757172
612,0.07752855029345199,0.5185696824254792
613,0.07728622068636576,0.5184153851664841
614,0.07708231272512941,0.5182548284194074
615,0.07684469272724057,0.5182710755117426
616,0.07663431070720755,0.5183901020733219
617,0.0763924346955403,0.5184630516177284
618,0.07618074835063808,0.5183479723041833
619,0.07593517827533024,0.5183338765698741
620,0.0757268712829396,0.518390492025979
621,0.07552174164687561,0.5183063828692048
622,0.07534460738886781,0.5182822745161277
623,0.07514442224846923,0.5182024271458956
624,0.07492071988244364,0.5181754483301284
625,0.07470675338781714,0.5181825100534633
626,0.07451891179348692,0.5182093496937432
627,0.0743606575762934,0.5181211369544372
628,0.07417835955604589,0.5180473592656997
629,0.07395653949810974,0.5180311206926156
630,0.0737297712531536,0.5179326573154663
631,0.07352023804935755,0.517770070463801
632,0.07333652335074634,0.51789163558878
633,0.07315150600585407,0.5179383784416697
634,0.07289652019750673,0.5178165222085837
635,0.07269305498133084,0.5178226850789655
636,0.07249998349570913,0.5177174936340703
637,0.07232767533393233,0.5176068720642739
638,0.07213724124602397,0.517607506440527
639,0.07187426090315982,0.5173224123071253
640,0.07167555775399388,0.5172134155333411
641,0.071481320225857,0.517196154132561
642,0.07126628986180912,0.5172240411286323
643,0.07105798701239835,0.5171090754969186
644,0.07084770245540681,0.5170999258238114
645,0.07064905863090562,0.517219611628756
646,0.07047710740657605,0.5171260076472024
647,0.07026028532259415,0.5169346319781165
648,0.07008484591784415,0.516821394846716
649,0.0698882720482999,0.5166824187677435
650,0.0696762425302103,0.5165343772406156
651,0.06951587424551596,0.5165041723137563
652,0.06935872473481665,0.5165175655866342
653,0.06915084277322643,0.5165237602378793
654,0.06896594253122768,0.5164535115512995
655,0.06876639289584623,0.5163787482843006
656,0.06854622878134854,0.51627053554943
657,0.0683268318756664,0.5161811712365818
658,0.06810938206725183,0.5161932220927616
659,0.06792409490386268,0.5161851923078088
660,0.06773879184185466,0.516221013014252
661,0.06754272545514818,0.5161895312235169
662,0.06732888308781682,0.5160845735480507
663,0.06712697149651933,0.5159696506391102
664,0.06689330086903163,0.5159620361797108
665,0.0666732154350247,0.5159736073554069
666,0.06648872047414535,0.5159193975157939
667,0.06628594441123278,0.5159447049222796
668,0.06611661790746237,0.5160134585541268
669,0.06595148994324401,0.5159474991838039
670,0.06580053252501984,0.5160146655206296
671,0.06560117064820717,0.5159355746024546
672,0.0654109383266616,0.5158594694345113
673,0.0652413667329058,0.5158399948391759
674,0.0650404280227374,0.5157978864977412
675,0.0648533671804286,0.515794871424704
676,0.06466507431005597,0.5157271073408844
677,0.0644602530752473,0.5157195596498494
678,0.06429404900959684,0.5156302112056939
679,0.06411269677190178,0.5156649106447675
680,0.06392790709025467,0.5156940903009852
681,0.06376036046147768,0.5155400511100904
682,0.0635825398990011,0.5155264142467884
683,0.06343307326497132,0.5155774099936016
684,0.06325710176239889,0.5156123127325468
685,0.06307900954437973,0.5156750771691879
686,0.06289476861331084,0.5156809423097665
687,0.06272861578590626,0.5157202235730982
688,0.06254517943300568,0.5158416720138753
689,0.062361305030768276,0.5158064458750202
690,0.062203215838718386,0.5158226374375667
691,0.06204517765176091,0.5157294491690757
692,0.061884413071877996,0.5156326264236996
693,0.061708245999614324,0.515552745861997
694,0.0615321946278485,0.5155621632862064
695,0.06137691120155679,0.5154833242368677
696,0.06121303084180971,0.5154449703586217
697,0.06102972513920468,0.5153991007289993
698,0.06088259158321782,0.5153611092045852
699,0.060692128957362056,0.5155423036937865
700,0.060545351291244213,0.5155732878928484
701,0.06039200177336204,0.5154879698661625
702,0.06018877468541283,0.5155582800206605
703,0.060007684650841546,0.5155821232364362
704,0.059847598086940956,0.5157144889635484
705,0.05969620115825297,0.5156338528162523
706,0.05955811179224265,0.5156381910911878
707,0.05938610725708725,0.5155254770232509
708,0.059230863751731117,0.5154946224554486
709,0.05909719684448621,0.5155370030881884
710,0.05893052858193104,0.5154404814574345
711,0.05875957118377391,0.5154424933713163
712,0.058586539076903,0.5154510027132606
713,0.058410828894516424,0.5156313263156114
714,0.05823381735250095,0.5157191286140292
715,0.05806261859476022,0.5157845528056414
716,0.05790859743062176,0.5157093466015488
717,0.05775010924764104,0.5156863585823752
718,0.057596036037289446,0.5156184478853898
719,0.05739417091376858,0.515606320589251
720,0.057219367109524306,0.5155540866409268
721,0.05704396811707493,0.515552439412397
722,0.056851989002576514,0.5155207450351875
723,0.056683572444314684,0.5153925877172171
724,0.05653057114493125,0.5152320527653297
725,0.056379519546265806,0.5151007750596012
726,0.056236808093147087,0.515102573212062
727,0.05606169044992389,0.5150680653959768
728,0.05587773632168707,0.5150239386609778
729,0.05570473603319058,0.5149127260969211
730,0.0555479204753554,0.5148137848118975
731,0.05538040610913641,0.5147588645306325
732,0.05523554866543683,0.5147024809689047
733,0.05508492803482336,0.5146925453072687
734,0.054910337926047374,0.5146482355710986
735,0.05475626304873047,0.5146588411490302
736,0.054613707707162604,0.5146153934899449
737,0.05445743863120756,0.5145773289809439
738,0.05432896264868255,0.5145190317445211
739,0.054183798237519544,0.5144829870853069
740,0.05402418721294348,0.5144495275913331
741,0.053852706203574796,0.5144334168552516
742,0.05374017581710178,0.5144052941601466
743,0.05360408837161259,0.5142962961073059
744,0.05347789406660627,0.5143096568014055
745,0.05334606808407738,0.5144119710964739
746,0.053215372792004306,0.5144020432393437
747,0.05307176014938094,0.5144072353773811
748,0.05293607041552581,0.514268611132254
749,0.05278625451590025,0.5142504750010035
750,0.052659996065765116,0.5142007798929898
751,0.05253161485091973,0.5141809563836175
752,0.05238213867394734,0.5142754456907385
753,0.05224156393410309,0.5141980614950945
754,0.05210435641176627,0.514262409900974
755,0.05195399694858373,0.514150593446534
756,0.051833575498312225,0.5141843946466206
757,0.0516963067471548,0.514173853767091
758,0.051551722545630375,0.5140433228449183
759,0.051400188152274304,0.5140248817962025
760,0.051258631221310955,0.5138391122132494
761,0.05111330972892208,0.5139973765867409
762,0.05098795057216053,0.5140221225236679
763,0.05086958471407898,0.5139796909707399
764,0.05073345851166785,0.5139597342995215
765,0.05058023433786091,0.5138952626009982
766,0.05044940567864561,0.5139271756543119
767,0.050287103791996586,0.5139305574995234
768,0.050153108913903365,0.514082234318518
769,0.050015751900234044,0.5140021640310164
770,0.04985866345393685,0.5140451755212277
771,0.049727047945214486,0.5140023343566781
772,0.049573846848633654,0.5140038971347257
773,0.049456297796078214,0.5139385058079194
774,0.04932659847206716,0.5140194100784048
775,0.049202634245789564,0.5140589527201179
776,0.049048368491166276,0.5140851269271943
777,0.04892700776935911,0.5140717288596323
778,0.0487876555610453,0.5141128411625757
779,0.04866398168709909,0.514160310863124
780,0.048557428993960414,0.5141021670521233
781,0.04842820609412653,0.5140885840698677
782,0.048306713165878756,0.5140749044957299
783,0.048167704374677975,0.5139553658805871
784,0.048044532430980634,0.5139366488405136
785,0.04789697978910706,0.5138667468464401
786,0.04777482429389266,0.5138841159974601
787,0.04763306413630448,0.5138482358227286
788,0.047497892976941944,0.5138796224452267
789,0.04735866345542613,0.5139640188569448
790,0.047231658125022696,0.5139639474211523
791,0.04709085494863433,0.5139780596273015
792,0.04697062370577915,0.513958786543534
793,0.046836366306670436,0.5138420605106924
794,0.04670899295848193,0.513905587763597
795,0.04658519614591003,0.5139140671991013
796,0.046443360287013645,0.5139087539319608
797,0.04633212929736236,0.5138784305688362
798,0.04620278270634176,0.5138886782895202
799,0.04606666347499833,0.5138197356038612
800,0.04595585995545142,0.5137326588133269
801,0.0458440573405904,0.5137478528673429
802,0.045697396868854503,0.5138391914757615
803,0.045549623938129224,0.5136446834593056
804,0.045421436075094454,0.5137153865938683
805,0.045285993479255965,0.5136722927678361
806,0.04515061101117636,0.5136746606894383
807,0.04503826163541201,0.5135831125906538
808,0.0449140752049568,0.5135955547899638
809,0.04480412521707305,0.5136087397850387
810,0.04468590019262387,0.5134820575051117
811,0.044555971621790806,0.5133886585342385
812,0.04444950837792364,0.5134394155172523
813,0.04432642854357698,0.5133112804954256
814,0.044219254623051915,0.5132775524887315
815,0.04408882891832078,0.5133691303390691
816,0.04396239431764385,0.5132535288364127
817,0.043846936435880744,0.5132091445269718
818,0.043730768430471745,0.5131952849486686
819,0.043600232921447456,0.5131328216257672
820,0.0434995063476825,0.5130808171829553
821,0.04337592398719374,0.5130463794595643
822,0.04325722513206435,0.5129429189360802
823,0.04313412618355227,0.5128815096918374
824,0.043019466145188694,0.5128516073739368
825,0.04289329404619292,0.512724300177431
826,0.04279684545843599,0.5126581476892206
827,0.042695281279031085,0.5126291317040148
828,0.042582963561731725,0.5126330855395808
829,0.042442818349223976,0.5125516128467452
830,0.04234480901480634,0.5126015539749813
831,0.04222706558531772,0.5125390446769041
832,0.0421076122557244,0.5126193100422449
833,0.04199078121356989,0.5126274212242198
834,0.041871571800155286,0.5125042344747778
835,0.041790215934052126,0.5125139744681961
836,0.04167936523374125,0.5124197567650206
837,0.041548649131617224,0.5123492334438257
838,0.04142735882482524,0.5123502802321569
839,0.04131695531234417,0.512310205202761
840,0.041215666565358376,0.5122205937677555
841,0.04108721227185005,0.5121779688717593
842,0.040969800665259896,0.5122193112676113
843,0.040858651992047176,0.5121401095559046
844,0.04073711962970304,0.5120638339555861
845,0.04062755218925151,0.5120293833875661
846,0.040526300263275,0.5120136342851684
847,0.040413781682334185,0.5119755500526986
848,0.04029348461265738,0.5119573914765223
849,0.04017997342339817,0.5119446372177662
850,0.04007204779762405,0.5118711131901525
851,0.039967503137773454,0.511838032914224
852,0.0398479143199558,0.5119293485789659
853,0.03973888022015327,0.5119039773822213
854,0.03963953172233727,0.5119293327671819
855,0.03952951851645931,0.5119370020308502
856,0.039444676016485714,0.5118808408431899
857,0.039329245314590346,0.5118557762878952
858,0.039231414407491366,0.5119346176774991
859,0.03912757175067346,0.5120464580196277
860,0.03901168599912635,0.5121464142344949
861,0.03890310620309118,0.5122053384470676
862,0.03881359996838572,0.5122692060236443
863,0.038701554178170255,0.5122162041993309
864,0.03860225536570872,0.5121723096825485
865,0.03849614643315903,0.5121104414453921
866,0.038405912523239015,0.512142236265408
867,0.03828904718805307,0.5121132362847876
868,0.0381747008345796,0.5121451995752782
869,0.03806926448808727,0.5119413682898463
870,0.03797187345129462,0.5119654994571999
871,0.037880216365818425,0.5118947599872213
872,0.037780632080342776,0.5118539852230534
873,0.03767166200958638,0.5118874818788706
874,0.03756663685075161,0.5119014219146699
875,0.037476702159074775,0.5118742841154199
876,0.03737076900719946,0.5118806413398928
877,0.03727785578678395,0.5118168373585805
878,0.037172620948275115,0.5118778680647447
879,0.03708608657779563,0.5118631575431642
880,0.03698711904223286,0.5117495603313015
881,0.03688405269344164,0.5118944329617122
882,0.03679507930919484,0.5119003952413164
883,0.03669645442655654,0.5118580484121024
884,0.0366049720479708,0.511911481983311
885,0.03651228391509305,0.5119083122768858
886,0.03640433569380911,0.5119296552579504
887,0.036315216049260746,0.5119612388236217
888,0.03621509743429646,0.5119690156836247
889,0.03611020622484836,0.5119364325011786
890,0.036033437812138226,0.5119294165840242
891,0.03593559952298208,0.5119024161434389
892,0.03583295916861955,0.5119373005534024
893,0.03572883352178785,0.5118031594818477
894,0.03563010678399745,0.511907081984775
895,0.03554149843877803,0.5118789281167412
896,0.03545275376443712,0.5118264241977056
897,0.035359519561679806,0.5117907907096519
898,0.03527357843768774,0.5118317604322817
899,0.03516504389709083,0.5118042987485125
900,0.0350666819916394,0.5118100940421709
901,0.03495677623760869,0.5117292310108756
902,0.03486528195823639,0.5117424896395038
903,0.03476451194687071,0.5117366995880074
904,0.034672941328650994,0.511641213141519
905,0.03456347913197837,0.5116656140284834
906,0.034462463762400836,0.5116268388467868
907,0.03438218114169695,0.5116025395414728
908,0.03429389091398255,0.5116513832157363
909,0.034190679013778875,0.5114967895614148
910,0.03409742889882796,0.5114748003257872
911,0.034007607263484035,0.5114884259323339
912,0.033925539778262466,0.5114810454804235
913,0.033840929216883885,0.5114711302021092
914,0.033753592265670984,0.5114549209398022
915,0.0336674414420716,0.5114998584382098
916,0.03357746586026135,0.5115258551244676
917,0.033493357010340716,0.5116838697294146
918,0.033401888537827315,0.5116630264487996
919,0.0333154695481274,0.5117017780811706
920,0.033214497620624284,0.5116768633034559
921,0.03313592543388833,0.5117112991986021
922,0.03303122044620313,0.5116722737913294
923,0.032949814750147875,0.5117241276807204
924,0.03285692098475472,0.5117357030045561
925,0.03277188051850783,0.5117206812117007
926,0.032661074824322706,0.5117147786865002
927,0.03257067239621799,0.5117641915617669
928,0.03250050431926706,0.5116734535458758
929,0.03241234299617827,0.5116097743641704
930,0.03231453034660424,0.5115844252795141
931,0.032225846770070926,0.511505459024195
932,0.032140526504642025,0.5114479936374879
933,0.03205385117955551,0.5114543844938855
934,0.03195792274473202,0.5113975394411664
935,0.03186609033835087,0.511413001036959
936,0.0317980009303371,0.5113662635363838
937,0.03172187181394614,0.5113749908110654
938,0.03163016898601924,0.5113983143210061
939,0.03155353335828409,0.5113326188903238
940,0.031484232722272264,0.5113615041583206
941,0.03139868882883011,0.5113786059596774
942,0.03132308070373105,0.5112802590949995
943,0.03123535980286053,0.5112958303120426
944,0.031162978818897263,0.5113441911858628
945,0.031065967815626844,0.5112563954002921
946,0.0309682917114707,0.5111646600613088
947,0.03087944444028519,0.5111434738666718
948,0.03080091924949737,0.5111218176897593
949,0.030717519384794504,0.5111890569212235
950,0.03065316648252356,0.5112045225439349
951,0.030578501575406574,0.5111395994618642
952,0.030491395714075307,0.5111552101300656
953,0.0304016405202313,0.5111382411780366
954,0.030327887031922948,0.5111302890056186
955,0.030246218277369043,0.5110718288452683
956,0.030172105657594008,0.5110275330876798
957,0.03010368903099323,0.5110296627567468
958,0.030034491760516775,0.5110450856272862
959,0.029946422083210168,0.5110928221606229
960,0.029863031857388204,0.5110675039339718
961,0.02979997202655644,0.5109899573380151
962,0.029719461648435967,0.5108654059345418
963,0.0296328793952917,0.5108275427996762
964,0.02955128174678163,0.5107780371278677
965,0.02947848034637225,0.510733296870083
966,0.029406697693617492,0.510777438163156
967,0.029325652607062408,0.5108057925791581
968,0.029229666311455356,0.5108145875393496
969,0.029144297025153247,0.5108137976191427
970,0.02906471777689725,0.510794435916163
971,0.02899053517921961,0.5108291561538748
972,0.02892310595269167,0.5107752025556096
973,0.028825474665043916,0.510821050982203
974,0.02874630580071404,0.5107768039412571
975,0.02867859914931642,0.510723458395059
976,0.028601772565191988,0.5108188772356645
977,0.028515513233906442,0.5108290631564457
978,0.028444155049043084,0.5107550897890845
979,0.028364132043038566,0.5107096050128809
980,0.02828825272107063,0.5106277833127234
981,0.028205718933305635,0.5105549716284654
982,0.028127273006103348,0.5105795126644594
983,0.028053720435967277,0.5106018925121092
984,0.027976238423856166,0.5105591970080106
985,0.027900660463663716,0.5106086376390592
986,0.027833513285564774,0.510642079611599
987,0.027750162867159492,0.5105868112403863
988,0.027667341304561784,0.5106197809058935
989,0.02759722285495131,0.5106025373574097
990,0.02751722050594244,0.5106697968368159
991,0.027427254362555175,0.5106365069090949
992,0.027359364226816053,0.5106903494914314
993,0.027284892756529337,0.5107311310267002
994,0.027214861230103415,0.5107199781033146
995,0.027137772466079256,0.5107144594780237
996,0.027075086151076632,0.510601642654602
997,0.026987739134908123,0.5105516616514885
998,0.02692569697410059,0.5105890620096231
999,0.026847307973114208,0.5106102104351018
1000,0.026770001127210792,0.5105487205574649
1001,0.026711088474407226,0.5104597206208693
1002,0.026637136009179403,0.5103990972129898
1003,0.02657352821845341,0.5104216549140378
1004,0.026506282628936253,0.5104801069888252
1005,0.026445465287496573,0.5104747306698721
1006,0.026371240964029583,0.5104566917924155
1007,0.026297659623403975,0.5104148741658496
1008,0.026236119774884326,0.5104678246493511
1009,0.02615791882913684,0.5105216597588668
1010,0.02607829574148041,0.5104597534298307
1011,0.02602422061241455,0.5104943481086094
1012,0.025952369492114796,0.5105758149434876
1013,0.025883936700359243,0.5105576716558489
1014,0.025830101682760103,0.5106494461074645
1015,0.025757483241108374,0.5106495100932884
1016,0.02568365272890405,0.5107582398544533
1017,0.025609566935150787,0.5107112674569508
1018,0.025528149185320943,0.5107088383285044
1019,0.025446292993185408,0.510649204198374
1020,0.025386219657935045,0.5106103760889575
1021,0.025322988306930066,0.5106014484246207
1022,0.025259314612501877,0.5106541808686145
1023,0.025190766756450354,0.5106591384508113
1024,0.025139289245647695,0.5106544003471705
1025,0.025064557255115645,0.5106867301347059
1026,0.025000374584496974,0.5107019396084692
1027,0.024938342027918885,0.5106623501818359
1028,0.024872102053064102,0.5106595276768053
1029,0.024796108935541804,0.5105639534377399
1030,0.02473581404415218,0.5105432691642755
1031,0.024674769889391254,0.5106080472614947
1032,0.024611177235175908,0.5106400711536624
1033,0.02454228908605652,0.5106060138733117
1034,0.02446756933823136,0.5106790717843649
1035,0.024398885133483143,0.5106438943984818
1036,0.024342406777434204,0.5105811369087034
1037,0.02427629848409484,0.5105960056689941
1038,0.024215500093483305,0.5105817441804339
1039,0.02415921425984191,0.5104569795470055
1040,0.02409403686870515,0.5103729859278916
1041,0.02402848474414033,0.5103683590346989
1042,0.023965223825068514,0.5103640739236569
1043,0.023902862741795046,0.510405852864886
1044,0.023831163096222404,0.5103746689665953
1045,0.023761472910802852,0.5103684333668985
1046,0.023688550270861544,0.5102569088078158
1047,0.02362070145739735,0.5102097660486832
1048,0.02357250923334841,0.5101391091356213
1049,0.02351234354667838,0.5101100509920162
1050,0.02344425530025732,0.5100969043693523
1051,0.023366670876254284,0.5100485138101473
1052,0.023304469239363888,0.5100102388474239
1053,0.023244533184487923,0.5100177281540488
1054,0.023182170261893214,0.5100178681885135
1055,0.023101411259705464,0.5099497237526889
1056,0.02303920900400974,0.5099430310259002
1057,0.022975060765482842,0.5100070490589098
1058,0.022914023457146757,0.5100184148928272
1059,0.022853506827802097,0.5100068859463434
1060,0.02278567382423903,0.5101020212358888
1061,0.022721986526197436,0.5100404164395096
1062,0.02267108085034868,0.5100570395980879
1063,0.02261145561274932,0.5099597620748344
1064,0.022551364677476995,0.5099943965969671
1065,0.022487216436290494,0.5099336291439639
1066,0.022426130912557934,0.5100256829325072
1067,0.022361483944909718,0.5099845671354287
1068,0.02230579930417641,0.5099406620172854
1069,0.022237885710304134,0.5099922016141527
1070,0.02218859677595961,0.5099574168316705
1071,0.022130838349634623,0.5099463017286636
1072,0.02207301908427005,0.5099346560984697
1073,0.022010841293987508,0.5098716273767798
1074,0.021948913494594238,0.5098391690936566
1075,0.02190721329113202,0.5098635884197521
1076,0.02185535828793302,0.5098943129293416
1077,0.021797261677153824,0.5098603655065739
1078,0.021726561530723606,0.5098293904935706
1079,0.02166525435206571,0.5097902092230908
1080,0.021603458948109652,0.5097780015932877
1081,0.02154678930771253,0.5098416711578949
1082,0.02150210745632925,0.5098892525880458
1083,0.021446810901833264,0.5099039171229847
1084,0.021390343704930672,0.5099230699709936
1085,0.021326560243528418,0.5098760637644117
1086,0.021278933985839563,0.5098603381260052
1087,0.021225972393234437,0.5098515223399638
1088,0.02117278002579399,0.5099427232650465
1089,0.02112364536983555,0.5099152828315796
1090,0.021059255817984547,0.5099194342579236
1091,0.02098996157660334,0.5099098487950864
1092,0.020940453657742227,0.5099574621548995
1093,0.020889723249831637,0.5099618146420799
1094,0.020831332218333727,0.5099256893465954
1095,0.020777987726610436,0.5099252980035492
1096,0.02071745939977908,0.5099074822946211
1097,0.020662270296751422,0.5099052181989449
1098,0.02061437389063873,0.5099024703333324
1099,0.020558181757689982,0.5098786956806486
1100,0.02049912979426342,0.5098191754820147
1101,0.02043440617588701,0.509750871755991
1102,0.02037522241418258,0.5098682050753526
1103,0.020325102365531866,0.5098827641372815
1104,0.020268025807242355,0.5098227340094731
1105,0.020209912075838415,0.5098468468612974
1106,0.020164206653861434,0.5099090546837748
1107,0.020103626723862053,0.5099135682242084
1108,0.02005895996729581,0.5099235958814191
1109,0.02000436941519488,0.5099212277672451
1110,0.01995474663918768,0.509897851997624
1111,0.019908007687212504,0.5099283786290092
1112,0.01986302634794371,0.5099462786190784
1113,0.019820782492900795,0.5100003335205597
1114,0.019763052994709422,0.5100333252482486
1115,0.019710665479467444,0.5099887047355908
1116,0.019650396482064108,0.5100046188777615
1117,0.019601805514439893,0.5100286218812079
1118,0.019555547578402343,0.5100267108985392
1119,0.019501830259011463,0.5099645996386346
1120,0.0194367569193526,0.5099742184385322
1121,0.01938436988874063,0.5099573914966702
1122,0.019328450611232728,0.5099909725527136
1123,0.019276196991141657,0.5098989918004956
1124,0.019227969800355068,0.5097872603741193
1125,0.019177276780232306,0.5097372546342446
1126,0.019121451820737937,0.5097053969574488
1127,0.01907324218712853,0.5096492806634036
1128,0.01902355114110112,0.5096184216103327
1129,0.018985026400988043,0.5095614301753374
1130,0.018944635570177396,0.50951293769056
1131,0.018893251710952214,0.50946332411996
1132,0.018851028628890643,0.5094621343025592
1133,0.01880760019390486,0.5093855123809212
1134,0.01875569421211373,0.5094441606272693
1135,0.018707780710873152,0.5093981496453059
1136,0.01865210446207511,0.5094608666336735
1137,0.018604502168547515,0.50950752809011
1138,0.0185550635112272,0.5094815088071605
1139,0.01850544731628267,0.5094362224503669
1140,0.018453753685599598,0.509510128290657
1141,0.01840586691973575,0.5095031828521092
1142,0.018357732735392755,0.5094422325035988
1143,0.018312645757059407,0.5094090821028439
1144,0.018270023846556013,0.5093646117317946
1145,0.01822268273403042,0.5093392574386116
1146,0.018174102518803373,0.509335830775316
1147,0.0181275109214745,0.5093565637758747
1148,0.018090626971071704,0.5093993255612669
1149,0.018049948696966307,0.5093797533697505
1150,0.018002833071243465,0.5093296739660574
1151,0.017963158724411565,0.5092683867106845
1152,0.017916934461911747,0.5092808895353452
1153,0.017873215905196613,0.5092687979042242
1154,0.01783299397389088,0.5093362533587921
1155,0.017787146632780977,0.5093391762098242
1156,0.017736739263404962,0.5093609175947726
1157,0.01768640206709524,0.5093595766537259
1158,0.01763399574965007,0.5093925538797917
1159,0.01758614682872202,0.5093176396538802
1160,0.017538200935314323,0.5092756856297423
1161,0.017492010422991703,0.5092354702923261
1162,0.01744846405286303,0.5091951923814317
1163,0.017400243927889192,0.5092190560568318
1164,0.01735175021337412,0.5092212916822426
1165,0.017304289719881613,0.5091498920072913
1166,0.01726160810871959,0.5091890867728867
1167,0.01721866771386456,0.5092233122755053
1168,0.017180010881464744,0.5092296894797825
1169,0.01714250809751267,0.5092878311869514
1170,0.017103968597460488,0.5093280944640112
1171,0.01705094616088597,0.5092355749634054
1172,0.017004568878216383,0.509276673956941
1173,0.016963950326835512,0.5092924010139463
1174,0.016919145591517044,0.5092680737477356
1175,0.016869681163902923,0.5092599615926606
1176,0.01682743023265324,0.5093015365946051
1177,0.016786316163993238,0.5093209381327098
1178,0.016742857205364527,0.5092739855446266
1179,0.016693910539269354,0.5092415013065958
1180,0.016650063627796384,0.5092442412743197
1181,0.01662035456067092,0.5092981164221185
1182,0.016570865548410196,0.5092888885669092
1183,0.01652670165915592,0.5093422373899164
1184,0.01648887449447394,0.5092731326829523
1185,0.01645387062745794,0.5092726008315893
1186,0.016406616531987623,0.509299123018616
1187,0.01636665671680701,0.509322765614536
1188,0.016322242100035297,0.5093490621143709
1189,0.016281531236384948,0.5093953208867227
1190,0.01624341848437385,0.509433395033017
1191,0.016209763017520855,0.5094281181608308
1192,0.016166059944942784,0.5094429614443488
1193,0.016127897711936567,0.5094835534816049
1194,0.01608888464444368,0.5094326120963186
1195,0.016043297863453335,0.5094545471954225
1196,0.01600191534288697,0.5094899725584753
1197,0.01596333769986901,0.5095068032652456
1198,0.015919443622591775,0.509554064216358
1199,0.015880650469803206,0.5095084769176423
1200,0.015837620924618823,0.5094996949994651
1201,0.015791495189519455,0.5094385928604542
1202,0.015757352192042808,0.5094511501328719
1203,0.015717494699047138,0.5094021630741968
1204,0.015679202209427947,0.5093775368870858
1205,0.015640758947536013,0.5093836394689529
1206,0.015595282114672388,0.509351119507179
1207,0.015564288872122183,0.5093083388116872
1208,0.015527316350468029,0.5093119040057875
1209,0.015483398862838267,0.5092350458219549
1210,0.015446589663304746,0.509265109884946
1211,0.015411432492247067,0.5093042473510111
1212,0.015370592975733646,0.5092680991929661
1213,0.015330341037168625,0.5092267293666745
1214,0.01529643275830587,0.5092777925039217
1215,0.015250555155523707,0.5092921362702038
1216,0.015214189420817472,0.5092528879407666
1217,0.015177027480711914,0.509251557751673
1218,0.015135564291434611,0.5091914258031603
1219,0.015095968251089576,0.5091975574955657
1220,0.015055906762272869,0.5091528921342663
1221,0.015025316430264914,0.5091967340711373
1222,0.014990504922705475,0.509169057350557
1223,0.014952562985377291,0.5091887711398226
1224,0.014914761067431403,0.5092132200904173
1225,0.01486911085106448,0.5092534718974431
1226,0.014834070904567143,0.509204506404557
1227,0.014795077711479589,0.50921189763562
1228,0.014758390867993326,0.5092463450525608
1229,0.01472496091062807,0.5091977843790954
1230,0.014684042908825492,0.5091463422253287
1231,0.014643738933387199,0.5091288264330782
1232,0.014606250336683975,0.5091049524027885
1233,0.0145663189649606,0.5091892683474504
1234,0.014526854755642879,0.5091516588595328
1235,0.01449318756740831,0.5091418677255011
1236,0.014457115972259266,0.5091034132951533
1237,0.014410256485357709,0.5090969150163589
1238,0.014377015105469187,0.5090927035292642
1239,0.014338484779475535,0.5090412683442471
1240,0.01430503770555857,0.5090471653797756
1241,0.014267738452021662,0.5089904076355376
1242,0.014234701625687568,0.5089794345582845
1243,0.014200947019039607,0.5089388549753323
1244,0.014165658316527222,0.5089275603489815
1245,0.014124912418430606,0.5089587114827954
1246,0.014084354405479333,0.5089608254667436
1247,0.014051477751740662,0.5089388305019861
1248,0.014007000574841574,0.5089265385364865
1249,0.013968131290949107,0.5089293379764462
1250,0.013928278946431514,0.5089444851795746
1251,0.013887966324489758,0.5089588266199102
1252,0.013848681775140249,0.5088992276164677
1253,0.01381449455050474,0.5088912526771425
1254,0.013775230117073779,0.5088861300908384
1255,0.013732511185880349,0.5088267801575346
1256,0.013696051926028375,0.5088071713489181
1257,0.013652071902096437,0.5087188018299285
1258,0.01362103488356226,0.5087263221522359
1259,0.013587858496254313,0.5087182562528934
1260,0.01354796429185478,0.5086598406844346
1261,0.013519269922236002,0.5086809971769787
1262,0.013481203579352702,0.508681645622314
1263,0.013450714569874225,0.5087119955233653
1264,0.013412194008232825,0.5087282011527783
1265,0.013384705174151258,0.5087033045444848
1266,0.013355668460355663,0.5087162015436918
1267,0.01332374321194363,0.5086846240077301
1268,0.013295472843483395,0.5087069792410435
1269,0.013266548947073322,0.5086752138450279
1270,0.013232702960607025,0.5086179528344824
1271,0.013195234025172742,0.5086540921596018
1272,0.013165421720205852,0.5086456456256994
1273,0.01312609456357168,0.508693110237594
1274,0.01308955463453692,0.5086592152364081
1275,0.013051849123352085,0.5087309975924397
1276,0.013014242021958168,0.5086906619244774
1277,0.01298492280943651,0.5086556042453413
1278,0.012950538121366676,0.508566015030865
1279,0.012908904787946384,0.5085425593044216
1280,0.012870732449563719,0.5085813866232085
1281,0.012835228100818085,0.5085743383817454
1282,0.012801151440356092,0.5085913403799237
1283,0.012763420163222176,0.5086349551508289
1284,0.012733541490705323,0.5086181172936866
1285,0.012697161571576441,0.5086620772761008
1286,0.01266809824038019,0.5086392643896438
1287,0.012632988556578394,0.5086110009403331
1288,0.01259758918087124,0.5086366648448558
1289,0.012564193602001195,0.50860722095401
1290,0.012529420354689055,0.5085850179651458
1291,0.012502033056610221,0.5086490553791513
1292,0.01247265531140226,0.5086421708372738
1293,0.012442736436626465,0.5086452914148543
1294,0.01240968781106327,0.5086773386048407
1295,0.012380255107704609,0.5086705401818457
1296,0.012350318286619784,0.5086320210151528
1297,0.012317111945717604,0.5086084604202817
1298,0.012282590951121115,0.5086396563204396
1299,0.012251558775034775,0.5086469385047125
1300,0.012219867021204915,0.5086169992334086
1301,0.012186141386825219,0.5085570008632296
1302,0.012155742165962907,0.5085568925201848
1303,0.012128448989853208,0.5085803882987169
1304,0.012092763534106743,0.5085801437714221
1305,0.012058131260657912,0.5086127694036288
1306,0.01202568359179893,0.5085897235047309
1307,0.0119928630643526,0.5086223026410602
1308,0.011956643046605844,0.5085589415787575
1309,0.011925151727466575,0.5085131010712923
1310,0.011892039677918733,0.508548649225176
1311,0.011862320502469612,0.5085553361926488
1312,0.011830904194504792,0.5085592502045458
1313,0.01179426725200369,0.5085184846823202
1314,0.011759687369964245,0.5085678511816679
1315,0.011738377301715123,0.5085818152070568
1316,0.011713072909282989,0.5085289575207027
1317,0.011675201923440948,0.5084886570747944
1318,0.011649007290698503,0.5085173194638699
1319,0.011620125749909813,0.5084578999944129
1320,0.011596562475736982,0.5084227838232431
1321,0.011561471535225538,0.5084213104687599
1322,0.011529173291570455,0.5084173351966358
1323,0.011500954550723204,0.5084159000304288
1324,0.01147409383248231,0.5083823905277073
1325,0.011444008073427466,0.5083188448771434
1326,0.011414916103731914,0.5083079702677048
1327,0.011384753434838918,0.5083776119169646
1328,0.011351948115052028,0.5083290376535877
1329,0.011321169998679506,0.5083160008839916
1330,0.011292087282521776,0.5082736507398312
1331,0.011262920158012698,0.5082480027892614
1332,0.011234457101568411,0.508230865314049
1333,0.011207182135152177,0.5082079929121353
1334,0.011179419520817446,0.5082414587122229
1335,0.01115520868667088,0.5082566686216564
1336,0.01112773935273561,0.5083088483288241
1337,0.011099443484842007,0.5083006071384274
1338,0.011072033554165058,0.508306964244652
1339,0.011049742813873428,0.5082990445413246
1340,0.011015445632665715,0.5082766116730906
1341,0.010985971757893256,0.5082972780386918
1342,0.010956895799071385,0.5082885841334935
1343,0.0109324454772773,0.5082866440024344
1344,0.01091132237515564,0.5082450241316787
1345,0.010881970385314793,0.5082556438265314
1346,0.01085417614387502,0.5082947456077628
1347,0.010830747659270003,0.5083092413191223
1348,0.010803882460156771,0.5083034606262762
1349,0.010774514299391962,0.5082413876076463
1350,0.01074460294080167,0.508210331570659
1351,0.010719475501134123,0.5082417561152788
1352,0.010691225311060976,0.5082085351162338
1353,0.010660951181411438,0.508172264737545
1354,0.010636200784358113,0.5081642056694798
1355,0.010608153982543889,0.5081284969473625
1356,0.010580252651620001,0.508145507672666
1357,0.010553441117785008,0.5081080542145868
1358,0.010519780546200222,0.508100974179008
1359,0.010494825436781747,0.5081378654664258
1360,0.010465951100410167,0.5081861858597161
1361,0.010432233678455685,0.5081988011201771
1362,0.010411437132607919,0.5082272789374196
1363,0.010378029607392708,0.5082607313235932
1364,0.010353325123394446,0.508227781618774
1365,0.010322902308169967,0.5082560929325011
1366,0.010302254215570888,0.5082634184052002
1367,0.010272535149164427,0.5082335507085053
1368,0.010241607722314628,0.5082474636296774
1369,0.010209535012127588,0.5082238517147604
1370,0.010181484837456253,0.5081973718635892
1371,0.010160010171855877,0.5082166107781875
1372,0.010132742968126295,0.5082093676572449
1373,0.010099498108942858,0.5081507686561972
1374,0.010074205569969068,0.5081170119858596
1375,0.01005071440988248,0.5081356587540155
1376,0.010022853306947192,0.508122656604827
1377,0.010001741721881058,0.508079522389393
1378,0.009970833772429232,0.5080710013396611
1379,0.00994364875731522,0.5080524546646049
1380,0.009915386351526344,0.508048882820599
1381,0.009888905449223847,0.5080772053567612
1382,0.00986531316003568,0.5080619165186343
1383,0.009834478823383307,0.5080826558147894
1384,0.009816156119067485,0.5080612102617046
1385,0.009788700933580774,0.5080656519008346
1386,0.009760625227569663,0.5080430434351046
1387,0.009737668027503176,0.5079825960006352
1388,0.009713181263885345,0.5080247059141525
1389,0.009691910058111014,0.5080720758671375
1390,0.009665457290959497,0.5080449648017827
1391,0.009637111803407244,0.5080652529373625
1392,0.009614941308892577,0.5080383640665035
1393,0.009588207512443114,0.508020768886151
1394,0.009564327520088048,0.5080113441164674
1395,0.009542860871133346,0.5080385148145818
1396,0.009514274100728578,0.5080273678969593
1397,0.00948821797047587,0.5080854026032144
1398,0.009462444867681146,0.5080790509444341
1399,0.009438845865577231,0.5080082510776229
1400,0.009416253358013068,0.5080209242980337
1401,0.009394216799981078,0.5080111143683695
1402,0.00937088405587298,0.5080810625135173
1403,0.009345954711250659,0.5080405982458253
1404,0.009316732663662989,0.5080081943403603
1405,0.009291341169302,0.5080520356851825
1406,0.009267336826569477,0.5080613016792316
1407,0.009246973315102125,0.5080861245262346
1408,0.009225403245944305,0.5081316902229717
1409,0.009203424464660475,0.5081333906101451
1410,0.009180199280850518,0.5081147263715359
1411,0.009157166728672167,0.5081172052068743
1412,0.009131606113117021,0.5081305426875972
1413,0.009107444496061799,0.5081385790727614
1414,0.009084104104953486,0.5081285263133883
1415,0.009062024868437104,0.5081476069934912
1416,0.009041976377301909,0.5081755947090533
1417,0.009018636086497977,0.508103842505478
1418,0.008994945785449094,0.5081256915764705
1419,0.008975632869390909,0.5081103751782832
1420,0.008954217433450153,0.5081165629979213
1421,0.008925796022456446,0.5081767953144151
1422,0.008903743724495428,0.5081678515401321
1423,0.008880591677210566,0.5081395081007841
1424,0.008857730159403792,0.5081950036260741
1425,0.008834428167336322,0.5081934080197406
1426,0.008814961591797808,0.5081612142127057
1427,0.008788871278558251,0.5081668405428132
1428,0.008766749221411487,0.5081412736710887
1429,0.0087428860506158,0.5081756349366563
1430,0.008722500199884626,0.508171322634072
1431,0.008698308724693281,0.5082099166549172
1432,0.008672952108865834,0.5082510094223891
1433,0.008652408794712803,0.5082564019480504
1434,0.008631263395684135,0.50822514110331
1435,0.008608377999294217,0.5082181289249466
1436,0.00858242609533706,0.5082202417922512
1437,0.008559440282859933,0.5082083515563033
1438,0.00853732178928928,0.5082078026228661
1439,0.008513774233354381,0.5082157280351453
1440,0.008489125297435778,0.5082211639510102
1441,0.00846962633747113,0.5082144354451114
1442,0.008447419348116783,0.5081930516434751
1443,0.0084256180953619,0.5081928336175057
1444,0.008404733440911472,0.508183975386497
1445,0.008383088024519349,0.5081525196425749
1446,0.0083627095681897,0.508157969910209
1447,0.008336769914732643,0.5081031506491416
1448,0.008313988624489486,0.5080683262831734
1449,0.008292160035157224,0.5080513936477047
1450,0.008269449508297699,0.5080642267338664
1451,0.008249182211736402,0.5080596211898126
1452,0.008226420161297317,0.5080417782215568
1453,0.008207442489148268,0.5080398241062081
1454,0.008189408101819009,0.5080246062264256
1455,0.00816922135146408,0.5079683760596408
1456,0.008149435852593805,0.5079644857605213
1457,0.00812914106455976,0.5079526053431935
1458,0.0081069444002649,0.5079674977167633
1459,0.008081669066407187,0.5080023161831386
1460,0.008059366670752412,0.5080008672906431
1461,0.008037750510575564,0.5080673101551371
1462,0.008018458240278097,0.5080432553148718
1463,0.007997752512805965,0.5079696626253992
1464,0.007982506117799194,0.5079550866375657
1465,0.007960783234714029,0.5079607641067286
1466,0.007944481987366123,0.5079810444964113
1467,0.007927571053443789,0.5080185678348899
1468,0.007909828019301193,0.5079986302663377
1469,0.007888286142208482,0.5079945958668907
1470,0.007871400625472522,0.5080032487789005
1471,0.007848552177970751,0.5080278289794357
1472,0.00782856072139249,0.5080449484442499
1473,0.0078104161158769345,0.5080244392402166
1474,0.007790114519583911,0.5080345395626444
1475,0.007771693042979362,0.5080005613281527
1476,0.007751786992642022,0.5079638452590188
1477,0.0077300634248537526,0.5079383513283647
1478,0.0077111098525674835,0.5079349636192291
1479,0.007688401005239948,0.507905179093371
1480,0.007670978796984989,0.5078676327283332
1481,0.00764855797545635,0.507839317135919
1482,0.007627296400454209,0.507824694321184
1483,0.007605894736447237,0.5078446719920832
1484,0.007583637733663962,0.5078529673040726
1485,0.007564843749894906,0.5078656569691095
1486,0.007546370160447844,0.5078361108032291
1487,0.00752769040720953,0.50782517938485
1488,0.007506557252152919,0.5078427673534557
1489,0.0074862293335268126,0.5078035667923145
1490,0.007469973465760754,0.5078575697874577
1491,0.007449497370315628,0.5078594666352927
1492,0.007427750968165852,0.507838602523441
1493,0.00740777274255118,0.507828392574764
1494,0.007390810056699808,0.5078720177377541
1495,0.007371705504193103,0.507834340637934
1496,0.007351519158517053,0.507793588417139
1497,0.00733352803075304,0.5077639387406653
1498,0.007314521540791412,0.5077970362940478
1499,0.007297166038845347,0.5077383008601787
1500,0.007278763319836216,0.5077588241899964
1501,0.007259240152343581,0.5077335589652292
1502,0.007239713630690286,0.5077361545176434
1503,0.007219940546341211,0.5076845168630536
1504,0.007203444269194097,0.5077014839787306
1505,0.007187650203688034,0.5076773079008631
1506,0.007170313644401584,0.5077403105131852
1507,0.007149699011224223,0.5077218048861732
1508,0.007133474962062514,0.5077443030438307
1509,0.00711519928937563,0.5077206001837341
1510,0.007096539733138459,0.5077634930185752
1511,0.00708043985546795,0.5077595057547694
1512,0.007063724051624696,0.5077262486744237
1513,0.007049320564206234,0.5077119671281423
1514,0.007027756071005835,0.5077246679447718
1515,0.007008954303584477,0.5076800502577163
1516,0.006989120602425597,0.5076283130002511
1517,0.006968519515515825,0.5076597639017683
1518,0.006949061604516776,0.5076110223635985
1519,0.006934895836920994,0.5076298309999032
1520,0.006914232817660268,0.5076367858341202
1521,0.0068971289882315415,0.5075903353875878
1522,0.006883708679851159,0.5075971848283686
1523,0.006863099290368311,0.5076089426148196
1524,0.006843475276512091,0.5075999959478854
1525,0.006824712138017572,0.5076653862594531
1526,0.006808705342122242,0.5076446494976038
1527,0.0067910245842677415,0.5076100674905273
1528,0.006772851796146531,0.5076138503646576
1529,0.006754040831455175,0.5076441245353945
1530,0.00673329544992792,0.5075901362747305
1531,0.006716892868463675,0.5075804425661661
1532,0.006700679252579803,0.5075831468719721
1533,0.006683410819876801,0.5075934601787125
1534,0.006667555983225335,0.5075865312697666
1535,0.006650925229497108,0.5075932208641168
1536,0.006633829698243654,0.5076274284249175
1537,0.006618379759854785,0.5076461474948168
1538,0.006600978912945624,0.5076621504480708
1539,0.006580165284677578,0.5076159059873103
1540,0.006562676895465547,0.5075849766874958
1541,0.0065454165083598395,0.5075895198883348
1542,0.006528477878604612,0.5075980884638659
1543,0.006512327456764,0.5076096803649042
1544,0.006495133634050804,0.5076228833640357
1545,0.006480627506143149,0.5076216492793962
1546,0.00646376625801044,0.5076187460911082
1547,0.0064476639857576545,0.5076164157427774
1548,0.00642847611485203,0.5075990822210982
1549,0.006409281509538915,0.5076000265414211
1550,0.006389402998461139,0.5076211343789043
1551,0.006373869906397448,0.5076492226997976
1552,0.006357699289659261,0.5076632454223586
1553,0.006341731658979931,0.5076386862519475
1554,0.006324121995777447,0.5076011373015559
1555,0.006307368056422697,0.5076298176837392
1556,0.00629052592728173,0.5076035750721517
1557,0.006277438378319868,0.5076125649571552
1558,0.006263228423536885,0.5075982784929266
1559,0.0062470862400729535,0.5075936483870502
1560,0.00623099338846156,0.5075925615571166
1561,0.0062134825162138314,0.5075647146923998
1562,0.00619645874689235,0.5075662057524618
1563,0.0061797451933600245,0.507575773505737
1564,0.006161560557157946,0.507555516328378
1565,0.006146128453456012,0.5075601273690159
1566,0.006130368917436197,0.5075416408720094
1567,0.006114701055295237,0.5075527372289378
1568,0.006100422638305381,0.5075416630405881
1569,0.006087007200521324,0.5075231150294145
1570,0.006074826699559025,0.5075309244059624
1571,0.006055178964896356,0.5075332802117892
1572,0.006038511269866325,0.5075203416326368
1573,0.00602281212008237,0.5075085147762167
1574,0.0060083057667427485,0.507528013810154
1575,0.005989806474971822,0.5074929723690808
1576,0.005972231347257522,0.5074993431803039
1577,0.005955737746030143,0.5074997943818879
1578,0.005938157999461286,0.5075440371353822
1579,0.005925265890313109,0.5075609196341188
1580,0.005909319050582905,0.5075578904532845
1581,0.0058964894867655085,0.5075423998327706
1582,0.005881269593568608,0.5075464248041087
1583,0.005868878579355091,0.5075411276495108
1584,0.005852075250871659,0.5075135235715543
1585,0.005834814446476154,0.5075256508337538
1586,0.005818324077478055,0.5075035546620794
1587,0.0058015742117761716,0.5075147855605385
1588,0.005787851564650199,0.5075166160111713
1589,0.005773285612597829,0.5075479241353409
1590,0.005760059262599804,0.5075487103817585
1591,0.00574413935554002,0.5075526374433208
1592,0.005730149475646185,0.5075819035181307
1593,0.005715077756842829,0.5075741167637334
1594,0.005699172788278031,0.5075949163788444
1595,0.005682739295682897,0.5075931148264691
1596,0.00566691273385668,0.5075765374829708
1597,0.005650700767628637,0.5075675932638397
1598,0.0056366190409337285,0.5075674103869497
1599,0.005622362112485699,0.507580110817502
1600,0.005608543893941731,0.5076005377428031
1601,0.00559443961598318,0.5076265988961116
1602,0.00557886638600626,0.5076168670463811
1603,0.005561068541341071,0.5076134096283998
1604,0.005544241577866461,0.5075984129477428
1605,0.005530733822527566,0.5075923558941
1606,0.0055173269346344275,0.5075926636085425
1607,0.005501132618990968,0.5076101906391842
1608,0.005485862980889695,0.5075609797378289
1609,0.005473021750365493,0.5075357292306535
1610,0.0054575537833056196,0.5075417647253806
1611,0.005445181702202575,0.5075284863689108
1612,0.005431569055351005,0.5075538590158591
1613,0.005419797492330004,0.5075334231837564
1614,0.005404867740112703,0.5075411317262832
1615,0.005392128025621053,0.5075504275367879
1616,0.005377896107562152,0.5075433172138052
1617,0.005364856503940561,0.5075155279800596
1618,0.005352193787690292,0.5075067558192264
1619,0.005339320659878775,0.5075049477569201
1620,0.00532429692981829,0.5075170942408065
1621,0.005308567524360848,0.507525639839739
1622,0.005297021677284495,0.5075155486569762
1623,0.005281883252934394,0.5074495862157539
1624,0.005268744582418463,0.5074729997655456
1625,0.005254335444608023,0.5074788285434759
1626,0.0052419191707978804,0.507474137962684
1627,0.005229793754797976,0.5074831517525723
1628,0.005216680306376986,0.5074720220709609
1629,0.0052039408654510465,0.5074553369088458
1630,0.005193578082973146,0.5074487910840682
1631,0.005182726053076413,0.5074451830627903
1632,0.005172389531536483,0.5074440345322007
1633,0.0051568200231884315,0.5074339345560344
1634,0.005142340797444298,0.5074235029856823
1635,0.005127214133815368,0.5074378879632794
1636,0.005113418855396787,0.5074397878397775
1637,0.005099873883393562,0.5073960567128742
1638,0.005086766502804291,0.5073997574335101
1639,0.005073530665741435,0.5073644248361711
1640,0.005062491436258236,0.5073374337379203
1641,0.005051510999283812,0.5073709650916024
1642,0.005039624228198102,0.5073797252453933
1643,0.005027382515277571,0.5073493201091576
1644,0.005015866748357324,0.5073612577629899
1645,0.005003100718972892,0.5073642613381463
1646,0.0049887897856485675,0.5073805929754508
1647,0.004976689333001197,0.5073576097467676
1648,0.004962026330198479,0.5073616536117438
1649,0.004951105600021872,0.5073493525144877
1650,0.004937511315452894,0.5073523373295782
1651,0.0049244359919656654,0.5073713862076685
1652,0.004910542282298784,0.5073564650197752
1653,0.004900255796805505,0.5073385276538084
1654,0.004887803342892254,0.5073250996947144
1655,0.0048745933982345165,0.5073442491696082
1656,0.0048609625726562565,0.507353302049826
1657,0.004849519359056371,0.5073456832873334
1658,0.004837264536689153,0.5073266869109292
1659,0.004825752701608617,0.507336513096248
1660,0.0048137054213638775,0.5073216080895961
1661,0.00480114145090091,0.5073083011089077
1662,0.004787012365568185,0.5073290186103152
1663,0.004776533919552234,0.507321374549071
1664,0.004762174204145752,0.5072850323890697
1665,0.0047508660917756984,0.5073228315401827
1666,0.004739944169914507,0.507296925427464
1667,0.0047262406315369265,0.5073094116490077
1668,0.004715582370420329,0.5073046331573177
1669,0.0047047100024992594,0.5073395292789923
1670,0.004692893290288567,0.5073353806267679
1671,0.004679714170230397,0.5073351982059326
1672,0.004667651683676233,0.5073050949128101
1673,0.004656616773399981,0.5072769442149102
1674,0.004644601394952116,0.5072586053270972
1675,0.0046317810263168105,0.5072253435551318
1676,0.004620214020113659,0.5072441310702244
1677,0.004606861343812705,0.5072592357171047
1678,0.004594634347444129,0.5072949413956951
1679,0.004584280114308346,0.5072907351037366
1680,0.004570777659331903,0.5073377972246127
1681,0.004557868850600513,0.5073083554627583
1682,0.004544795632880393,0.5072697339722606
1683,0.004531144817717503,0.507276797571165
1684,0.004517658474446054,0.5072737848420834
1685,0.004507166415298542,0.5072786749210308
1686,0.004495054390372197,0.5073046808938066
1687,0.004484818182034604,0.5073028276948068
1688,0.004474832561005462,0.5073117110801622
1689,0.004464059165718793,0.5073125847672025
1690,0.0044525630190856815,0.507290898842785
1691,0.004440083698600455,0.5072591567864698
1692,0.004430375559621827,0.5072549519340185
1693,0.004418082467989871,0.5072406557596488
1694,0.004408182859235589,0.5072831125966142
1695,0.004395090906663518,0.5072810649438316
1696,0.004384364872483213,0.5072906222365404
1697,0.004372310259597304,0.5073047108664834
1698,0.004360883497959707,0.5073375047949578
1699,0.004349886957819744,0.5073032556604127
1700,0.004339182519453918,0.5073269620815553
1701,0.004328846879876652,0.5073181938707138
1702,0.00431709926191406,0.5072916999018721
1703,0.004306692349217376,0.5073219866541052
1704,0.004296197715314469,0.5073303698021235
1705,0.004284587984088359,0.5073104955314389
1706,0.004274661387801907,0.5073005210746915
1707,0.0042630890552403855,0.5072756871225197
1708,0.004252323878488131,0.5072487641640361
1709,0.004243156490631355,0.5072570839467249
1710,0.004233218219939732,0.5072756438600051
1711,0.004222425172728092,0.5072907481632755
1712,0.004213884990290863,0.5072735327556911
1713,0.004201559895285454,0.507243873475333
1714,0.004191215324479544,0.5072792133161385
1715,0.004180626868514618,0.5072790552631202
1716,0.004170494836148998,0.5072796440411476
1717,0.004159271863953041,0.5072824036087517
1718,0.004149014245530712,0.5072741791823695
1719,0.00413837435814232,0.5072515363439595
1720,0.004127469721431512,0.5072539605811456
1721,0.0041184485308663,0.5072539372309715
1722,0.004109640628561507,0.5072342491378269
1723,0.004100835414358078,0.5072406214850136
1724,0.004089864467908828,0.5072586348705147
1725,0.004078561431315843,0.5072408874456232
1726,0.004067679460025541,0.5072609628816356
1727,0.004057618033331577,0.5072256891574073
1728,0.004046698056525567,0.5072350440515084
1729,0.004036150450080001,0.5072259041421844
1730,0.004026862259164829,0.5071959979455927
1731,0.004017422916560721,0.5071989669018723
1732,0.004006986696756205,0.5072116704831442
1733,0.003997052116901856,0.5072210329300315
1734,0.003989070258587841,0.5072299313025204
1735,0.003979297086061136,0.5072286382113778
1736,0.003967911508833276,0.5071839900146159
1737,0.003956939004555586,0.5071745960566607
1738,0.003945221427775881,0.5071733811124087
1739,0.0039334905770566034,0.5072088541038973
1740,0.003922210876047728,0.5071896090575362
1741,0.003911571887046861,0.507171739738347
1742,0.0039025375039723397,0.5071713795558479
1743,0.003893096083583636,0.5071587837231559
1744,0.0038824857827984326,0.5071458519043762
1745,0.0038700996216371832,0.507201734608709
1746,0.003857632731193717,0.5071471776612656
1747,0.0038468936258896184,0.5071512223952035
1748,0.003838069769617703,0.507126599146428
1749,0.003827635317800886,0.5071351268978617
1750,0.003817642646735142,0.507138579136995
1751,0.0038076036597797236,0.507129587723387
1752,0.0037960575196734083,0.5071476246377182
1753,0.003784453631381802,0.5071456274243692
1754,0.0037748876264773667,0.5071760840672241
1755,0.0037650691623841064,0.5071841477547262
1756,0.003757247325483574,0.5071573779838321
1757,0.003749332389059774,0.5071294942176364
1758,0.003737758117575641,0.5071382124590442
1759,0.0037285575175723643,0.5071440692509845
1760,0.0037171992162359116,0.507151756121225
1761,0.003708045859954252,0.5071538574988178
1762,0.0037004605072550154,0.5071331036989609
1763,0.0036922058501850053,0.5071426779374464
1764,0.0036830430357199964,0.5071352120072198
1765,0.003672400872198444,0.5071562046347525
1766,0.00366248148398434,0.507152825465732
1767,0.003650892593346932,0.5071771270765665
1768,0.0036429148905269336,0.5071792490612792
1769,0.0036336736762679752,0.5071601316216829
1770,0.003623465723639139,0.5071697293217122
1771,0.0036125843248841815,0.5071644020048547
1772,0.0036037392779430643,0.5071316607595916
1773,0.003594933057228196,0.5071279066281964
1774,0.003583904390370192,0.507100398277447
1775,0.003574761951288651,0.5071070794521054
1776,0.0035660554047334805,0.5070973195464471
1777,0.0035573894808002965,0.5070905454344156
1778,0.003547000249614017,0.5071117643325218
1779,0.0035400219746897026,0.5071160810479722
1780,0.003531599724302949,0.5071033407528499
1781,0.0035231724673633158,0.5070796082419047
1782,0.003514946014134844,0.5070713469545346
1783,0.0035067373561356203,0.5070636138794796
1784,0.0034971761624876477,0.5070434678285096
1785,0.0034892271695877793,0.5070587919673912
1786,0.003479202156646831,0.5070537672981233
1787,0.0034698518246676292,0.5070475482175653
1788,0.0034630838391906077,0.5070516104340548
1789,0.0034544502360815818,0.5070423619946365
1790,0.0034441285709621533,0.5070364811067893
1791,0.0034358006375382875,0.5070636296907937
1792,0.003427840634155718,0.507039784655658
1793,0.0034194577321216267,0.5070044137342803
1794,0.0034120628567777572,0.5070036960781229
1795,0.0034041357107917683,0.5069990356171908
1796,0.003395800260239977,0.5069958056174307
1797,0.0033876062103532652,0.506996363635478
1798,0.003378424138183907,0.506996296900169
1799,0.003369515807462217,0.5069984199559666
1800,0.0033621979276408894,0.5069928105770976
1801,0.003353414459585541,0.5069822920114199
1802,0.0033434980217904946,0.5070095061816304
1803,0.0033353461619393993,0.5070317330717912
1804,0.0033272819786011568,0.5070428081472753
1805,0.003320402369755506,0.5070354000964102
1806,0.003312975400939799,0.5070430654393948
1807,0.003304830152441803,0.5070496855917908
1808,0.0032960193571804405,0.5070341591416113
1809,0.003289306310867969,0.5070441968601918
1810,0.003281537838918378,0.5070413381134444
1811,0.003273760120539909,0.5070579244163244
1812,0.0032652421667414564,0.5070393642971897
1813,0.0032571950484557343,0.5070307416549107
1814,0.0032492006999717583,0.507033453762468
1815,0.0032408726798404688,0.5070416293095589
1816,0.003233783115823123,0.5070375352578085
1817,0.003226658282732768,0.5070197099292668
1818,0.0032174020654510693,0.5070319006718141
1819,0.0032090096032482006,0.5070388534730325
1820,0.003202494897202012,0.5070371160500424
1821,0.003193826876001045,0.5070490177995975
1822,0.0031847239662253887,0.5070390915054267
1823,0.0031774189702978655,0.5070506326710813
1824,0.0031682586558426633,0.507056405964397
1825,0.0031591430514122556,0.5070212243269779
1826,0.0031514912934555773,0.5070446608979132
1827,0.0031438445715298398,0.5070673399727347
1828,0.0031346752761511536,0.5070440448093652
1829,0.0031287357599412667,0.5070179145047585
1830,0.0031207570656347433,0.5070443056995987
1831,0.0031111976848225667,0.50703912167707
1832,0.0031041449400981873,0.5070288973356816
1833,0.0030963579135609536,0.507042204211624
1834,0.003088854097882111,0.5070460442814143
1835,0.0030795608335785285,0.5070228832970598
1836,0.0030725556088137705,0.5070246152497943
1837,0.0030655040576407573,0.507030792182137
1838,0.0030576605389408193,0.5070359197582567
1839,0.003050519248862315,0.5070340366930413
1840,0.003040378977469282,0.5070418792623433
1841,0.0030333959287035476,0.5070350585879022
1842,0.0030260914090527303,0.5070075879802266
1843,0.00301849923790109,0.5070169234062614
1844,0.0030116981919140508,0.5070260967206163
1845,0.003004256291577332,0.5070547974895697
1846,0.002996798929008455,0.5070333588815452
1847,0.0029898354170882404,0.5070294287089084
1848,0.0029823525754337273,0.5069990759369989
1849,0.0029732204050133587,0.5070132766931356
1850,0.0029662840326534676,0.5070216504063346
1851,0.0029590264426935927,0.5070162679010143
1852,0.0029516757006533088,0.5070006337593579
1853,0.002944670865654135,0.5069949565024922
1854,0.0029375570234892933,0.5069767975406801
1855,0.002929552360067314,0.5069366774537682
1856,0.002922601702979588,0.5069367470489703
1857,0.002915495796652352,0.5069159268867707
1858,0.0029066399059323803,0.5069066502565216
1859,0.0028996707354086043,0.5068809894080197
1860,0.0028913996689375575,0.5068664809125533
1861,0.0028852126084391934,0.5068819502447566
1862,0.002876938970187256,0.5069016078613097
1863,0.0028701921123834447,0.5068837504071158
1864,0.0028640177784754264,0.5068784829532736
1865,0.002857124933569859,0.5068778658591361
1866,0.002849715123299704,0.5068572926690654
1867,0.0028415375757530276,0.506824605321455
1868,0.0028346450553904546,0.5068253917028381
1869,0.002827252457140319,0.506816648161315
1870,0.0028216357265641733,0.5068280319218068
1871,0.002815193376273234,0.5068481803152861
1872,0.0028087880821532868,0.5068570707929407
1873,0.0028001639891696126,0.5068600781951556
1874,0.0027929911039868177,0.5068421951337717
1875,0.002786571709073287,0.5068605261508404
1876,0.00277963262510058,0.5068632898086416
1877,0.0027729834246771937,0.5068741064999289
1878,0.0027655647625857444,0.5068760477844856
1879,0.0027580734876101057,0.5068665473403406
1880,0.002750554800358178,0.5068601963062415
1881,0.0027432554787782354,0.5068524411839791
1882,0.002736718404468429,0.5068194970663715
1883,0.0027291442651420582,0.5068087963661122
1884,0.002722776793971367,0.5067910572660983
1885,0.0027159935769104954,0.5067781270350978
1886,0.002709467179580829,0.506761699451018
1887,0.0027005670610716417,0.5067381223718705
1888,0.0026937800621954695,0.5067400493925119
1889,0.002687795691138779,0.5067381625225374
1890,0.0026798155071231684,0.5067570310141315
1891,0.002672714862058423,0.5067442334182491
1892,0.002664275547332396,0.5067472577706906
1893,0.002657936304853036,0.5067425954651166
1894,0.002650247570660004,0.5067384589452812
1895,0.002641724995943219,0.5067184305043064
1896,0.0026364040376237103,0.50671152756433
1897,0.002629569009690177,0.5067191707864555
1898,0.0026233615142205475,0.5067027602166505
1899,0.0026156023770609865,0.5067170219988054
1900,0.0026085930977786348,0.5067149191321859
1901,0.002601836360097531,0.5066953665786617
1902,0.002595691918590325,0.5066859450647965
1903,0.0025884664604553026,0.5067097520764923
1904,0.0025823074354039926,0.5067069735214745
1905,0.002575247700132079,0.5067122045477626
1906,0.0025686248396621023,0.506675038426578
1907,0.002562596150565526,0.5066769686551269
1908,0.002557642673137998,0.5066601465944918
1909,0.0025511725861533893,0.5066487183821868
1910,0.002544109569550682,0.5066423369317198
1911,0.0025379589208037517,0.5066290138924143
1912,0.0025312890012633648,0.5066258132385937
1913,0.002524954229114183,0.5066459193765287
1914,0.0025178871912176085,0.5066334941136122
1915,0.0025111283553048013,0.5066339619034603
1916,0.0025036721175864998,0.5066155368953845
1917,0.002497562377415073,0.5066363511570584
1918,0.0024910793572930356,0.5066332669894414
1919,0.002484641462701244,0.5066181631899529
1920,0.002478166099939571,0.5065969995513533
1921,0.002471078493452775,0.5065918846537976
1922,0.002464280795530941,0.5065886598051095
1923,0.002458088434051259,0.5065822712407487
1924,0.002451644892820804,0.506575212948979
1925,0.0024450630233775962,0.5065791924243694
1926,0.0024386283520355144,0.5065838644031914
1927,0.0024325477790219886,0.5065967419160995
1928,0.002425500947561814,0.5065753933556387
1929,0.0024188201484762325,0.5065754138144707
1930,0.0024135454066007457,0.5065914390923564
1931,0.0024080438362449447,0.5065963994394601
1932,0.002401679275967121,0.5066025358320584
1933,0.0023964970898338565,0.5065982465330525
1934,0.0023902050640578635,0.5066274758758779
1935,0.0023846106704393175,0.506626472504795
1936,0.0023775560421903743,0.5066229774396666
1937,0.0023710611237137843,0.5066266266082055
1938,0.002364048183911384,0.5066320661832826
1939,0.0023588058451082874,0.5066542952807644
1940,0.002354301816333881,0.5066524310360727
1941,0.002347968345103052,0.5066455939184352
1942,0.0023422064710493136,0.5066457011527428
1943,0.0023365139789801414,0.5066835839781757
1944,0.002330070126764733,0.5066804301475426
1945,0.0023244248628645527,0.5066759980580666
1946,0.0023184118796598335,0.5066717424613717
1947,0.002312977168354132,0.5066853405828924
1948,0.0023068947603432383,0.506685109256431
1949,0.0023007842910402095,0.5066799613088371
1950,0.0022952975404592095,0.5066852653594973
1951,0.002288922460897626,0.5066653499954173
1952,0.0022817662109151223,0.5066462549562895
1953,0.002275062876261279,0.5066736632236376
1954,0.0022696319456274525,0.506647731487384
1955,0.0022653496063211893,0.5066648252460828
1956,0.002260599061046639,0.5066570374560708
1957,0.002255421269019856,0.5066443282952469
1958,0.0022494692849259956,0.5066403316804773
1959,0.00224435482400226,0.5066710867391507
1960,0.0022391527016952808,0.506665675069795
1961,0.0022343396434864036,0.5066765876609591
1962,0.00222875099882122,0.5066707080058134
1963,0.0022235979784932312,0.5066589504464035
1964,0.002218418620433291,0.5066611977284321
1965,0.002212846573780367,0.5066479193026101
1966,0.0022066766081100778,0.5066380079256251
1967,0.0022020283167591167,0.5066550448365256
1968,0.0021970838892188234,0.50665168283456
1969,0.0021922322212158973,0.5066546814031846
1970,0.0021865365023919247,0.5066715237358729
1971,0.0021812214298883156,0.5066705166343959
1972,0.0021758447686922875,0.506672113964846
1973,0.0021689129129204817,0.5066862255322409
1974,0.002164226309949186,0.5066864615996208
1975,0.0021593993303831364,0.5066760775265807
1976,0.002154455904791183,0.5066780618935822
1977,0.002149218162687091,0.5066656332552444
1978,0.0021446956120257103,0.5066467354712669
1979,0.002139994643931313,0.5066490916373968
1980,0.002134556950465655,0.5066403611089512
1981,0.0021287244489340334,0.5066529735194895
1982,0.002123501807218195,0.506663249991067
1983,0.00211838680228051,0.5066845995879954
1984,0.0021125664403619407,0.5066727172922155
1985,0.002108024110530752,0.5066656461968725
1986,0.0021034058797484933,0.506678045631538
1987,0.0020987217540456007,0.5066700974142974
1988,0.002093465498714977,0.5066700734779502
1989,0.002088345156783588,0.5066628994686402
1990,0.0020829385368128896,0.5066489475145706
1991,0.0020786366110573276,0.5066345911685317
1992,0.0020742273528504018,0.5066129899756668
1993,0.0020695226357594202,0.5066249493375745
1994,0.002063405747415028,0.5066481533146218
1995,0.002059434579590291,0.5066316077219687
1996,0.0020547000527893454,0.5066202964750127
1997,0.002050240465723426,0.5066357893154672
1998,0.002045805183099437,0.5066418958054686
1999,0.0020408471458903915,0.5066562229758332
2000,0.00203561792724484,0.5066507910968713
2001,0.0020295384807115617,0.5066441737605303
2002,0.002024578059454734,0.5066411989354966
2003,0.0020198444663563127,0.5066462060523782
2004,0.002014996527058073,0.5066300899715852
2005,0.0020097128697783594,0.5066312251805617
2006,0.0020049042704897166,0.5066042531562414
2007,0.002000355159039298,0.5065828962081295
2008,0.0019959703999923284,0.5065911741570439
2009,0.0019909992053673956,0.5065996612254403
2010,0.0019866870855062366,0.506588043743943
2011,0.00198256414393163,0.5065728661748974
2012,0.0019784385477640935,0.5065822148033337
2013,0.0019734467747994167,0.5065762234985646
2014,0.0019690757235709924,0.506571804049326
2015,0.0019643302649677667,0.5065727295226408
2016,0.001959927063794656,0.5065753042793182
2017,0.001954619406450424,0.5065721781576712
2018,0.0019496840405884696,0.5065753481074116
2019,0.0019437808294079986,0.5065634617991047
2020,0.0019384776960259332,0.506556359095366
2021,0.0019331569698421414,0.5065566421764798
2022,0.001928021261840409,0.5065507351496257
2023,0.001922445416808517,0.5065563184345062
2024,0.001917800577377851,0.5065594332108216
2025,0.0019133481000171949,0.5065538242079781
2026,0.0019083713495300738,0.5065803421712138
2027,0.001904173138137536,0.5065768716245446
2028,0.0018990368164201186,0.5065673544090764
2029,0.0018942771192322556,0.5065779815677983
2030,0.001889492406835697,0.5065608860301846
2031,0.0018839359476932383,0.5065338348295697
2032,0.0018788031734815263,0.5065154856598895
2033,0.0018745150686239286,0.5065199419696393
2034,0.0018700748793225753,0.5065382100506253
2035,0.001864882192345275,0.5065386069299742
2036,0.001859023403499135,0.5065123241389635
2037,0.0018553315095305727,0.5065071318599796
2038,0.0018511792853287432,0.5064887469264083
2039,0.0018472267261643372,0.5064953134728716
2040,0.0018422896492374852,0.5064771898586788
2041,0.0018376077503081945,0.5064721083686861
2042,0.0018330853946382526,0.5064582799465742
2043,0.001827992369074845,0.5064526660612266
2044,0.0018243199063539938,0.5064598838508503
2045,0.001819644180636585,0.5064515094742703
2046,0.0018152711912007978,0.5064415516457081
2047,0.0018104208806963178,0.5064268691739301
2048,0.001806343259092929,0.5064322810784843
2049,0.0018013240937326481,0.5064205362481083
2050,0.0017974354962556926,0.5064088522653086
2051,0.0017929449509274961,0.506393027945049
2052,0.0017878715977092366,0.5063918250365155
2053,0.0017831781927463448,0.5063935927552244
2054,0.0017790161383130487,0.5063810545888798
2055,0.0017746305855040258,0.5063873241402501
2056,0.0017706190416067365,0.5063966081636501
2057,0.0017651450868849936,0.5064014670782008
2058,0.0017610311622724203,0.5063793628026527
2059,0.0017569153571476055,0.5063771571027225
2060,0.0017529668471550734,0.506381644832748
2061,0.001748940136930532,0.5063622928645475
2062,0.0017440127395391344,0.5063499868261021
2063,0.0017392671307880111,0.5063480524122439
2064,0.0017348266517575115,0.5063599355401879
2065,0.0017310068468459122,0.506359612058747
2066,0.001725742276356188,0.5063781945147497
2067,0.0017217257061573417,0.5063713555749959
2068,0.001717297311047729,0.5063588124740624
2069,0.0017137164388610552,0.506345328826099
2070,0.0017101204505519984,0.5063561543787055
2071,0.0017047057888286408,0.5063734231973498
2072,0.0017003768261964474,0.5063806900499637
2073,0.001696407098895227,0.5063483390628255
2074,0.001692355548722651,0.5063493519882847
2075,0.0016887151300088602,0.5063642039698243
2076,0.0016855142807548087,0.5063686309516323
2077,0.0016811437502230406,0.506348315194713
2078,0.001676411490884922,0.5063481792247864
2079,0.001671998786919955,0.5063561648926376
2080,0.0016679726334656666,0.5063684492901681
2081,0.0016639711098366868,0.5063852892082285
2082,0.0016599126749516765,0.5064069665078466
2083,0.0016552443105771078,0.5064163608831296
2084,0.0016511263823587772,0.5064062905545095
2085,0.0016466362980149822,0.5064027329459637
2086,0.001642429428681357,0.5063770196932771
2087,0.0016380646652248304,0.5063587769892084
2088,0.00163287361854934,0.506352706171972
2089,0.0016289582472130194,0.5063630487160276
2090,0.0016249844675213356,0.5063491324596344
2091,0.0016214201500103517,0.5063480256144328
2092,0.0016178200058325255,0.5063507052305567
2093,0.0016146952933965462,0.506360176147503
2094,0.0016099228638676497,0.5063760140221784
2095,0.0016056006490115808,0.5063684469447461
2096,0.0016013882271028676,0.5063620528955142
2097,0.001597196888975669,0.5063612061583861
2098,0.0015922483648376762,0.5063758943940874
2099,0.0015877778653939608,0.506339709838091
2100,0.001583417202754615,0.5063325209860594
2101,0.001580257641547847,0.5063168790789936
2102,0.0015754799643110532,0.5063159703950371
2103,0.001570871268860743,0.5063147502855636
2104,0.0015673352820068656,0.5063082345947201
2105,0.001563655864177224,0.5062845820689202
2106,0.0015593923616953375,0.5062917219677509
2107,0.0015554773085561554,0.5063052163713037
2108,0.0015517576055027868,0.5063031318477551
2109,0.0015480810399933808,0.506294624735785
2110,0.0015446105187795094,0.506297819110324
2111,0.001541221668053722,0.5062934155300777
2112,0.0015369983043229825,0.5062709424561357
2113,0.001533090622546374,0.5062933276587462
2114,0.0015299416990048132,0.5062926551234642
2115,0.0015265386265221768,0.5062859564293914
2116,0.0015224365037939905,0.5062867697513029
2117,0.0015186890556559798,0.5062803293854911
2118,0.0015149204673720036,0.5062915065072118
2119,0.0015110991568010271,0.5062778975270879
2120,0.0015066422113825958,0.5062858622097235
2121,0.001502099921644645,0.5062939210441776
2122,0.0014973955678489117,0.5063036229052977
2123,0.0014933898181995553,0.5062847664321745
2124,0.0014888504568980109,0.5062872263616874
2125,0.001485110510528359,0.5062846668756508
2126,0.0014816323316708337,0.506289703493091
2127,0.0014775267991451004,0.5062891373010497
2128,0.0014742168099092312,0.5062962094681117
2129,0.0014703725266336238,0.5062874487204514
2130,0.0014665991120808475,0.5063080294026127
2131,0.001462702277096425,0.5063151386029313
2132,0.001458367981657942,0.5063318507467288
2133,0.0014548632390251638,0.5063264983227652
2134,0.0014515399744546755,0.5063051977631988
2135,0.0014484623537114108,0.5063012014618923
2136,0.0014449681755352441,0.506293416595771
2137,0.0014414534398863802,0.5062729587818983
2138,0.0014376006974956667,0.5062809887941896
2139,0.001434666714935904,0.5062647377991615
2140,0.0014308147703425225,0.5062665143157657
2141,0.001427095768252471,0.5062553983992025
2142,0.0014239907857686418,0.5062569645955185
2143,0.0014205379786396352,0.5062651449774124
2144,0.0014171856015227542,0.5062599156250397
2145,0.0014134452779239783,0.506243840376028
2146,0.0014102919885274374,0.5062503472096815
2147,0.0014068975185664927,0.5062215753672481
2148,0.0014030012127242341,0.5062173602034282
2149,0.001399455196287507,0.5062115198583962
2150,0.001396564060268836,0.5062119308922537
2151,0.001392561588501982,0.5062219787614514
2152,0.001389073355677572,0.5062082403499815
2153,0.0013860990992560348,0.5061978602416456
2154,0.0013826885355780346,0.5061952874968567
2155,0.0013796823444354135,0.5061841998085643
2156,0.0013754976687058499,0.5061788855868228
2157,0.0013714240873333125,0.5061863751998106
2158,0.0013676669349141253,0.5061874144630831
2159,0.00136403231927379,0.5061737344779245
2160,0.0013608766615063124,0.5061849987427877
2161,0.0013570413741435961,0.5061851948963716
2162,0.0013539548845217001,0.506182225031022
2163,0.001350587493366578,0.5061815958006725
2164,0.0013468702026211729,0.5061796545771755
2165,0.0013433371291952923,0.5061756253228352
2166,0.0013396374621748334,0.5061803844350532
2167,0.001336004910059889,0.5061544796118435
2168,0.0013326919522632914,0.5061435571581343
2169,0.0013300939434549995,0.5061476876570499
2170,0.0013260306589967697,0.506165617425297
2171,0.0013224524588026,0.5061557015208054
2172,0.001319188001204822,0.5061568487566397
2173,0.001315773963872669,0.5061348840212003
2174,0.001312096703005804,0.5061460569088652
2175,0.0013086368446945272,0.5061302515673133
2176,0.0013054749853195359,0.5061293536964888
2177,0.001301693435113214,0.5061380534905806
2178,0.0012987068940717263,0.5061346979619142
2179,0.0012947144343470108,0.5061339878293487
2180,0.0012918783419906888,0.5061273591039134
2181,0.0012883931650066577,0.5061399025291449
2182,0.0012849494486446014,0.5061374631545463
2183,0.00128207700149166,0.5061285812500004
2184,0.0012791565920063652,0.5061208387164715
2185,0.0012760395778696205,0.5061129513162228
2186,0.0012732935898487475,0.506104211767801
2187,0.001269648177900778,0.5061004710032897
2188,0.0012666074761022075,0.5060850399366857
2189,0.0012636173266858818,0.5060829984071201
2190,0.0012608138514828469,0.5060808716637001
2191,0.0012570583246441825,0.5060709408900347
2192,0.0012541130987563244,0.5060618674794096
2193,0.001250887839844753,0.5060471465073505
2194,0.0012479042903947109,0.5060467102363251
2195,0.0012445870239441775,0.5060309195030741
2196,0.0012415620370354197,0.506026542542518
2197,0.001239027730073206,0.5060180987699737
2198,0.001236012526685457,0.506016657398533
2199,0.0012335004613260095,0.5060118720274706
2200,0.0012306337896270687,0.5060058773288895
2201,0.0012275579224913945,0.5060088782155358
2202,0.0012239595316070222,0.5060097479026976
2203,0.0012208648387459556,0.5060133319943102
2204,0.0012172346463884618,0.5060046926680294
2205,0.0012149236014239303,0.5059973371734082
2206,0.0012120215810728027,0.505989738492828
2207,0.0012086298398478429,0.5059884720523655
2208,0.00120623127192463,0.5059795293583285
2209,0.001203224406346775,0.5059827207913983
2210,0.0012005235835609528,0.5059879724894694
2211,0.0011976410127687912,0.505983416406645
2212,0.001195164138309182,0.5059873845007419
2213,0.0011925208790706271,0.505977524723892
2214,0.0011892998333375043,0.5059672086415458
2215,0.0011865364143837302,0.5059557426111978
2216,0.0011836152232115326,0.505957163370137
2217,0.0011803087912429329,0.505955781968834
2218,0.0011778839563276872,0.5059644130996906
2219,0.0011743028777698174,0.5059666805271769
2220,0.0011711447108022418,0.505979504409559
2221,0.0011680076966194858,0.5059870451635481
2222,0.001164890529273257,0.5059976674782278
2223,0.0011618792458657785,0.506000218411838
2224,0.001158960029352913,0.5060024115659021
2225,0.0011563642384312296,0.505995305933671
2226,0.0011535021779996992,0.5059844166724762
2227,0.0011501107864717282,0.5060001567962736
2228,0.0011479698651665927,0.5060052596471272
2229,0.0011459494332110363,0.5059974002227305
2230,0.0011433825315267754,0.5059926777920828
2231,0.001140990559611615,0.5060004164767805
2232,0.0011386964683300993,0.5059994549026697
2233,0.001135324464516294,0.5060215066961394
2234,0.0011325067209437577,0.5060243265035778
2235,0.0011293280441712344,0.5060415673003128
2236,0.0011259207241093,0.5060401212761851
2237,0.0011231242186158046,0.5060475568955717
2238,0.0011205664566270685,0.5060614367652517
2239,0.0011174705502481272,0.506065274155007
2240,0.001114578579758777,0.5060825510723865
2241,0.0011116749179122304,0.5060904501828308
2242,0.0011090482354573045,0.5060786394969
2243,0.0011066314390004058,0.5060583475775795
2244,0.0011041444786634347,0.5060717237304173
2245,0.0011008322439451375,0.5060623177003941
2246,0.0010981349781806322,0.5060723142783471
2247,0.0010950722115313349,0.5060636329693537
2248,0.0010925892160748762,0.5060548051293731
2249,0.001090109989547684,0.5060546320769191
2250,0.0010871967891086412,0.5060425159925751
2251,0.0010842960710551579,0.5060359747403731
2252,0.001081779062966424,0.5060359775615277
2253,0.0010794155620184166,0.5060422117356549
2254,0.0010770406070572955,0.5060246782483122
2255,0.0010747132083291408,0.5060144450648312
2256,0.0010721710232642183,0.5060076691623284
2257,0.0010698988327291364,0.5060101005907314
2258,0.0010673645961283198,0.5060157005883206
2259,0.0010647246236772446,0.5060170441950803
2260,0.0010619254612339137,0.506008492037536
2261,0.0010597379983930378,0.5059953653922731
2262,0.0010568832737797027,0.5060055125175853
2263,0.001053980469524761,0.5060010277285211
2264,0.0010508621957942932,0.506001737763988
2265,0.0010480509924388787,0.5060066592339695
2266,0.001044936432660697,0.5059986134585317
2267,0.0010421376478375421,0.5060053074135928
2268,0.001039660687756132,0.5060102831832629
2269,0.0010371959837668769,0.5060028868398894
2270,0.0010351312124466374,0.5059965982103731
2271,0.001032908117410885,0.5059991285288526
2272,0.0010305555174651673,0.5060009730480339
2273,0.001027574463779211,0.5059894697599766
2274,0.00102504877289031,0.5059966633091949
2275,0.001022979020317665,0.5059936405424753
2276,0.0010205126903798031,0.5059828048363237
2277,0.0010179187317455628,0.5059896593257831
2278,0.0010153138889862111,0.5059862526244971
2279,0.0010131847777580232,0.5059877148736734
2280,0.0010104381030722432,0.5059974486766919
2281,0.001007780742386124,0.5060042721008092
2282,0.0010057986010479983,0.50599520815458
2283,0.0010035824549516977,0.5060010724211247
2284,0.0010007930533445573,0.50600684614491
2285,0.0009986581153471122,0.5060086809941413
2286,0.0009965769529305711,0.5060011219859413
2287,0.000993890224507684,0.5060004294111873
2288,0.0009914025618245343,0.5060083838507775
2289,0.0009888999024422918,0.506017002172506
2290,0.0009863148320819776,0.5060094381022617
2291,0.0009839119701136434,0.506023929302523
2292,0.0009818195355265045,0.5060192764438498
2293,0.0009797382804756286,0.5060196635342151
2294,0.0009776935840722734,0.5060266908031386
2295,0.0009757345485112637,0.5060197933707763
2296,0.0009730444091445174,0.5060181157444277
2297,0.0009703183565591885,0.5060238243163238
2298,0.0009677126333958196,0.5060017479609717
2299,0.0009649874004625194,0.5060203176688655
2300,0.0009625594466354735,0.5060220824541525
2301,0.0009600765660514497,0.5060228974499419
2302,0.000957761937660488,0.5060165588683978
2303,0.0009550202069017899,0.5060120474353048
2304,0.0009529068685704049,0.5060118706528001
2305,0.0009503154625036418,0.506013400824328
2306,0.0009480695040842827,0.5060122681960343
2307,0.0009456269762490594,0.5060125261331152
2308,0.0009433556624942715,0.5060195897847469
2309,0.0009408856471017753,0.5060307384889399
2310,0.0009380927991665092,0.5060260454515931
2311,0.0009358447157832751,0.5060203200280101
2312,0.0009337999930810771,0.5060125564640637
2313,0.0009311918125143033,0.5060182682517943
2314,0.0009291056991680808,0.5060190437947594
2315,0.0009268411115810544,0.5060325461822127
