epoch,train_loss,val_loss
1,0.9671854884454979,0.9795603987461025
2,0.9371499492120053,0.9538359679659981
3,0.9080447156368536,0.92838726391167
4,0.8825095218148344,0.9056706819490604
5,0.8589125087549625,0.8848289826706283
6,0.8360984713721419,0.8641801539250922
7,0.8143813629806907,0.8451648791530761
8,0.794054193899616,0.82788118420218
9,0.7761529423590797,0.8121660261735167
10,0.7586395767152037,0.7973076881373808
11,0.7417713621642108,0.782267329354236
12,0.7258259009311102,0.7690278047931581
13,0.7105529314334477,0.756896430514398
14,0.6969155700226053,0.7455645209106462
15,0.6836261827062924,0.7354071230215726
16,0.6715178378998186,0.7259003145674304
17,0.6595719137771016,0.7165239623668688
18,0.6486777667315746,0.7079839659093449
19,0.6385389130483029,0.6996803305178554
20,0.6278134946322059,0.6916872407565958
21,0.6178082913470841,0.6851232452095991
22,0.6082306228905696,0.678152580683726
23,0.599085889642685,0.6719273187502885
24,0.58998537473602,0.6643911747742278
25,0.5819552879843607,0.6581151757102235
26,0.5743954162306739,0.6538726964631164
27,0.5670790890582861,0.6489634978699427
28,0.56030742702045,0.6440602961849914
29,0.5538284339761089,0.6395786565035526
30,0.546689161492933,0.6337716240084772
31,0.5400605914333259,0.629051940706853
32,0.5339569137269964,0.6242410066814343
33,0.5274262835654311,0.6203488863290391
34,0.5222176983861859,0.6172615628232994
35,0.5165285032651915,0.6136898324260713
36,0.5106844037398025,0.6106486688797804
37,0.5055340596174248,0.6071045365825918
38,0.5001645228630962,0.6038662481331424
39,0.4954457807902357,0.601120676445971
40,0.49063035969160024,0.5980693027658686
41,0.48563641976012295,0.59585701970793
42,0.48062559753351375,0.5922090929102916
43,0.4761756122846622,0.5893233473390358
44,0.47207014075461856,0.5874103902089699
45,0.46767142484695695,0.5849571595716204
46,0.4632014997253771,0.5825302119856364
47,0.4590590101378709,0.5797447953781989
48,0.4551935742028121,0.5777439864941888
49,0.4514303797070312,0.5753611406007503
50,0.4474828436595249,0.5735330814893679
51,0.44384052464095547,0.5715548346013644
52,0.4402311803593605,0.5695405028436487
53,0.4368253073309594,0.5682931815023013
54,0.43321511792178374,0.5655331768695989
55,0.42973137784589854,0.5641049643584113
56,0.4262659487728237,0.5626289471625258
57,0.422337894330463,0.5607313990319983
58,0.41918826048144053,0.5594335672817642
59,0.41606959472006705,0.557815964105176
60,0.4128230006740308,0.5560376727086129
61,0.40979293390963867,0.5543403919854957
62,0.40669626090292826,0.5529324408384646
63,0.4034727929224101,0.5516107793253135
64,0.40057047229579207,0.5510529445855076
65,0.3975709066975169,0.5498303080779189
66,0.3949319987192609,0.5488055008186095
67,0.39191709644744244,0.5475333912960701
68,0.3892155315198242,0.5464814020176004
69,0.3862279684999259,0.5446898223964768
70,0.3836044223217909,0.54428488229226
71,0.3809439802682395,0.5430194493751938
72,0.3784948150712421,0.541914602580027
73,0.3759080931982118,0.5412498247324139
74,0.3732589693275966,0.5398490281205285
75,0.3706619351127432,0.5383155417641646
76,0.36821962616759846,0.5371337195333593
77,0.3658415437623254,0.536161508485166
78,0.36341588362998084,0.5349109758193963
79,0.3608601529380336,0.5338859368936858
80,0.35843481754375245,0.5328336914246372
81,0.3562298782132782,0.5319211511932689
82,0.35391392168583147,0.5309869407837403
83,0.3515029061106129,0.5299536957122221
84,0.3491810103373928,0.5288846702626718
85,0.3470198385010454,0.5278262235326637
86,0.3446406099032746,0.526666809468567
87,0.3422370355496498,0.5258182856798079
88,0.33999176436981,0.5253190321030183
89,0.33792231167804543,0.5242380755104745
90,0.3357134749751266,0.5233330971441985
91,0.33359182751117056,0.5225384910225125
92,0.331577035278523,0.522330908374878
93,0.32944838749338345,0.5216143814824377
94,0.327320357247109,0.5208221079130634
95,0.32542191429010947,0.5200905664163521
96,0.3234587394992881,0.5197131113197485
97,0.321500234397247,0.5189131487474845
98,0.3194897101530908,0.5182443110165462
99,0.31751750916216565,0.5176576370279681
100,0.3157395989072826,0.5170893952691124
101,0.31368245375200454,0.5157183320524652
102,0.3117666801008683,0.5147773144034811
103,0.3099789935273891,0.514311269965575
104,0.30809832397121395,0.5133777692428257
105,0.3062550566627295,0.5128594828092385
106,0.30448427175894016,0.5121436078065313
107,0.302735303569664,0.5115338658697094
108,0.3009169364884211,0.5109114289176426
109,0.29919679876247307,0.5103960567681237
110,0.2975485960156393,0.5099196229951348
111,0.2956605200531806,0.5091422722272977
112,0.2939700862970006,0.50870464809309
113,0.29235407420494397,0.5081992584413035
114,0.2905567142826815,0.5075039740265833
115,0.28886516816533675,0.5068648506447464
116,0.2872454599774872,0.5063355304423298
117,0.28550948405672727,0.5052683991808614
118,0.2837850652718203,0.504457436765245
119,0.28220985641475266,0.5041774605592017
120,0.2806493437281231,0.5039312494323944
121,0.27902618152165176,0.50302371026419
122,0.2775739976661733,0.5022778962189862
123,0.27603471588884837,0.5016738265629729
124,0.27439277897068826,0.5006726593963065
125,0.272944114618755,0.5005372547262603
126,0.27144203124350397,0.5001819380240802
127,0.2700449108169783,0.49967426891313005
128,0.26846087715448347,0.49865687163027667
129,0.2671797931792618,0.498780319907478
130,0.2657862714540158,0.4986059524551463
131,0.2643112817616212,0.4975300566822931
132,0.262965183105136,0.49724068113096564
133,0.2615233744164069,0.4967871356602569
134,0.2601564483464006,0.4964626672953832
135,0.2586311801572623,0.4960753238156262
136,0.25722590329978967,0.4953904129059691
137,0.25578150225847457,0.4947914591404758
138,0.2544198273005888,0.49433071486211644
139,0.2529546113402931,0.4939872136143609
140,0.2516160916898934,0.4937089667611505
141,0.2503141811014098,0.4932910646057278
142,0.24913840312112534,0.4930311920296621
143,0.24784854723144004,0.49270521564631065
144,0.2466895025359515,0.492459030759988
145,0.24546261731722288,0.4918794167924253
146,0.2440989761856565,0.49114072047219204
147,0.24282211854511634,0.4908712192187673
148,0.2415507622403579,0.4906333808306955
149,0.240282377063121,0.4905636248872649
150,0.2389664007198696,0.4903831876344052
151,0.2376409355991366,0.4899829517142277
152,0.23648828736184038,0.4896252710416622
153,0.23524683746760355,0.4889698850308631
154,0.23406003565104574,0.4888347152252023
155,0.23289758621555698,0.4883095677241536
156,0.23170360312171953,0.4880286273468353
157,0.23054437873350156,0.4874408264542773
158,0.22932218429172407,0.4871346009454753
159,0.2281818248522999,0.48680389764984183
160,0.22708634353449952,0.4867024119978691
161,0.22587023774769244,0.48658683076169945
162,0.2247700388965134,0.4861197140403976
163,0.22355523681507236,0.4861883452354087
164,0.22242438374051673,0.48565200811659215
165,0.22132917932832616,0.4853057305800813
166,0.220221679616925,0.48515403306526556
167,0.21912492833881306,0.4846644873181407
168,0.2180026082748289,0.48431339863904294
169,0.21691853698949667,0.48402161253793763
170,0.21584176930230126,0.48353140319806037
171,0.21476807377460608,0.4835129634203926
172,0.2136759888874877,0.4833861813254429
173,0.21271907617045696,0.4831225513719059
174,0.21171306436255924,0.48289567477180273
175,0.21071227398290868,0.48273616870176234
176,0.20966115931328924,0.4819562943475985
177,0.20860786509894005,0.4814709911866672
178,0.20746849440657308,0.48095049654549094
179,0.20649296607196072,0.4808779078766979
180,0.20545625643202156,0.4806142391093639
181,0.20439920633586356,0.48072097503622196
182,0.20343357258438438,0.48040009298404995
183,0.20240497675454286,0.48020330121248644
184,0.20141158116195926,0.4798547729483968
185,0.20044318394445815,0.4795465939864306
186,0.1994527572951277,0.4794406032390149
187,0.19853496494692005,0.47943265849406314
188,0.197592817972388,0.4791056246160242
189,0.1965490809755,0.47907856893198214
190,0.1957182182043716,0.47881489038982605
191,0.1948417582303207,0.47865785286482077
192,0.19394099998932687,0.47846707021844825
193,0.19297078087305303,0.47851073425042795
194,0.19205691370573388,0.4783607187926738
195,0.19109361794274432,0.4783657131979568
196,0.19023820569638353,0.4782756885992807
197,0.18933511126523866,0.4784086179632187
198,0.18849744692121845,0.4783799831297339
199,0.18757469265019477,0.4783728219610906
200,0.18671628076412328,0.47844576520392007
201,0.1858174694482815,0.47821714877473837
202,0.18489851008593494,0.4777812593523515
203,0.18396447201173485,0.4774901228122329
204,0.1831116035986057,0.4774766915477104
205,0.1822793014400395,0.4773723694656645
206,0.18145328844047626,0.4770536589243461
207,0.18067626598402234,0.4765199666299476
208,0.17978731493399996,0.47611433016908156
209,0.17896360868016578,0.4761023746554027
210,0.17812871546585438,0.47577982224882615
211,0.17729581440062206,0.4753985651085788
212,0.17649113539924552,0.47514513672010283
213,0.17578002452643415,0.4751125622415307
214,0.17496255965301616,0.4750268633880558
215,0.17411668991265036,0.47505363397952105
216,0.1733423913121177,0.4749529910261849
217,0.17252462544976538,0.475096087040726
218,0.17167956589405892,0.47498999791497754
219,0.17096748043655882,0.47460738470771396
220,0.170136587398483,0.47420181057946276
221,0.1693354016135473,0.4739988689598388
222,0.16847123756850382,0.4738293780170714
223,0.16773532058956345,0.4738277218325754
224,0.166948954335757,0.4735498199314869
225,0.16624030669513065,0.4734570248743581
226,0.1654958624530042,0.47344327149591814
227,0.16475378148202477,0.4731905916286078
228,0.16401433990404266,0.47308529824615975
229,0.1633643479604896,0.4732177255546024
230,0.16264014915028643,0.47306727573408996
231,0.1619340080729259,0.4729344982972215
232,0.161209238610384,0.47273120570121535
233,0.1605256666165465,0.47270374110805563
234,0.159774401816877,0.4726524517735956
235,0.15914465071078032,0.47292105778249754
236,0.1583853320484441,0.47262466533331815
237,0.157593392885866,0.4723933304265359
238,0.1568979782731387,0.47197455605136934
239,0.15613080746804042,0.4716895850637238
240,0.1554391656813028,0.47152963214134763
241,0.1547668793867261,0.47143926880616327
242,0.1541142985742306,0.47131152940065013
243,0.1534854914248592,0.47103324986410205
244,0.15280810382213508,0.4707715923107991
245,0.1521181619628287,0.4706780936382911
246,0.15149228034370918,0.4704815289453263
247,0.1508778172775462,0.4705666905671149
248,0.15020402313127157,0.4707219079125867
249,0.1495888712163937,0.47049735386320984
250,0.14899105434714305,0.4704746505280819
251,0.14833809754327604,0.4706560253360944
252,0.14773766056677212,0.4702384173878479
253,0.14708635091040792,0.4699975571091452
254,0.14642027938887223,0.46985646874908993
255,0.14577812934270068,0.46960527734315394
256,0.14516981500886483,0.46968744101227594
257,0.14454552373185614,0.46923694221942513
258,0.14394076688943416,0.46927173169621605
259,0.14333239508680962,0.46892978659829904
260,0.1426448573844634,0.4687484354049415
261,0.14202494856643075,0.46876164593948283
262,0.14138970670752568,0.46851054830706695
263,0.14069759099189663,0.4682838271584249
264,0.14008770386554875,0.46827644566974436
265,0.13953747590433135,0.4681395744425203
266,0.1389305992386973,0.46806258965847336
267,0.13828762269357306,0.46770916663133755
268,0.13768637814283746,0.4677685551563275
269,0.1371176772968574,0.46798783032434504
270,0.13650186800259928,0.46782794445018794
271,0.1360055082094937,0.4679136363722502
272,0.13539050060654004,0.46800706685249166
273,0.13481134438974482,0.46800689260976
274,0.13422491147245863,0.46791294741593875
275,0.13365071944742493,0.46785895902561697
276,0.13309933158441556,0.46788693096682626
277,0.13251584707711334,0.46760238982824626
278,0.13190292478375112,0.46739700336754403
279,0.1313603552575946,0.46730726007482226
280,0.13078170838368053,0.4671380140249304
281,0.1302082667868797,0.46726428972917194
282,0.12964079574160914,0.46708277517039387
283,0.12905864739591844,0.4670004039329049
284,0.12850976375062445,0.4668374411691998
285,0.1280304998821862,0.4667079470699337
286,0.12753037557293465,0.4668676254779378
287,0.1269630026888585,0.46678550990597656
288,0.1264187145423861,0.4666199543913879
289,0.12590137471155438,0.4664664326062957
290,0.1253934339725466,0.46622319147670027
291,0.12486829044664341,0.4664386193740708
292,0.1243939853419706,0.46650811808207954
293,0.12390210058961433,0.46649402094747805
294,0.12342357539064071,0.4664435675777918
295,0.12297005678872602,0.4663671562184171
296,0.12239206567681817,0.4662570890208748
297,0.12190166021171657,0.466200669656601
298,0.12138990821490374,0.46600536345879334
299,0.12085188471874328,0.4658946560662402
300,0.12032300416846173,0.46610710220752505
301,0.11985742630012074,0.4661734605468754
302,0.1193710926102177,0.46641737274269934
303,0.11890823892289729,0.466507572583511
304,0.1184305794214304,0.46632592190022787
305,0.11793009190097242,0.46626640536266284
306,0.11744832845563583,0.4662830564280469
307,0.1169463796852748,0.46622139699085513
308,0.11642580158911679,0.4662390645527171
309,0.11593240391185484,0.4662988535548695
310,0.11542131840440482,0.46600516345029586
311,0.11494208730581525,0.46598792408766543
312,0.11446946263960309,0.46584908203245556
313,0.1139165695073926,0.4658852782408348
314,0.11346992216162899,0.46585327032221924
315,0.11298616869082083,0.46557656121516466
316,0.11252558410600244,0.46540429590205384
317,0.11205680180165228,0.4652232336553083
318,0.11161767502048704,0.4652678759314337
319,0.1111497337528957,0.4651484030469525
320,0.11067015543583189,0.4651649651477809
321,0.11016826046503432,0.46483738784982026
322,0.10968717550192021,0.46481007215302605
323,0.10922156892226305,0.4647532380341285
324,0.10878082184944543,0.46456253986589213
325,0.10827411782400671,0.4643782513908226
326,0.10780151733403522,0.46442914211579356
327,0.10730282453464321,0.46427302531242265
328,0.1069026316469967,0.4642418957730727
329,0.10647935818616136,0.4640161606994259
330,0.10603926484001856,0.4638589359277348
331,0.10558565091206563,0.4642039227183399
332,0.10512480705021575,0.4638123564541095
333,0.10465419190289249,0.4638240506845759
334,0.10425649788163123,0.46345495237588136
335,0.10383947080408679,0.46353306601339195
336,0.10346776797197525,0.46343243507171
337,0.10300143130326052,0.46326119703694435
338,0.10259070496932146,0.4630392104241932
339,0.10212688764839183,0.46275099918814094
340,0.10166794987336199,0.4626706147742633
341,0.10128397388433441,0.4625545051733107
342,0.10084132423019937,0.46245995116136474
343,0.10042829472527409,0.46255994076498563
344,0.09998179837332666,0.46248165704578176
345,0.09961533702394114,0.462287187732337
346,0.09917743351047076,0.4622551184805864
347,0.09880711983367763,0.4621676323568158
348,0.09839299820480561,0.46219121381658196
349,0.09797393976017633,0.4622682366047796
350,0.09756791810323248,0.46217015328944294
351,0.09717017533322218,0.4620487596405844
352,0.09676030764255156,0.4619460029238702
353,0.09637154197237122,0.46207793491190735
354,0.0959987383404937,0.46203016855953055
355,0.09562965531549823,0.46202156628686164
356,0.09524786557109932,0.46188050153766
357,0.09488426359695128,0.46179465641534695
358,0.09451748613716715,0.46184461210709604
359,0.09414752573436938,0.46163398662920685
360,0.09377668633679863,0.46149485814166885
361,0.09339191154889835,0.46154481933550945
362,0.09300503076670188,0.46129264821776284
363,0.09265399743039934,0.4613796431252431
364,0.09228365522865026,0.4612418632332035
365,0.09190734197151039,0.461196828046698
366,0.09153775647602533,0.46105264834380744
367,0.09115632668020453,0.4609486550734584
368,0.0907934113115544,0.46100954647917275
369,0.0903975068310464,0.4609117137038259
370,0.09003341834734496,0.4607337009840093
371,0.08964601974062178,0.4608191923946132
372,0.08931539892922712,0.46070391187859605
373,0.08892430434660008,0.4606268916599266
374,0.08855260197796304,0.46057794081978004
375,0.08820410036434606,0.46061160338176943
376,0.08782161266628839,0.4605821781500148
377,0.0874831918797033,0.46058830615368723
378,0.08714628074193308,0.4606738718145835
379,0.08679927947951303,0.4606306591483715
380,0.08642895919699496,0.46048076913702934
381,0.08609296612000929,0.46024810391371945
382,0.08576249194960117,0.4601919006603678
383,0.08537646180130258,0.4599911566586368
384,0.08503587133410495,0.4598466907153894
385,0.08469499448554256,0.45992974437328626
386,0.08432722133493113,0.45983236029783914
387,0.08400689001941661,0.45968542726654676
388,0.08364936084471436,0.4595956595269394
389,0.08333982045956474,0.4596588138343691
390,0.08302581311790443,0.459587547585872
391,0.0826677329445837,0.4596220124470066
392,0.08230468824089895,0.45956669531568134
393,0.0819744643657983,0.45955317355172687
394,0.08165300554182171,0.459468813119859
395,0.08127108465032612,0.4593454445965654
396,0.08096279664745426,0.4592395125860115
397,0.080645921891896,0.45919797842131893
398,0.08032697250365572,0.45908612790539793
399,0.08002118608238568,0.4589227164386256
400,0.07968346436762758,0.45911824646611493
401,0.0793360660375066,0.4589990963629334
402,0.07902844570270537,0.4592052783838154
403,0.0787221520429068,0.45931412040600084
404,0.07841082195406282,0.4592719287520816
405,0.07808940459123682,0.459396920875689
406,0.07778833124078502,0.45935409618594436
407,0.0774684677202363,0.45944311552955536
408,0.07718138658492968,0.4593813977219251
409,0.07686669265953322,0.45909299613148224
410,0.07658355855730209,0.4591079171347134
411,0.07627915981081179,0.45896754573489373
412,0.07599823081020075,0.45890887536147745
413,0.0757017138280387,0.4589281200670457
414,0.07538468133825375,0.4589599852345711
415,0.07509092963910294,0.45897926054733956
416,0.0747889035416843,0.4589327949167501
417,0.07447392558594869,0.4587889850205168
418,0.07417511826647147,0.4587268953959188
419,0.07386752729460583,0.45870243962603025
420,0.07357934773795685,0.4585963589338156
421,0.07327888285459058,0.45847119303505485
422,0.07299476890565916,0.45857796198115874
423,0.07276448680934697,0.4583786805110414
424,0.07248751681648923,0.45832433772726716
425,0.07219172712352503,0.4581563215074249
426,0.07190736408174854,0.45811952916631815
427,0.07164513568120547,0.4580488732667295
428,0.07134729492880372,0.4577461620553831
429,0.07105722013557757,0.45773095131051766
430,0.07077179482630337,0.4577224240040492
431,0.07050341293965241,0.4578389525605826
432,0.07022211799712062,0.4577993417955486
433,0.069966958707525,0.45792600995689114
434,0.0697195720168859,0.4576996491888809
435,0.06947251254805525,0.4577169224370372
436,0.06920858081920207,0.45780308404759684
437,0.06895225078432766,0.4579843076759316
438,0.06869511886639769,0.4579694969310326
439,0.0684634255826706,0.4579818288488216
440,0.06817408336328581,0.45797735827707825
441,0.06791110430722296,0.45788721081833483
442,0.06765470326905391,0.45803205522848894
443,0.0673806899247408,0.45794500185102016
444,0.06712820217588403,0.45800927725360635
445,0.06685037355579505,0.45813547021165024
446,0.06657953299774139,0.45803976840947674
447,0.06635332723713024,0.45797405079557957
448,0.0661055774689753,0.4578837594728017
449,0.0658602975962988,0.4577846120583312
450,0.06557400412911875,0.45781602160322477
451,0.06532053200462276,0.45790908403681047
452,0.06505433973420818,0.45789646249072125
453,0.06482608837705,0.4577830698032958
454,0.06456713022821131,0.4578802675969746
455,0.06433573930643657,0.4577896851872313
456,0.06409052776584903,0.45773119765942927
457,0.06387603091034691,0.4577623966360758
458,0.0636218791482678,0.4576673839821603
459,0.06340435467428875,0.4576339971186152
460,0.06312582318966911,0.4575497002850084
461,0.06285837033896703,0.457301373491792
462,0.06261856192393138,0.4572504741600941
463,0.062387950303988235,0.4572666971317462
464,0.06214681163863719,0.4571626235779999
465,0.06190981574978412,0.45717178216031645
466,0.06168313500603061,0.4570558358037848
467,0.06144164767011177,0.45721254274243844
468,0.06121569158598726,0.45700262737996694
469,0.06095961500520337,0.45696047369817566
470,0.060721879405761084,0.4569333203488661
471,0.06045307854253752,0.45685695743718896
472,0.06022562968808668,0.45667039564289225
473,0.059995484652286435,0.4566386981030924
474,0.05978335329087064,0.45657890645109767
475,0.05955477355236403,0.45647321091654325
476,0.05932922270639484,0.45646181017545534
477,0.059103809065092494,0.45625963755726917
478,0.05888240389939018,0.4563873139770317
479,0.05867247766366003,0.45631388604690376
480,0.05843992697116301,0.45613863807051236
481,0.058230145162085675,0.4562050156288829
482,0.05798664824828221,0.45629379637973483
483,0.05777271811765192,0.4563086410048803
484,0.05756170170936008,0.4562276310533989
485,0.05733190194618357,0.4561128086298175
486,0.05713128477775225,0.456193462196325
487,0.05692225234750388,0.45622111092831474
488,0.05671633872842655,0.4562151968825101
489,0.056489405369460836,0.4563094150363272
490,0.056288151284830445,0.4563324776151777
491,0.05607969334441259,0.45632146151483854
492,0.055870361631649136,0.45637547149275864
493,0.05567066365444162,0.4564718138232844
494,0.05546026610769821,0.45637547628214475
495,0.055270870912251024,0.45638242107711485
496,0.05506320182124156,0.4564338206371822
497,0.054865394640615545,0.4563328357871701
498,0.0546623436039226,0.4561925219535535
499,0.05444519078555793,0.4561387800269967
500,0.05424057455107896,0.4560654198433258
501,0.05404976324817188,0.4562228005836208
502,0.05385919866480841,0.456237711843925
503,0.05363115464924216,0.4561055389539347
504,0.05343486337872175,0.455941843479181
505,0.0532492542538655,0.4560133338606832
506,0.05303018575871146,0.4560995231204675
507,0.05286845089957572,0.45624981557798083
508,0.052680654269266304,0.45627818967580575
509,0.052474653908347296,0.456178053541759
510,0.0523209845351755,0.45618290595593336
511,0.0521048920094004,0.45616744819096866
512,0.05193899453273863,0.4558987026003054
513,0.051736823572279635,0.4558534303127121
514,0.05156431112554354,0.4558852595023896
515,0.05139151757383786,0.45588238213928517
516,0.051207674383148945,0.4559965106983729
517,0.05102583101767275,0.4559592265927965
518,0.050824699430051024,0.45584093950289284
519,0.050640680864772046,0.45570499521753166
520,0.05043345257338725,0.45562356650110686
521,0.05024465542209195,0.4555197251997394
522,0.05004420542972951,0.45544756844563733
523,0.0498721997983075,0.4554767771910709
524,0.04968497690967488,0.45550025084340995
525,0.049498145594138704,0.4554156852357739
526,0.04929233936358426,0.4553832803192228
527,0.049101352183381214,0.45539590714020506
528,0.0489381198781676,0.4554144272927559
529,0.04872822036234949,0.4554247298359408
530,0.04855357032682683,0.4553592955494415
531,0.04836178978065546,0.4552885239962358
532,0.04818802739727127,0.45525902410643976
533,0.04801986011172497,0.4553342957832781
534,0.0478617040793415,0.4552789650223521
535,0.047691485638981214,0.45537486444350256
536,0.04753225980276317,0.45538552278868977
537,0.047361713875135124,0.4554312255818058
538,0.04718589527702084,0.45538927417551606
539,0.04701561758127797,0.4553161429017767
540,0.04685157289358263,0.455334310467391
541,0.046663683054857054,0.45548227709292716
542,0.04650019048702875,0.45544746549257936
543,0.04629542112262646,0.4554144000408755
544,0.04612121842352759,0.45536496736217247
545,0.04596303987453333,0.4554303303085823
546,0.04581863422902296,0.45526087841703305
547,0.04565289179762929,0.455241389073065
548,0.045497912291964135,0.4552386541240192
549,0.045341345986218466,0.45511237974431173
550,0.045188426046320014,0.45514559414020445
551,0.045027525478595794,0.4550813319055192
552,0.044890919175244834,0.45501941893512404
553,0.044743086954854155,0.45484445560144704
554,0.04457297376862457,0.4549453582242766
555,0.0444113492894728,0.4549208383069519
556,0.04422499433963769,0.45487423164998525
557,0.044050984383901426,0.45472544056556913
558,0.04389426925530537,0.4546769378322912
559,0.04372965792838252,0.4545857353330789
560,0.04356837415034195,0.4545445285296867
561,0.043407022678221684,0.45453907603424565
562,0.04325075385413962,0.4545913481959644
563,0.0430937975417769,0.4546468832875184
564,0.04293817161869355,0.4546388446526111
565,0.042781511427463115,0.454636125221162
566,0.04264551552243746,0.4546888725099908
567,0.04250268249287188,0.45455955079910865
568,0.04234173155428267,0.4545659134610571
569,0.042193365739642344,0.45450375901467494
570,0.04203620648699517,0.454470595828208
571,0.04186662435104717,0.4544689273845822
572,0.04171245952837094,0.45440333001651134
573,0.04156033616924312,0.45433124505343986
574,0.04140569866442891,0.45426906521493604
575,0.041249701955516825,0.45411467967740576
576,0.04108116598434785,0.4541088424190256
577,0.04094555836875402,0.4541199636149521
578,0.040797848059589144,0.4542719830966644
579,0.04064956726173971,0.4542522918704322
580,0.04051240747810504,0.4541580921926739
581,0.040388609469138116,0.45432753390318187
582,0.0402495985480618,0.4542624569039908
583,0.04010672815309685,0.454270479679866
584,0.0399666762372448,0.45423986723200943
585,0.039812784026893575,0.4541582489087832
586,0.03965454623824097,0.4542158560298392
587,0.03951518039727727,0.4542170018636309
588,0.039372970712827915,0.4541677783603736
589,0.03924367669806007,0.4540907322314625
590,0.03909035617155963,0.4540087133483172
591,0.038941697361090905,0.4540092794225911
592,0.038789909783335165,0.45397867969797956
593,0.038654522591783466,0.4539841976286874
594,0.03850985509316347,0.45387110626006727
595,0.03836614320586834,0.4538837125583749
596,0.03821894094457174,0.45378744308808594
597,0.03808942181946795,0.45374921987833705
598,0.03797623179900618,0.453709741921257
599,0.03783930453535974,0.4536095561950584
600,0.03770804417394524,0.45369578630283275
601,0.037588808060982644,0.45363730430166566
602,0.03744749883707777,0.4537674445317173
603,0.03731693735417201,0.4537941197474567
604,0.03718330580565988,0.4537072847978895
605,0.03705886800735744,0.45363738971090306
606,0.03693919889766077,0.45354262729117845
607,0.03681443735390248,0.4534846687052111
608,0.03667767332841034,0.45352533711121756
609,0.036543168503181796,0.45333023240288495
610,0.03640200289244493,0.453309994404327
611,0.03624860540021429,0.4532994730691095
612,0.03611275418518369,0.4532673500362993
613,0.035984261182440115,0.45309137939124977
614,0.03586000861929547,0.45302389561394407
615,0.03573013986628546,0.4529871220137965
616,0.03558731513757713,0.45304915905569276
617,0.03546630939010502,0.4530272354942508
618,0.035351156033232765,0.4529179447587036
619,0.035220254485503,0.452890848652399
620,0.035102909415239095,0.4530162798522809
621,0.03495747816853729,0.45305266186799553
622,0.03483610604953837,0.4530637071736128
623,0.03471082403055241,0.4530152497648533
624,0.034602337823637155,0.4529722472146938
625,0.03446449178434309,0.4528832399454574
626,0.03435275738308396,0.4528300620632825
627,0.034227530165032626,0.4527755042947302
628,0.0340966000680493,0.45273193725604116
629,0.03397938130938447,0.45282258493211586
630,0.03385844051543534,0.4528764945968334
631,0.0337365108121013,0.4528841725455394
632,0.03361327411447568,0.45291100928216066
633,0.033487640798747206,0.4529475349339913
634,0.033378106888206076,0.45300694275931797
635,0.03325339046999087,0.453122799771022
636,0.033135209565325355,0.4531201990439687
637,0.033012346849458536,0.45317984661323635
638,0.032898938394200744,0.4531902575881209
639,0.03279328813140519,0.45309601420847917
640,0.03266641260069356,0.45303594989084356
641,0.03255950923635913,0.452922358717073
642,0.032439216781452763,0.4528838505666046
643,0.03231438621147889,0.45288337323538624
644,0.032183551542821855,0.45273638580503905
645,0.032086050405775245,0.45273249027344237
646,0.0319907600058345,0.4527560431430093
647,0.03188520640612993,0.45275637572846117
648,0.03178142502870976,0.45272295083310327
649,0.03166873336612804,0.4527709366141954
650,0.03155695231571504,0.4527111624858438
651,0.0314458581406533,0.45281293293408237
652,0.03134222528526762,0.45275152275192204
653,0.031225831362015385,0.4527039119232134
654,0.031099959035189983,0.45262004629528874
655,0.03097900880311151,0.4526654815486351
656,0.03086811186564478,0.4526103670407782
657,0.030751409707726194,0.4525045634014803
658,0.0306609870868308,0.45256576697097434
659,0.030551294685338317,0.45263179213932375
660,0.030428487401285696,0.45268212471870234
661,0.030317999517896467,0.45257285303184674
662,0.030216862029201964,0.4526009621638295
663,0.03011341052487601,0.4525717357642708
664,0.030009005998695954,0.4525048344659356
665,0.0299052740507663,0.4524893104465629
666,0.02978571727000421,0.45254991036368647
667,0.02968003943458896,0.4525991931007943
668,0.02957342247862693,0.45264685991629455
669,0.02947333000463551,0.45256547163812416
670,0.029376575264066167,0.4525822168143946
671,0.02927949391332017,0.45244078347739813
672,0.02918030663933779,0.45248158989125603
673,0.029063730116437852,0.45244460985352386
674,0.028965587876998208,0.45244417862291497
675,0.028868177226917743,0.4523853471467141
676,0.028777450579866456,0.4523817095216035
677,0.028678930489385728,0.45240773593057854
678,0.02857245558901204,0.4522992057321499
679,0.028474185326486927,0.4522767281619973
680,0.02836958914112552,0.4522359741632757
681,0.028263989102054455,0.45218127792240626
682,0.02816182987608627,0.4521752531422671
683,0.028059072012521596,0.45217491269870147
684,0.027972108373172013,0.45212043243210254
685,0.02788312885694046,0.4520589027611712
686,0.027784897255846278,0.4521534541744529
687,0.027695781863936328,0.4522164562556274
688,0.02760327924411883,0.45218056238788673
689,0.027516956178634852,0.452119964216956
690,0.02741152310433584,0.45220248635442856
691,0.027315295184746555,0.4521891247922562
692,0.027214692298704275,0.45218448552537066
693,0.027117232228165804,0.45217706049033135
694,0.027023335958630733,0.4520820237469325
695,0.026920585710974325,0.45205813915913634
696,0.026834130586439398,0.4521025759623505
697,0.026744204841913047,0.45208848708987714
698,0.026658232037346654,0.4521285473824355
699,0.026569052316201994,0.4521625037597139
700,0.026484495179982366,0.45216451164027666
701,0.026392842949288366,0.45218602412021364
702,0.026322800224583737,0.4521177562795736
703,0.02622196426135161,0.45211401502836324
704,0.026127171663975737,0.452163792914934
705,0.026044570413818156,0.45219159028075906
706,0.025947819634678706,0.45208327947356036
707,0.02586422492546454,0.4520184366075282
708,0.025768314278369023,0.4520028675878948
709,0.025671582196346847,0.45198143342457137
710,0.025570554550518678,0.4518699000347938
711,0.025483492699145526,0.45184529626975545
712,0.025397720761415592,0.4517480367268173
713,0.025314445833279176,0.45184522813365424
714,0.02521966362288393,0.4518836946140331
715,0.025125622077289043,0.45186077173775874
716,0.025048452614059528,0.4520176701936714
717,0.02496298266992913,0.45194008860720514
718,0.024879676088156062,0.451937783450084
719,0.024787794966716147,0.45195800679419856
720,0.024709613215176555,0.451923974645886
721,0.02461652747112162,0.4518626713752494
722,0.024537608410954953,0.45182836992537084
723,0.024459670932951566,0.4518077147374227
724,0.024375227374631936,0.45179835199950896
725,0.02428448678952401,0.45178384810787914
726,0.024203500504668882,0.45170352382673573
727,0.024124569631010607,0.4516669492140286
728,0.024035829368643534,0.45160719059454907
729,0.02394928184726539,0.4515124109633771
730,0.0238661982528055,0.4514282751159749
731,0.023787960579795178,0.45150054593593275
732,0.023704193909596608,0.45148653719647786
733,0.023625243335232058,0.4515513130040904
734,0.02354673179694728,0.4515206082981299
735,0.023477891675249045,0.4514192354900211
736,0.02339801387758765,0.4513113022309212
737,0.023313624342541524,0.45131829165351645
738,0.02323307999721256,0.4513185114146158
739,0.02315894859589837,0.45126356685216257
740,0.023084896322136058,0.4513432084430008
741,0.02300368833378846,0.45143422295862157
742,0.022920178167599184,0.45148924892046133
743,0.02284424114636855,0.45145405979989733
744,0.022764443923346193,0.4515450890020757
745,0.022681939328954286,0.45147594354286974
746,0.022603190556611207,0.45147407224756547
747,0.02252135663344069,0.4514200934021564
748,0.022444656342818666,0.45139104568537536
749,0.02236679016551964,0.451344856008677
750,0.02229069197928153,0.4512824452118989
751,0.02220544018707423,0.4512496757613316
752,0.022130781123606152,0.45126228535492047
753,0.022053112209939846,0.45125556243632264
754,0.021977691831136143,0.45125820686170814
755,0.021907924498262264,0.4512757726142363
756,0.02182919651763173,0.45131500542252695
757,0.02175623588785509,0.451369610712618
758,0.02167260604638175,0.45134607100494767
759,0.02159526157682445,0.45139615187599946
760,0.02151747116274309,0.45141311836264836
761,0.02144365126108823,0.45132899461801596
762,0.021366367569350203,0.4512426355859435
763,0.021282617600630722,0.4512949344709854
764,0.021215029019318758,0.4512688390932855
765,0.021145175837392477,0.4512580952810891
766,0.021079901384366138,0.4512306906131158
767,0.021013016035016648,0.4512468342716176
768,0.02093965438819714,0.4510921637565887
769,0.02086774451455268,0.45113516288163824
770,0.020791464638133795,0.4511096054657138
771,0.02072620063265976,0.4511343468998019
772,0.02065091086722913,0.451176274831463
773,0.020584755705430835,0.45115153715451767
774,0.02050282195573328,0.4510115938895697
775,0.02042878408723925,0.4510609439653746
776,0.020365821134704167,0.45097051434783453
777,0.02029874989345852,0.45101619813489013
778,0.02022871032390859,0.451024579789158
779,0.020152764185957593,0.45098611350324536
780,0.020081039782293385,0.4510416537712385
781,0.02000967731641629,0.4509860611646083
782,0.019934582721416544,0.4509566533596001
783,0.019865416297448528,0.45093798197092644
784,0.019795931294519717,0.4509164426097579
785,0.01972330839392001,0.45095881057826653
786,0.019657838184188207,0.4510234933019309
787,0.019584451265787842,0.45109842665141964
788,0.019517679781843263,0.4511310492616398
789,0.019448205390893595,0.4511619288024872
790,0.01938233216742074,0.4511641031766227
791,0.019318162954622364,0.45114553124063844
792,0.01924416239941001,0.4511227975347952
793,0.01917312548018602,0.45109162335327574
794,0.019107440557105206,0.45105208725653656
795,0.01904656738454074,0.45102670990092425
796,0.018989338588786576,0.4510400457772178
797,0.018922607629003357,0.4510134434206579
798,0.018853588946361303,0.4510449213541544
799,0.018794012939033142,0.4510015398527227
800,0.01873311596083075,0.4510544140386779
801,0.018662532662780434,0.4510349465661536
802,0.018607717665329294,0.4509533802221827
803,0.018552278821734314,0.45100553112715897
804,0.01849130744830442,0.4510103310971228
805,0.018430315326428977,0.4509964632419272
806,0.018359257290256784,0.4510063544856983
807,0.018286602082597286,0.4510125989821157
808,0.018223145392100733,0.450938261930455
809,0.018158465529542766,0.45097308759593424
810,0.01810104252605166,0.45094170021739566
811,0.018037665492676346,0.4509983432719217
812,0.017970501750548453,0.4509064264766507
813,0.017919580536047162,0.45082842725827643
814,0.01785772130561481,0.45077491206852155
815,0.017804760918356345,0.45075030629486806
816,0.017749602834152667,0.45071772239896113
817,0.017690558473843022,0.45067474803258173
818,0.017626183825938918,0.45063251767600654
819,0.01755862571551956,0.450627534831542
820,0.017500115931676965,0.4506608763261254
821,0.01744377243214735,0.45065546198327583
822,0.017384276828194115,0.4506641818138249
823,0.017329092751575154,0.450663653740237
824,0.01727308501882906,0.4506670714537278
825,0.017212633730601924,0.45066323963917837
826,0.017159428156677172,0.4506796227580758
827,0.017104001271854793,0.4506068815729067
828,0.01704419507259187,0.45072452749671815
829,0.016987163906108764,0.4506948162187488
830,0.016937233956111002,0.4507163156519819
831,0.016876541121150935,0.45072033753705826
832,0.016816670564013644,0.4506397819040458
833,0.016761046457990467,0.4505817518280969
834,0.016703326726838025,0.45054501454960144
835,0.01664732536004911,0.45049930895131046
836,0.016594860653078847,0.4505106295148529
837,0.016547011927292493,0.45055595668380294
838,0.016498024469620457,0.45057367193157755
839,0.016440173320334015,0.4506437844711761
840,0.016385869688591986,0.4506475227380694
841,0.016331063338113853,0.4506404329775576
842,0.01628213460326664,0.4506553700721292
843,0.016223283364296882,0.45063799292310364
844,0.01616484338493335,0.45067966832447715
845,0.016107864306775913,0.45072509248099557
846,0.01606023323461321,0.4507643692037736
847,0.016013283333537822,0.45073501814062594
848,0.015961458332451748,0.4507269727502227
849,0.015908568058630394,0.45076626892561833
850,0.015852129624425174,0.4507538969176061
851,0.015799466455645922,0.45075460791854743
852,0.015747463805008598,0.45075655675808846
853,0.01569418011650368,0.45074522459343813
854,0.01564113466954968,0.4507099937612722
855,0.015582341903913395,0.4507419946830344
856,0.015528638173370909,0.4507511420579749
857,0.015484184558840246,0.4507851040715479
858,0.015440591802100608,0.45081564622152037
859,0.015388874361288744,0.4508582436464215
860,0.015329924216242921,0.45080382136116387
861,0.015281911452579131,0.4507905157219839
862,0.015231076403026324,0.45083775855754865
863,0.01517131179948406,0.4508106550409675
864,0.015118487997029664,0.4507825865507441
865,0.015063452896719839,0.45077649801623876
866,0.015016134609916573,0.4507459624814842
867,0.014962775477730806,0.4507035685396666
868,0.014915637533876017,0.45066123132964386
869,0.014861436600629451,0.45057795001855966
870,0.014814954827827327,0.4505967350454211
871,0.014765681765554137,0.45060154969048694
872,0.014717733733322177,0.4505330617912923
873,0.01467576832303662,0.45052401194969266
874,0.01463160945469115,0.45051995355405927
875,0.014580617803030953,0.45052981506409717
876,0.014535856937093576,0.45043408993566186
877,0.014491683489811199,0.45041209025516704
878,0.014446056565871555,0.45040110806825145
879,0.014400742379881235,0.45040551934677253
880,0.014354305628865858,0.4503904533008047
881,0.014307304535171471,0.4504200171659715
882,0.014256106611202723,0.450344643663907
883,0.014205375699416704,0.45039510979902486
884,0.014157824605594765,0.4503465842981174
885,0.014111723675546134,0.4503118955484396
886,0.014068168316161835,0.4503121619752169
887,0.014022866015902873,0.45036615218298465
888,0.013978625627664826,0.450363080926966
889,0.013932792534510066,0.4503846793482556
890,0.013891864018835428,0.45033448962538186
891,0.013849692529373283,0.45036367831051466
892,0.01380997796830486,0.45027438355364013
893,0.013763082594025165,0.4503072627247503
894,0.013709108499837119,0.45027521194158376
895,0.013663600781275664,0.4502796578682139
896,0.013619613945603936,0.45028559395665957
897,0.013576677696063114,0.45027356823702763
898,0.013530531237137771,0.45026615066244247
899,0.013480183999598022,0.45030650176456266
900,0.013441408653431502,0.45027218869174646
901,0.013402235975844026,0.4502838172783363
902,0.013364163336221832,0.45036027229571435
903,0.013320840327549568,0.450388124783867
904,0.013269909699636281,0.45034479323110055
905,0.013229544817446896,0.45036075096933204
906,0.013189646254581924,0.45031039015977675
907,0.013147532318833284,0.45023760393586076
908,0.013104383232517442,0.45016898139126965
909,0.013061785148219483,0.4501707845410792
910,0.013022950171758058,0.4501662530491619
911,0.012979145015804787,0.4501223934146332
912,0.012943169369335037,0.4500712614711085
913,0.012893882018875806,0.4500790769169288
914,0.012847474951034638,0.4500627786902482
915,0.012806669404278315,0.45008132265992185
916,0.012766434419700257,0.45012631332310804
917,0.01272634462258764,0.45015634684889694
918,0.012686493843873879,0.4501080272987679
919,0.012646488489775395,0.4500663158622841
920,0.012611118379407064,0.4500643456142265
921,0.012570523841259609,0.45007975363499875
922,0.012525108171226493,0.45004440634057613
923,0.012484528945931444,0.45005242430154907
924,0.012441415321652473,0.4500902501900646
925,0.012400352580178294,0.4500419509202655
926,0.012362494291981291,0.44998977530647394
927,0.012324538813293838,0.4499671771622202
928,0.012288790201514362,0.4499485500422671
929,0.012241946286789322,0.44997438534070133
930,0.012199259117291006,0.44992966221273367
931,0.012165736178216095,0.4499500007541575
932,0.012123436202181473,0.44994763525517917
933,0.012081709145324488,0.4499114310728406
934,0.012040665817472866,0.4499015579953463
935,0.012004371612231925,0.44985493778725993
936,0.011969017396137007,0.4498207616213273
937,0.011928430523882096,0.4498579503383474
938,0.011883605952833158,0.4498316914962009
939,0.011844718235658792,0.44987233037183094
940,0.011804447995646823,0.44990263198380326
941,0.01176508797814028,0.44987294848594367
942,0.011729082767192044,0.44982762059472575
943,0.011693990978262946,0.44986384361329873
944,0.011652236285125185,0.4498571483553113
945,0.011615720004433769,0.4498693180837966
946,0.011582425634311395,0.44983720155097556
947,0.011539618698756833,0.4498017325012064
948,0.011506543473967923,0.44977717218434304
949,0.011465223399147009,0.44972354108761736
950,0.011425289294566774,0.44969685410643556
951,0.011388427953642786,0.4496736123376619
952,0.011351809265190362,0.44966599525040285
953,0.01131579174180236,0.4496728985292164
954,0.011276367231196405,0.44967101622424227
955,0.011239146565049582,0.44969727326729486
956,0.011200071631753955,0.44966645282559786
957,0.011161887081540315,0.4496223588977049
958,0.011126563309396455,0.44963059808495304
959,0.01109279866629254,0.44961454374460436
960,0.01105009058989215,0.449592587877674
961,0.01101811824416889,0.4496406638216916
962,0.010983360467601806,0.449588775101055
963,0.010946532213329446,0.44957334246128183
964,0.010910629275743728,0.449529643651683
965,0.010869654890641121,0.44950821280703557
966,0.010834973295116143,0.449369435761307
967,0.010797752265839403,0.44931726108983133
968,0.010756290073248572,0.4493387940601927
969,0.010718909582640396,0.4493144762369008
970,0.010689833968791619,0.4492820748015092
971,0.010657503650979365,0.44926964902513955
972,0.01062155562733474,0.44929680464014576
973,0.01058464434754896,0.4493075127446805
974,0.010550503018421453,0.44932288883709415
975,0.010509635259159017,0.44929519074243557
976,0.010478722957163868,0.44927877328184423
977,0.01044459096309384,0.4492434695430741
978,0.010413640537719489,0.4491719797263542
979,0.01037804853538501,0.44913215192974526
980,0.01034205673862877,0.44912607101475177
981,0.010308941337591108,0.44906811351058407
982,0.01027591379906697,0.44907233317179357
983,0.010238776910948216,0.44904772113674746
984,0.010207981959851953,0.44903942584622736
985,0.010174363421173277,0.4489821932515099
986,0.010138220647771862,0.44901631903830236
987,0.010105070533348234,0.44907424130124296
988,0.010073497868029059,0.44903586622605196
989,0.01004191185638354,0.4490319858709393
990,0.01000885899263981,0.4490079303269946
991,0.009975854312882131,0.44895792492401
992,0.009942894256216868,0.4489404910607902
993,0.009911520964999821,0.44894066404400024
994,0.009877971797998514,0.44889303505460987
995,0.00984688218233774,0.4488852200699092
996,0.009815477216817957,0.448856297204664
997,0.009785182702844501,0.4488884721276763
998,0.009755812397647322,0.44888068461136693
999,0.009720986480197568,0.44888188731918827
1000,0.009694845373306173,0.4489281995926688
1001,0.009663892831245375,0.4489492924529232
1002,0.009636868667758609,0.44898502951685965
1003,0.00960585069687096,0.4490309242725925
1004,0.009576627854168147,0.4490000144071244
1005,0.009542816507083112,0.44893867529321835
1006,0.009513119368817107,0.44887484113191345
1007,0.009481726559119741,0.44886836175807165
1008,0.009446372799698073,0.44892066412110204
1009,0.009410963743621747,0.44889734647623764
1010,0.009379211757025639,0.44889090869616494
1011,0.009352206865032405,0.44888632832953873
1012,0.009322669784531052,0.4488804535040208
1013,0.009292177986331062,0.44892313286341207
1014,0.009259595587884287,0.4489612385583671
1015,0.009229878469992587,0.4489594722033466
1016,0.009204910042894029,0.4489336258114799
1017,0.009175300548876648,0.4488828271248677
1018,0.00914566240097019,0.44885076353448256
1019,0.009118824932406181,0.4488498391062245
1020,0.009089452458371517,0.4488747300418181
1021,0.009060493801550353,0.4488770999297439
1022,0.009027535248954527,0.44888827350932814
1023,0.008996088248774459,0.4488950873502453
1024,0.008967935724569845,0.4488859395352019
1025,0.008939473178961701,0.4488985285129631
1026,0.008910332890058681,0.44895027154876516
1027,0.008879557275036323,0.4489100256926801
1028,0.00884704576853448,0.44886696148686167
1029,0.008816893555570846,0.4488544645437717
1030,0.008786767435996996,0.4488360871844886
1031,0.008759115595526784,0.44883281177648765
1032,0.00872991118881207,0.4488282814358422
1033,0.00870113184978956,0.44879746376093366
1034,0.008673020600782318,0.4488416733923036
1035,0.008643512596117394,0.4488272740956558
1036,0.008615915994532592,0.44878303324689695
1037,0.008586790241960705,0.44875423424480826
1038,0.008561949942462893,0.4487510044991187
1039,0.008535589386725445,0.4487754060911056
1040,0.008506984236935793,0.44877253156335384
1041,0.008480108229228895,0.4487932234168644
1042,0.00845658648313278,0.4488090545455263
1043,0.008428418766529298,0.4487945535533802
1044,0.008398906361014629,0.4488048422871608
1045,0.008374813289259056,0.44879660251007886
1046,0.008347840025193912,0.4487775867062347
1047,0.008323013847983632,0.4487575510849202
1048,0.008298519713075034,0.44872943428842416
1049,0.008275604815286629,0.4487110965858623
1050,0.008247470748284053,0.4487519859987154
1051,0.008219148586494534,0.44874229252875486
1052,0.008191760881574294,0.4487241090034648
1053,0.008164152651233329,0.4486936299425801
1054,0.008136063945610781,0.44865914082610875
1055,0.008108710216406047,0.4487374649456886
1056,0.008083368121587015,0.4487041507245003
1057,0.008061307592894232,0.4486960450379497
1058,0.00803235815817261,0.4486884369089566
1059,0.00800521833630507,0.44867186427671396
1060,0.007978932420733354,0.44870755141884905
1061,0.00795649568794192,0.44862474052553664
1062,0.007933229644829365,0.44862154668777887
1063,0.007905616331385448,0.44859239657872163
1064,0.007879216798424123,0.4486325177933841
1065,0.00785174935191542,0.4485939724749832
1066,0.007826743206569103,0.44863741995151535
1067,0.007799512237255019,0.44863404913058036
1068,0.007775563762170517,0.44860801726742294
1069,0.007753456193785207,0.4486308217851883
1070,0.007730247118124329,0.4486630752881239
1071,0.007705992028008213,0.4486238417190075
1072,0.007681317128691181,0.4486413496877396
1073,0.007654581879267217,0.44864866977098516
1074,0.007627393066672086,0.4486534477640954
1075,0.007602879040733681,0.4486436228674849
1076,0.007579780903812588,0.44866174062691566
1077,0.007555469688703801,0.4486608326883746
1078,0.007533101716818252,0.44866164157040683
1079,0.007507868140150607,0.4486440518319186
1080,0.0074825444056096785,0.44860050849812777
1081,0.007458322454998501,0.4485993441944348
1082,0.007431881425139203,0.44860944833697597
1083,0.007408183289443503,0.4486013845637159
1084,0.00738352177722326,0.44854984448468177
1085,0.007363023188141619,0.4485410413511837
1086,0.007338455637910084,0.4485231953022384
1087,0.007317327804799576,0.4485006782778472
1088,0.007294654195048085,0.44846339278719033
1089,0.007271968279461449,0.4484563553344149
1090,0.007247119306108128,0.4484544105548439
1091,0.007225205501816463,0.4484039697921298
1092,0.007202733013677794,0.4484004203943707
1093,0.007179196245875517,0.44838812047609794
1094,0.00715857402018729,0.44840790109590967
1095,0.007141262069895442,0.44846203560335907
1096,0.007122875156538038,0.44843833745940914
1097,0.007099500323857104,0.4483877914162119
1098,0.007079264377874629,0.44840836826826075
1099,0.007055081568249616,0.44838664048171956
1100,0.0070335540784332035,0.44838196840245564
1101,0.007009095423512417,0.448392805654692
1102,0.00698739813312008,0.448380555953503
1103,0.006964698922430201,0.44842729958931826
1104,0.006944748335213761,0.4484467762733367
1105,0.00692468945283958,0.44843626638067274
1106,0.006900442456991582,0.4484263216779264
1107,0.006877644291230015,0.44842309244074097
1108,0.00685578154411407,0.44843328482222794
1109,0.00683297731779208,0.44842842217843687
1110,0.0068120273435708254,0.4484407144553518
1111,0.0067922205618314345,0.4484431188844899
1112,0.0067674802731399215,0.44839522582122904
1113,0.00674735899080661,0.4484086713163996
1114,0.006727964441032227,0.4483565228422423
1115,0.006705326151755117,0.4483562364245221
1116,0.006682175142534157,0.4483614988001297
1117,0.006662428355873205,0.44835004817896246
1118,0.006641694821243768,0.4483092707569556
1119,0.006620781474405064,0.4483049435121921
1120,0.006599282684450967,0.44832047231364985
1121,0.0065816106062167,0.4482431538995563
1122,0.00655853664156109,0.4483255692437202
1123,0.0065408118953152045,0.44834041138061154
1124,0.006519540037918977,0.44831823137949495
1125,0.006495698976839062,0.44833820997775375
1126,0.006473615966061891,0.44836109085527975
1127,0.006453725041517203,0.44838533850102363
1128,0.006432919747948028,0.4483672636356627
1129,0.00641646955387095,0.4484057905848482
1130,0.006396096051430749,0.4483802461214703
1131,0.006373137704287234,0.44840172744659873
1132,0.0063521973612724655,0.4484128817641929
1133,0.0063327216157897295,0.44842664353450723
1134,0.006310971090143255,0.4484630610831316
1135,0.006290727546178434,0.448437407823922
1136,0.006272772040086199,0.44841239044067543
1137,0.006255116144824277,0.4483927018112495
1138,0.0062346972116120595,0.44839847296631125
1139,0.006213112383241136,0.4483829854859994
1140,0.006190438196614002,0.44837372849818596
1141,0.0061724486528863904,0.4483979735334416
1142,0.006156116726538716,0.4483266953076112
1143,0.0061350295595126725,0.44828723796765857
1144,0.006116577604782273,0.4482851042677713
1145,0.0060966198104564955,0.4482567411119664
1146,0.006077772703801623,0.448240831300614
1147,0.006057968094549468,0.4482552037891154
1148,0.006041202990861422,0.4482506269243712
1149,0.006022974727521305,0.4482820246061815
1150,0.006004819193637023,0.4482426679136628
1151,0.005986361266556155,0.44822605162459805
1152,0.005966427344891132,0.4482579725925796
1153,0.005948672910024155,0.44826325257372385
1154,0.005931341503060881,0.4482744881629151
1155,0.005915230981965806,0.4482343963290126
1156,0.0058976385286702935,0.44821335955368663
1157,0.005879488815763526,0.4482015423314338
1158,0.0058618438297456865,0.448177899111891
1159,0.005842149643078624,0.44818817072632255
1160,0.00582282890981128,0.44814887096999084
1161,0.005805144467295891,0.4481391895491292
1162,0.00578686895424856,0.4481252134092031
1163,0.005766730547368795,0.4481486829975317
1164,0.005749734239758319,0.4481647988644866
1165,0.0057331360262667394,0.4481777795822136
1166,0.005714190449742595,0.4482239337457807
1167,0.0057003049250190846,0.44819928548100435
1168,0.005680457664625274,0.4481904098854846
1169,0.005663240360877656,0.4481903802268512
1170,0.005645777692571991,0.44814454315775626
1171,0.005628957629733522,0.44811800814392
1172,0.005612528845638399,0.4481464427365455
1173,0.005597025934392272,0.4481702555376698
1174,0.005579191450613252,0.4481780808531396
1175,0.005561548125673138,0.4481741315129946
1176,0.005545088142080072,0.4481897356876237
1177,0.005526741785630513,0.4482105764336258
1178,0.005508804328163852,0.44819789713860664
1179,0.005492801056390362,0.4482071584403727
1180,0.00547445719581143,0.4481964733033007
1181,0.005456177516164817,0.4481824629062347
1182,0.0054358216043048704,0.44817800386253787
1183,0.005418673488197296,0.44817462161072674
1184,0.0054023876760403095,0.44819325937074983
1185,0.005387029577804924,0.44815298724456754
1186,0.005369626200771249,0.4481494540566872
1187,0.005353100363706469,0.4481593175334944
1188,0.005335165083857702,0.4481737525092113
1189,0.005321878940670975,0.4481921990201064
1190,0.005304111445265765,0.4481720028482319
1191,0.00528584461218481,0.4481616342450477
1192,0.005271168433933093,0.4481674668764703
1193,0.0052554700952568605,0.4481983447216173
1194,0.005237953947386464,0.4481761403172268
1195,0.0052234900248771775,0.44817607027195666
1196,0.005207001842887976,0.44815179573086106
1197,0.005190198343851976,0.44814768562871404
1198,0.005175194753753628,0.44813305818529064
1199,0.005160954336952771,0.44814404627581395
1200,0.005143047013441588,0.4481357425272675
1201,0.005129104488556975,0.4481270953390554
1202,0.0051120242906761435,0.4481429361579759
1203,0.0050978131152788035,0.4481333769707836
1204,0.005083167419097646,0.4481440552816192
1205,0.005068877230890727,0.4481364899533402
1206,0.005051562132186874,0.44814749967387035
1207,0.005036829707234342,0.4481461799914918
1208,0.005021328892768137,0.4481357511790182
1209,0.005007200385898487,0.44813879253654654
1210,0.004991913196623796,0.44812340722987865
1211,0.004978688206636211,0.44812483032561595
1212,0.004962848200344625,0.4481335384700502
1213,0.004947506555262191,0.448145359018016
1214,0.0049331459386302,0.4481398657560408
1215,0.004917988070011598,0.4481393550067243
1216,0.004903935107438033,0.44816247896212075
1217,0.004886682626029805,0.44818708617516634
1218,0.004870253753115089,0.4481799591912635
1219,0.004856539316558864,0.4481539909497901
1220,0.004841378062503345,0.4481618990956685
1221,0.0048271578718039375,0.4481635245198011
1222,0.0048125049096355305,0.4481489535530011
1223,0.004796595969789316,0.44815630985770283
1224,0.004782180613665687,0.4481124374230876
1225,0.0047692667611183345,0.44813997786261706
1226,0.004754474737654246,0.44811180461357814
1227,0.0047401776612578704,0.44808805502155347
1228,0.004722940982068232,0.44803928747267263
1229,0.00470716568366986,0.44805782760589424
1230,0.004693623959554054,0.44807939977193045
1231,0.004678255763890311,0.4480814946861298
1232,0.004666201576144569,0.44809337499795876
1233,0.0046520509916187815,0.4481102254836886
1234,0.004639258009288438,0.4481146513643829
1235,0.004626469961970221,0.4481037041115592
1236,0.004613072328473515,0.4480942402586416
1237,0.004599382182259018,0.44810658493223
1238,0.004584189533188129,0.44809866895488326
1239,0.004567975337155926,0.44813025593341044
1240,0.004552717057519112,0.4481235582162653
1241,0.004539135270429479,0.4480981544944304
1242,0.004525137191046477,0.4480977164724
1243,0.004510944201467419,0.4480965733815538
1244,0.004497766510641109,0.44808214429470233
1245,0.004483725330884445,0.44807200866664404
1246,0.0044698220471495,0.4480400008640679
1247,0.004456869061145923,0.44803308261434877
1248,0.004443217818020917,0.4480037264906867
1249,0.004431966971446788,0.4479786390694995
1250,0.004419730169904627,0.44795471477087556
1251,0.00440589146393889,0.4479547530549117
1252,0.004391683049709807,0.44793217659154705
1253,0.004375318439786566,0.4479096205421463
1254,0.004360421515679115,0.4478936402203226
1255,0.004347645222019809,0.44790169174115296
1256,0.004334810371728414,0.4479020149262616
1257,0.004321366149196598,0.44793230815560753
1258,0.004306643660148944,0.4479652451828247
1259,0.004293386650731623,0.44797388350875655
1260,0.0042809612880716445,0.44797540542638925
1261,0.004269018661065721,0.44795698585357746
1262,0.004256146823618474,0.4479642469426212
1263,0.004242381163834938,0.44797327462985626
1264,0.00423022930966815,0.4480055966400329
1265,0.004219414858449508,0.44801001930839696
1266,0.00420591219885075,0.4480302743659591
1267,0.00419183518037571,0.44802372023330833
1268,0.004179506209909263,0.448023501118635
1269,0.0041682980447691345,0.44798719434855977
1270,0.00415551776845741,0.4480009134570403
1271,0.004142431942344284,0.4479906389751715
1272,0.004130826653554751,0.4480079969522138
1273,0.004117596655632233,0.4480190563175378
1274,0.004103198535116072,0.4480188495792668
1275,0.004089360427163483,0.4480147429252606
1276,0.004075241079637203,0.4480482795517968
1277,0.004062526339837246,0.4480528549007765
1278,0.004047845280513252,0.44803525550412104
1279,0.004036226232854952,0.4480268093542029
1280,0.00402087127988356,0.448039676542138
1281,0.004008949324387352,0.44807838510023734
1282,0.003995949196255334,0.448096252278822
1283,0.003982379034027884,0.4480808351511037
1284,0.0039698930318815065,0.4480481975797515
1285,0.003958183776132715,0.4480560588024963
1286,0.003946743512064266,0.4480406528745365
1287,0.003935280809483127,0.44805871696641686
1288,0.0039242720020747895,0.448053368569981
1289,0.003912646051753476,0.44803649476029916
1290,0.0038996376970581443,0.448068348406827
1291,0.0038870379716771618,0.44809627528549945
1292,0.003874833562580684,0.44808720353089043
1293,0.0038635418091595023,0.4480795253147072
1294,0.0038505268566252997,0.4480626862893951
1295,0.0038381374679456967,0.44808732253116756
1296,0.003825078435948569,0.4480582395352706
1297,0.0038140791461818567,0.448043677823568
1298,0.0038010145033770077,0.44803336777256264
1299,0.003790334482230542,0.4480225990290345
1300,0.0037769193786419755,0.44801434219406144
1301,0.0037637849853744162,0.44802365830856516
1302,0.0037515780953814855,0.4480313644632078
1303,0.0037390930546848666,0.448042122049153
1304,0.003728463150275828,0.4480042862064414
1305,0.0037165897584694914,0.4480154206187872
1306,0.0037053969499543427,0.448014555394846
1307,0.0036938375652296653,0.44799955001770037
1308,0.0036822598166758513,0.44798090688599057
1309,0.00367314652895703,0.44798174765381416
1310,0.0036621314169129446,0.44798859518118517
1311,0.003650325851790945,0.44797163437715215
1312,0.003639249013438631,0.44795823664630674
1313,0.0036282255812775653,0.44793898661135145
1314,0.003618767028475716,0.4479167879729032
1315,0.003609074899598466,0.44792962635427497
1316,0.003599021289161466,0.4479428917386999
1317,0.0035884866547924747,0.44793627459628677
1318,0.0035779103631394713,0.44792901749100067
1319,0.0035679913367317176,0.44790053737198077
1320,0.0035579025923163396,0.44787366403314105
1321,0.0035477479047021144,0.44785664143528997
1322,0.0035357619626803535,0.44778682028955896
1323,0.0035254232400696093,0.44775766601911005
1324,0.003514970311089219,0.4477632526226478
1325,0.00350559733374392,0.4477524297585051
1326,0.0034956342291252492,0.44772720778738345
1327,0.003485352090129779,0.44772960689412744
1328,0.003473118379653309,0.4476997778135097
1329,0.0034620523131829958,0.4476925367802391
1330,0.0034519371875366047,0.44769318051312185
1331,0.003439836115518501,0.4476741646402438
1332,0.0034279559468769825,0.4476360732542809
1333,0.0034181546226141196,0.44760680805691344
1334,0.0034066017378518135,0.4475972270108028
1335,0.003396790938922216,0.44758501209823026
1336,0.0033877401217021186,0.44757463714820317
1337,0.0033782822686524677,0.4475635329754518
1338,0.0033691798391547933,0.44758099913370636
1339,0.0033576166363214035,0.4475513723686108
1340,0.0033481303492839225,0.44754596093411914
1341,0.0033397920737274624,0.44754201258484366
1342,0.0033298534915746705,0.447574011849371
1343,0.003319065102778209,0.4475431932148619
1344,0.003310432637593549,0.44753415936744007
1345,0.0033004109281442747,0.44755378972003995
1346,0.003289665010274322,0.44755400379014915
1347,0.00328062781827211,0.44754015046069523
1348,0.003272717990176466,0.44753944802034684
1349,0.003263305854101036,0.44751921642265363
1350,0.0032531142185549884,0.44753278850713607
1351,0.003242110282298528,0.44752951944715147
1352,0.0032314216771650163,0.4475241473164601
1353,0.0032207495705117687,0.4475249093810871
1354,0.003211475102785811,0.4475170829368933
1355,0.0032013939744004916,0.4474776423784586
1356,0.00319256685876913,0.44746369379406453
1357,0.0031826310490625756,0.44748229969382475
1358,0.003172587288987924,0.44747785737512796
1359,0.003164206404486832,0.44749150643496083
1360,0.0031546915298485863,0.4475107322441331
1361,0.003145354273397546,0.44752497395990115
1362,0.0031358160929417867,0.4475044311875592
1363,0.0031270626510285075,0.4475249886032599
1364,0.003117078753045848,0.44749746922555333
1365,0.003109775339332741,0.44750071460120955
1366,0.0031007448461113562,0.4475023899996475
1367,0.0030908664140570264,0.4474840350025472
1368,0.003081834347850476,0.4474838757739112
1369,0.003072690851560979,0.44747674676627286
1370,0.0030640306842561844,0.4474485336695766
1371,0.0030542479505908625,0.4474513786139569
1372,0.0030446958360182083,0.44742798491831853
1373,0.003036162147071238,0.4474168879062769
1374,0.0030279001368703528,0.4473828184020654
1375,0.0030180333424120465,0.44740778159023453
1376,0.003009930738642119,0.4473955593300663
1377,0.0030014799152093723,0.44741668036361537
1378,0.0029922007752433096,0.44740606800679666
1379,0.002982574766375338,0.44739157839997934
1380,0.002973849211063088,0.4473987198210654
1381,0.002965102590844483,0.4473703473866445
1382,0.002956349993964384,0.44735970367859423
1383,0.0029476328525787627,0.4473589169107413
1384,0.0029390124559334416,0.44734913475916427
1385,0.002931670699239226,0.4473593413394688
1386,0.0029230204802881345,0.44737860442012417
1387,0.0029134171654031683,0.44738151093057543
1388,0.002903779702132417,0.44740192689473174
1389,0.0028944661280762285,0.4473976480248443
1390,0.002885496234280166,0.44739984847280506
1391,0.002877281629491132,0.4473933659208605
1392,0.0028669952413809385,0.447400286716584
1393,0.002858150409723393,0.44736917774754154
1394,0.00284909124718691,0.44736182973086897
1395,0.002838951672000477,0.4473551543193055
1396,0.002831041613752259,0.4473555761101191
1397,0.0028212286731504744,0.4473500590785934
1398,0.0028119143211971015,0.4473878570403804
1399,0.0028019637268950725,0.44737509234508305
1400,0.0027940226426146713,0.4473506137422944
1401,0.0027851776461904694,0.447342386049932
1402,0.002776469226696983,0.44735180342653563
1403,0.0027683785913551963,0.4473518806417667
1404,0.0027586392918898753,0.4473487975484996
1405,0.002750135300641829,0.44733816601215387
1406,0.0027407396275687837,0.44733243322335237
1407,0.0027320143221636465,0.4473155628876193
1408,0.002723993820356322,0.44730441338524085
1409,0.002715259172402999,0.44732805423543354
1410,0.002707439592294872,0.4473113612743511
1411,0.0026991459886726563,0.4472861392695652
1412,0.002691574319911856,0.44725807382202126
1413,0.002684372875447096,0.44724271430464474
1414,0.002677398021367063,0.44723708355713215
1415,0.00266917764709441,0.44726613559674155
1416,0.002661028831601538,0.4472432528003029
1417,0.0026537218109461405,0.44724129851490746
1418,0.002645101488653264,0.44726013282854327
1419,0.002637001530630273,0.44727720503733714
1420,0.0026291653544776015,0.44726064053200937
1421,0.0026201587410880946,0.4472480863296706
1422,0.002610618299871156,0.44726848416920895
1423,0.002601975130061674,0.44726321587756734
1424,0.002594097714888349,0.4472795398998379
1425,0.002586980391514293,0.44728202638800435
1426,0.0025791762723378535,0.4472819262955934
1427,0.002572626155069228,0.4472871689057215
1428,0.002564960701754172,0.4472878238433551
1429,0.0025574858933666528,0.4473131713245514
1430,0.002549669993471696,0.4473451130197932
1431,0.002541034279674085,0.44734136384124606
1432,0.0025326931405280405,0.4473629461389711
1433,0.0025236581797014692,0.44733840298219746
1434,0.0025163144544681744,0.44732444084966844
1435,0.0025094847687139174,0.44732566685806846
1436,0.0025017406823983042,0.44733730372909636
1437,0.002494131130235177,0.4473433902310275
1438,0.0024880797840818895,0.44734733145763533
1439,0.0024798392274505182,0.44732762749753163
1440,0.002472730404650055,0.4473197699266538
1441,0.0024657461485587673,0.4473112224488215
1442,0.0024584585735221414,0.4473023624412015
1443,0.002451192595975684,0.44729552947858325
1444,0.002444367895649482,0.4472978582282975
1445,0.0024386843102597294,0.4473070970080024
1446,0.002431460996887068,0.44729845349125535
1447,0.002424563474608939,0.4472929724324044
1448,0.0024176544852764774,0.44727415678818566
1449,0.0024110373262442664,0.4472491749660913
1450,0.002403804703422289,0.447246460560466
1451,0.0023968756520065726,0.44724236530006334
1452,0.0023902348001063954,0.44724619352738154
1453,0.0023826981238191758,0.44722617053328634
1454,0.0023758325310837625,0.44721024052580377
1455,0.0023685266385772186,0.44722007071262837
1456,0.002361617303310481,0.4472075310959648
1457,0.0023545328511250813,0.447219755008433
1458,0.0023479015126724053,0.44721260629180565
1459,0.0023414494306994993,0.447201045206771
1460,0.002335292737535174,0.44719474623891936
1461,0.002327984370342216,0.4471568378250659
1462,0.002321458726015869,0.44717275186504885
1463,0.0023149170843867993,0.4471793378368512
1464,0.0023086559743792554,0.4471966814980808
1465,0.0023018591336660768,0.4472049235244744
1466,0.0022946815440857524,0.44718304695065086
1467,0.0022889490131701626,0.4471758250563109
1468,0.002282729770173283,0.4471719190647923
1469,0.002276323076854904,0.4471646065672442
1470,0.0022707843520707077,0.4471638732876084
1471,0.0022637386276000275,0.4471588040727544
1472,0.002257223735688287,0.44712702202760346
1473,0.0022499232903269383,0.4471375752877504
1474,0.002242481669615447,0.44713036657969746
1475,0.002236711116150161,0.4471398344081894
1476,0.0022298282958835612,0.4471378914233464
1477,0.0022220950679327943,0.4471599278012682
1478,0.002214443280001594,0.44715893993446987
1479,0.0022091225957296744,0.44714493012181705
1480,0.0022030539107017154,0.4471366428907515
1481,0.0021961900525936653,0.44710495421285157
1482,0.0021897949467503705,0.44710433307712255
1483,0.002183883555610586,0.44711793827549645
1484,0.0021772909090587125,0.44710855512638764
1485,0.002170841748033835,0.44710410849941856
1486,0.0021635028989140837,0.4471001466906484
1487,0.0021574995006401125,0.44710329091205187
1488,0.00215218867454194,0.447102228835425
1489,0.0021453321012017083,0.44713608157271206
1490,0.002137757950133292,0.44710092886863056
1491,0.002131427932901639,0.447112557044289
1492,0.0021255400333735556,0.44709778946061757
1493,0.0021190665328356855,0.44710306723121535
1494,0.002112390712821083,0.44707632557565974
1495,0.002105488812279515,0.4470847661006742
1496,0.0020990343299251524,0.44705468380703467
1497,0.0020922976509136493,0.447058970257613
1498,0.0020877797504472648,0.4470644757401734
1499,0.0020814034167334207,0.44707308815596797
1500,0.0020750395399715656,0.44707417545535183
1501,0.002068986525495804,0.44707982465383056
1502,0.002062584213554722,0.4470465638587153
1503,0.002055105133636015,0.4470336418629552
1504,0.0020488166087624343,0.44704108940085235
1505,0.0020432399286089537,0.4470542357553692
1506,0.0020367743135758175,0.4470738457411186
1507,0.0020301148888576164,0.447064483601538
1508,0.002024401121270141,0.44707360620671704
1509,0.002019726424426849,0.4470530689517022
1510,0.002013005257362128,0.44704367015262636
1511,0.002007171333831208,0.4470892927477938
1512,0.0020014747794105396,0.4470644643389162
1513,0.001994804522788217,0.4470487739597753
1514,0.001989408154549199,0.447028324404824
1515,0.0019833110890564837,0.44704256939093917
1516,0.0019778800215379156,0.4470510888508122
1517,0.001971943176249959,0.4470415663253138
1518,0.0019663145930306648,0.44705944707167194
1519,0.0019607990312346724,0.4470527197599273
1520,0.0019553302771523427,0.44703071227468083
1521,0.001949356265754261,0.4470130634933392
1522,0.0019440033786477702,0.4470316649839467
1523,0.0019381345827306604,0.44703563593468093
1524,0.0019326338898458264,0.44704370136962507
1525,0.0019268491847656939,0.44701530371119397
1526,0.0019204733465664214,0.44700625567303326
1527,0.001914337683875743,0.44701902612071115
1528,0.0019093800401735743,0.4470421967875929
1529,0.0019040588102391663,0.44702340628183507
1530,0.001896798553789549,0.4470381102172664
1531,0.0018914695354399753,0.4470446109808766
1532,0.0018865901411652848,0.44702787719959897
1533,0.0018808218303734327,0.447016833638099
1534,0.0018750105685753082,0.4469945003371867
1535,0.0018685692118180107,0.4469667450220563
1536,0.0018639212660587436,0.4469783931784535
1537,0.0018584795934573628,0.4469931451257427
1538,0.0018530181455706342,0.4469900961304399
1539,0.0018479959418935832,0.44699443076083145
1540,0.0018427071005348552,0.44699269166671807
1541,0.001837954682362532,0.4469953642837844
1542,0.0018332995829171668,0.4469804308876011
1543,0.001827901346060101,0.4470019091914416
1544,0.0018230694074392998,0.4470151501139577
1545,0.0018171482202574123,0.4470217864319086
1546,0.0018113416934880148,0.4470340784974519
1547,0.0018062366225593304,0.4470356226279338
1548,0.0018007767576638674,0.44704872145995417
1549,0.0017957461903466778,0.4470506037451474
1550,0.0017901161430742161,0.4470672200782477
1551,0.0017854698922189858,0.44707423594502954
1552,0.001781040181843133,0.4470761229719909
1553,0.0017754824331268182,0.44707356862473363
1554,0.0017704099872132462,0.4470687717471296
1555,0.0017646529224431397,0.4470508023860576
1556,0.0017597469332650696,0.44702384352551433
1557,0.0017529768415645837,0.4470162131875767
1558,0.0017488407689355086,0.44701820961737626
1559,0.0017440490704030687,0.44701486555180314
1560,0.0017390466661325816,0.4470021336075409
1561,0.0017336637605863253,0.446991389011231
1562,0.0017275679193721647,0.4469783373497772
1563,0.0017217087363458807,0.44696786009904965
1564,0.0017163146071019527,0.44698797976361265
1565,0.0017114490857485698,0.4469796782513185
1566,0.0017065626047288588,0.446969416522618
1567,0.0017019316694371358,0.4469794128832887
1568,0.0016969804992208026,0.4469688140704093
1569,0.0016923423969647602,0.44694778057129103
1570,0.0016865925883718872,0.44693770882372236
1571,0.0016819362734443192,0.4469392130218589
1572,0.001676622580451253,0.4469503940347325
1573,0.0016723096814835416,0.44694524841636313
1574,0.0016669097075353492,0.4469376226821881
1575,0.0016619767760051854,0.446960679581667
1576,0.0016574495176835244,0.44694974721615544
1577,0.0016520947264505048,0.4469482901436071
1578,0.0016465496856751805,0.4469437073454429
1579,0.0016418020893240006,0.44691822071880916
1580,0.001637156352611091,0.4469336959961372
1581,0.001633084303612015,0.44691255953532083
1582,0.0016290273347033298,0.4468963591098945
1583,0.0016240089557441485,0.4469125186321671
1584,0.0016186339131182884,0.4469012227587567
1585,0.0016135093543176245,0.44688888829855833
1586,0.0016085118296485833,0.44690940301482196
1587,0.0016041438164987056,0.44690229076991317
1588,0.0015988389352158767,0.4468883705902096
1589,0.0015932245379470754,0.4468873997536349
1590,0.0015885779881884652,0.44688789652223065
1591,0.0015832725206458757,0.4468794857062503
1592,0.0015785715834303762,0.44688344337898334
1593,0.0015742471954238134,0.44690751192733574
1594,0.0015701322079049514,0.446895280118237
1595,0.0015654348232745506,0.4468946182452429
1596,0.0015603520349025419,0.44687204267143527
1597,0.001555220491497626,0.4468779725049872
1598,0.0015503335840505988,0.44688642948877344
1599,0.0015462621897401507,0.4468787412019184
1600,0.001542106395768659,0.44689543094500267
1601,0.0015376941342132133,0.44689744237435997
1602,0.0015337693223073173,0.44689772843613523
1603,0.001529087797416024,0.44687898184546804
1604,0.0015248351474508994,0.44687646185594176
1605,0.0015203462214632964,0.4468881924997357
1606,0.0015161676403740185,0.4469051252339767
1607,0.0015119437465684385,0.44691117471610253
1608,0.001507048820239083,0.4469155062636606
1609,0.0015024958119500558,0.446916261815149
1610,0.0014984784094175733,0.44691467664304535
1611,0.0014941213005608357,0.446907333088464
1612,0.001488866476107443,0.44690015553311674
1613,0.0014851894078112234,0.44689624339675044
1614,0.0014809411091822131,0.4469008470337072
1615,0.001476109722265377,0.4468750818284892
1616,0.0014714716432778344,0.44686976817545987
1617,0.0014680627550453867,0.4468722920483742
1618,0.0014630379089577423,0.4468940333972999
1619,0.0014589111213275067,0.44688862020812314
1620,0.0014552670791243589,0.44688987791040863
1621,0.0014517957354613792,0.44690313597679465
1622,0.0014472309191296427,0.4468746413735673
1623,0.0014431823402962219,0.4468801215946799
1624,0.0014390394500509451,0.44687726739784883
1625,0.0014352102443238768,0.4468636375331123
1626,0.0014306738067547673,0.44687668975326017
1627,0.0014272664570197879,0.44688797215497345
1628,0.0014232012661034685,0.4468781991972435
1629,0.0014192785344509565,0.44688735534552504
1630,0.0014146514692238875,0.44687938564985086
1631,0.0014108425843373494,0.4468692715981598
1632,0.001406780954255996,0.4468706800966838
1633,0.0014023208089152927,0.44688026209426984
1634,0.0013980946911713533,0.44687585057427304
1635,0.001393746178176208,0.44688578749264424
1636,0.0013891331382915762,0.44689256477157707
1637,0.0013852151754345646,0.44689817284243455
1638,0.0013814534434785045,0.4468891378829515
1639,0.0013778099481882673,0.44688819452109474
1640,0.0013748202207308183,0.446879296092032
1641,0.001371238149401786,0.446889936692842
1642,0.0013672676256727603,0.44689300760923684
1643,0.001363681375458221,0.4468693220129295
1644,0.0013596058001928504,0.44685796436993647
1645,0.0013556189572575255,0.446854612038319
1646,0.0013514824054976057,0.44687239605540696
1647,0.001347440019746221,0.4468901811518162
1648,0.0013431076034689997,0.446899545599598
1649,0.0013386254915970129,0.4468686359140108
1650,0.001334569463744667,0.4468495209793593
1651,0.001330171223435255,0.4468635127419727
1652,0.0013262576766481585,0.44684568987696716
1653,0.0013221998553557526,0.446839826567006
1654,0.0013177442389011194,0.4468357283258319
1655,0.001313762747422473,0.4468491885373306
1656,0.0013101853623301793,0.44684300688948914
1657,0.001306359847120974,0.4468363243559701
1658,0.0013024233336867543,0.446834645734071
1659,0.001298326487568387,0.4468606023237737
1660,0.0012946508075623007,0.4468526645097496
1661,0.0012908295445468502,0.44686139788652457
1662,0.0012868960687779816,0.4468647305147402
1663,0.0012838676261021132,0.44686339928130225
1664,0.001279747216376541,0.4468336515443281
1665,0.0012767616779741694,0.44684462384984813
1666,0.001273335361902541,0.4468504383334831
1667,0.0012697721051672935,0.44684205780841896
1668,0.0012660725152985176,0.44684368120824447
1669,0.0012631679468488258,0.44684432694207615
1670,0.0012591038418179805,0.4468323447298073
1671,0.0012549171742835443,0.4468298410776658
1672,0.0012505710171754254,0.4468265647701603
1673,0.0012464630040310472,0.44684465298106296
1674,0.0012428745042798992,0.44683402525850713
1675,0.0012394368482056069,0.4468233729046366
1676,0.0012355072311089127,0.44680813170482225
1677,0.0012319558990258278,0.446831207972183
1678,0.0012280952357208931,0.44682710306574797
1679,0.0012249747842154187,0.44681519073465575
1680,0.0012218172465298246,0.4468197514475069
1681,0.0012182803626006424,0.44681603010322535
1682,0.0012139976026068575,0.4468092657706232
1683,0.0012098167078012706,0.4468191967222225
1684,0.001206147877147441,0.4468150371868922
1685,0.0012023343850674827,0.44680808831475644
1686,0.0011986275339206662,0.44678737390370554
1687,0.0011950204796404664,0.44678339486513
1688,0.0011912171128906674,0.446779664731515
1689,0.0011883091089654977,0.44677353424470595
1690,0.0011847649439764678,0.44675560859122965
1691,0.0011812880820411288,0.44675080335317796
1692,0.0011779356545232472,0.44672684787039063
1693,0.0011747110245853558,0.44672394934090565
1694,0.0011711192180802858,0.44670647119145396
1695,0.0011682577682052193,0.44670808212093405
1696,0.001165199545607417,0.44672832835150017
1697,0.001162061018077001,0.44671323051091677
1698,0.0011587329574788618,0.44670439544044643
1699,0.001154695650403146,0.44670728617033534
1700,0.0011515638769562964,0.4467030800089504
1701,0.0011476737433700715,0.44668093018925004
1702,0.0011443153402548808,0.44669818167285413
1703,0.001140783571360188,0.4466846041633065
1704,0.0011377444721446567,0.4466784148281283
1705,0.0011343135298178078,0.4466819636922425
1706,0.0011310473056797444,0.44669209659006615
1707,0.0011277587076411655,0.44668228024568774
1708,0.0011243459521509537,0.44665470103012156
1709,0.0011216377581961083,0.4466528716023717
1710,0.001118506293149121,0.44664910114232803
1711,0.0011153547711646333,0.4466475494715497
1712,0.0011125435361145834,0.4466723952379563
1713,0.001109174187577378,0.44664710803409124
1714,0.0011057794569627147,0.4466533013504864
1715,0.0011026113056310976,0.4466605090327648
1716,0.0010997861146624795,0.44666715672582036
1717,0.0010965367243475862,0.446653172168628
1718,0.0010932026892580872,0.44665207990294176
1719,0.0010901633275856005,0.4466462542902887
1720,0.0010864994770719803,0.44665031160306495
1721,0.0010833958698105172,0.4466428273543858
1722,0.0010804604949471682,0.44662533911274754
1723,0.0010771413217913178,0.4466248490685449
1724,0.001073323846897834,0.4466057211528121
1725,0.0010702751536949405,0.44660392301145735
1726,0.0010670792266332654,0.4466075034004677
1727,0.001064283522963147,0.44662067360838187
1728,0.0010607257833193306,0.44661158217040875
1729,0.0010575060693461865,0.44660579833751385
1730,0.0010547099525020924,0.44660009577545223
1731,0.0010516667699430194,0.4465932156777775
1732,0.0010484334461206856,0.446607070242365
1733,0.0010455322736011672,0.44659898906832407
1734,0.0010424934087339855,0.4465812836063872
1735,0.0010395797125951497,0.446579257730039
1736,0.001036695406977437,0.4465930232302734
1737,0.0010334301486107432,0.44661158083441627
1738,0.0010303766141796092,0.4466114821972415
1739,0.0010275937990074989,0.4466094254611553
1740,0.0010244013985885132,0.446610479155817
1741,0.0010212746738547727,0.44662530924295785
1742,0.0010181453795142575,0.44662640988391905
1743,0.0010152284113597056,0.44663262838053847
1744,0.0010128318026329337,0.4466404672890281
1745,0.001009707546110963,0.4466366533438751
1746,0.00100682053556933,0.44663645989195305
1747,0.0010040527425720185,0.44663856012941755
1748,0.0010010157564403711,0.4466213696921057
1749,0.000998540579543444,0.44661714741328584
1750,0.0009953053131874588,0.4466215327654436
1751,0.0009926352343726126,0.44663025367782355
1752,0.0009902231484149539,0.4466284317942805
1753,0.0009871631307071485,0.4466115697545248
1754,0.0009847142744858514,0.4465874512326494
1755,0.0009820859011165975,0.44659238987984734
1756,0.0009790113182378288,0.44658260175670367
1757,0.0009760787800886245,0.4465786929568527
1758,0.0009735632516294026,0.44657871880091626
1759,0.0009705832582420929,0.446593047819836
1760,0.0009678488967715891,0.4465942427428589
1761,0.0009651015756911158,0.4465729461085034
1762,0.0009622861145596975,0.44657167879980625
1763,0.0009594204399421181,0.446569768900982
1764,0.0009563778136940783,0.44657417863452536
1765,0.0009533606498302316,0.4465693471371136
1766,0.0009501086493439193,0.44657845696857307
1767,0.0009473456332728922,0.44658191366205424
1768,0.0009445784396029505,0.4465899699428435
1769,0.0009418277096284199,0.44658946323008236
1770,0.0009388584253527672,0.4465758651447754
1771,0.0009362339809076421,0.44659503026403785
1772,0.0009333715478819053,0.44658362139892305
1773,0.0009308916362824608,0.44658354516897997
1774,0.000928579080911159,0.44657879950575347
1775,0.0009255867575388594,0.4465770780487299
1776,0.0009230387386221551,0.44656774867698773
1777,0.0009208174137782774,0.446570645894411
1778,0.000918237819348985,0.44657389961868066
1779,0.0009157408712461534,0.44658574914678295
1780,0.0009129765331053682,0.4465845048737739
1781,0.0009104945276073521,0.44656842151292137
1782,0.0009081873135690075,0.4465642973642911
1783,0.0009054822336742299,0.4465699635646959
1784,0.0009026571333735475,0.44657407292721607
1785,0.0008997107240792881,0.4465593515918357
1786,0.0008972163383456103,0.44656499388953985
1787,0.0008949329255628475,0.446552001110729
1788,0.0008920749079940485,0.446551956004766
1789,0.0008894112706076082,0.44654617569877586
1790,0.0008874121345881729,0.4465412963286508
1791,0.0008848741328910472,0.4465307468751868
1792,0.0008824285843631155,0.44654099343823345
1793,0.0008800294189402954,0.4465240634144496
1794,0.0008777671380750841,0.4465102987287505
1795,0.0008753547409176669,0.44652393048660827
1796,0.0008731515992085393,0.44652282185817355
1797,0.0008706883496546367,0.44652335041722924
1798,0.0008682725011980326,0.44651539289767445
1799,0.0008655875768606122,0.4465061270220184
1800,0.0008630053805663343,0.4464941106271304
1801,0.000859950310652813,0.4465014615837852
1802,0.0008578180126179163,0.4465016822580545
1803,0.0008551165194644425,0.4465062990878004
1804,0.00085251235902492,0.44648015142972647
1805,0.0008504891117466781,0.44647579630318995
1806,0.0008478454660090385,0.44646413187034195
1807,0.0008455467687031915,0.446476716419245
1808,0.0008433901395796857,0.44647529794727076
1809,0.0008412253595572493,0.44647716136580046
1810,0.0008383196368097725,0.4464732796129292
1811,0.0008357880645976004,0.44647419822540374
1812,0.0008335319490403558,0.4464721727221334
1813,0.000831276790506071,0.4464843161141153
1814,0.0008285357407639504,0.4464728643826715
1815,0.0008263335952879319,0.446474675278196
1816,0.0008239353005103908,0.4464747109593333
1817,0.0008215211762767861,0.44645589938774904
1818,0.0008188979668072834,0.44646001153295667
1819,0.0008167701385237737,0.44645623392970163
1820,0.0008143426680902209,0.446453652541662
1821,0.0008118271927601377,0.44647039250970666
1822,0.0008097412248878376,0.44646437285904245
1823,0.0008075549196360609,0.446466444299608
1824,0.0008053301529730102,0.44646773514961835
1825,0.0008027488983599474,0.44645720829202645
1826,0.0008004247444946413,0.44646161050099586
1827,0.0007980105163018171,0.4464562145713141
1828,0.0007961204398976191,0.4464657641753988
1829,0.0007938073276271515,0.44645940754704677
1830,0.0007913666652502819,0.4464733472611646
1831,0.0007890299733880474,0.44648850961357556
1832,0.0007863047158635361,0.4464875583295476
1833,0.0007838811076200646,0.4465020008375874
1834,0.0007815801487024953,0.4465025328874779
1835,0.0007790514355578679,0.4465042294924095
1836,0.0007765514032264828,0.44649323687916265
1837,0.0007741812249822517,0.4464773594129684
1838,0.0007721059397245192,0.4464815045544306
1839,0.0007700342551997658,0.44649497275019034
1840,0.000768109520073099,0.4464886754090917
1841,0.0007657056970732506,0.4465032685567316
1842,0.0007635389347737404,0.4464882893804037
1843,0.0007614222060122059,0.4464903163016702
1844,0.0007592560653633727,0.4464969162677554
1845,0.000757014053889403,0.44649694361336795
1846,0.0007550790939282009,0.4464888777468661
1847,0.0007532906545647911,0.4464882260658333
1848,0.0007511927183551003,0.4465077961467493
1849,0.0007491040048410311,0.4465088935079288
1850,0.000747324853706179,0.44650657188429493
1851,0.0007450795549462356,0.44650191959758256
1852,0.0007430863025080989,0.44648994821362953
1853,0.000740974229369054,0.44648277258511637
1854,0.0007391411759914897,0.44646920014429603
1855,0.0007371901012806903,0.44646064808511976
1856,0.0007354688644536984,0.44646111241095693
1857,0.0007333162430860873,0.4464541555851758
1858,0.0007312716235458238,0.446475433974966
1859,0.0007290388806267104,0.44648436321403306
1860,0.0007272137947463017,0.44647982806083725
1861,0.0007250132379430403,0.44647836310673295
1862,0.0007228721542407315,0.4464759345926013
1863,0.0007206899663571085,0.44646759970649935
1864,0.0007188825057787176,0.44647208541484423
1865,0.0007167176412383227,0.44645401887483993
1866,0.0007143766194678818,0.44645309116515497
1867,0.0007125501116710176,0.44644729331203237
1868,0.0007101706610184408,0.44643935611236024
1869,0.0007081138251750769,0.4464420180490087
1870,0.0007057233084009091,0.4464441948208717
1871,0.000703682860545096,0.4464470317277552
1872,0.0007016329904893289,0.44643573589088986
1873,0.0006996739506275562,0.4464272551690187
1874,0.0006978642123957159,0.44642651734686095
1875,0.0006960056846245629,0.446423010794958
1876,0.0006937277270401951,0.44641134503472985
1877,0.0006915201512073494,0.4464086671447619
1878,0.0006895808468844551,0.4464144531480753
1879,0.0006876200988686197,0.44640941774388226
1880,0.0006858025964798319,0.44640852123606184
1881,0.0006837906114353609,0.4464130782007998
1882,0.0006818797233043994,0.44641416040741216
1883,0.0006800829151936406,0.44641126570802314
1884,0.0006782279990587251,0.4464180324815695
1885,0.0006761979944821011,0.4464132066427722
1886,0.0006743333520467795,0.4464074598965516
1887,0.0006724542924245601,0.4464102454651366
1888,0.0006702175640670621,0.4464006951589568
1889,0.0006684096382131492,0.4463881417661527
1890,0.0006665014806406028,0.4463896788522525
1891,0.0006650544148594197,0.4463838535675492
1892,0.0006631558859405911,0.4463777594114463
1893,0.0006612914869760577,0.4463742682319483
1894,0.0006595170922743639,0.44637368239486264
1895,0.000657714899805834,0.4463775630824785
1896,0.0006559200666975925,0.4463839263228984
1897,0.000653772149211227,0.4463907436095431
1898,0.0006516626538642805,0.44637597527494915
1899,0.0006496125611979654,0.44637325376641024
1900,0.0006475121438899948,0.44636540811682723
1901,0.0006456016747153961,0.4463705569162409
1902,0.0006439192481950559,0.44636444113474544
1903,0.0006420392002121303,0.4463655594982996
1904,0.000639795083815916,0.446360345516549
1905,0.0006381851135890519,0.44636034664003715
1906,0.0006363206362206214,0.44636389440679186
1907,0.0006344918052290048,0.44636350521974544
1908,0.0006329596554148142,0.4463604146066053
1909,0.000631302797474698,0.44635491300785807
1910,0.0006295152346656683,0.44633584427970124
1911,0.0006275547663369497,0.4463490719281929
1912,0.0006257929124904802,0.4463505512376559
1913,0.000623886157178372,0.44633420261105117
1914,0.0006219663527146138,0.44633559853329235
1915,0.000619961941599096,0.4463248831025759
1916,0.0006181666845620317,0.44632218053760225
1917,0.0006160887441056543,0.446314587539812
1918,0.0006140808562235562,0.4463029687806308
1919,0.0006123544380975991,0.4463118304578137
1920,0.0006106262908718125,0.4463200110293843
1921,0.0006089881041317165,0.4463239337406604
1922,0.0006075082826494605,0.44632516445340953
1923,0.0006057917399654013,0.44631371396621056
1924,0.0006037528750394586,0.4462996467250705
1925,0.0006018022787313357,0.4463002700266944
1926,0.0006002208603008094,0.4462952671243191
1927,0.0005984591187544751,0.446290466604881
1928,0.0005971351123234994,0.44628678688779
1929,0.0005953609367265866,0.4462839481147622
1930,0.0005937299967749979,0.44628405846506713
1931,0.00059174284650262,0.44629084263325897
1932,0.0005903899197771047,0.4462982652749098
1933,0.000588629343975378,0.44630167293076717
1934,0.000586879880398379,0.4463108271534984
1935,0.0005851803225506698,0.4463036407550363
1936,0.0005836015768224461,0.4462949761769998
1937,0.0005820159253513464,0.4462961069779972
1938,0.0005805997436529011,0.4462963247561238
1939,0.0005789429481925799,0.44628663721172795
1940,0.000577403058700597,0.44629532710374015
1941,0.0005758809357500144,0.4462943345740365
1942,0.0005740271970014648,0.44628305358184833
1943,0.0005721979448694243,0.4462852898819257
1944,0.0005709455278987831,0.44628746529558105
1945,0.0005693846147895429,0.446284585952392
1946,0.0005675815555985644,0.4462862459065017
1947,0.000566165405402403,0.44629555630225576
1948,0.0005646879210453427,0.4463017969403108
1949,0.0005628664405246199,0.4463055218606256
1950,0.0005612026274966435,0.44630215115313976
1951,0.0005598038542920547,0.4462951846863676
1952,0.0005583968615430703,0.446299010192834
1953,0.0005570125763225393,0.4463069672556583
1954,0.0005554828978366798,0.44630751997191836
1955,0.0005540189542161155,0.44632257618158017
1956,0.0005526574227223171,0.4463040136329693
1957,0.0005513329286794239,0.44630084215673144
1958,0.0005498362943106572,0.4462887423434534
1959,0.0005481588367566933,0.446284338408657
1960,0.0005466865983426314,0.4462870361019951
1961,0.0005450365819903945,0.44629126554030923
1962,0.0005434655159764963,0.4462920210302459
1963,0.0005420233850100956,0.4462812036980372
1964,0.0005402315047221619,0.4462855615020057
1965,0.000538783748288854,0.4462779437431948
1966,0.000537361181558554,0.44628355838054085
1967,0.0005358418195707984,0.4462846431288251
1968,0.0005344984089898218,0.44628239237734796
1969,0.0005327442093403989,0.4462972112447617
1970,0.0005313309767893878,0.44629544594062037
1971,0.0005297195086061794,0.44628920526248933
1972,0.0005282888425525904,0.446281006388253
1973,0.0005265899488260758,0.4462714723372928
1974,0.0005250961293306613,0.4462812007968707
1975,0.0005236329749371174,0.446287782403208
1976,0.0005222511020896898,0.4462852595493923
1977,0.0005205912895683541,0.44629676824699865
1978,0.000519000345941605,0.4463066318531643
1979,0.0005175358159253209,0.4463064661542803
1980,0.0005161684997672244,0.4462976536629118
1981,0.0005147760618939162,0.4463036619450175
1982,0.000513247711667006,0.44629704741382875
1983,0.0005117475011339988,0.4463028369250383
1984,0.0005103173761925064,0.44629530100429454
1985,0.0005088142511801726,0.44629075635079607
1986,0.0005074169213112501,0.4462926472837756
1987,0.0005059904591884348,0.44629431489943083
1988,0.0005048540414274721,0.4462984793331762
1989,0.000503430359127378,0.44631396125878997
1990,0.0005021597091055134,0.4463066483466067
1991,0.0005007418518196447,0.44630707030660527
1992,0.0004993581006697852,0.44630920327768153
1993,0.0004979655107225324,0.4462990777534377
1994,0.0004964522274552688,0.446306110657034
1995,0.000495084879378382,0.4463110945761918
1996,0.0004936113452595005,0.4463130035094021
1997,0.0004922049150950681,0.4463135846716595
1998,0.000490958410188698,0.44631683835889135
1999,0.0004896235233231746,0.44631378787342557
2000,0.0004883053654615968,0.44629895537105857
2001,0.00048677846799996,0.4462934252862792
2002,0.00048523891501835425,0.446290862955724
2003,0.00048393892316411286,0.44630034019076176
2004,0.00048255625165966124,0.44629723431513263
2005,0.00048122699333601676,0.44629325324792074
2006,0.00048001769178171265,0.44629624196408973
2007,0.00047877225124670967,0.4462903645351521
2008,0.00047741833076546885,0.44628776173265206
2009,0.00047617339297993845,0.44628416232613205
2010,0.00047459956121934706,0.446283688765205
2011,0.00047332199516460157,0.4463018187797683
2012,0.00047220180000031393,0.4463070606122169
2013,0.0004706818665226393,0.4463086144896897
2014,0.0004694156741414714,0.4463116224415638
2015,0.0004680688459160227,0.446322978246011
2016,0.000466762562640818,0.4463198300179328
2017,0.00046565338059231885,0.4463146336043359
2018,0.0004642497307261848,0.44631110575813304
2019,0.00046289595142560774,0.4462996007659571
2020,0.0004614763817589442,0.44630764546283624
2021,0.00046046616535991693,0.44630165965241214
2022,0.00045896923989194213,0.4462939580681475
2023,0.00045743781280084187,0.44629323843655216
2024,0.0004563054094217378,0.4462892311664093
2025,0.00045496438815475376,0.44629052023031784
2026,0.00045360849883929353,0.44628146569389127
2027,0.0004521391523252741,0.44627771098525254
2028,0.00045075314468727873,0.4462797104694717
2029,0.0004494504258360139,0.4462819416681182
2030,0.0004483346456402349,0.4462708244821829
2031,0.00044716311513754337,0.4462683107429268
2032,0.00044579681923538026,0.44626029675915785
2033,0.00044457887945986805,0.4462595775894144
2034,0.0004432629204213019,0.44626152724679835
2035,0.00044207442894174083,0.4462485252858956
2036,0.0004408571654456575,0.4462357426776694
2037,0.0004395132370576423,0.4462359823271829
2038,0.0004383928033108196,0.4462276160099154
2039,0.0004372977561812687,0.4462290662297642
2040,0.00043618261520136237,0.4462285032087946
2041,0.00043491611517608165,0.4462277548952951
2042,0.00043359788173144716,0.44622838952717775
2043,0.0004322461265741185,0.4462207514698955
2044,0.00043106346052949494,0.4462159278040354
2045,0.00042977012689375624,0.44621771751252476
2046,0.00042842139655379074,0.44622796913447177
2047,0.0004273182624169915,0.4462266056718091
2048,0.0004260961362817273,0.4462287627843752
2049,0.0004247347835654667,0.446222461041893
2050,0.00042359017455487576,0.44623265849397714
2051,0.0004223690518516791,0.4462441377242855
2052,0.00042134179328406766,0.44623646103491504
2053,0.00042007223243130875,0.4462292924675874
2054,0.00041873633696428765,0.44623267597332533
2055,0.00041747761783263133,0.4462241458675665
2056,0.00041621660040832556,0.44622790082044567
2057,0.0004148451827067934,0.4462193856110261
2058,0.0004138108214238356,0.4462190861122319
2059,0.00041280992904523293,0.4462141863829815
2060,0.00041185402127195817,0.4462179620436812
2061,0.0004106247180754222,0.44621515047759874
2062,0.0004094239019834891,0.44620791930005377
2063,0.00040831775176166935,0.44620937226380186
2064,0.0004072204831652177,0.4462046195788398
2065,0.0004060575697038225,0.4462193509654285
2066,0.00040486571520309653,0.446208305362997
2067,0.0004036840741717246,0.4462057703009266
2068,0.00040251477533256164,0.4462015508025042
2069,0.0004013210208622311,0.4462026951599827
2070,0.0004001017266138827,0.4461967848375348
2071,0.0003988559056406909,0.44619180263688835
2072,0.00039779634048082806,0.4461980324690126
2073,0.000396890316577071,0.4462000639219506
2074,0.0003958332818440663,0.44619234667460134
2075,0.00039485862275809975,0.44619586919129667
2076,0.00039382386218957707,0.4461898708845105
2077,0.0003926048153338983,0.4461929410388735
2078,0.00039144995384218843,0.4461905254799574
2079,0.0003903689832383505,0.446201584111295
2080,0.0003893116626506886,0.4461958882941225
2081,0.00038816238529923365,0.44619718552795506
2082,0.00038711277913459544,0.4461899686657543
2083,0.00038613025876306554,0.4461902220098762
2084,0.0003850929609704606,0.44617767301530004
2085,0.000383818710589946,0.4461716137525563
2086,0.0003826571501738085,0.4461747197509786
2087,0.0003816611936744329,0.44616871049993023
2088,0.0003806623310639188,0.4461631092771984
2089,0.0003795061318962873,0.44616589464221185
2090,0.0003783973096496474,0.4461726797974457
2091,0.00037741066567440216,0.4461731678369082
2092,0.0003763187653083429,0.44616570207833844
2093,0.0003753414694169696,0.44616051778973337
2094,0.00037417943889365616,0.4461658339668365
2095,0.0003731760689530293,0.4461719066527676
2096,0.0003719998804305398,0.44615934650760825
2097,0.00037091290379772344,0.44615930472561954
2098,0.0003699597992798917,0.4461590655466041
2099,0.0003689303191701107,0.4461523929606165
2100,0.000367808111454839,0.44614177597661553
2101,0.0003666656902253506,0.44613981239769407
2102,0.00036577177778121197,0.44614382575947015
2103,0.00036468199945779924,0.4461433157157811
2104,0.00036367697430545566,0.44614230964430895
2105,0.0003627800073407176,0.44615315241780046
2106,0.00036162717309921053,0.44615742640659317
2107,0.0003605493579648418,0.4461558601499602
2108,0.0003596065495033913,0.44614813008640064
2109,0.00035869198128954166,0.44614807265351764
2110,0.00035774738186089816,0.4461449923099405
2111,0.0003566811275109808,0.44615111117441064
2112,0.00035574977410911273,0.4461464612435607
2113,0.0003546806227694209,0.4461484392039366
2114,0.0003536612090286793,0.4461478997081057
2115,0.000352550161495411,0.44614077223888216
2116,0.00035163690090717737,0.44613859932504907
2117,0.0003505970310633247,0.44614814436011746
2118,0.0003496839040631669,0.44615239711504623
2119,0.0003487560301648136,0.44615103487620167
2120,0.00034787532785095703,0.44615119327323227
2121,0.0003469012633022478,0.44615090636668275
2122,0.000345918438672277,0.4461535427290268
2123,0.0003450631690590818,0.4461599250789732
2124,0.00034417392780843314,0.4461607332348943
2125,0.00034310883148716835,0.44617326397159957
2126,0.00034224951788610096,0.4461695903118157
2127,0.000341388159751714,0.4461697010173357
2128,0.00034052571230095194,0.4461749412250425
2129,0.00033955614591818116,0.4461696563605026
2130,0.000338554235979681,0.4461755700707195
2131,0.0003375693580804743,0.44616278501137235
2132,0.0003366950983615848,0.44617506889678915
2133,0.0003355994226694238,0.44616408151406844
2134,0.0003346386264659636,0.44616732239858453
2135,0.00033375509988690905,0.44617221910614224
2136,0.00033291809228092127,0.44617406446560737
2137,0.0003318531694565302,0.4461759408762758
2138,0.00033078261934621115,0.4461633365911275
2139,0.0003300061526820287,0.44615219991886146
2140,0.00032909401940393895,0.44615766193571005
2141,0.0003281974285707248,0.4461432713112447
2142,0.00032717347606469726,0.44613985263047096
2143,0.00032620204904284313,0.44613886614307974
2144,0.00032516232164250174,0.44614692444206744
2145,0.000324242638221333,0.446154713547227
2146,0.00032325098020870806,0.44614711493274045
2147,0.0003222224817165292,0.4461539963669132
2148,0.00032123331451496293,0.44614681334189016
2149,0.0003202209705840528,0.4461399082988547
2150,0.0003192740784155265,0.4461430618052184
2151,0.000318541264202282,0.4461498199265819
2152,0.00031763973331508393,0.4461560235121744
2153,0.00031670561640805093,0.4461450034213881
2154,0.0003158832286289222,0.44614605862946777
2155,0.0003150773480923475,0.4461439486708723
2156,0.0003140942889012659,0.44614749121399383
2157,0.00031321525969478736,0.4461572883710017
2158,0.0003124286709512454,0.4461474570770414
2159,0.0003116884844171032,0.4461506160070032
2160,0.00031081175954665856,0.446152882700677
2161,0.000310010823560966,0.4461544130640862
2162,0.0003090211517700866,0.4461598778668563
2163,0.00030815371084142015,0.44616470064520375
2164,0.00030725331093556284,0.44617498113456555
2165,0.0003062284657780952,0.4461737126307128
2166,0.00030523981891598684,0.44617043300133286
2167,0.00030449914335851664,0.44616532738473225
2168,0.0003036004411771908,0.4461649000649773
2169,0.0003027898198640871,0.44615993244864594
2170,0.0003018555839620887,0.44616029973788124
2171,0.00030096244631790407,0.4461592631572006
2172,0.0003002338878154015,0.44615399835614294
2173,0.0002992888496942069,0.44615438087383846
2174,0.0002983753184116454,0.44615711702127625
2175,0.0002976188379038075,0.44616011106211995
2176,0.00029676973706814334,0.4461506305240979
2177,0.0002958904684993195,0.44614663890824274
2178,0.00029511109429354327,0.4461403118763231
2179,0.00029443934837754547,0.4461412676668104
2180,0.00029362895399856763,0.446140284636265
2181,0.0002928590698580087,0.44615639322321105
2182,0.0002918893894049908,0.4461503592218355
2183,0.00029102373900322906,0.4461451235993064
2184,0.0002901771191612684,0.4461432618961212
2185,0.0002894200557259712,0.44614166079601175
2186,0.0002887396961623155,0.4461456663012266
2187,0.0002879747829496167,0.44614429375495307
2188,0.000287213488621908,0.4461467073895303
2189,0.00028654820673644645,0.44614350894370886
2190,0.0002857081888348977,0.4461432023113108
2191,0.0002848421720794795,0.4461437755245137
2192,0.0002840370199482101,0.4461386343634553
2193,0.00028323867327240387,0.44613399163875384
2194,0.0002823775836004051,0.44612265291447684
2195,0.0002816416172656092,0.44611632487903186
2196,0.00028079281141630744,0.44612127361138537
2197,0.0002800034634878287,0.446121887117124
2198,0.0002791646714214184,0.44612656790937827
2199,0.000278420232785318,0.44612792673756346
2200,0.0002777061747863513,0.44612950962777387
2201,0.0002768533358009061,0.4461304431779871
2202,0.00027618765784728343,0.44612278193486554
2203,0.0002754429556121623,0.4461133651382849
2204,0.00027475894347997394,0.4461169534865159
2205,0.00027381074851122705,0.44611432202104934
2206,0.0002730155187096205,0.44611742250905245
2207,0.0002723117600095988,0.44611857972155045
2208,0.00027159115068413857,0.4461332549721433
2209,0.00027087439764259734,0.44613940060712687
2210,0.0002700233827187717,0.44613758526534136
2211,0.000269193418607313,0.44613012098004057
2212,0.00026848891455925455,0.4461274817733083
2213,0.00026771137787002977,0.44613241289797984
2214,0.0002671177953769463,0.44613815989391103
2215,0.0002662779279943212,0.4461315984224178
2216,0.00026553244232252064,0.44612627096381435
2217,0.00026467334392411303,0.4461294246792622
2218,0.00026393413759966296,0.4461328474842156
2219,0.0002633484951026224,0.4461271905106787
2220,0.0002626612961911301,0.446128207814986
2221,0.00026199415912093885,0.4461310883739873
2222,0.00026132360679307867,0.44613638646339215
2223,0.0002605486112424387,0.44612982144772145
2224,0.0002599260436432028,0.4461290575494572
2225,0.00025919386685320246,0.4461245944985706
2226,0.000258453461639454,0.446117663420995
2227,0.0002578247544374464,0.4461119466335622
2228,0.00025712910738045304,0.4461096409750859
2229,0.0002564848861846836,0.4461074903012833
2230,0.0002558621384224015,0.44610528394731574
2231,0.00025514207027155776,0.44610335269196955
2232,0.0002544496401672474,0.44610237269413916
2233,0.00025385995241519684,0.44610677005829114
2234,0.0002531977208994709,0.4461112317700394
2235,0.00025256529904573664,0.4461140314499588
2236,0.0002518063014174299,0.44611425171670377
2237,0.00025110152223314697,0.4461152578659028
2238,0.0002504294372649518,0.4461143982801821
2239,0.00024972793243648034,0.44611325056666673
2240,0.000249092053665549,0.446116512526579
2241,0.00024845072794532316,0.4461197845515113
2242,0.00024769295245494503,0.44611678580003183
2243,0.0002470704494181092,0.4461141862940327
2244,0.00024650729615082324,0.4461112788695914
2245,0.00024578915715980074,0.44611318565009933
2246,0.00024503685677219374,0.44610928213031037
2247,0.0002444082425248408,0.44611360270940753
2248,0.00024383332469886902,0.44611334588273055
2249,0.00024306523997442083,0.44610285383560366
2250,0.0002423536021184261,0.44609862950318024
2251,0.00024177146509857914,0.44609937602780947
2252,0.00024111186040109183,0.4461046406431549
2253,0.000240408030829029,0.44610812139202954
2254,0.00023976513194204173,0.44611198384612355
2255,0.00023909513518638093,0.4460996496516684
2256,0.0002384904904561623,0.4461011367864269
2257,0.0002379095826333253,0.446106999049809
2258,0.00023725428298210463,0.4461065978134259
2259,0.0002365568615558479,0.4461041645106201
2260,0.00023602440160771165,0.4461093871246107
2261,0.0002354062098388765,0.4461105991343147
2262,0.00023478321415906723,0.4461030752435985
2263,0.00023404880697229023,0.4461048165848557
2264,0.0002334678631033753,0.4461097213558952
2265,0.00023286775912036901,0.44610387245881256
2266,0.0002322038793856091,0.4461030150248749
2267,0.00023150810047498587,0.44609976350522557
2268,0.00023082175295425955,0.44609998974552745
2269,0.00023016171035783673,0.4461038533393065
2270,0.0002295087105465909,0.4461078057632146
2271,0.000228891866027972,0.44611113719926737
2272,0.00022825370281427838,0.4461133468456793
2273,0.00022762402247184364,0.4461206495555923
2274,0.00022704002056915147,0.44612124242690715
2275,0.0002265522561632791,0.4461235788670385
2276,0.00022595647277581346,0.4461183488537677
2277,0.0002253305931077463,0.4461110845850664
2278,0.0002246602805845416,0.44611762573479535
2279,0.0002239624950041197,0.4461188886211733
2280,0.00022329589534181835,0.4461185326823322
2281,0.00022268512524790813,0.4461181404591936
2282,0.0002221685973184763,0.4461133451979259
2283,0.00022157827729850672,0.44611476939438155
2284,0.00022084879920669824,0.446101517253983
2285,0.00022027844640046596,0.44609477025884975
2286,0.00021974300750248225,0.4461064651040422
2287,0.0002192372369256882,0.44610000438981673
2288,0.00021857222555062816,0.4460979915679085
2289,0.00021790346459318584,0.4460942097055377
2290,0.00021719581725358465,0.44609154111446414
2291,0.00021656665583491165,0.44609281464577777
2292,0.00021603274794841306,0.4460955880141492
2293,0.00021554402116852746,0.44609558847735525
2294,0.00021492986526547398,0.4460944556897839
2295,0.0002144035455364126,0.4460904079772619
2296,0.00021390858118724507,0.446089530585285
2297,0.00021329270938063333,0.44609252553227924
2298,0.00021267537274823859,0.44609043116083763
2299,0.00021206314037938175,0.44608855747292786
2300,0.00021153286117139134,0.4460825572992083
2301,0.00021091524094678777,0.4460807374786913
2302,0.00021038380131892744,0.44607636944545753
2303,0.0002098537484832808,0.44607853802220465
2304,0.00020935081038638345,0.44608249267717465
2305,0.00020864684413248447,0.44608612460408686
2306,0.00020802254545428965,0.4460858155433649
2307,0.00020734219858406034,0.4460893221773049
2308,0.0002068069564261263,0.44608724962969537
2309,0.0002062268931221767,0.44609124916090376
2310,0.00020573156559076502,0.4460912251549755
2311,0.00020512172681717215,0.44609507351731886
2312,0.00020457911164840068,0.44609090009038166
2313,0.00020406458741229226,0.4460975568664002
2314,0.00020356992707458395,0.44609541139394937
2315,0.00020295778054654968,0.44609722250842676
2316,0.0002024453219046153,0.44609947355733154
2317,0.0002019081923306775,0.4460899822142645
2318,0.0002014396181675093,0.4460921297061057
2319,0.00020091543098367108,0.446090492975429
2320,0.00020034257076583252,0.44609876360752265
2321,0.00019979142546225898,0.4460986477882195
2322,0.00019931746896512928,0.446103723435544
2323,0.00019875901950795047,0.44610571953437045
2324,0.00019813160595296694,0.4460952927041508
2325,0.00019761535319426528,0.44608997624899777
2326,0.00019713009612101005,0.4460892832579638
2327,0.0001965807218674317,0.4460810109105775
2328,0.00019609757241769585,0.4460729443200188
2329,0.00019559746425272078,0.4460750950391666
2330,0.00019507081987249917,0.4460771706230766
2331,0.0001945798820494891,0.44608165298233843
2332,0.00019404869074508607,0.4460761601233643
2333,0.0001934954049892736,0.4460727303673956
2334,0.00019298107923131823,0.4460665817198231
2335,0.00019251901227098131,0.4460727771491423
2336,0.00019204397787332784,0.44607269553161505
2337,0.0001915748747873584,0.44607107271080676
2338,0.00019099106918820058,0.44607303560325334
2339,0.00019046918337427634,0.4460762649878403
2340,0.00018993247643371238,0.44607138756576126
2341,0.00018937407085703207,0.4460649955326433
2342,0.0001888506173266318,0.4460721198067278
2343,0.00018832258877961788,0.446072553448132
2344,0.00018779536205787238,0.4460711540775098
2345,0.00018733297598231964,0.446068666318439
2346,0.0001868136277709169,0.4460691926796275
2347,0.00018630383248806394,0.44607141365105724
2348,0.00018569715888931565,0.4460633467340956
2349,0.00018524151789725503,0.44606083969961857
2350,0.00018466807518820508,0.44605968438494054
2351,0.0001842517554241875,0.44605767616528397
2352,0.00018371936895806017,0.44606084338035307
2353,0.00018319909850588885,0.44606041863993035
2354,0.00018269514311717723,0.44605495317320115
2355,0.00018224388030208105,0.44605555272898134
2356,0.0001816457424015417,0.4460615806608185
2357,0.00018111875362461917,0.44605410056380224
2358,0.00018059267007054612,0.4460501314746899
2359,0.0001800844517681158,0.4460496384916379
2360,0.0001795563073245498,0.44604775274556036
2361,0.00017915012924537635,0.4460463718702111
2362,0.0001787004498553979,0.44604195117911416
2363,0.00017823677742632302,0.44603351176769046
2364,0.0001777548368233082,0.44602947832843204
2365,0.00017720634148307845,0.44603129425375776
2366,0.00017674544954674053,0.4460251516052146
2367,0.00017631481270698266,0.446023787005156
2368,0.0001757681644802138,0.4460238524341762
2369,0.00017530103795856714,0.4460273973630416
2370,0.00017479994423635502,0.44602373902968995
2371,0.00017433823725412217,0.4460142359523094
2372,0.0001738129381848934,0.44601137049599804
2373,0.00017335190313411076,0.4460098974962013
2374,0.00017293568477368023,0.44600971689253177
2375,0.00017245727985357732,0.4460092208900099
2376,0.00017197030677452678,0.4460100209458618
2377,0.00017156950585296894,0.44601431475524983
2378,0.00017113193865796715,0.4460108503453367
2379,0.00017067702783933922,0.44600909888567786
2380,0.00017022759119871255,0.44600310750608724
2381,0.00016977991523377213,0.446004177494224
2382,0.000169321971157471,0.44600283285686604
2383,0.00016887062915576175,0.44600250153245335
2384,0.00016837119951688964,0.4459995159549068
2385,0.00016790957279042031,0.446002190574142
2386,0.0001675275771780155,0.4459989192009248
2387,0.00016706212507602774,0.44599764769321704
2388,0.00016663798612545427,0.4459974072103552
2389,0.00016614342202105105,0.44600095090623615
2390,0.00016563415022069193,0.44599534779709765
2391,0.00016518497012449465,0.4460030317915962
2392,0.0001646263304990141,0.4459993262854505
2393,0.00016417472209930782,0.44599906354998764
2394,0.00016377563731132924,0.44600061024043913
2395,0.0001633387818506266,0.44600334339219944
2396,0.0001628557736098308,0.4459977833665751
2397,0.0001624351606261867,0.4460032001273324
2398,0.00016192825627183143,0.44600925753745235
2399,0.00016142246500064995,0.4460076876501157
2400,0.00016100441277262122,0.4460166564052722
2401,0.0001605631939097972,0.4460114437894483
2402,0.00016014722677465713,0.44600914679580916
2403,0.0001598003440838966,0.44600617256173086
2404,0.0001593593584464714,0.44600605622830336
2405,0.00015889477767770714,0.4460124432305788
2406,0.0001585251956950386,0.446011668170954
2407,0.00015808153658154533,0.4460167793681604
2408,0.0001576686225413213,0.4460193092955013
2409,0.0001572728932133209,0.44601607227012335
2410,0.00015680730391868657,0.4460096064766729
2411,0.00015640259874435118,0.44600371202611905
2412,0.00015594420484114037,0.4460032892745192
2413,0.0001555944386719377,0.4460087189879216
2414,0.00015516143338947924,0.44600132277127386
2415,0.00015476710634307493,0.4460020504842234
2416,0.00015436246028722726,0.44600409214964576
2417,0.0001539241380968346,0.4459966597083328
2418,0.00015352910078649144,0.4459966043802522
2419,0.000153089277579553,0.4459943292533735
2420,0.000152690653590914,0.44599518890300804
2421,0.00015228887424032614,0.445996922378587
2422,0.00015188030624806826,0.4459968786988806
2423,0.0001514807619992848,0.4459959664011072
2424,0.00015102514119622493,0.44599393326298936
2425,0.00015062139932160118,0.4459898871163591
2426,0.00015023642466521366,0.4459906935797282
2427,0.0001499050319336165,0.4459869245380416
2428,0.0001494891836937751,0.4459859477495865
2429,0.00014908830907334346,0.4459834743027298
2430,0.00014870352757657656,0.4459864734669436
2431,0.0001482929855688791,0.4459859653868048
2432,0.00014796518118745242,0.4459868866242325
2433,0.00014755902705870094,0.4459881022516814
2434,0.00014713305019677905,0.44598718479702887
2435,0.00014672977223979103,0.44598693042462906
2436,0.00014632023736726687,0.4459805442314646
2437,0.00014592414588747205,0.44597929876865405
2438,0.00014561183680714788,0.44598039734632117
2439,0.00014522640866141938,0.44597906481119176
2440,0.00014485003237914418,0.44597952911214844
2441,0.00014444563822400703,0.44598739084601885
2442,0.00014400216984315585,0.4459905429430887
2443,0.00014365942866793443,0.445986665117606
2444,0.0001432866901208061,0.44598616938390373
2445,0.00014298008619429263,0.4459854570558854
2446,0.00014259798691130298,0.44599112842884714
2447,0.00014218871421239315,0.445985081818991
2448,0.00014181755866664723,0.4459859867657182
2449,0.00014148944612326348,0.44598706077158784
2450,0.00014113834659206954,0.4459870802394306
2451,0.00014073127958312686,0.4459873501363782
2452,0.00014037044527618714,0.44598706847463415
2453,0.00014002250438902486,0.4459815870332257
2454,0.00013968894002034507,0.44597951895270666
2455,0.0001393044664870616,0.44597786760370334
2456,0.0001388732640448316,0.4459814812371044
2457,0.00013851116635413028,0.4459807288971851
2458,0.00013815957782496385,0.4459774368571958
2459,0.00013775438249586657,0.44597219509917213
2460,0.00013740007658652017,0.44597004035721954
2461,0.00013701996624540942,0.4459687746817713
2462,0.00013661191246284058,0.44596327665484403
2463,0.00013622665851802446,0.44596335106981666
2464,0.00013585535845852978,0.4459573665325171
2465,0.0001354509997825117,0.4459609453764237
2466,0.0001350750509540149,0.4459576691035673
2467,0.00013474164231272773,0.4459585878590116
2468,0.0001344107498451621,0.44596021131465324
2469,0.00013398606682506558,0.4459588352539588
2470,0.00013357751192452194,0.4459534688983123
2471,0.00013321047084863632,0.4459531508068942
2472,0.00013283270499809535,0.4459561334347083
2473,0.0001324850137173652,0.44594728555909346
2474,0.00013216354326997488,0.4459474962954658
2475,0.0001317696332388177,0.4459443250218152
2476,0.00013141722179748513,0.4459472777316577
2477,0.0001310976033271773,0.4459433916241414
2478,0.00013075387388567137,0.44594895677222796
2479,0.00013039575367984545,0.44595667375877185
2480,0.0001300439460503362,0.4459522532861192
2481,0.00012964633109286094,0.4459532511596457
2482,0.00012925737497770183,0.44594686148124413
2483,0.000128889275185352,0.4459435640758008
2484,0.00012852425057121683,0.4459411345917498
2485,0.00012815112468995298,0.4459385462056818
2486,0.0001277265529357123,0.4459308884351612
2487,0.0001274135957616967,0.44593222494508894
2488,0.00012708911282662295,0.44593569898007035
2489,0.00012672764211974356,0.44592891287931485
2490,0.0001264404179035496,0.4459258453872106
2491,0.00012608311513800759,0.4459259199307848
2492,0.00012577519152571877,0.44592069223711783
2493,0.00012544413938036375,0.44592081980553816
2494,0.0001251010365097522,0.4459184463080152
2495,0.00012474188527706963,0.4459136159230587
2496,0.0001243626312024232,0.445908286289271
2497,0.0001240432065859875,0.44590544785201264
2498,0.0001237741542918927,0.4459029837380149
2499,0.00012346820651505452,0.44590358718292733
2500,0.00012316410233074047,0.4459033118210343
2501,0.0001228498154892459,0.4459017900675734
2502,0.0001225881060366649,0.44589896302187787
2503,0.0001222939167779052,0.44589815520056675
2504,0.00012197820675943362,0.44590115502458993
2505,0.00012167693525070935,0.44590126102625005
2506,0.00012133781556654456,0.4459047811643402
2507,0.00012103123353270927,0.44590448258584714
2508,0.00012072972950894322,0.44590120876516615
2509,0.00012039151337142356,0.4459037078032386
2510,0.00011999207547276688,0.4458963119543631
2511,0.00011964153323091425,0.4458919689158276
2512,0.00011931390223343987,0.44589920463513244
2513,0.00011896943699639226,0.44589985858279596
2514,0.0001186797445541866,0.44590285066601903
2515,0.00011834344480308953,0.4458952773495903
2516,0.00011799767015447776,0.44589998298849
2517,0.00011770617866950196,0.445896655005218
2518,0.00011742980821539689,0.4458950560954061
2519,0.00011712295222345665,0.4458991502581003
2520,0.00011680702256543512,0.4459029480897085
2521,0.00011651972666319689,0.4459063707554738
2522,0.00011623403998108944,0.44590071478235144
2523,0.00011589781883805756,0.4459052977923365
2524,0.00011562221956783205,0.44590860843381164
2525,0.00011534571834004157,0.4459107113153437
2526,0.00011504612730753063,0.4459103641891893
2527,0.00011477367023760297,0.4459138179052773
2528,0.00011442250113079408,0.44591311756135243
2529,0.00011411647921988437,0.4459121684884211
2530,0.00011380927363490504,0.44591461488980777
2531,0.0001135078286193848,0.4459131213337777
2532,0.00011319598338539151,0.44591151170828125
2533,0.00011281713044768105,0.44591195325430705
2534,0.00011252063296031447,0.44591004335613377
2535,0.00011223674072275569,0.4459144961104907
2536,0.00011192372294001775,0.4459165250793958
2537,0.00011165973927680016,0.4459185239340294
2538,0.00011135560236809585,0.4459182001084141
2539,0.00011101965344314069,0.44591587431249524
2540,0.00011068563508558186,0.445916831964486
2541,0.00011033204270154214,0.4459153457333012
2542,0.00011003143701717054,0.4459141271901206
2543,0.00010981128335226279,0.4459105043089801
2544,0.00010955350162546838,0.4459109131780857
2545,0.00010923605411992478,0.4459105863582613
2546,0.00010893549345154273,0.4459148558315471
2547,0.00010859678328793183,0.4459135788049194
2548,0.00010827810474815799,0.44591177687537964
2549,0.00010802109814933934,0.44591154484991335
2550,0.00010773236844836269,0.4459127426008997
2551,0.00010744402654927775,0.44591109130068685
2552,0.00010714425873133345,0.4459094957484006
2553,0.00010684790344806795,0.4459038543190924
2554,0.00010650900644048444,0.44589728870645867
2555,0.00010617534931202313,0.4458971136291817
2556,0.000105878489235425,0.44590106971279136
2557,0.00010561224848490392,0.44590751635604775
2558,0.00010535681124105545,0.44590296830187537
2559,0.00010503851726187262,0.44590074629936544
2560,0.0001048011379188997,0.44590364099389374
2561,0.00010453110579863822,0.4459057393514933
2562,0.00010425771218342466,0.4459058658081801
2563,0.0001039934244463577,0.44590619365330203
2564,0.00010369360927306559,0.44590640652020586
2565,0.00010341877367751251,0.4459033208423125
2566,0.00010311326926905277,0.4458993513431898
2567,0.00010285894614163136,0.44589836705544916
2568,0.00010259238695926548,0.4458975968856448
2569,0.00010232940220463101,0.44589687907263287
2570,0.00010204273160732446,0.44589590403646945
2571,0.00010176517520870236,0.44589924061626535
2572,0.00010147585139725043,0.445903059563936
2573,0.00010115384653412009,0.44590107299466514
2574,0.00010091601675989292,0.4459073981150376
2575,0.00010063833814493655,0.4459094101732658
2576,0.00010038831232410259,0.44590705049452695
2577,0.00010013357085371357,0.4459030406823582
2578,9.988709310257335e-05,0.4458987623886779
2579,9.96203666795182e-05,0.44589535894697535
2580,9.937887626442484e-05,0.4458973922677108
2581,9.916355861299473e-05,0.44589902829567457
2582,9.892409883098082e-05,0.4459037475979162
2583,9.865042930406015e-05,0.4459041818941973
2584,9.83526815160814e-05,0.4459027316774368
2585,9.813150421745818e-05,0.4459017941888222
2586,9.787178991666535e-05,0.44590772218063646
2587,9.757417260443764e-05,0.44590509388722
2588,9.735496194868228e-05,0.4459048614030015
2589,9.706412920465525e-05,0.44591252576513707
2590,9.681922911115868e-05,0.44591168574415746
2591,9.658343289640912e-05,0.44591217667781413
2592,9.632604526460791e-05,0.44591019158574247
2593,9.604542036073917e-05,0.44591226941413886
2594,9.581276688855415e-05,0.4459107522777135
2595,9.55564682875871e-05,0.44590412445115474
2596,9.530742283419774e-05,0.4459041758715432
2597,9.506775683168858e-05,0.445901664054574
2598,9.481471690812097e-05,0.4459008109123493
2599,9.460885959591566e-05,0.44589969680830766
2600,9.439089175175752e-05,0.44590355839056856
2601,9.417543898666943e-05,0.4459017202631662
2602,9.39120804904855e-05,0.44590282194830816
2603,9.362073524524289e-05,0.44590486428801696
2604,9.339755069663428e-05,0.4459110332445134
2605,9.316414939023435e-05,0.4459059762715943
2606,9.292249282195096e-05,0.4459061883778505
2607,9.270879724843983e-05,0.44590870226221263
2608,9.245252985654376e-05,0.44590710734985095
2609,9.225806951589419e-05,0.44590588789554714
2610,9.204646538195409e-05,0.4459045387997024
2611,9.17896178640893e-05,0.4459047249130638
