epoch,train_loss,val_loss
1,0.9654417511264431,0.9769232189440126
2,0.933789094235558,0.9479886241889327
3,0.9045008651352002,0.9231734286483533
4,0.8755707901097475,0.8962261934214585
5,0.8500101835462194,0.8742439888049831
6,0.8254925741743041,0.8515825367345938
7,0.8023729754251344,0.8315297235601792
8,0.7801949852037326,0.8124228765428876
9,0.7602727983176756,0.7962903648851213
10,0.7415538361590989,0.7783073297879297
11,0.7238671778317982,0.7642160040264403
12,0.7076165063501078,0.7500524553707567
13,0.6907025585114428,0.7359749296444605
14,0.6761320542146835,0.7237915029085633
15,0.6630074535869372,0.7136679518048457
16,0.6488367084016688,0.7016755536570093
17,0.6363875435453743,0.692258646514039
18,0.6242236463211,0.6821682940783261
19,0.6129877373184217,0.6731694456919837
20,0.601538107618576,0.6635161331553454
21,0.5912112023573611,0.6549208360077327
22,0.5810449001740643,0.6471546203557926
23,0.5720625019431831,0.6397327705352718
24,0.5631907812374021,0.6337859770407396
25,0.5545480033213563,0.6266288973486199
26,0.5466400852179548,0.6207720324438015
27,0.5388997709272962,0.6139836785562122
28,0.5317229499557227,0.6094549508750499
29,0.5244171807831189,0.6050032820825421
30,0.5178936651042598,0.6003124979683211
31,0.5113686893233321,0.5955850517100878
32,0.5049850596710315,0.5915586816225733
33,0.49888643108942304,0.5875374291894913
34,0.4930578524020553,0.5832169602159422
35,0.48762629581638267,0.5795583061713208
36,0.48201142631010996,0.5761910103078562
37,0.47664739032805337,0.5730446719010631
38,0.47200050360720147,0.5707680951791885
39,0.46742062283498664,0.5681563274186897
40,0.462678261162616,0.5649655685778853
41,0.45839552046182075,0.5626018790703192
42,0.45378314542056275,0.559673242063956
43,0.44969292161280944,0.5572097659923815
44,0.4454728512466972,0.5552161769950861
45,0.4415266508254258,0.5533657311519077
46,0.4371161360573438,0.5504582545200215
47,0.43312546596559,0.5473799393256357
48,0.4290508256079248,0.5436500422030792
49,0.4252888203378281,0.5418480203238274
50,0.42177859752277985,0.5399365029504645
51,0.4181976317861791,0.538267048978802
52,0.4145258349407214,0.5361243687416755
53,0.4110619577183034,0.5347182668325426
54,0.40774711170936045,0.5327356516268311
55,0.40429637456428036,0.5307764537537416
56,0.40130404305012685,0.529321466651733
57,0.39821764897686984,0.5275101192213194
58,0.39521800160901394,0.5264910726909546
59,0.3923062591748402,0.5252335959241533
60,0.3893656644149441,0.5238561407177976
61,0.3863692336517018,0.5224361588962388
62,0.3832678661219992,0.5208767669599674
63,0.3806529719418856,0.5199581733132007
64,0.3777887676357281,0.5189530228269413
65,0.3751780322905254,0.518286931299032
66,0.3725350015228442,0.5171918055395863
67,0.36982374002895924,0.5159564808165058
68,0.36729831686194214,0.5145992263681811
69,0.36469736938455927,0.5134289478018758
70,0.3619950723312456,0.5122318727512495
71,0.3597086394987648,0.5113700821091397
72,0.35706014057140595,0.510382827916281
73,0.3544126683133723,0.5089224506474549
74,0.3519731350130217,0.5081614044109692
75,0.3496265211462505,0.5072181888068781
76,0.3473248427529674,0.5063077861943817
77,0.3450605065262355,0.5058297838962215
78,0.34281407774902367,0.505349255520365
79,0.3406391411991999,0.5041227721727753
80,0.3382501803203746,0.5034482180743637
81,0.33595738295411365,0.5023158159055416
82,0.33379142703473624,0.5014381753236958
83,0.33175163931327933,0.5006639393632846
84,0.3295310427086737,0.49963081802021875
85,0.3273755352458108,0.49834405182862784
86,0.3254562592365929,0.498189391961341
87,0.32329614943322427,0.49737406704515885
88,0.3212526135866496,0.4965764136067344
89,0.31921950420148865,0.49555397327926093
90,0.3173666029715155,0.49480783270633955
91,0.3153972175555948,0.49404037428024083
92,0.3135890923990998,0.49327872810876955
93,0.3114529103960263,0.49245674485961316
94,0.3095891148047542,0.4916424419044886
95,0.30769765808791366,0.49123047949684984
96,0.30593615978347793,0.4905848493783156
97,0.3040099584486968,0.4898479356661551
98,0.3023052098124296,0.4893558503639133
99,0.3004356752612646,0.4884728407881685
100,0.29868790635664244,0.48765901598277506
101,0.29705400939588544,0.4871739020013214
102,0.29533490062928114,0.48676560218384396
103,0.29359114032671757,0.48600509187533997
104,0.2919772859178979,0.4859354485615018
105,0.2902983800237123,0.4850419270611808
106,0.28849532457193233,0.48448098827158764
107,0.2867976235246085,0.4838943962428822
108,0.28518873560691366,0.4836137807210865
109,0.2836479942057287,0.4831024933411895
110,0.2820648189078853,0.48243745253364956
111,0.280412340570654,0.48175757447299566
112,0.27887949770109943,0.48117747503176894
113,0.2773153198040755,0.48078411960386047
114,0.2757534641714535,0.4803551087736898
115,0.2741625252019615,0.4798802792470821
116,0.27265664741261353,0.47944373960132947
117,0.2710263756835016,0.47880829339213
118,0.269604176971727,0.47845210871503213
119,0.2682006488476861,0.47798866538305734
120,0.2666083005300633,0.47769075085447577
121,0.2650374444689962,0.47736418852915125
122,0.2634375409004923,0.4769297121901239
123,0.26193266859553765,0.47658261886729814
124,0.2604614585561418,0.4758625651291352
125,0.2590469177182198,0.4759561218128737
126,0.2575977764870207,0.47569224332247023
127,0.2561125008932894,0.4750674192906996
128,0.25475869713555893,0.47427724036005137
129,0.2533366834695472,0.4736651765823612
130,0.25200376897562204,0.47330030490996383
131,0.2506178690112905,0.4727828982088016
132,0.2491411249941105,0.4725185567198383
133,0.24771874755027817,0.47220260477723325
134,0.24640162334855611,0.47213483885176133
135,0.24507491796117636,0.4719235854359814
136,0.2437255131932119,0.4713625934329118
137,0.2424195654571449,0.4707639947548134
138,0.24110269656737812,0.47022908595311946
139,0.23979195285697166,0.469880342820924
140,0.23849202274962966,0.4694133896381434
141,0.23716659534182755,0.46926795237193913
142,0.23587927602964776,0.46907675342702304
143,0.2347401507028417,0.4688116376466385
144,0.2335027667076931,0.46866425244992255
145,0.23228007500923706,0.46821648108581115
146,0.2310676395287946,0.4676815056724082
147,0.22996269802167194,0.4674458225732783
148,0.22865974130399927,0.4669338158323361
149,0.22750744852181418,0.46676268826998435
150,0.22624070969577198,0.46668513580455767
151,0.22510980320180454,0.4663812396261235
152,0.22399193761496178,0.46614215096636
153,0.22286626935121828,0.46594483072403814
154,0.22172921271892485,0.46573787461936983
155,0.2205920629997317,0.46556164887014545
156,0.21948301214062005,0.4651736608957829
157,0.2183503780733644,0.4647958128914919
158,0.21728695496196446,0.4647811348286803
159,0.21621100397864473,0.464742961824947
160,0.2151038221008178,0.46444328966505416
161,0.2139102815919897,0.4640740953328992
162,0.2127890226660276,0.4638582791376466
163,0.21173627983816815,0.4635055633624369
164,0.21065942673322416,0.46373339024670734
165,0.2096424115279701,0.46366581353196945
166,0.20863913741414694,0.4635284913822559
167,0.2076404522681799,0.4633874985238016
168,0.20648348402810873,0.4629297971400267
169,0.20542671736351134,0.46248312490730553
170,0.20440778026422116,0.4626052285742132
171,0.20330610976397873,0.46252065073853715
172,0.20225481385996766,0.46213200482397754
173,0.20122304802704985,0.46195372591015027
174,0.20014487060136957,0.4615662632679844
175,0.19909433549161754,0.4611968280796297
176,0.1980246211264456,0.4608664116561965
177,0.19709420543012482,0.46066128520890304
178,0.1961182137706762,0.460711587898969
179,0.1951215551476022,0.4603264157472227
180,0.1942657672442466,0.45968358994544756
181,0.1933149819333146,0.45960379661657763
182,0.19234562766920393,0.4593695770159185
183,0.19129734214253952,0.45917285763298865
184,0.19045822126429762,0.4589651939757252
185,0.18949242224290572,0.45866395056457365
186,0.1885726150564495,0.45855188015115095
187,0.18769428707268304,0.45880615495529214
188,0.186790824218815,0.4586283169286241
189,0.18589347003141657,0.458483735043158
190,0.18500360649864092,0.45833819044973045
191,0.1841322592146898,0.4581388576307555
192,0.183305514759776,0.45802345825783836
193,0.1824154721687027,0.4580835288381879
194,0.1815894085688173,0.45800705550586235
195,0.18077991205692542,0.4578602997442939
196,0.1799201267157749,0.45752618144646456
197,0.17906891170364397,0.45745395288106916
198,0.17820586798112853,0.4573917774647848
199,0.1773415671871887,0.4569834758138148
200,0.17648440332633772,0.4571657558049602
201,0.1756704843972226,0.4570891168138452
202,0.17484757278651492,0.45690806205399953
203,0.17404109391029135,0.4566940671469246
204,0.1731892269038812,0.45645452186337176
205,0.17239518973659534,0.45633524292687144
206,0.17162904961525982,0.45622316954531494
207,0.17082906516496363,0.4561164195870029
208,0.1699824102170647,0.4560754199685689
209,0.16924291945052425,0.45587624861502196
210,0.1683736144723055,0.45564574134542996
211,0.16756901254017612,0.4554322544366839
212,0.16673683727563068,0.4551902818761269
213,0.16600014625508908,0.45478041399863944
214,0.16516770083951077,0.4548285728841271
215,0.164387699372223,0.4548597640536499
216,0.1636647962765055,0.4547476634034186
217,0.16287809369054784,0.45449465767476166
218,0.16209400604492197,0.45477146109776123
219,0.16134391327804737,0.454955487069045
220,0.1605800597117934,0.45512754523269766
221,0.15982395566157434,0.45487717452952525
222,0.15907571309164695,0.4546454943921777
223,0.15827825910455776,0.4543901275500707
224,0.15754200818343395,0.45410957981587924
225,0.15679782781357834,0.4539924181964907
226,0.1560979624166507,0.45404248614120113
227,0.15541236115046092,0.4541449454145892
228,0.15473979892783346,0.4541157424348178
229,0.15396007855986424,0.45424902961590224
230,0.15322363518858612,0.45415927027712316
231,0.1525298741092012,0.45419806196792434
232,0.15181006448988926,0.4540166849689142
233,0.15106452678397328,0.45366663912435823
234,0.15040435543361488,0.453597384936831
235,0.14973771969245564,0.4534294395957749
236,0.14904240558218732,0.4536306244695221
237,0.14837305934274655,0.4533641453777624
238,0.1477197496122949,0.45303524883137525
239,0.14703422214449496,0.4526371899040056
240,0.1463570114363393,0.45242194791483326
241,0.14572748369479357,0.4522725567318221
242,0.14500086862869954,0.4519763377178042
243,0.14436868831850178,0.4517716661338363
244,0.14377523768985934,0.4513891128595876
245,0.1431215369556766,0.45114292035351505
246,0.1424542533276228,0.4511033378287148
247,0.14177368289893025,0.4508545054651195
248,0.14111677438509787,0.45063165135464794
249,0.14046511772819,0.4504598157108527
250,0.1397788857607142,0.45029513774790436
251,0.1391335257922753,0.45019446435592925
252,0.13853729915772317,0.4498960023130058
253,0.137939259973559,0.4498857691042351
254,0.13729941973004,0.4499428377049201
255,0.13664929933735004,0.44993820927167383
256,0.13603843108622513,0.4497163197925697
257,0.1354270680475434,0.44980658833886805
258,0.13484441995947816,0.44965502278903
259,0.13426476475686927,0.44982498186195746
260,0.13370329074706816,0.4496886341579248
261,0.13310165734408555,0.4494311278594263
262,0.13255057859336397,0.4492262028883231
263,0.13191253494311048,0.4491513347538859
264,0.1313126122356602,0.4492804336287101
265,0.13077883609102553,0.44914349707000073
266,0.13023635960650232,0.44922235013874895
267,0.12964704480838513,0.4489640343046552
268,0.12908888904283747,0.44895884538783576
269,0.1284876045736475,0.44893087811557547
270,0.12793908430445733,0.4487717001287686
271,0.1273971168391271,0.44875933123812095
272,0.12682808089664005,0.44865644863539944
273,0.12628698416105308,0.44875249290063957
274,0.12569709906669901,0.448665516185077
275,0.12515479875093063,0.44858585642462157
276,0.12461039651910863,0.4481773555716187
277,0.12405071083193131,0.4480797144497158
278,0.1234853140798587,0.4481371173558163
279,0.12295393740950258,0.44791596338208584
280,0.12243903929303282,0.4478865110717116
281,0.12192733275273902,0.44785130686527125
282,0.12139762325039088,0.4476004998486292
283,0.12089020179501907,0.44728413672734146
284,0.1203860286739054,0.44730734179560167
285,0.11983227292855428,0.4472700960785785
286,0.11929780262263792,0.4472394645189449
287,0.11879505275971569,0.44709923789687606
288,0.11828643027776185,0.447063063965937
289,0.11777093453296707,0.4470615508900419
290,0.11719700174519561,0.44694603196680416
291,0.11672753719425454,0.44690417625523954
292,0.11624045206040495,0.4464393185909648
293,0.11579345812049656,0.44635499334280493
294,0.1153292588772537,0.4462789286334254
295,0.11487305730119103,0.44614121207150287
296,0.11436798522051429,0.44616322696258975
297,0.1138403908059112,0.44623428557621725
298,0.11333889148245124,0.44610666612273575
299,0.11283419329113263,0.4459434179273894
300,0.11237271826819091,0.4459420757700628
301,0.11186536153885417,0.4459220097064439
302,0.11132803370433379,0.4456838311190025
303,0.110838918665795,0.445450321998673
304,0.11036331542004259,0.4452334014832583
305,0.10990432253948694,0.4451470614438387
306,0.10936279899942565,0.44500297006265943
307,0.10893347442165008,0.4450802594347072
308,0.10845330771504029,0.44479648943511196
309,0.10799250103814986,0.4447896150315056
310,0.10755058768767072,0.44471826266847747
311,0.10707931605820097,0.44454178542153977
312,0.10662532926673356,0.4446692726779248
313,0.10616614468911278,0.44475501916904203
314,0.10571396110503747,0.44464664225068196
315,0.10527058341442011,0.44468986766321156
316,0.10478095756701605,0.4444396929111025
317,0.10433306918635403,0.4443616276420192
318,0.10393046782709484,0.44432282824538505
319,0.10349052021098987,0.4442896496906098
320,0.10307320805010944,0.4442343476388433
321,0.10259615839150128,0.44406088357023166
322,0.10216939940848556,0.4438620787449249
323,0.10177343950690922,0.4438516285249144
324,0.10136751101925405,0.4437765620008481
325,0.1009247879249171,0.4436484107063955
326,0.1004988201880501,0.4436947302497902
327,0.10005853316947683,0.4435072220133092
328,0.09965388434962794,0.4432333806799608
329,0.09922589170139937,0.4431933788101754
330,0.09882495054026223,0.4430493762886817
331,0.09845260210356149,0.44311384989506153
332,0.09805278728917394,0.4430900995095338
333,0.09762925177068178,0.4428671076210435
334,0.09721670539259943,0.44284583457788257
335,0.09678371640685209,0.4429145904467586
336,0.0963927233112166,0.44281633808914894
337,0.09596654065023089,0.4427472866913824
338,0.09558256982469199,0.44238177564161923
339,0.09522896387474561,0.44245361837131214
340,0.09479821383639843,0.4425053433712253
341,0.09440209915605227,0.4424172623450732
342,0.09400884080192994,0.4422844665066306
343,0.0936054470777982,0.4422352048377671
344,0.09324509567755113,0.44219189158188477
345,0.09287714594614202,0.4419810751817577
346,0.0924923543328154,0.44203022646670204
347,0.09212783606776773,0.44213889177386073
348,0.09176908000592904,0.44199300153575305
349,0.09137705190596995,0.4419659609448997
350,0.09102745841002849,0.4420725920255203
351,0.09064148462566374,0.44200333150915166
352,0.09027835552281452,0.4419728061812577
353,0.08993932038055212,0.44187518032735223
354,0.0895746080468548,0.44170261867814375
355,0.08922996175678252,0.4416298265443251
356,0.08886706216077016,0.44158170203880104
357,0.0885255373446492,0.44156345534100955
358,0.08818893803212216,0.4414069771541511
359,0.08782451840577972,0.4413410807553314
360,0.08746177607730621,0.4414714234764896
361,0.08705384228305725,0.4415573914084906
362,0.08668970449623363,0.44157431631732524
363,0.08631462087648221,0.44161736318706407
364,0.08597750294605573,0.44163361173576954
365,0.08561690941705889,0.44160714853550326
366,0.08526351310868184,0.4415520153242424
367,0.08490481395857558,0.4415166443143086
368,0.08456805185312491,0.4414710234213736
369,0.0842329558672844,0.4414540489264585
370,0.08387450123067695,0.441330773023207
371,0.08352417149797275,0.44114444969268923
372,0.0831974935340786,0.44120429321932214
373,0.08284100058086616,0.44109548797929915
374,0.08254246557546414,0.4410132205034269
375,0.08218264503596899,0.4410455367086269
376,0.0818453176304823,0.44104671375918836
377,0.08152112308072032,0.44112716847499905
378,0.08123151434455056,0.441150071947947
379,0.08090927737197588,0.4412405313247992
380,0.08057512453599226,0.44123093524443946
381,0.08025174832759845,0.4412659704101461
382,0.07994736822844603,0.44137061730691285
383,0.07959303873438951,0.44127305079328666
384,0.07930675237290195,0.44136736706041335
385,0.07896768922322525,0.44137054961629046
386,0.07864882933943353,0.4414138133794688
387,0.07831186933801511,0.4413951367002835
388,0.07801935572360473,0.4413781776345279
389,0.07772018846609847,0.4415991037877243
390,0.07744232325191373,0.4416950569747712
391,0.07714677063012614,0.4417221279476243
392,0.0768517831792812,0.44171805782476153
393,0.07652254103464713,0.44170254393237557
394,0.07621218483153971,0.44184728398338446
395,0.07589601673856805,0.4419341873207255
396,0.07560133363166302,0.44195794644138153
397,0.07525854937793601,0.4419608526833526
398,0.07492397592635468,0.44188186604356366
399,0.07459371761356068,0.4417570572412031
400,0.07429101834223986,0.44162166357742727
401,0.07397263909147729,0.4417287608487096
402,0.07367210981789413,0.4416551658268547
403,0.07341619808613795,0.4417496304890345
404,0.07311568592741012,0.44156992929787847
405,0.07283097359502531,0.44143855164941137
406,0.07254360000244822,0.44147030013451394
407,0.07225519917220859,0.44141475098904986
408,0.07197754155638367,0.4414773942363405
409,0.07169956864948446,0.4413809659627561
410,0.07146270153424512,0.4414245612221384
411,0.0711859345607609,0.4414054950523878
412,0.07090197506392022,0.4412604109743885
413,0.07064063877562075,0.4412496175167165
414,0.07034306284121178,0.44115039299668846
415,0.07005612148957376,0.4412598674140554
416,0.06976116646132646,0.44115595950804043
417,0.06949701048668418,0.44125126103215806
418,0.06918350274438557,0.441205450161631
419,0.06893128691712001,0.4410965401029154
420,0.06862606157190525,0.44096841540192944
421,0.06832768040424836,0.44103066383559897
422,0.06804778695266862,0.44085514103012235
423,0.06777842999227376,0.4407033070039136
424,0.06752187173280448,0.440586000633622
425,0.06724731552471637,0.4405545334068514
426,0.06695124645928582,0.44045685617650804
427,0.06667101464014198,0.4404327842688831
428,0.0664050105345195,0.4403784856813707
429,0.06617468774507441,0.4402888177587367
430,0.06593267816371239,0.44039961382355314
431,0.06564578616814257,0.440422112982359
432,0.06539697027885923,0.4403556762530816
433,0.0651411083969501,0.4401097331788303
434,0.06487464350044388,0.4401986406081617
435,0.06462887693935492,0.4401856381374706
436,0.06436419192673794,0.44017924372284506
437,0.0641167588155617,0.4402083962138866
438,0.06389007934559825,0.4402051795229198
439,0.06364220781183409,0.43997076075743785
440,0.06336796477526464,0.4400106526694932
441,0.06311652789697512,0.4398658828024443
442,0.06290827265966085,0.43979417831298273
443,0.0626638605743944,0.439567067095733
444,0.062390741560521074,0.4393141789845865
445,0.062126257758018534,0.439206436610506
446,0.06187329202915571,0.4394021244161805
447,0.06164855689230798,0.4393454882329652
448,0.06138306481686173,0.43943295837047824
449,0.06115926254965991,0.4395351791099812
450,0.06094685957571298,0.4395905796713951
451,0.060699342525313046,0.4396131625619544
452,0.06046380496844408,0.43963269296165886
453,0.06021901285917894,0.43954648108039784
454,0.05996261196892831,0.43939624172629876
455,0.05974388473727155,0.43942175348138685
456,0.05950635532225552,0.4393249256265723
457,0.05927494725931894,0.439287557241115
458,0.05905021741921591,0.43933138844363734
459,0.05881404025951547,0.439216050263241
460,0.0585653904793443,0.43924477332579676
461,0.058339034818709355,0.4392242245875792
462,0.05810797878035275,0.4391785894670671
463,0.05787328338180243,0.4391015437812252
464,0.05763987212748845,0.4390074664888015
465,0.05743146141485475,0.43905920169142143
466,0.05718040739770581,0.43913285629120147
467,0.056972260321202055,0.43902841624977884
468,0.05675313615720209,0.43909127074756366
469,0.05654807551455813,0.4390932818320117
470,0.05630392773650673,0.4389687102698682
471,0.05609974359758674,0.43892201413852905
472,0.0558649537351071,0.43890319590369
473,0.05564370161700693,0.4388399892793256
474,0.05543206580077483,0.4387744901404018
475,0.055210032284447284,0.43881179566655387
476,0.05498481221285228,0.4387365318055835
477,0.05473964296603428,0.4387379105504385
478,0.0545405793596528,0.43868537529842083
479,0.05431528759280711,0.43857786121246023
480,0.05408267581733853,0.4384141335742175
481,0.05388551988189378,0.43838446389744007
482,0.053683157698597106,0.4383022289586046
483,0.05347558931655304,0.4382498506974197
484,0.05325489756856484,0.43814581182285256
485,0.05307057295111921,0.43802397258890247
486,0.05288577346764366,0.4381331437174292
487,0.0526642070594365,0.43820785126770273
488,0.05245600997202293,0.4380938696636817
489,0.052244058580798475,0.43803402157500576
490,0.05203582238756842,0.4378838713677919
491,0.05181863537660127,0.437809877057628
492,0.05162680798854414,0.4378488301660496
493,0.051408609291924603,0.43783622909036324
494,0.051189432699756274,0.43786959011208054
495,0.05099935524149965,0.437824853651919
496,0.05077609072729117,0.4377442291637564
497,0.050561878528359465,0.43761943867271696
498,0.05036218555367683,0.4375990419905948
499,0.05016923008480371,0.43757252489428616
500,0.04995656962658544,0.4376498709774998
501,0.04979352622913602,0.43757353534101723
502,0.04959349785954604,0.43759807331298406
503,0.04941891169123332,0.43761051898117553
504,0.04923648373345321,0.4375150210353791
505,0.0490341016559119,0.43736514564460716
506,0.04883410474470216,0.4373649534466831
507,0.048669300129238334,0.4374191966065536
508,0.0485080507978667,0.437355128350258
509,0.04830851267042238,0.4373313354619311
510,0.04807718294731495,0.4372510211652472
511,0.047885968653133056,0.43731474542550325
512,0.047704336650947976,0.43721194295971816
513,0.04748561108463277,0.43721493227280506
514,0.047284975315175004,0.4372288105241025
515,0.047088130323936835,0.43737144623203844
516,0.046899086838947904,0.4373866105042781
517,0.046721165354915946,0.4374793305361688
518,0.0465581579875669,0.4373932281623376
519,0.04639521907767576,0.43744688630837497
520,0.046214796259193065,0.43745209413693614
521,0.0460308465389356,0.43729235812541556
522,0.04584581888329498,0.4373355366237029
523,0.045669620494628645,0.43725165443253866
524,0.04546818065701529,0.4373138509522996
525,0.045270045964044076,0.437395985809465
526,0.0451025798480541,0.43737500280825525
527,0.044949702785806595,0.4373714127588494
528,0.04477705654944446,0.43735381939830464
529,0.044585615396096165,0.4373699109120996
530,0.044403262017420356,0.43731297208467373
531,0.04422533830753359,0.4372354378958219
532,0.044055896051864905,0.4372333058356141
533,0.04389338690183355,0.4373089835794133
534,0.043730715777546884,0.4373403132413878
535,0.04356257302432767,0.4374005448912867
536,0.04339923955178378,0.4373965905676095
537,0.043233289251386024,0.43747891133519695
538,0.04306656277552347,0.43745760310378273
539,0.042902090995198455,0.4374690578347578
540,0.0427527210439287,0.4373921532614972
541,0.04259139802290651,0.43730789267122827
542,0.04242805383693056,0.4373439745948408
543,0.042257567564872665,0.43740454634314296
544,0.04208766893966685,0.4374230139898333
545,0.04192172858687782,0.43726640011834145
546,0.041755795247059725,0.4372542830399899
547,0.04160086119804636,0.43715830043155374
548,0.04144861235803461,0.43717251518582434
549,0.041284516924572905,0.43722227902141814
550,0.041116609189851286,0.4373304924897061
551,0.040962444938345076,0.43725728870886155
552,0.04079938664704497,0.4372278128608799
553,0.04064207275226391,0.43723257190883114
554,0.040498297759372345,0.43717487327577115
555,0.040352318362209545,0.4371128380817674
556,0.0401677280595722,0.437009308617553
557,0.04000269166989397,0.43692809457995246
558,0.03984592097626905,0.43692647025595627
559,0.03971531951376584,0.43706795751062777
560,0.03957310636401297,0.43697199307512896
561,0.03941419829066298,0.4369532671359161
562,0.03925530617267079,0.43700341351599054
563,0.03910508176026842,0.4370576510971499
564,0.03894602690963452,0.43706473060165474
565,0.038790254025750176,0.4370753265219608
566,0.03865305778381864,0.43711595533520153
567,0.03849602458802895,0.4370792328733444
568,0.03835298484307173,0.4370713554797569
569,0.03824383076146186,0.43711672617486835
570,0.038115388615552685,0.4370766222262907
571,0.03796707753057428,0.4370883579017757
572,0.037825248960699207,0.4371439014448491
573,0.037685312918045256,0.43720185702506453
574,0.03756022331729343,0.4371957324811003
575,0.03743554746423753,0.4371607042101198
576,0.037295684315341096,0.43715973750472287
577,0.03716543997400759,0.4371227923029983
578,0.0370382344697248,0.4371022121794214
579,0.03688501901133939,0.43713000332126706
580,0.03675257583805813,0.43709294234397017
581,0.03663026199791386,0.4371449478503952
582,0.036504019039368486,0.437086611979105
583,0.0363645685407573,0.4370995866471397
584,0.03623073145091664,0.4371492859041999
585,0.036110748514497935,0.4371195300104397
586,0.03596958172316336,0.4370897221877836
587,0.03583678284136072,0.43706545848538314
588,0.03569886317502156,0.436984383751483
589,0.0355601939619284,0.43683313918071703
590,0.035440205619794024,0.4368131755528258
591,0.035322574845805574,0.4368349154721395
592,0.035178210173759945,0.4368417048970181
593,0.035033291822673264,0.4369106320968458
594,0.03490722219197322,0.4369395554813341
595,0.03477294177604352,0.4368391441065928
596,0.03463138910463071,0.4367306719224666
597,0.03450538835999184,0.43676638110435373
598,0.034377613039596765,0.4367110059235847
599,0.034272905290199024,0.43659172612172353
600,0.034147157168621045,0.43664785587718985
601,0.034041349950291046,0.4365497691072282
602,0.03392681340898,0.43660372248817736
603,0.03379483924185774,0.4365917897610768
604,0.03365442467250094,0.43662760166105985
605,0.03353090561415732,0.43654749507214513
606,0.03339014838117823,0.43654419561436997
607,0.033281673530527286,0.4365772732951343
608,0.03317008799231115,0.4366017563339941
609,0.03306535027366177,0.4365565080498708
610,0.03293545913207481,0.43645862701116916
611,0.032800639309452574,0.4363704857830333
612,0.03267239077265957,0.43634643242139637
613,0.032544497406198414,0.43632558967571045
614,0.03240196534002139,0.4363542047539171
615,0.03227581754239833,0.4363223192459996
616,0.032163573512200304,0.43637350403388303
617,0.03205173451263391,0.43648176313921594
618,0.03191965046644025,0.4364650289482284
619,0.031801040288229415,0.43643705544843986
620,0.031685756928686984,0.43636222394492696
621,0.031559673806718105,0.4362287011453678
622,0.03144231142387954,0.43616697757904327
623,0.03131920326140113,0.436193697337394
624,0.031205164994582438,0.4361778621111693
625,0.031087220827487032,0.43615332728397754
626,0.0309612643433015,0.4360946072854793
627,0.030856332780039374,0.4360494659687889
628,0.030737212777957983,0.43597316355819293
629,0.03062504029029256,0.43601383497611335
630,0.030514705053552863,0.43591658591889987
631,0.030406516255522046,0.4358560031646568
632,0.03029877312592176,0.4358416216087745
633,0.030182586564811077,0.4357891279498414
634,0.030072592288355838,0.4357306083391315
635,0.029952549871422204,0.4356485796863139
636,0.02984507566268741,0.435593841964152
637,0.029736801295819088,0.43567337679877466
638,0.02962643974810043,0.4356027639585048
639,0.0295210833935189,0.4354620884967225
640,0.02942385621162436,0.4353949884448682
641,0.029325285265608507,0.4354230850155155
642,0.02921449649676273,0.43545437849476265
643,0.02910934295947982,0.4354325629699963
644,0.029006579834939566,0.4353620319700635
645,0.02889709444618298,0.43535800234244165
646,0.02879184270545897,0.4353310959443939
647,0.028684063001112283,0.4352151403820542
648,0.028582692710432584,0.4351289470381419
649,0.028475601058416372,0.4351355989619746
650,0.02837534913724983,0.4351872771580168
651,0.0282773623460122,0.4351578477325194
652,0.02816555815750697,0.4351278756687179
653,0.028061577826155346,0.4351299218309746
654,0.027955752356113063,0.43507541516818576
655,0.027850280554104143,0.4347979792882571
656,0.027734491781180332,0.4348190855089123
657,0.027631649763495532,0.43478621725506683
658,0.02754347562559893,0.43478236093864403
659,0.02745515349617152,0.4348134268831669
660,0.02734798821980163,0.43476419210920236
661,0.027240740104269207,0.43482691371322574
662,0.02714032916646923,0.43483769225665453
663,0.02704145990825854,0.43488701844404587
664,0.026943605828877188,0.43488388844788756
665,0.02685155353778945,0.4348844385785959
666,0.026760506013596433,0.4348911474550282
667,0.026665345117346254,0.4348400495534206
668,0.0265727395609553,0.4349006612691773
669,0.026483458214345404,0.4348526126144692
670,0.026387707706178057,0.43486099052933647
671,0.026292156794792448,0.4348285630641401
672,0.026190809647229873,0.43478509225306267
673,0.026096541818258545,0.43471043278912197
674,0.026006364399294487,0.4347498209527693
675,0.02590656277276729,0.4347458693027773
676,0.02582173888797888,0.4347304540539172
677,0.02572251596010648,0.43476355622726337
678,0.025636855281791195,0.4347005168296283
679,0.02554161871731553,0.4347109596838463
680,0.025457788945133966,0.4346414733876522
681,0.025357992937793363,0.43448438690367475
682,0.025262299718555287,0.4344424018073136
683,0.025186636047715632,0.4344327318287786
684,0.025099920029441787,0.4344434250464303
685,0.025019964300891824,0.43445784049921615
686,0.024928993387942366,0.43444412937934396
687,0.02484263878545094,0.4345260727935952
688,0.024747247021966994,0.4344652766811285
689,0.024647540485866617,0.4345140092830311
690,0.024551339737363974,0.4344649394939158
691,0.024453982039732692,0.4345805482630936
692,0.024368295244893125,0.4345474658767709
693,0.02427870196298851,0.43445079354348126
694,0.024205174054494013,0.43447077969565867
695,0.024113814527474485,0.4344014866775613
696,0.024009512676185656,0.4343016655021929
697,0.023930977320342738,0.43431770804107267
698,0.023838860508759885,0.4342879215213306
699,0.02375506888716581,0.4342923076896815
700,0.023670537721145864,0.4342684456330985
701,0.02357350992139504,0.43431160945498953
702,0.023479187829732722,0.43438198241381787
703,0.02339904873030975,0.4343208899234382
704,0.023317090021894773,0.4342750947640177
705,0.023214763126210562,0.4342843954681869
706,0.02312869892986677,0.43418556804241704
707,0.02303547418670132,0.4341768361070642
708,0.022948730184620632,0.4342167400163209
709,0.022868179623638858,0.43421875854428554
710,0.022794204085069315,0.434261878671509
711,0.02271370732980987,0.4342042980337979
712,0.022624461152321505,0.4341550937070822
713,0.022533611603154584,0.4342027756865023
714,0.022452612682225807,0.43418480186778546
715,0.02237523326776285,0.4341574880925653
716,0.022287169488059807,0.434126756223088
717,0.022215478609706418,0.4341919887528962
718,0.02214002396110123,0.4342287100326863
719,0.022049009891543767,0.43413700301482555
720,0.021976540872823205,0.4341938458488555
721,0.021896141082608546,0.43418340232539565
722,0.021817898301631555,0.43414069145041506
723,0.02173122005576581,0.434092941167931
724,0.02165177469970873,0.4340802152682505
725,0.02156550347071835,0.4341030986000388
726,0.02148349951630671,0.434117546241016
727,0.021408578576956522,0.4341352932414267
728,0.021335583355540956,0.4340459467229164
729,0.021262940972684153,0.43404122897635766
730,0.02118798253849267,0.43395872859013107
731,0.021098979344721408,0.4339490555603341
732,0.02102120555085828,0.4338934534648706
733,0.02095017438351878,0.4339635181147241
734,0.020871905380117507,0.4340199353169722
735,0.020795659901211808,0.4340633134925639
736,0.02071175851067217,0.4340127806948698
737,0.020634634739433763,0.43392560230489763
738,0.020550750880929006,0.43389507187877513
739,0.020481261676905088,0.4338056247915392
740,0.02039381527481708,0.433744160614984
741,0.020334864113930266,0.43363558708052063
742,0.020264394832715017,0.4335698412284224
743,0.020193985373651992,0.4336203832076067
744,0.020133035616595994,0.4336650638764498
745,0.020067086754417363,0.43365384199001566
746,0.019994464002780495,0.433669259348489
747,0.019916676672677287,0.4336106894956182
748,0.019847434605636226,0.43362260455148993
749,0.019780530608117144,0.4335496604696828
750,0.019707505019338913,0.43361007118788625
751,0.019636451369386486,0.43357950899681685
752,0.019558691460322453,0.4335478579543848
753,0.01948451659398592,0.4335818673599853
754,0.019406414497283628,0.4335813859785231
755,0.01933760143306864,0.43363259417800415
756,0.01926283261653887,0.4336091389970842
757,0.019202363187402666,0.4336634184858584
758,0.01913290537243296,0.4336360774634662
759,0.019063620629849554,0.4335727536306152
760,0.018992069401901873,0.43362129305196867
761,0.01892618972699443,0.4336411801985446
762,0.018862477907351908,0.43368746657544366
763,0.018789388492090157,0.4336396438053057
764,0.01872829636271956,0.4336428355983199
765,0.01866337522551115,0.4336505780022006
766,0.01860279416293433,0.4336994055815913
767,0.01853638276816706,0.43368971815594237
768,0.018466375140996305,0.43367282505295607
769,0.01839868105706791,0.433697467419565
770,0.01833166766091855,0.43373484961658704
771,0.01825718207793113,0.4337854680861066
772,0.01818965586828268,0.43379984781586217
773,0.0181127094821974,0.4337133376918409
774,0.018051369126623102,0.433758985459604
775,0.017983710263846365,0.43373376826996424
776,0.01791397961285094,0.43373887681416184
777,0.017848355606476213,0.433786733887138
778,0.01778392231398979,0.4337935622883874
779,0.017725436845337977,0.43382217428031283
780,0.017656355275984855,0.43382164244098836
781,0.017600047773468717,0.43385583625229385
782,0.017533263646620507,0.4338134669260563
783,0.017473147740574242,0.43374280053182873
784,0.01740721745840946,0.43365856741011183
785,0.017345447746519818,0.433666066569714
786,0.017284031998046796,0.4336940196344754
787,0.017226497303586753,0.4336524937869467
788,0.017161074295423594,0.43364507850059386
789,0.017097422323276792,0.4335900896239291
790,0.017035734054846936,0.4335795500425776
791,0.016975175475854636,0.43356718647963405
792,0.016915077662092777,0.4335929598265425
793,0.016847399206634653,0.4335237449993474
794,0.016785184407877192,0.4334892755067328
795,0.01672710595339189,0.4334882647930511
796,0.016671486943904447,0.4334930637832912
797,0.016616484162347133,0.4335681332189603
798,0.016562751160467615,0.4335917484465744
799,0.01649969665925122,0.4336096269245537
800,0.016441717082887115,0.43359742571459103
801,0.016389083990235587,0.43367538193313504
802,0.01632682072434066,0.4337576840023184
803,0.01626732332620394,0.43377511322519974
804,0.016213063240748945,0.43374132183604225
805,0.016157247294776515,0.43373924847178386
806,0.016098589374735132,0.43365682496428964
807,0.0160365593092838,0.43369294227589317
808,0.015977554417821116,0.43366654446390046
809,0.01591947267728473,0.4336562676838292
810,0.015865416136208597,0.43366850972012494
811,0.015800504154292454,0.43364230242317997
812,0.015749247359280693,0.4336112987198552
813,0.015692907330611506,0.43357314794688984
814,0.015632177766348333,0.43361427240722006
815,0.015575546595418122,0.43364520439271426
816,0.015527403489625016,0.43367372570420504
817,0.015468766457289666,0.4336002545606532
818,0.015405390314159077,0.43351920456894405
819,0.015348883551000963,0.4334512851016799
820,0.015298688861816845,0.4333798513837728
821,0.015247199651281589,0.43332123038517484
822,0.015192435984125327,0.4332519374004057
823,0.015132499077810715,0.43322358266260164
824,0.015080309163759804,0.4332488868858714
825,0.015025626941592037,0.4332174251390881
826,0.014968577908349465,0.43326604549303754
827,0.014916386943879952,0.4332913207095746
828,0.014863477084035761,0.4332701656175231
829,0.014803303720186184,0.43326816611556707
830,0.014756948873670952,0.4332278713801433
831,0.014707673823645994,0.43329516506151594
832,0.014654993573298282,0.4332498371886964
833,0.014601602833574671,0.4332285065337015
834,0.014551797368301546,0.43322859480931897
835,0.014497132290702038,0.4333681032899548
836,0.01445027665456263,0.43333015451876283
837,0.014396232794186104,0.43325055610939106
838,0.014341664715525225,0.43324919957593283
839,0.01428929507698669,0.43325873357182704
840,0.014232177562645911,0.43318006753714455
841,0.014179263045650162,0.4331248478205532
842,0.014133577251666092,0.43311553396679875
843,0.01408756309550306,0.4330878749755956
844,0.014041209070615967,0.4331374666526031
845,0.013996068235225525,0.4331412969574428
846,0.01394427822344319,0.4330589318100728
847,0.01389504451014312,0.4330212847385359
848,0.013846019603203537,0.4330289819119634
849,0.013794769208944471,0.43311189642946263
850,0.013748970239597515,0.4330599434972911
851,0.013706050400516253,0.4330823753475517
852,0.01366777608229416,0.4330800093589815
853,0.01361737835292916,0.4331023531323967
854,0.013565081184066657,0.4330795094812936
855,0.01351049174315637,0.43307851377712675
856,0.013469344553026293,0.4330531053866104
857,0.013419720866184516,0.43302845762640746
858,0.013378530196395209,0.43298962771567484
859,0.013328967024173582,0.4329540269642803
860,0.013280577707367954,0.4329422295255911
861,0.013233837657514702,0.43297137185193413
862,0.013192842023703895,0.4329658303315843
863,0.01314761048347909,0.4329403548158389
864,0.013106818231510064,0.4328753846547603
865,0.013059197979980869,0.4328671442968772
866,0.013013453613940414,0.43274950481527974
867,0.012978977203547395,0.4327138720400523
868,0.012930770374845343,0.4327679989723548
869,0.01289023725846111,0.43279762816866685
870,0.012845873581365519,0.4327751067491635
871,0.012795830136606302,0.4327937322997047
872,0.012757081137370056,0.4328240951018685
873,0.012711185914714656,0.4328580580495854
874,0.012663829884518458,0.43284597743374914
875,0.012626513093475808,0.43279512427532
876,0.012579157153905222,0.4328407483164722
877,0.012532143228946583,0.4328516938176368
878,0.01248735240315004,0.43280795203143213
879,0.012441357258604662,0.43283696564058044
880,0.012396765824676272,0.4329108217163553
881,0.0123567771070768,0.4329586288313708
882,0.012318875578365763,0.4330014750533565
883,0.012274405077017733,0.4330132339905797
884,0.0122319116650544,0.43304149067465697
885,0.012190850888651876,0.4330846753549238
886,0.012150988089735172,0.43308537409115794
887,0.012106517892460186,0.433078827057171
888,0.012065441397582796,0.43309578946005706
889,0.01202361590190031,0.43314324167403107
890,0.011982733926959359,0.43314583938316087
891,0.011940708771001477,0.4331890016184206
892,0.011897519363341156,0.43312107717298487
893,0.011855537489272566,0.4330513702273828
894,0.011814198766969555,0.433097809733554
895,0.011770790898678758,0.4331017022840821
896,0.011731417079408207,0.4331085126002647
897,0.011697048158259277,0.4331031365553693
898,0.011650569214889892,0.4330923201909148
899,0.011614392694385772,0.433096995381107
900,0.011572615889269989,0.43307957771508
901,0.011529956211414514,0.4331452899797276
902,0.011492998075522258,0.4331592499559917
903,0.01144735743061062,0.4331480671932488
904,0.011405293841114382,0.4331082937887383
905,0.011364151524262078,0.43309954885062096
906,0.011328936666474722,0.4331223579388982
907,0.011290022843089144,0.43312834627612423
908,0.011246190235262318,0.43303943130570705
909,0.011203851064857943,0.4330906594449233
910,0.011167327475910337,0.4330940926231316
911,0.011126063446161905,0.43309293190181797
912,0.0110923124299509,0.4330570932928174
913,0.011056636358410048,0.43302399152744414
914,0.011021885206693938,0.43300780592176136
915,0.010985479880494708,0.43297764656859117
916,0.010947387140177501,0.43298778946856387
917,0.010910196163863546,0.43296564656909864
918,0.010874508021810423,0.4329578306401201
919,0.010836061220213423,0.43295054632558777
920,0.010795365263187693,0.4329719032868197
921,0.010753958613873238,0.43297546292722894
922,0.01071779125829327,0.4330061610859102
923,0.01067712710288811,0.43299164221155656
924,0.010638580771977879,0.4329646335348212
925,0.010599073292208116,0.43298296278604903
926,0.010561396838315347,0.43293927049851694
927,0.010531710238389334,0.43290194497548706
928,0.010497828157203975,0.4328833870378396
929,0.010457611843961276,0.43284988990144896
930,0.010421193711367963,0.4328253643781718
931,0.010382519679454109,0.4327960637863495
932,0.010347454974701619,0.4328102216330438
933,0.010312320861443727,0.43283766685452013
934,0.010270164812398832,0.4328468364017186
935,0.010234839869432626,0.43283793576687474
936,0.010196907907670963,0.43277229207108947
937,0.010161599140425375,0.43274533298650114
938,0.010127392001560785,0.4327048585107594
939,0.010090319020100954,0.4327010082561923
940,0.010050639825850987,0.43267692865370466
941,0.010018583351423773,0.43255767256611183
942,0.009984203197008625,0.4325369379318079
943,0.009947569907224759,0.43253086744951086
944,0.009916516098873392,0.4325773208166268
945,0.009883345629716458,0.4325941149040819
946,0.009849950857840057,0.432589968738472
947,0.009817672072595682,0.43254371452692175
948,0.009786770358022875,0.43254131294956544
949,0.009754863859897017,0.4325036346479936
950,0.009719843003088414,0.43246759436091414
951,0.009688482210886524,0.43246337932561374
952,0.009656385474558746,0.4324698350475778
953,0.009620814656796633,0.4324466741548492
954,0.00958655177820253,0.432410570936635
955,0.009550579682989608,0.4323658843477373
956,0.009519218359183002,0.43234606226403194
957,0.009484783658856803,0.43235120352731704
958,0.00945546318525854,0.4323305814462378
959,0.009426806049358144,0.43230819215363436
960,0.009391516356254919,0.43232423773819206
961,0.00936089035585147,0.43232533803839795
962,0.009327684889672899,0.4323147321395583
963,0.0092947128087964,0.43236533315151865
964,0.009259672781152379,0.432374479208785
965,0.009226427696943516,0.4322924772847765
966,0.009193334689262622,0.43228944490155846
967,0.009166271782689805,0.4322785359924077
968,0.009133441950379063,0.43231752413920665
969,0.009100523874740698,0.4323083170417881
970,0.009068263460312425,0.4323236014939318
971,0.009036460173035594,0.4323298061640728
972,0.00900344235539463,0.4322555666686263
973,0.008970226606229406,0.43226498175543615
974,0.0089420522475004,0.43223761909918523
975,0.008911746403769981,0.43227657198966835
976,0.0088804916535002,0.43222656811285265
977,0.00884957319933927,0.43225328795062373
978,0.008820497390416146,0.43227828954740105
979,0.008793835117903614,0.4323307590698786
980,0.008762345694811985,0.4323200004122849
981,0.008730610182370644,0.4322784239777155
982,0.008704661221619883,0.4323295586623723
983,0.008674723713849076,0.43232414783433576
984,0.008647367898718169,0.43229151060467463
985,0.008621191980669152,0.4323058427036584
986,0.008591892173378428,0.43227872111043536
987,0.00856431756221909,0.4322842239512011
988,0.008529950938099926,0.4322626999994521
989,0.008499365680799722,0.4322914270013568
990,0.008470775163733235,0.4323318165378774
991,0.008441795933255338,0.43223602318206183
992,0.008411410506395194,0.4322733727969518
993,0.00838047741504524,0.43229022378048104
994,0.008354128939401581,0.43228295618592477
995,0.008328884533396074,0.43224369956173253
996,0.008298152095859056,0.4322537542247915
997,0.008271587283362499,0.4322362598474529
998,0.008240758250297305,0.4321922364057663
999,0.008212764501227831,0.43220327223202115
1000,0.008187375565798127,0.43220200994704916
1001,0.008161503039523994,0.4322070051282547
1002,0.008133150419190245,0.4322166379888724
1003,0.008101975660340113,0.4321801997699027
1004,0.008072777599708897,0.43215592110061013
1005,0.008047432110373549,0.43219437404879885
1006,0.008021187165185968,0.4322204255381134
1007,0.00799351468727865,0.4322385758381376
1008,0.007968775767730335,0.4322279266477043
1009,0.007945297962000488,0.432219628973007
1010,0.007917372614289177,0.43223166518354245
1011,0.007886888812589225,0.4322281127038714
1012,0.007862462071921747,0.4321944543080054
1013,0.007835648797978233,0.4321589479082887
1014,0.007810205980711162,0.4321685304006604
1015,0.007783441392561866,0.43215645466479646
1016,0.00775272130224575,0.43214960790921614
1017,0.007725309378089398,0.43218302127550573
1018,0.00770128935437106,0.43217774951237886
1019,0.007675548146563257,0.43208987938161403
1020,0.00764859149612544,0.4321047569534896
1021,0.007624221842301919,0.4321042996434961
1022,0.007598758886285119,0.4321404954732476
1023,0.007572526509140504,0.43212968718066286
1024,0.007546387090219304,0.4321336866845717
1025,0.007517675242047488,0.4321573110206978
1026,0.007493591485951974,0.4321411006571154
1027,0.007467912642294304,0.43214539306117566
1028,0.00744336976295487,0.43214469447302817
1029,0.00741861607873098,0.43215899040661737
1030,0.007395580579967485,0.4321457083005901
1031,0.007373247460585108,0.43215028416075707
1032,0.007344927039200596,0.4321478745928341
1033,0.007317291503237741,0.43210686602481396
1034,0.00729180637537188,0.4321274301472984
1035,0.007265759239668835,0.43213583073300105
1036,0.007240721616964267,0.4321537544182756
1037,0.00721754364852197,0.4321881886709948
1038,0.007191549810645598,0.43222757833968317
1039,0.007167539714640772,0.4322169734099923
1040,0.0071423297109974625,0.43219006917040387
1041,0.007118293241002794,0.43216506448537323
1042,0.0070952744909540035,0.4321835197044298
1043,0.007071959756073382,0.4321645148422384
1044,0.007045732380377222,0.432116300084292
1045,0.007019816897563054,0.43210796869955653
1046,0.006996199829283669,0.4321234242223071
1047,0.006970854061795516,0.43211820848506477
1048,0.006946540891572436,0.4321176181558334
1049,0.006922752700233418,0.43212566435156125
1050,0.006896148033697722,0.43217228063962726
1051,0.006873759720420444,0.4321293559639112
1052,0.0068525486750918106,0.4321372975655708
1053,0.006829251487554446,0.43212919301194136
1054,0.0068066599122555355,0.43212209974272336
1055,0.0067828308430428145,0.43217834489358964
1056,0.0067630042321697595,0.43215032517728275
1057,0.006743327956830554,0.4321873669893663
1058,0.006721649451174288,0.43219242197605384
1059,0.006698093013104469,0.4322279783540605
1060,0.006677746638036487,0.43219654245361827
1061,0.006654024198615398,0.43221945540684487
1062,0.006631839787686464,0.4322087648120665
1063,0.006609025835643781,0.4321727246496422
1064,0.006586160287395337,0.43213854546687175
1065,0.0065639903922650455,0.4321279168995199
1066,0.006542375687257111,0.4321399177371663
1067,0.006521417590991315,0.4321381359258853
1068,0.00649906216770913,0.4321338483446311
1069,0.00647798150880896,0.4321266972457885
1070,0.0064578604364193,0.4321483474141864
1071,0.006434052387717648,0.4321617336299447
1072,0.0064124204409560705,0.4321827605587876
1073,0.006390020157718752,0.43220555798581556
1074,0.006368872682954318,0.43221737305016433
1075,0.006348349116873765,0.43221579755603634
1076,0.006326481140041122,0.43221805788164286
1077,0.006301855254435724,0.4321549368859437
1078,0.006278584461431928,0.43212727272238555
1079,0.006258560440927536,0.4321013125834984
1080,0.006237693429343313,0.4321171051204667
1081,0.00621551006225004,0.43210966534484213
1082,0.006193770003593117,0.43208396589684345
1083,0.006170817870781428,0.43209918400855774
1084,0.006146546807712414,0.43213607134355003
1085,0.006127003170866702,0.4321706808245595
1086,0.006108604700676016,0.4322132778578003
1087,0.006088050597177488,0.4322083220319544
1088,0.0060683255720319,0.4322243758462429
1089,0.0060472363878062265,0.4322368007887807
1090,0.006025296310874951,0.43222290462281227
1091,0.00600592408706204,0.43220182905144117
1092,0.005983352727868401,0.4321749688221349
1093,0.005962406297944763,0.43219791661299556
1094,0.005942204210806846,0.4321883479735664
1095,0.005921999657782842,0.432190790578753
1096,0.005901020231398586,0.43219288336759903
1097,0.005882047381483146,0.43217811811993917
1098,0.005864953038881954,0.4321626743119872
1099,0.005846857458586442,0.43213404014814744
1100,0.005827067201166114,0.43210877325852975
1101,0.005805099994462578,0.4321194927661571
1102,0.005786181521050775,0.432076410344321
1103,0.005765279521732509,0.4320636473467185
1104,0.005744772098073272,0.43204854390026853
1105,0.005725769330279543,0.43204861435681263
1106,0.005709329652156715,0.4320013097620546
1107,0.005688116262771042,0.43196277582784953
1108,0.005668373181336898,0.4319592368909035
1109,0.005646685961725072,0.43191807390150005
1110,0.005629052146955724,0.43189536001876294
1111,0.0056101649494554075,0.43188267213224996
1112,0.0055933052248294665,0.4318867199777648
1113,0.005574824631507489,0.4318818643771514
1114,0.005557825106438502,0.43189561416244465
1115,0.005537288728694433,0.43186100277864703
1116,0.005519732005709225,0.4318270437759517
1117,0.005500804455378152,0.43183374403105995
1118,0.005483004272145852,0.4318288749255292
1119,0.005463706196836409,0.4317989174472599
1120,0.005447179321367264,0.43180429806510023
1121,0.005428246459212872,0.4317947577565266
1122,0.0054121038610205705,0.4318459419730066
1123,0.005392356113722842,0.43181189762216554
1124,0.0053739373126955444,0.43177848738602903
1125,0.005354449954956993,0.43176256306147653
1126,0.00533695139567134,0.43173372711782626
1127,0.005318553632225266,0.43170400802331266
1128,0.005299704212953342,0.43169090657628034
1129,0.005282024292598341,0.43168257760182766
1130,0.0052636365307948164,0.4316301567050662
1131,0.005245820958419056,0.43159589208927607
1132,0.0052298372272079115,0.43161191533441995
1133,0.005212487582843935,0.43155517945191973
1134,0.005195576266376378,0.43151925466302854
1135,0.005174967575129735,0.4314902749369829
1136,0.0051601664259334065,0.4314937346184214
1137,0.00514068974096661,0.431462904254603
1138,0.005123142145749773,0.4314368156574231
1139,0.005107808825956564,0.431417639106965
1140,0.005091040230179386,0.4314269613728566
1141,0.005075130646395629,0.431424582316849
1142,0.005057795372320717,0.4313605079489046
1143,0.005039065508377383,0.431372451717074
1144,0.00502180175691931,0.43138736353979884
1145,0.005004106085320451,0.43136529899953785
1146,0.004987625764154085,0.4313805596895179
1147,0.004972252148445641,0.43138865641540486
1148,0.004958319644716968,0.43139054328875315
1149,0.004940793866320901,0.43141753333087374
1150,0.004924004211042177,0.43139190730612237
1151,0.004908281802691047,0.4313853703648818
1152,0.004891545608385503,0.43142131501513287
1153,0.00487275297940979,0.43138742780380174
1154,0.004858172163218985,0.4313983468405149
1155,0.004842021697845872,0.43140444195535405
1156,0.004827399076038792,0.4313962099347207
1157,0.004813286991520944,0.4313908761371695
1158,0.004796094515048444,0.4313611509524184
1159,0.004779504439052966,0.4313655074379437
1160,0.004762832396174493,0.43135988532765734
1161,0.004748356358843222,0.4313423638641766
1162,0.004731664375311649,0.4313539599161978
1163,0.004714550435409656,0.4313624504443075
1164,0.004699197209335184,0.43133241804228684
1165,0.004685130850024918,0.43132956350605733
1166,0.004669637941117383,0.4313147782520746
1167,0.0046556914152736315,0.4312930890518012
1168,0.004640466988865632,0.43130188809733094
1169,0.004627591051441943,0.43129121792370223
1170,0.004613004599122359,0.43127463805858146
1171,0.0045967913283253585,0.4313043100583055
1172,0.004579575215999703,0.43132170075560344
1173,0.004564039545207555,0.43131537966166966
1174,0.004549292755414114,0.43130662825916705
1175,0.004534151328080604,0.4312878942799511
1176,0.0045205819824070004,0.43126585335748047
1177,0.004505683066206205,0.4312621539611535
1178,0.0044929678570525804,0.43128005470605335
1179,0.004478210689133137,0.4313048298373242
1180,0.004462551714631498,0.43131823572284034
1181,0.004448623045231013,0.4312966828391386
1182,0.004433872309484405,0.4312810780452388
1183,0.004418031744095488,0.431266447345118
1184,0.0044049666869084595,0.431269126910776
1185,0.004389719132890618,0.4312640294415972
1186,0.004373910726063291,0.43128021250084503
1187,0.00436105104875194,0.43128585175392514
1188,0.004346000996608019,0.43129152793141673
1189,0.004330430348288741,0.43127143987942707
1190,0.004313568838381943,0.43129088587011666
1191,0.004300138538353177,0.4312869068016998
1192,0.004287081628582562,0.43126651165473384
1193,0.004272916731437088,0.4312614817202594
1194,0.0042589938291807995,0.4312497531955673
1195,0.004244206212610637,0.43122782223374095
1196,0.004230279836509299,0.4312350082839251
1197,0.0042167860628386225,0.4312448065062199
1198,0.0042042275398759005,0.4312587597332889
1199,0.004189952057963245,0.43122831381577076
1200,0.004174976192915366,0.4312087479251267
1201,0.004161485583350676,0.43120813267957014
1202,0.004146098741609402,0.431184933227222
1203,0.004131802605724421,0.43119288978824594
1204,0.00411775356746555,0.4311931289049555
1205,0.004103718876257912,0.43122020918111786
1206,0.004090335014879479,0.43123078057923225
1207,0.004076461288922243,0.4312112195025735
1208,0.004064258727767228,0.4311989131179183
1209,0.004052045021464623,0.431176533373611
1210,0.004040943617893894,0.4311708884007929
1211,0.004027383237350609,0.4311699230076178
1212,0.004014385426973008,0.431195451734856
1213,0.004001158940180246,0.4312094280575291
1214,0.0039881454393809876,0.43123076930782905
1215,0.003977213524717143,0.43123485800497047
1216,0.00396487527652955,0.4312255856125934
1217,0.003952159411907838,0.431226654451343
1218,0.003938961450101896,0.43123857875512994
1219,0.003925494673872536,0.43118474102378607
1220,0.003913628365742131,0.4311976215211795
1221,0.0039006611448306216,0.43119433786166284
1222,0.0038888523900809328,0.43117471215601527
1223,0.0038775037933091103,0.43114946324896153
1224,0.0038651676774010433,0.431125475662606
1225,0.003851896280339447,0.4311145531822679
1226,0.003837848243862861,0.43111645737169674
1227,0.0038244059543901844,0.43111033120763276
1228,0.003812104678564153,0.43110768170983627
1229,0.0037987991094017106,0.4311227236210773
1230,0.0037868997685858107,0.43110108730283064
1231,0.0037747299020637736,0.43111189275355516
1232,0.0037615657238424067,0.43110300399256674
1233,0.0037497324692588527,0.43106581131066424
1234,0.003736873650811602,0.43108653971372873
1235,0.003725793513214938,0.4310901407136425
1236,0.0037125536590440224,0.43107325697913185
1237,0.003699795359542683,0.4310652975783932
1238,0.0036868752258167655,0.43104312197809225
1239,0.0036736847419944966,0.43104722825818587
1240,0.003662671702194833,0.4310288265883254
1241,0.0036515756342936933,0.43103735053571707
1242,0.0036400192970926903,0.43100215183910123
1243,0.0036274679074153205,0.4309939827194128
1244,0.003615476827392595,0.4309886001890754
1245,0.003604114309375516,0.43096348801347906
1246,0.0035933181496576655,0.4309721386054262
1247,0.003581701782255527,0.43093583564659954
1248,0.003569990437645213,0.4309330611697967
1249,0.003556337450136978,0.4309121718866453
1250,0.003545477656900281,0.4309304600161595
1251,0.0035325121452990473,0.43093611311836505
1252,0.003519370458216178,0.4309306854068136
1253,0.0035070508844750182,0.43090551926669424
1254,0.003496310028858905,0.43087832351685323
1255,0.003485442551085479,0.43089780841074726
1256,0.0034759773298825222,0.4309136172707007
1257,0.0034632537682083757,0.4309230040405286
1258,0.0034496965651927944,0.4309192404322258
1259,0.003438298290229655,0.43090734031625216
1260,0.003427324003616274,0.4308962200196541
1261,0.003415801263709331,0.4309225903490964
1262,0.0034048183073515374,0.43091415597173477
1263,0.003392652247873321,0.43092310916463866
1264,0.003381713845936153,0.43091184292139206
1265,0.003371578769437665,0.4309058566209217
1266,0.003359743058129012,0.43088515970203023
1267,0.0033493046178774666,0.4308882555591195
1268,0.003338296492437506,0.4308741030832963
1269,0.0033277544572629875,0.43087827689136393
1270,0.0033166210906089865,0.43086490999481797
1271,0.0033061108135975614,0.4308430656999953
1272,0.003294438236451154,0.43085125919436607
1273,0.003285139434524759,0.4308509807420921
1274,0.0032743612895041476,0.4308669184186457
1275,0.0032649045089657375,0.43087722747977475
1276,0.0032534070927041645,0.43084190885760343
1277,0.003241297999238947,0.4308342673216925
1278,0.003232422408405984,0.4308178707159799
1279,0.003222464815965468,0.43080908393917794
1280,0.0032117108610069662,0.4307966137121804
1281,0.003200710277239736,0.430792691349155
1282,0.0031895819332535885,0.43079347959317477
1283,0.0031789771602413965,0.4307672428238418
1284,0.003169693637967466,0.43074447247769737
1285,0.003158650920044281,0.43074165725934827
1286,0.0031458805193497657,0.4307139389746019
1287,0.003134101672736623,0.4307169432408306
1288,0.0031241013417959824,0.43066748481057515
1289,0.003113684685554607,0.43065253933907943
1290,0.0031036532889455737,0.43064796477469897
1291,0.003092053416237118,0.4306426699155349
1292,0.00308263715431083,0.4306391855934457
1293,0.003072417648338064,0.4306279225923568
1294,0.003063367504873357,0.4306248241078911
1295,0.0030525110378222774,0.43061580851759185
1296,0.0030413063124723784,0.4305985621374625
1297,0.0030307405473277427,0.4305937854528766
1298,0.0030225100552955897,0.43060096415841037
1299,0.0030113997845959365,0.43055415095943556
1300,0.003001409426751683,0.4305444323956265
1301,0.0029912634261627324,0.4305270491343196
1302,0.002981733266110151,0.4304987279400361
1303,0.002972982631339954,0.4304907741595501
1304,0.0029620931507068323,0.4304795781019334
1305,0.002952084884432136,0.43045581178701414
1306,0.0029419216745391777,0.4304635761283786
1307,0.0029328446263651,0.43045704057080897
1308,0.0029220967700630948,0.4304443182308289
1309,0.0029120628011520787,0.4304215145690721
1310,0.0029025697511027744,0.43045352485831295
1311,0.00289240503237952,0.43044433180356656
1312,0.002883371191887931,0.430462028665862
1313,0.0028752084212503933,0.4304703994281785
1314,0.002865625480602913,0.4304719852568438
1315,0.002857004708287155,0.43045301910483325
1316,0.0028480991526469196,0.43044782351111266
1317,0.002838207069142386,0.4304318018588476
1318,0.0028280404910530324,0.4304436468817908
1319,0.0028198993459196053,0.43047052204292163
1320,0.0028112049091086914,0.43045921347304555
1321,0.002801478644905142,0.4304511695734253
1322,0.0027917813367442598,0.43045214599739906
1323,0.0027831537525545907,0.43045618908804845
1324,0.002774220684759317,0.43044928905317675
1325,0.0027650947280796995,0.43046403129062066
1326,0.002755462846644497,0.4304479264445714
1327,0.00274675886480095,0.43043344259536015
1328,0.002737144063342858,0.4304451824939534
1329,0.0027270540987821027,0.4304399592037771
1330,0.0027186873288936814,0.43043528910496237
1331,0.0027094995680338693,0.4304417562417708
1332,0.0027003822794648743,0.43046369807152907
1333,0.002691770854112879,0.4304508980497556
1334,0.0026823472667485827,0.4304575166396583
1335,0.0026728330741196513,0.430444006077676
1336,0.0026656375151673383,0.4304268966488039
1337,0.00265828922944075,0.4304390898918075
1338,0.0026480746933482636,0.4304328767290905
1339,0.0026403368502104243,0.4304310461585461
1340,0.002631792524574947,0.4304296816952766
1341,0.002623604659021947,0.43039610930278355
1342,0.0026146224866358293,0.4303893726178216
1343,0.002606263353037201,0.43036016074224376
1344,0.0025970921960696467,0.43034907760164326
1345,0.0025870065726322227,0.43033922666137986
1346,0.00257855859523534,0.43033077574684037
1347,0.002570456142981972,0.4303349901090767
1348,0.002562062884114153,0.4303313060886396
1349,0.002553196258880473,0.4303275249803421
1350,0.0025440685925807683,0.4303187932461586
1351,0.00253564648908178,0.4303307923709322
1352,0.0025277694435465047,0.4303439840070241
1353,0.0025207606193280354,0.4303637476842619
1354,0.0025126812396727848,0.4303738965667503
1355,0.002504466744791581,0.43038988517107907
1356,0.002496372494884317,0.430410552426783
1357,0.002487537124960809,0.4303925028991841
1358,0.002479774049033196,0.43038554027816256
1359,0.002471878940810355,0.43037598026949986
1360,0.0024631312158065618,0.4303742992574789
1361,0.0024552529340946027,0.43039863681964774
1362,0.0024463489986905093,0.4303713874226746
1363,0.002439762803735155,0.43036387330306
1364,0.002432431268521993,0.4303611533364502
1365,0.0024240003787533108,0.43038212134933734
1366,0.0024147830818239107,0.430389984843471
1367,0.0024068385362665066,0.43039630432218345
1368,0.0023985013731286395,0.4303766678021649
1369,0.0023909830267909906,0.4303830230526585
1370,0.00238296617882112,0.4303646902529287
1371,0.002374911511575891,0.430368279819977
1372,0.0023667360257560457,0.43037076140804187
1373,0.0023589518999085806,0.43039305433603126
1374,0.0023521026126435193,0.43040989901585036
1375,0.0023441551769582576,0.4304003282539079
1376,0.002337718508522113,0.43039267833046424
1377,0.002330621653424637,0.43040209726920364
1378,0.002322608994424237,0.43039766457245704
1379,0.0023151699403184556,0.430404015993337
1380,0.0023083851833233505,0.4304267525039839
1381,0.0023010123526460364,0.4304317674038403
1382,0.0022927030592408137,0.4304255918004601
1383,0.0022851956489287188,0.43040897123357164
1384,0.002277440928572999,0.4304155893900274
1385,0.002269609772137018,0.4304262672895382
1386,0.0022626128131237847,0.4304244780153767
1387,0.002255278095131848,0.43042476607260555
1388,0.0022487128187565603,0.4304030246265867
1389,0.002241850533746025,0.4304189580762684
1390,0.0022340348186061956,0.4304257558499546
1391,0.0022265392709558,0.4304089413728447
1392,0.002219044021175248,0.4304240188129101
1393,0.0022105825904195045,0.4304128218538738
1394,0.002204635991186409,0.4303865479040873
1395,0.0021973130846419287,0.43040261549821773
1396,0.0021900509692237514,0.4304097699287019
1397,0.0021835260099613506,0.43040155595929847
1398,0.0021764709966196143,0.4304033684322764
1399,0.0021697808627507086,0.4303976859948271
1400,0.002162917026055093,0.43036908450477757
1401,0.0021560766294177838,0.4303588146522057
1402,0.002149841265467686,0.43036489948900547
1403,0.0021417120487728933,0.4303807520881529
1404,0.0021342514868454344,0.4303677078341427
1405,0.0021278613106310864,0.4303765766434353
1406,0.0021205010771970824,0.43035011253937544
1407,0.0021143978228707516,0.4303399399705616
1408,0.0021073177481914004,0.43031607460086335
1409,0.0020997870110990345,0.4303256433994523
1410,0.0020933554124589597,0.430321696206489
1411,0.002086692256169524,0.43030123019735206
1412,0.0020792247266922634,0.4302957551299353
1413,0.0020730022913784114,0.4303055618809781
1414,0.0020663871341204685,0.43032199755331657
1415,0.00205914961874245,0.43031223165209376
1416,0.002052491923192385,0.43029969949935176
1417,0.002045521127969614,0.4303121318223161
1418,0.0020402476587394166,0.43031689917444366
1419,0.0020335714098519454,0.4303342444171388
1420,0.002027679164819288,0.43030654186102135
1421,0.00202085296587471,0.43029036076992305
1422,0.0020144498256444874,0.4302887117377253
1423,0.0020079811124463958,0.4303150947147355
1424,0.002000859861472492,0.4303079973847283
1425,0.0019943144824630847,0.43029650238198963
1426,0.0019888807574312394,0.4303013986356764
1427,0.001983324827682869,0.430318827476517
1428,0.001976047514071942,0.4303186123661268
1429,0.0019696473095334685,0.43033238475461194
1430,0.001963778033886268,0.430330497569424
1431,0.0019579129540213797,0.4303421495482013
1432,0.0019521102389424623,0.4303286986024947
1433,0.0019459137675039372,0.430317572161407
1434,0.0019391927712115987,0.43031776646729986
1435,0.0019323322395077035,0.43027976917354765
1436,0.0019259804432363926,0.4302893690721443
1437,0.0019196223789337858,0.43028977639839316
1438,0.0019129623190161176,0.43030038915213303
1439,0.001906748912410419,0.4303004870312827
1440,0.001901284515769375,0.4302920088871929
1441,0.0018957241148258447,0.43027234210898535
1442,0.0018893021821683857,0.4302647064970231
1443,0.0018832832967658134,0.43027652508129566
1444,0.00187632129056834,0.4302571448599908
1445,0.001870072203795335,0.4302320782556352
1446,0.0018626833805191149,0.43020871413625045
1447,0.0018571629404368888,0.43021385911216914
1448,0.0018502755347881979,0.43021696545716853
1449,0.001844044604830019,0.4302044657858127
1450,0.0018372901005481695,0.43018793206941036
1451,0.0018310122547130958,0.4301746310819808
1452,0.0018247103413581052,0.4301684249442831
1453,0.0018187416721657265,0.4301518564700078
1454,0.001813472322793465,0.43012558891888975
1455,0.001807076452478252,0.43012778960810666
1456,0.0018009020816684557,0.4301302498580628
1457,0.0017942537590036566,0.43012604333985993
1458,0.0017890731259321323,0.43013744799742937
1459,0.0017827905668981892,0.4301230595933077
1460,0.0017769247522239856,0.4301235291939304
1461,0.001770970560539236,0.4301103231694618
1462,0.0017651412802401195,0.4301176752640687
1463,0.00175884202313974,0.4301012702119554
1464,0.0017546688856024141,0.43010478562623744
1465,0.0017496952012984546,0.4301078875038057
1466,0.0017435352924915727,0.43008778390536734
1467,0.0017371268620778658,0.4300815190954882
1468,0.0017313384235453828,0.43005386885651115
1469,0.0017266747719866507,0.4300460925877196
1470,0.00172043654295403,0.4300911350861423
1471,0.001714825341271796,0.4300902850819987
1472,0.0017086187675892856,0.43011213083119915
1473,0.001703287666079723,0.43010742008850844
1474,0.0016988458335041522,0.43009839040877756
1475,0.0016937240428775919,0.4301045975475321
1476,0.0016887366297957558,0.43009531523220645
1477,0.0016836705829252874,0.4301086881758914
1478,0.001678459867171384,0.4301060267166173
1479,0.0016728104503502845,0.43011060990535566
1480,0.0016668552776503754,0.4301145591718474
1481,0.0016615335092042727,0.4301069457684718
1482,0.0016558200722730846,0.4301125308650799
1483,0.0016500436765737388,0.4300994401935768
1484,0.0016456328764818291,0.43009562661867734
1485,0.0016404919306398156,0.43007163636467793
1486,0.0016350065688595567,0.43006716015005625
1487,0.0016285556848970415,0.43006248230361505
1488,0.0016228036282154624,0.4300564647850917
1489,0.0016186111704997637,0.43006780007154705
1490,0.0016131129663189154,0.4300682755978456
1491,0.0016076155540340814,0.4300665431032484
1492,0.0016024725603474167,0.4300571147673986
1493,0.0015965315367300953,0.4300677211414866
1494,0.001591874326492948,0.4300548130346439
1495,0.0015863573162345494,0.43002920913818143
1496,0.0015808115081768243,0.4300184331005093
1497,0.0015759388679701112,0.4300345417687189
1498,0.0015703810057513692,0.4300420810202714
1499,0.0015654562483254021,0.43005166815381357
1500,0.0015601497698524498,0.43005687790429
1501,0.0015548975878230862,0.43004450732842653
1502,0.0015499273851753816,0.4300508082783255
1503,0.0015444997163985342,0.43004404326414847
1504,0.0015393250457844372,0.43003491391015847
1505,0.0015344647795158756,0.4300423258115285
1506,0.0015292378565450874,0.4300355055135748
1507,0.0015240806227886214,0.4300409647615848
1508,0.0015195465677002751,0.4300434867637707
1509,0.0015150395642206643,0.43004479181125843
1510,0.0015098200903121293,0.4300830547943038
1511,0.0015050272237291942,0.4300911603787978
1512,0.0015001669420522004,0.4300943376544218
1513,0.0014959107530018896,0.4300880618739521
1514,0.0014912097942425952,0.43009967475256206
1515,0.0014867640325061787,0.4301024200356209
1516,0.0014815652583840418,0.43009631694488293
1517,0.001476687063384586,0.430081081566023
1518,0.001472558563946934,0.4300990862920435
1519,0.001468470557943834,0.43010477054924573
1520,0.0014638234450526132,0.4300803744209838
1521,0.0014594190691206836,0.4300774816872844
1522,0.0014540919205900409,0.430081205792179
1523,0.0014493140711867019,0.43007068807587406
1524,0.0014445887356168733,0.4300723887771682
1525,0.0014396886720798594,0.4300777685399297
1526,0.0014346605091402826,0.4300789977057328
1527,0.0014303545146069122,0.4300883413523658
1528,0.0014266342350513473,0.4300959448833828
1529,0.0014218647875834153,0.43011529578277186
1530,0.0014165928730866025,0.43010789267876376
1531,0.0014126196620267897,0.43009576250511816
1532,0.0014078329516680817,0.4300969562728843
1533,0.0014031176754655107,0.43010681041063503
1534,0.0013990581121680597,0.4300880635560193
1535,0.0013948849893707434,0.43007059894805333
1536,0.0013899088546322686,0.43006089424040866
1537,0.0013859869448641304,0.4300459891840197
1538,0.0013822085513982697,0.430053374003423
1539,0.0013777325663870924,0.43005262219560825
1540,0.001373926287102277,0.43004922234209336
1541,0.0013705011618805939,0.43004902388480043
1542,0.0013661912275219849,0.43007143835779166
1543,0.0013619942224779257,0.430071454309252
1544,0.001357536058704615,0.43006047185144763
1545,0.0013532922913580515,0.43005326063123817
1546,0.0013485367515009977,0.4300555651263107
1547,0.001343629079744306,0.43006437768068745
1548,0.0013402468683651305,0.43005734459968553
1549,0.001336275253879855,0.4300568104322676
1550,0.001332161050932747,0.4300678899430357
1551,0.0013277309694540288,0.4300617892150105
1552,0.0013239747018560669,0.43006247332003583
1553,0.0013193406586870277,0.4300441001868994
1554,0.001314639771028161,0.43002615191933774
1555,0.0013102070929708544,0.4300144249337435
1556,0.0013052909108893515,0.4300233534438156
1557,0.001301150643165847,0.43002959126878526
1558,0.001296969808748522,0.43002096042178417
1559,0.0012928433660115183,0.43000863982586857
1560,0.0012881944452423496,0.42999942668891766
1561,0.0012833917327297263,0.4300022684845744
1562,0.001279425669713366,0.42999205048283107
1563,0.00127500902744324,0.4300099134663237
1564,0.0012710945880314343,0.43001199066118617
1565,0.001267006822899213,0.4300181017852619
1566,0.0012629659848493098,0.4300190280320474
1567,0.0012587310986878477,0.43002041403961416
1568,0.0012551434470054917,0.4300245498132107
1569,0.0012506161286055676,0.43002523143173954
1570,0.001246833871828924,0.4300290349919026
1571,0.0012432877339946763,0.43003080181541015
1572,0.0012395651649260227,0.4300111080737528
1573,0.0012352207091353997,0.43002288097420105
1574,0.0012310914532599807,0.43001473415909197
1575,0.0012271284227051262,0.43002104868054625
1576,0.0012233833047671807,0.4299811940277224
1577,0.0012189910102398433,0.42998917540934745
1578,0.001214995837827835,0.4299924008008269
1579,0.0012114520463121813,0.4299839874065508
1580,0.0012075081480481594,0.42999184414647296
1581,0.0012037673826194454,0.4299865297405221
1582,0.0011997503293029775,0.4299817607665992
1583,0.0011953602354608434,0.42998069957859303
1584,0.001191769897609708,0.4299813811954069
1585,0.0011878015728438028,0.4299691146875352
1586,0.0011842884231936903,0.4299748817419848
1587,0.0011809423082380476,0.4299598302363566
1588,0.0011768316570293011,0.4299728300138304
1589,0.0011730500941185115,0.42996211077741925
1590,0.0011693915358800292,0.42996459904317463
1591,0.0011661787765984638,0.42996850884540716
1592,0.0011628451308620818,0.429967070691062
1593,0.0011592131040011801,0.4299663508501814
1594,0.0011554190370995844,0.42996729864504796
1595,0.0011518506073067208,0.4299508654873099
1596,0.0011481284125118832,0.42994817735415103
1597,0.001144536374050718,0.4299349672374796
1598,0.0011408447095492948,0.42994332417998943
1599,0.0011373271549195857,0.42995011339033057
1600,0.0011331430838604389,0.4299612349978261
1601,0.0011289233788350386,0.4299661575941305
1602,0.0011253336373795427,0.4299718078063712
1603,0.0011219898325542247,0.4299593503723951
1604,0.0011183767474093897,0.42995721814377796
1605,0.0011146902765654658,0.4299419020457371
1606,0.0011105971250719058,0.42994334117872035
1607,0.0011073186829285112,0.4299473883416765
1608,0.0011041286647739369,0.4299245637210862
1609,0.0011007794196769211,0.4299132230673744
1610,0.001096942463233919,0.42990502059649555
1611,0.0010936645530219198,0.42991353847861674
1612,0.0010898361364250235,0.4299294507869893
1613,0.001086358548147244,0.4299206940251416
1614,0.0010829799513160136,0.4299204460695495
1615,0.001079642616078227,0.42994155797708405
1616,0.001075955866912206,0.4299370811710824
1617,0.0010725246240104178,0.4299275305175883
1618,0.001069296143240445,0.4299349889161992
1619,0.001066082759559436,0.42992686459554463
1620,0.0010627455287657377,0.4299289352422043
1621,0.0010596142583733233,0.42992675254430307
1622,0.0010563481788741578,0.42989949455268445
1623,0.0010531020966375842,0.42991545501755624
1624,0.0010501068381834756,0.42989825253995095
1625,0.0010466074585304837,0.4298916749987416
1626,0.0010433617211341383,0.4298897796648105
1627,0.0010400377782178898,0.42989577524073885
1628,0.0010366496403361007,0.42989955429547944
1629,0.0010333796427987416,0.4298932474469639
1630,0.0010297835724554084,0.4299023290413998
1631,0.0010266756002663116,0.4298934053723424
1632,0.0010237196176261488,0.4298842465565342
1633,0.0010205534235976019,0.4298672449096744
1634,0.0010175942242421677,0.4298762993867456
1635,0.001014438907770856,0.4298788661313372
1636,0.0010114365572886246,0.4298611939838647
1637,0.0010079479646512308,0.42986626906886327
1638,0.0010048717102984434,0.42986831080657173
1639,0.0010018959424308153,0.42986543100747604
1640,0.0009992772861697054,0.42986365427589446
1641,0.0009963115209109259,0.4298720378504353
1642,0.000993178168754111,0.4298703356030183
1643,0.00098963741993419,0.42986450127177667
1644,0.0009862773197703923,0.42986682597911247
1645,0.0009828552964596799,0.42986789748886095
1646,0.0009796141029415938,0.42986516879666364
1647,0.0009763803992956603,0.4298833327457178
1648,0.0009731204076553327,0.4298801056847806
1649,0.0009702547925063673,0.42987935286514517
1650,0.0009672409608149249,0.42989956507569255
1651,0.0009646288105248091,0.4298992482715901
1652,0.000961556118388236,0.4298922626946544
1653,0.000958082603731101,0.4298923454925101
1654,0.0009548207077762766,0.42987875439312745
1655,0.0009516234994910291,0.4298793107233389
1656,0.0009490880180307713,0.42987730137993074
1657,0.0009458546765128133,0.429878651052229
1658,0.0009432896171809219,0.429870717383206
1659,0.0009406481675467799,0.4298541271304541
1660,0.0009375683375105644,0.42987278702183007
1661,0.0009342802889478053,0.4298644255959556
1662,0.0009317359906971473,0.42984030971390946
1663,0.000928936264784746,0.42982527502629175
1664,0.0009258655140612825,0.42981886850333323
1665,0.0009228453511744309,0.42981869543817847
1666,0.0009199021979960345,0.42981031918558465
1667,0.0009168337785872099,0.4298032864726016
1668,0.0009141728671659325,0.4297905813123054
1669,0.0009113369973676078,0.4297983631734618
1670,0.0009087067605291781,0.42982003555018944
1671,0.0009057499701548912,0.4298151077817056
1672,0.0009033103731035648,0.42981533772964275
1673,0.0009001065369460665,0.4298161206818018
1674,0.0008973909817821976,0.4298140180039639
1675,0.0008941731593667515,0.4298006423305711
1676,0.0008916141765156572,0.42980169021208997
1677,0.0008888342987083126,0.42979675196278283
1678,0.0008859361182667428,0.42978118142551935
1679,0.0008828325043343872,0.4297726817618945
1680,0.000880313535278062,0.42976576837559893
1681,0.0008776734683957451,0.42976137242500645
1682,0.0008749041272814664,0.4297571481584829
1683,0.000871703700623337,0.4297332605097329
1684,0.0008692522507144063,0.4297398722973926
1685,0.000866580923321764,0.4297360949663073
1686,0.0008639145577701548,0.429748152595998
1687,0.0008610762420448729,0.42973861510839195
1688,0.0008586188208654522,0.42973978587523054
1689,0.0008562625043535593,0.42972760961774525
1690,0.000853309656834778,0.4297350253218742
1691,0.0008507968506432403,0.42972993915915014
1692,0.0008478432999446169,0.4297276364455994
1693,0.0008451960358160604,0.42972931488183386
1694,0.0008427891883750472,0.4297269068750705
1695,0.0008403531452965074,0.4297356955473406
1696,0.0008375273156370686,0.4297453715812337
1697,0.0008344872765023894,0.4297365851044436
1698,0.0008318168723439894,0.42974236181604947
1699,0.000828466687757504,0.42972945124490364
1700,0.0008259043538307627,0.4297396797644694
1701,0.0008230491205155843,0.4297445417571448
1702,0.0008206810091723764,0.4297537923620922
1703,0.0008186624440209109,0.4297597421866233
1704,0.0008162320054319694,0.42975506169577504
1705,0.0008139125610115014,0.42975715174711393
1706,0.0008116664775358255,0.42977071280883206
1707,0.0008093619235386016,0.4297673504526117
1708,0.0008070774311358053,0.4297664890653647
1709,0.0008045067994673808,0.42976862179588515
1710,0.0008018203112376355,0.4297692249451611
1711,0.0007991924360400356,0.4297746815125694
1712,0.0007968523963516119,0.4297717887087393
1713,0.0007944948975605354,0.4297702639627808
1714,0.0007913966553478625,0.42977421048806735
1715,0.0007886459210803363,0.4297835616312062
1716,0.0007857870369243813,0.4297790610740241
1717,0.0007829535603340323,0.42976915801215754
1718,0.0007801508848229849,0.4297767339964336
1719,0.000777867372589822,0.42976417132763167
1720,0.0007751957452049143,0.42975947109691737
1721,0.0007726983011794549,0.4297593319933659
1722,0.0007706594964003727,0.4297783908823764
1723,0.0007680886624783088,0.4297873758273023
1724,0.0007657617275751397,0.4297951942683051
1725,0.0007632114038473423,0.42977819311512344
1726,0.0007606417484573895,0.4297720225544813
1727,0.0007586880286604187,0.42977238208009466
1728,0.000756658658556806,0.4297736175618448
1729,0.0007542893952448378,0.4297814607918847
1730,0.0007514953646561382,0.4297783882002783
1731,0.0007490320732162056,0.4297810883067409
1732,0.0007467518391028086,0.42976927268666326
1733,0.0007444934667340745,0.4297760232856625
1734,0.0007424817353314988,0.4297760812260947
1735,0.0007400285399486727,0.4297649605779577
1736,0.0007373837965663294,0.42976219913972086
1737,0.0007353708048002519,0.4297447939578209
1738,0.0007330233905667974,0.42973800034865417
1739,0.0007307125455027787,0.42973795458428365
1740,0.0007287440085475362,0.42975020974862255
1741,0.000726285295715553,0.4297504141757392
1742,0.0007238544965530707,0.42975661066074766
1743,0.0007217104897751869,0.4297498454384641
1744,0.0007196373714264135,0.42975139761149783
1745,0.0007173204902389339,0.42974886045302185
1746,0.0007151946141159553,0.4297398324586583
1747,0.0007127902702905353,0.4297266690040286
1748,0.0007108493005371526,0.42972203378782015
1749,0.0007091997823009063,0.4297300863848259
1750,0.0007073617418638318,0.42973043963152685
1751,0.000704780647994449,0.42974359899088377
1752,0.0007025177997496353,0.42973116146114315
1753,0.0007004318502571265,0.4297343101543971
1754,0.0006980937418404917,0.42971451964562857
1755,0.0006959679675531054,0.42971820496927005
1756,0.0006937454037065336,0.4297163409123097
1757,0.0006914094027882769,0.42971762059509516
1758,0.0006891397983449599,0.42972066744407256
1759,0.0006872447371648249,0.429712568601629
1760,0.0006850096779870938,0.42971262674437666
1761,0.0006828841711789502,0.42972039795867706
1762,0.0006807104170254762,0.4297165119305479
1763,0.0006787047898243495,0.4297089686045993
1764,0.0006768933827804268,0.42970839510648284
1765,0.0006745392299742412,0.4297113935139068
1766,0.000672355624167101,0.429700847886933
1767,0.0006701072388599385,0.4296886778815029
1768,0.0006679011975960511,0.4296996496515907
1769,0.0006660644008937459,0.4296952482465278
1770,0.0006640859995268655,0.42969782215854097
1771,0.0006620697580331508,0.42969779886845505
1772,0.0006602478804454921,0.42968643702275083
1773,0.0006581804814646958,0.42968732162209017
1774,0.0006563756711736225,0.42968989743695685
1775,0.0006540720971761593,0.429697500892865
1776,0.0006522350344114106,0.4296877251191495
1777,0.0006498892158054538,0.42968759299113557
1778,0.0006477341295193632,0.4296851243396727
1779,0.0006457510822785372,0.4296952217714787
1780,0.0006437064115149147,0.42969271351182725
1781,0.0006418280116266888,0.4296946560159555
1782,0.0006398492418541945,0.429703609940282
1783,0.0006378009937790571,0.42970514135697985
1784,0.000635601226559249,0.4297122038822515
1785,0.0006336021618471364,0.42971950392888136
1786,0.0006318603110395184,0.42971123589314214
1787,0.0006302275446793962,0.4297163963967327
1788,0.0006280610546610886,0.4297159209144928
1789,0.0006260750750623329,0.429708131476776
1790,0.0006238656009226478,0.4296905205572524
1791,0.0006216520000194035,0.42968618745842435
1792,0.0006197456451210063,0.4296940093598352
1793,0.0006179600263741709,0.4296934066437095
1794,0.0006158250597340178,0.42968887120044297
1795,0.0006139931632958794,0.4296910850317734
1796,0.0006117995612941301,0.4296835653100996
1797,0.0006100706815788162,0.4296682978457844
1798,0.0006082737639926445,0.42966227410394714
1799,0.0006065840626758467,0.42965635140404435
1800,0.000604713922971313,0.42965896992156555
1801,0.0006027327910438642,0.4296704985900032
1802,0.0006007798620072611,0.42966629499315584
1803,0.0005987969253664628,0.429667479658141
1804,0.0005968256183691295,0.4296724932148794
1805,0.0005949109052696353,0.42966914812284895
1806,0.0005931521129275772,0.4296784840464045
1807,0.0005915415172325569,0.42967064398415145
1808,0.0005894505664889603,0.42965358687456395
1809,0.0005875276258168259,0.4296367810521325
1810,0.0005855818297784209,0.4296255890219377
1811,0.0005835763527382434,0.42962434235759867
1812,0.0005816386779495046,0.4296276432158739
1813,0.0005799736517297773,0.4296205146115906
1814,0.000578134318415142,0.42962407182705814
1815,0.0005762877414906715,0.4296235501083274
1816,0.0005745862748412131,0.42961859763281757
1817,0.0005726651544021359,0.4296172623798277
1818,0.0005710060713939453,0.4296278519885899
1819,0.0005688550973202734,0.4296306485581754
1820,0.0005670988037376947,0.42964293096171824
1821,0.0005652703339412612,0.4296403890819337
1822,0.0005633089542518467,0.4296440563833211
1823,0.0005616288492973956,0.4296364013421439
1824,0.0005597620961281304,0.4296247880051333
1825,0.0005582766615638025,0.4296211910185872
1826,0.0005563886180975354,0.4296170042164966
1827,0.000554630155930923,0.4296209780575707
1828,0.0005528988311222898,0.4296322763818197
1829,0.0005511016684309905,0.4296425973479188
1830,0.0005493080135395728,0.429631289196907
1831,0.0005478809785577855,0.4296396845284731
1832,0.000546160894151791,0.42964363091647817
1833,0.0005446802584824091,0.42964599766974204
1834,0.0005428493464087566,0.42964084876784414
1835,0.0005409135353775186,0.42963687822909646
1836,0.0005391258034958684,0.4296303072756564
1837,0.0005375026463989793,0.4296298176270679
1838,0.0005359831335866427,0.4296339164540008
1839,0.0005341785735512549,0.42963465163734954
1840,0.0005325560543752116,0.4296374764880457
1841,0.0005310092778620042,0.4296385850265411
1842,0.0005293277613804945,0.42963536920586537
1843,0.0005276854118763259,0.42963876759516534
1844,0.000526015905388532,0.4296383509436138
1845,0.000524148661869505,0.42963030617902864
1846,0.0005222174542180184,0.4296157311428638
1847,0.0005204422528480652,0.4296165593275618
1848,0.000518723313562159,0.4296139795509425
1849,0.0005170599170940789,0.42960956811873335
1850,0.0005155848742101972,0.42960092069514555
1851,0.0005137185184462365,0.42960788334561
1852,0.0005119725521895119,0.42961928902140994
1853,0.0005103387049423143,0.42961542925494883
1854,0.0005088336986089969,0.42961803109350716
1855,0.0005072826317586115,0.4296060173266951
1856,0.0005058317527941266,0.4296075034465523
1857,0.0005040086019868192,0.4296004695218865
1858,0.0005024064633102935,0.4296059932690291
1859,0.00050058593632161,0.42962301151344606
1860,0.000498919845784151,0.4296234042531361
1861,0.0004971655879100253,0.4296339511327819
1862,0.0004953491138706899,0.4296350093105655
1863,0.0004939577498044971,0.42963891786190217
1864,0.0004923802055255678,0.4296380448049393
1865,0.0004907560685884263,0.4296503553636892
1866,0.0004892517694154976,0.42964662586284513
1867,0.00048789771909653156,0.4296419102220039
1868,0.0004862028703414027,0.4296365814848289
1869,0.0004846450705319714,0.42963092693822746
1870,0.00048317048022861317,0.4296193286721767
1871,0.00048161273574173595,0.42962153496229083
1872,0.0004802036832679918,0.42962775949021825
1873,0.0004787320698797496,0.4296272276894436
1874,0.00047739482579992564,0.42963645681403045
1875,0.00047612784668617784,0.4296418690772817
1876,0.0004747845538490902,0.42963365135770193
1877,0.00047326232563589716,0.4296387296813961
1878,0.0004718885485652027,0.42963848531794213
1879,0.00047060965115048713,0.4296251241987977
1880,0.0004690081282116475,0.429621076052172
1881,0.00046748808639596526,0.42963287318114635
1882,0.0004659129571288684,0.429632031837655
1883,0.00046454094219138133,0.42962584908588003
1884,0.0004629256980012908,0.42961264976478675
1885,0.00046177104163411595,0.4296141944819718
1886,0.0004603261473854947,0.4296069465843491
1887,0.0004588935864877898,0.42960727484271305
1888,0.00045750904612838186,0.429608978959093
1889,0.0004561898854841851,0.4296123860133255
1890,0.00045471624270046224,0.42961358954669865
1891,0.00045341385041497293,0.42961822823673534
1892,0.0004519416001001031,0.42961212584359915
1893,0.0004503851650416563,0.42962060702886345
1894,0.0004489505468341053,0.42961088450395857
1895,0.00044748049161677213,0.4296084773550057
1896,0.00044600375014797097,0.429613518324244
1897,0.000444413711224035,0.42961849842669886
1898,0.00044306219466338,0.4296224278290084
1899,0.0004417057172116784,0.4296271575129758
1900,0.0004404331688043291,0.42963778244810363
1901,0.00043887282428700533,0.42963268227305573
1902,0.00043745131515803985,0.4296354440424683
1903,0.0004361049640229538,0.4296312232196287
1904,0.0004345509290738146,0.4296296537898192
1905,0.0004331832957992009,0.42962314281131986
1906,0.00043193541760865614,0.4296127743541223
1907,0.00043054543211704197,0.4296162809484001
1908,0.00042938454085483373,0.42960505158932877
1909,0.0004279861880060489,0.4296026132495552
1910,0.00042664702318788396,0.4295984898503413
1911,0.00042526331032587995,0.4295962798068445
1912,0.00042383584002868177,0.4295807400480593
1913,0.0004226319129047345,0.42957267234215163
1914,0.00042114289958721586,0.4295692481032689
1915,0.00042001772717713287,0.42956619205429925
1916,0.00041875869423389496,0.42957762559045976
1917,0.00041735039747349464,0.4295675239059002
1918,0.000416180130563231,0.4295640559123721
1919,0.0004150631005884672,0.4295670935159142
1920,0.0004138399558717465,0.42956956187221707
1921,0.00041248038069534136,0.42955918058424514
1922,0.00041099283410561384,0.4295499217409016
1923,0.0004099676810528117,0.429546641223898
1924,0.0004086536534058216,0.4295296781329052
1925,0.0004073200182933832,0.4295267309558444
1926,0.00040599225865670005,0.42951939930174027
1927,0.00040477522948693495,0.4295232991868253
1928,0.0004034373752242805,0.42952528158576136
1929,0.0004021914544826885,0.42952296936363293
1930,0.0004008462217447667,0.4295308858982115
1931,0.0003997079719878188,0.4295275904265275
1932,0.00039858524411350043,0.4295307669982745
1933,0.00039728546545158747,0.42952884505254196
1934,0.0003960892197846269,0.4295392438277758
1935,0.00039487354361962003,0.4295317106351005
1936,0.0003935738624860488,0.4295300098056153
1937,0.00039240131623598994,0.4295207220457004
1938,0.00039112131679729274,0.4295196990937373
1939,0.00039003507551643913,0.4295257870586635
1940,0.00038887032708232675,0.429523535164778
1941,0.00038777622448110877,0.4295226276371351
1942,0.0003865801259959759,0.42953665103648814
1943,0.0003853010381603708,0.4295378344176733
1944,0.0003840359077547476,0.42953680403688166
1945,0.0003829392672270929,0.4295352375691749
1946,0.0003817444293583768,0.4295389169830568
1947,0.00038074668416552263,0.4295372310684078
1948,0.000379349118843898,0.4295300040696354
1949,0.0003780172603923923,0.429519551909495
1950,0.00037694210555342354,0.42952072250852924
1951,0.00037572572101730433,0.42951783710853136
1952,0.00037463275191311143,0.42951312523142327
1953,0.0003736657138116702,0.42950646085298
1954,0.0003723696702321775,0.4295076596192247
1955,0.00037124774760359736,0.42949924399276707
1956,0.000369973494103332,0.4294873860963896
1957,0.00036882963470675145,0.42948534051811627
1958,0.0003677324545039079,0.4294784914877359
1959,0.00036676444531115893,0.4294780060292393
1960,0.0003656529323024532,0.4294775309168168
1961,0.00036453762303453326,0.4294805790567278
1962,0.0003633448048304003,0.42946991579881844
1963,0.0003622311478773558,0.4294694247384267
1964,0.00036123920278277366,0.42947909303969334
1965,0.0003602577743357754,0.4294808954548561
1966,0.0003592025882011942,0.42948469574646886
1967,0.00035805768124660096,0.4294920061100765
1968,0.0003568145000706927,0.4294900130973435
1969,0.0003555976698447847,0.42947992569261323
1970,0.0003546976106487956,0.429480182913186
1971,0.0003535945790442166,0.42948874752966104
1972,0.0003525226518050375,0.4294853780047274
1973,0.0003515495826894375,0.4294781352442072
1974,0.00035045355915319486,0.4294759219706268
1975,0.00034926241387578,0.42946815398973454
1976,0.00034805968598450565,0.4294705417839301
1977,0.0003468461157607605,0.42946300367560847
1978,0.00034581897301244564,0.4294600948579882
1979,0.00034479363704861056,0.42945935193941415
1980,0.0003435592109463813,0.4294582282320616
1981,0.0003425741337815963,0.42947024410808127
1982,0.00034161778870286447,0.42945920115555575
1983,0.0003404170736706805,0.42945740695429074
1984,0.0003394747472176074,0.42945263969777525
1985,0.0003385149292530121,0.4294597759174236
1986,0.0003373143521631384,0.42945526191501515
1987,0.0003363529099255471,0.42945585260819386
1988,0.0003352232893857131,0.4294555755077016
1989,0.00033427915979775737,0.4294618398003236
1990,0.0003333005478476159,0.4294594613265841
1991,0.00033224096690915287,0.42946389703948756
1992,0.00033119757022017303,0.4294642857886442
1993,0.0003301714001804882,0.42946919721510396
1994,0.0003290743363307901,0.4294751114484705
1995,0.0003279347733167597,0.4294782923750212
1996,0.0003268246750601059,0.429482621069394
1997,0.00032582186553224983,0.42947733522412573
1998,0.0003248602317310029,0.4294683730019363
1999,0.0003237872838889471,0.42947089862776194
2000,0.00032273369507436315,0.4294603301671828
2001,0.0003217847789053355,0.4294541965851749
2002,0.00032073367508375286,0.42945516478547285
2003,0.00031975194876099886,0.42945901603830966
2004,0.00031886371598395936,0.42946475167819864
2005,0.0003178584247336696,0.4294659947296033
2006,0.00031679650705985335,0.42946556823407567
2007,0.0003158001509804287,0.4294692803586102
2008,0.00031480389328472695,0.4294582515652797
2009,0.0003138905338131628,0.42946099710631674
2010,0.0003129217101752088,0.4294458985386484
2011,0.0003118904174373045,0.42944273125518717
2012,0.00031099491619691243,0.4294362292951107
2013,0.0003100049537437567,0.4294292046528555
2014,0.0003090852814337904,0.4294221277140463
2015,0.0003080991232087735,0.4294271436399026
2016,0.00030705089328284744,0.42942387569301627
2017,0.00030615117946076206,0.4294196652499876
2018,0.0003051889334918134,0.42941094851489686
2019,0.0003041034069568927,0.4294122707906476
2020,0.0003031603802151187,0.4294087621347644
2021,0.0003022145941085948,0.42940902918703944
2022,0.00030116749246833285,0.4293974455214677
2023,0.0003001712480704507,0.42939492600077567
2024,0.00029902711981568325,0.4293931797383837
2025,0.000298268033291007,0.4293941112095656
2026,0.00029727907874737446,0.42939930084881095
2027,0.0002963402704254942,0.4294019859769572
2028,0.0002953720187231079,0.4293980742010359
2029,0.0002943834474947702,0.4293966297891625
2030,0.0002936102262283627,0.4294045228876535
2031,0.00029258118772086883,0.42940246522679176
2032,0.00029176015597953106,0.42939745034735155
2033,0.0002908351200201602,0.42939195379237144
2034,0.00028985333904348666,0.42938692420953517
2035,0.00028898349717393113,0.4293977116145321
2036,0.00028810726452821467,0.42939560467156945
2037,0.0002872918036283206,0.4293932744279842
2038,0.0002864433852291215,0.4293915536171819
2039,0.00028558039047970414,0.42938855033006895
2040,0.0002846421950361759,0.4293835024035359
2041,0.00028367821932708887,0.42938580720446307
2042,0.0002828056998382064,0.42938574656868816
2043,0.0002820389119719705,0.42938040748997214
2044,0.00028119853607360627,0.4293737437781435
2045,0.00028024882208689317,0.4293693313372911
2046,0.0002793436186693964,0.42936682371694257
2047,0.00027854184535516243,0.42937290032929754
2048,0.0002777763122634152,0.4293761086773564
2049,0.00027690647504846443,0.42937269955943996
2050,0.0002761533348660103,0.42937560871429886
2051,0.0002753182297836673,0.4293731710657583
2052,0.00027461283921733476,0.42936132832401724
2053,0.0002735661519210545,0.4293662931215092
2054,0.00027249052319855746,0.429364255425785
2055,0.0002716852676110657,0.42936302429395384
2056,0.0002708728560051833,0.4293678130944378
2057,0.00027007608900372627,0.42936496576284333
2058,0.0002693289081339699,0.4293617756048951
2059,0.00026853159549123534,0.4293682509983623
2060,0.0002677010745865117,0.429365965069601
2061,0.0002669099922118267,0.42936156821969956
2062,0.00026597105961054685,0.4293591299238171
2063,0.000265066311655469,0.4293558349944145
2064,0.0002641992116472016,0.42935508821922275
2065,0.000263333254221151,0.42935479837859686
2066,0.0002626304193616897,0.42935335607387
2067,0.00026180695311650256,0.42935829733081565
2068,0.00026115010344812916,0.4293646442670437
2069,0.0002603898764669633,0.4293732946219071
2070,0.0002597344482844831,0.429372397171314
2071,0.00025899596776312797,0.4293710801296895
2072,0.000258185561529757,0.42937710331839196
2073,0.00025734587282537905,0.4293735727612598
2074,0.0002565345072277189,0.4293740601775763
2075,0.0002558695732489402,0.42937099348977653
2076,0.0002551699547483161,0.42937710798299356
2077,0.0002543671836674221,0.42937335978757757
2078,0.0002534663849493763,0.42937698798624774
2079,0.0002526437823936543,0.42938461501541736
2080,0.00025182163624467554,0.4293808663587404
2081,0.0002511020798145201,0.4293815994724952
2082,0.000250179620067997,0.4293847847361727
2083,0.000249483385070487,0.42938577970901487
2084,0.0002486517215302366,0.42938600196200605
2085,0.00024788064694230405,0.42938215357290765
2086,0.000247043477699944,0.4293782792501524
2087,0.000246254089191581,0.42937822274699894
2088,0.000245333791220838,0.4293723918781485
2089,0.00024464908093307935,0.4293694826329137
2090,0.0002438373534218236,0.42937304930932046
2091,0.0002430040965871103,0.4293687955135843
2092,0.00024233427518560578,0.4293607861481253
2093,0.00024157533009088033,0.4293581734892854
2094,0.0002408015269703788,0.4293521514544515
2095,0.0002399231302257786,0.42935934572076007
2096,0.00023912536381932368,0.42935140597385135
2097,0.00023847184764045807,0.429349958628927
2098,0.00023772546764921814,0.42934882119368023
2099,0.00023687891003304186,0.4293462688362058
2100,0.00023606772611319143,0.4293469263088114
2101,0.00023525177721352524,0.42934946742240315
2102,0.00023444696684908481,0.42934161258295167
2103,0.00023371963637695608,0.42934377239013927
2104,0.00023296730821637047,0.4293456863959334
2105,0.0002323209422397242,0.4293456430067402
2106,0.00023162916992277161,0.4293500496343534
2107,0.00023078064970291892,0.42934918778764125
2108,0.0002301772175509364,0.4293489710820891
2109,0.00022954733165810563,0.4293505389181362
2110,0.00022876184597268187,0.4293469710795484
2111,0.00022797407534686396,0.4293473029004056
2112,0.00022718529932459154,0.4293412755525758
2113,0.00022641787817540495,0.4293386953429282
2114,0.0002258122474350958,0.4293375910270321
2115,0.00022523023682608466,0.42933711911326483
2116,0.00022452060945677053,0.4293410009319644
2117,0.00022381029728640666,0.429339300981712
2118,0.0002230635564795232,0.42934328245591347
2119,0.0002224458058058892,0.42933962886896304
2120,0.00022178798828787085,0.42934589432704834
2121,0.00022109778844869716,0.42934593434789664
2122,0.00022034266152745543,0.42934892378234624
2123,0.0002196714561221208,0.4293476066053552
2124,0.00021907666608604327,0.4293465973363756
2125,0.00021841031143795926,0.429350276081291
2126,0.00021775091017183656,0.42934884935165996
2127,0.00021705547718017877,0.42935003391030774
2128,0.00021633495880671433,0.4293519294855401
2129,0.00021563713189376498,0.429348371746097
2130,0.00021497886872044248,0.42934743847326445
2131,0.0002143111238368093,0.42934929330566324
2132,0.00021378468286119325,0.42935322480784743
2133,0.00021312821675652165,0.4293522639933985
2134,0.00021242036578394274,0.4293517562918238
2135,0.0002118085157113326,0.4293508789597144
2136,0.00021122293702319895,0.42935642806040997
2137,0.0002106156351248648,0.4293597732191394
2138,0.0002098653530374431,0.42935953259947507
2139,0.00020919985618665624,0.42936255082218333
2140,0.0002084662031757695,0.4293653131012653
2141,0.00020771924251432861,0.42937047971835496
2142,0.00020702413111429985,0.4293607860729148
2143,0.00020633488831600002,0.42936429910681567
2144,0.00020556757081574003,0.4293605026838752
2145,0.00020498044408005992,0.4293616074766256
2146,0.00020431527949305283,0.42935548911916244
2147,0.0002037208907423064,0.4293540471323902
2148,0.00020311404613488954,0.42935567105043254
2149,0.00020250545811068208,0.4293556845726436
2150,0.00020188079671410727,0.4293535727532835
2151,0.0002011300783415478,0.42936155880909616
2152,0.0002005836451651519,0.4293577474836674
2153,0.00020000628063922393,0.42935937260697843
2154,0.00019943409465347575,0.4293618632589254
2155,0.00019889846579765048,0.4293533093045531
2156,0.00019822523236349008,0.4293607595909398
2157,0.0001974612519987157,0.42936066311392024
2158,0.00019679697953635465,0.42936358530238256
2159,0.0001961899469805042,0.4293660935384689
2160,0.00019545304185366008,0.4293608325316153
2161,0.00019479322883513855,0.4293569608933883
2162,0.0001942468589371714,0.42935203430717545
2163,0.00019365422529997326,0.4293495072786027
2164,0.00019303831459689276,0.42935251292491616
2165,0.0001925080005558109,0.42934500104665446
2166,0.00019195765611268432,0.4293465016889551
2167,0.00019129909845603247,0.4293451301099088
2168,0.00019067396455490853,0.4293497427423009
2169,0.00018999661494221212,0.42934594516417013
2170,0.00018941269962658477,0.42934400976311893
2171,0.00018893805485984823,0.4293370700357374
2172,0.00018836004407127126,0.4293401311891756
2173,0.00018779014520847812,0.42933839652815686
2174,0.00018727514434439685,0.42933762724200303
2175,0.0001866878226584996,0.4293278468762496
2176,0.00018614455766393292,0.4293326612827855
2177,0.00018551618331683588,0.42933063323215087
2178,0.00018502542605240666,0.42932937669889626
2179,0.0001845074578500856,0.4293352332175878
2180,0.00018405414726800685,0.42932616030745474
2181,0.00018356359204540253,0.42932964142773783
2182,0.00018297974467722757,0.4293282058474832
2183,0.00018237170617091782,0.4293255262121255
2184,0.00018174985591870788,0.4293274532769569
2185,0.00018109570354915572,0.4293313389222369
2186,0.00018054624189728228,0.42933060139767887
2187,0.00017994616134024352,0.42933273039697406
2188,0.0001794713167431428,0.4293296107483546
2189,0.00017887944970875993,0.42933219570199377
2190,0.0001783514167072728,0.4293342071884093
2191,0.0001778220825704746,0.4293316059190228
2192,0.00017719575496508662,0.42933007929898526
2193,0.00017668860210235814,0.4293294733223927
2194,0.00017618280481511913,0.42933195657208684
2195,0.00017556592511498565,0.42933304059177274
2196,0.0001750687766369382,0.42932955787840377
2197,0.00017443621458419368,0.4293276299073505
2198,0.00017390194925673101,0.42932433930404157
2199,0.0001734745937649114,0.4293226393193067
2200,0.00017290220852661075,0.4293215000749703
2201,0.0001724795293679015,0.42931576728982834
2202,0.00017197045385661597,0.42931422724457885
2203,0.00017144028995423534,0.42931320976967485
2204,0.0001709297012293941,0.4293120358184873
2205,0.00017042320652121856,0.42931034540804497
2206,0.0001698778381664382,0.4293104535002997
2207,0.00016936634576436978,0.42930075635346654
2208,0.00016889692396705985,0.4292983671296037
2209,0.00016844734616105756,0.4292961697537115
2210,0.00016796241598296895,0.42929773303286717
2211,0.0001674768806740427,0.4292975398086763
2212,0.0001669314571477866,0.42929876555190594
2213,0.00016645825103266514,0.429302672370141
2214,0.0001659188452145349,0.4293019202372585
2215,0.00016545437442639374,0.42929731828019646
2216,0.00016495649261125762,0.4292993648340485
2217,0.0001644276811925136,0.42929422501193165
2218,0.00016394729653907412,0.4292920507343297
2219,0.00016339615970656777,0.4292872016008664
2220,0.00016292882251385613,0.42928651145967306
2221,0.00016239440987578252,0.42929056975335034
2222,0.00016185292401870937,0.429287894206794
2223,0.00016138650219514388,0.42928649590612533
2224,0.00016078189830319477,0.42928655657594017
2225,0.00016037446940063806,0.4292856587279367
2226,0.0001598796694699153,0.42928361811937177
2227,0.00015941313462676418,0.4292794053428838
2228,0.00015886830582066008,0.4292838851387781
2229,0.0001583348574446537,0.429277146914227
2230,0.00015785127435454635,0.42927988553963825
2231,0.0001573277204448732,0.42928832966151176
2232,0.0001567924131908098,0.42928526956660845
2233,0.00015628047995547146,0.42928990111950827
2234,0.0001558062720487472,0.42929082470774405
2235,0.000155309251167141,0.4292921549665987
2236,0.000154793679398429,0.4293000120757015
2237,0.00015427194247905968,0.42929827481601346
2238,0.00015386657472944053,0.42930022965169506
2239,0.00015339592074631455,0.42929767834747695
2240,0.00015291801918133213,0.42930080425151546
2241,0.0001523939066394011,0.4292959554957326
2242,0.00015194600634470671,0.42929566026902044
2243,0.0001515680411535497,0.4292997223514278
2244,0.0001510782280790119,0.42930279610801536
2245,0.00015058585349515954,0.42930156726537877
2246,0.00015012496985403033,0.4292976841979131
2247,0.00014975801399197124,0.429296725298463
2248,0.0001492232212036225,0.4292979138813805
2249,0.00014867264029257482,0.4293025653111994
2250,0.00014818957925265703,0.4292998235569579
2251,0.00014777016408107566,0.4292931651842973
2252,0.0001473872808771268,0.42929192816879025
2253,0.00014692036763794974,0.4292859155929684
2254,0.0001465024567962511,0.42928331196111263
2255,0.00014611703029172485,0.42928197199555057
2256,0.00014567295453003676,0.4292861066833309
2257,0.00014531631695670116,0.4292845641096225
2258,0.00014488918879868246,0.4292830963783844
2259,0.0001443733256243436,0.42927906091904794
2260,0.00014388349160079816,0.42927648878972274
2261,0.00014345964495869626,0.4292753560008136
2262,0.00014298533401982405,0.4292737132260025
2263,0.00014249878038049288,0.42926836045242384
2264,0.0001420665547365183,0.42926546094738
2265,0.0001416139199525599,0.429264493804099
2266,0.0001411539762189119,0.4292700623486252
2267,0.00014068355742805522,0.42926567828550105
2268,0.0001402492795150108,0.4292650817838678
2269,0.0001398644840666292,0.42926813666801006
2270,0.00013935932710455826,0.4292705244795561
2271,0.00013893806093815227,0.42927175156322345
2272,0.00013846088071814248,0.42926811263916786
2273,0.00013805010830061456,0.4292719093627522
2274,0.00013762022361087068,0.4292761304581078
2275,0.00013716989507873913,0.42927384354149184
2276,0.00013685562890318012,0.4292737096113018
2277,0.00013644626834288757,0.4292724961729967
2278,0.00013602574324838562,0.4292764809492238
2279,0.0001356230612111593,0.42927612336216237
2280,0.0001352477552797754,0.4292686647512448
2281,0.00013486476015770108,0.42926503673771904
2282,0.0001344551607351095,0.42926058257939603
2283,0.0001340571016301648,0.4292591828114488
2284,0.00013368198218973788,0.42925844700970717
2285,0.00013322593942960998,0.4292590280744003
2286,0.0001327890192511422,0.42925966053597114
2287,0.000132411385172317,0.4292587861287711
2288,0.00013199405281481936,0.4292555364982513
2289,0.0001316658136184736,0.42924954611775545
2290,0.00013124589605015757,0.42924904187791807
2291,0.00013081494941506283,0.4292526748807657
2292,0.00013042885638143552,0.4292518727968565
2293,0.00013006337655966898,0.42925872952053945
2294,0.0001296841589192396,0.42926152100193343
2295,0.00012933929215801492,0.42925773981911586
2296,0.0001289410733484165,0.42925944020033663
2297,0.00012858248150145033,0.42926031459911185
2298,0.00012821245570495814,0.4292598186319522
2299,0.0001278683356958113,0.4292539141464843
2300,0.00012743696193733394,0.429256157612766
2301,0.00012706341385639966,0.42925727106916756
2302,0.0001266929792188666,0.4292560035572504
2303,0.0001262578329911587,0.42925987146045325
2304,0.00012586309280513333,0.4292595722005954
2305,0.00012548989721252092,0.429258870589637
2306,0.00012514663018702748,0.42925886891649484
2307,0.00012471358799690007,0.42925872662725445
2308,0.00012433865439419927,0.429264584850189
2309,0.00012396307701970191,0.4292552076669593
2310,0.00012362148334608955,0.42925633004553554
2311,0.0001232698533360188,0.4292523027347774
2312,0.00012291869708423681,0.42925421531036334
2313,0.0001225741670570928,0.42924902883078525
2314,0.00012221567549173965,0.429244777451337
2315,0.00012189143533344547,0.42924768043680556
2316,0.00012146381910435573,0.429248219743397
2317,0.00012108118337071206,0.42924947500857213
2318,0.00012076157099677809,0.42924972562247865
2319,0.00012042605433767314,0.4292514293381565
2320,0.00012003710784578821,0.42924811795504675
2321,0.00011968084891449166,0.4292494448338951
2322,0.00011935257022909947,0.429255149038617
2323,0.00011899272344483773,0.4292592979255507
2324,0.00011863125229888214,0.42925807954360745
2325,0.0001182530791459612,0.4292589304814603
2326,0.00011783098779374941,0.42925800764850824
2327,0.0001174831057179681,0.42925820177556
2328,0.00011714234142066027,0.4292562862481272
2329,0.00011685994933093534,0.4292568239767776
2330,0.0001165381654017833,0.42925681056675313
2331,0.00011621951988929366,0.4292505864935087
2332,0.0001158586491474931,0.4292469422414452
2333,0.00011548344856167698,0.4292465244787106
2334,0.00011512317046107493,0.42924271542545234
2335,0.00011479212086984177,0.42924212724840594
2336,0.00011441934943379763,0.42924071400271957
2337,0.00011407323378691117,0.42923812558555474
2338,0.00011377847479872529,0.4292326174670882
2339,0.00011344389191554754,0.42922874414448986
2340,0.00011313740158644109,0.42922654461209886
2341,0.00011283531438622137,0.4292319067416273
2342,0.00011252720550123979,0.42922995445253087
2343,0.00011221854055678522,0.42922783374943885
2344,0.00011188214923011792,0.429231053282701
2345,0.00011150356701364447,0.42923433350243667
2346,0.00011118511405860304,0.4292358089536583
2347,0.00011084297379190373,0.42923814653436043
2348,0.00011043427410180058,0.429235638888779
2349,0.00011010457637818253,0.42923812914597037
2350,0.00010982042813272803,0.4292348972040006
2351,0.0001094620405866065,0.4292389942361524
2352,0.00010911708461734569,0.42923353443731876
2353,0.00010881740708752115,0.4292316650887997
2354,0.0001084659391675352,0.4292298322944489
2355,0.0001081497236405196,0.42922949029943314
2356,0.00010788248379814615,0.42922856753000727
2357,0.00010754745324404067,0.42922910068151254
2358,0.00010722154625304884,0.42922395553064696
2359,0.00010693977337281425,0.4292311483450803
2360,0.00010661020048117475,0.4292349869131883
2361,0.00010628025602982198,0.42923314706013016
2362,0.00010598990929579323,0.42922902299061777
2363,0.00010566580171999279,0.4292221068290489
2364,0.00010528714414762043,0.4292180953549032
2365,0.00010496890364585842,0.4292262758060794
2366,0.0001046222901395291,0.4292320217663766
2367,0.00010430745672744833,0.42923000571538117
2368,0.00010396909044828194,0.4292290894557834
2369,0.00010366141434441386,0.4292316949108231
2370,0.00010335422386075689,0.42922970050969195
2371,0.00010305461107402942,0.4292318718101822
2372,0.00010277426001003427,0.4292281097892395
2373,0.00010244290685877372,0.4292300760028633
2374,0.00010213057339378535,0.42923146607291085
2375,0.00010181235388427176,0.4292305866506075
2376,0.00010154094965347438,0.4292322546725156
2377,0.00010120422234963495,0.42923152113263696
2378,0.00010085823282500418,0.42923542565215334
2379,0.0001005753581986935,0.4292377679213905
2380,0.000100316801338756,0.42923509670541315
2381,0.00010003228009302612,0.42923970091937996
2382,9.968481886571432e-05,0.42924443344532437
2383,9.931773527419605e-05,0.4292421458449756
2384,9.905997878015313e-05,0.4292444911875528
2385,9.875202644815048e-05,0.4292445138404079
2386,9.846496020463226e-05,0.429243620976147
2387,9.811992848549311e-05,0.4292379840933121
2388,9.782815006333886e-05,0.4292404723188729
2389,9.752332232125891e-05,0.4292388375919399
2390,9.721109166898274e-05,0.4292402260314154
2391,9.690731675097504e-05,0.4292447415732254
2392,9.660532035056824e-05,0.42924284619915326
2393,9.629903557790971e-05,0.42924654736621365
2394,9.60048754106587e-05,0.4292461281630119
2395,9.572980191428864e-05,0.42924604998434424
2396,9.545394566228757e-05,0.4292454053561512
2397,9.514743463671158e-05,0.4292389703539465
2398,9.482137882606135e-05,0.4292381633517509
2399,9.453216529244964e-05,0.4292347106555465
2400,9.424370273078507e-05,0.42923462825193
2401,9.398972516932034e-05,0.42923294739042506
2402,9.373976623621459e-05,0.42923576296983285
2403,9.343956015306376e-05,0.42923072855008504
2404,9.316950893410923e-05,0.4292282134775816
2405,9.285803300694714e-05,0.4292279594582887
2406,9.263848770901716e-05,0.42923597750282383
2407,9.234930463810774e-05,0.4292336120348144
2408,9.210828330406035e-05,0.4292347670334531
2409,9.180733921223801e-05,0.42923799161164355
2410,9.150460136962625e-05,0.42924338246100224
2411,9.121809066351113e-05,0.4292456123758227
2412,9.097463478333835e-05,0.4292468341959378
2413,9.063062014537025e-05,0.4292455132133786
2414,9.03850257712817e-05,0.4292402638365381
2415,9.008350176666466e-05,0.4292418980608669
2416,8.978690953643741e-05,0.4292426251670119
2417,8.953230093996408e-05,0.42923901818799115
2418,8.927915889209375e-05,0.42924365019142335
2419,8.903129392875117e-05,0.4292410936757822
2420,8.882288667526702e-05,0.42924110741416815
2421,8.851760378898683e-05,0.42924534901488987
2422,8.822156026883512e-05,0.4292495556737932
2423,8.798763681386433e-05,0.4292466945521774
2424,8.771930071185928e-05,0.4292443235466006
2425,8.747414357772182e-05,0.429243415574822
2426,8.719408521554447e-05,0.4292479955699222
2427,8.690875013878632e-05,0.42924960493546144
2428,8.669628263589052e-05,0.42925369463785906
2429,8.643926418707016e-05,0.42925436088301594
2430,8.618569228614618e-05,0.42925778572610385
2431,8.59388883683327e-05,0.4292561823286714
2432,8.567805016955706e-05,0.42925883726175224
2433,8.543118303125366e-05,0.4292584069753527
2434,8.514682596547722e-05,0.42925267695599945
2435,8.48578882401375e-05,0.4292531039639073
2436,8.463047728374121e-05,0.4292530540392562
2437,8.436763283215731e-05,0.4292541497100011
2438,8.408120054556518e-05,0.42925344022743095
2439,8.386431648327457e-05,0.42925098424742436
2440,8.361031102498878e-05,0.42925441452003
2441,8.336396348245736e-05,0.42925273696771665
2442,8.30957969671309e-05,0.42924970451026734
2443,8.281227575729695e-05,0.42925188779045353
2444,8.256214483062182e-05,0.42924771914678983
2445,8.230412344827572e-05,0.42925067956045815
2446,8.204553281004819e-05,0.42925113249434066
2447,8.183352248028458e-05,0.429252046801864
2448,8.156218023135647e-05,0.42924909180715637
2449,8.132232823246969e-05,0.4292482242920122
2450,8.107342073559795e-05,0.4292482229119335
2451,8.07917538657851e-05,0.4292485355749398
2452,8.053348663775992e-05,0.42924192325649163
2453,8.033273303048069e-05,0.4292424835090675
2454,8.009701573024167e-05,0.4292400939154518
2455,7.986970780627037e-05,0.42923983111475655
2456,7.964363297032559e-05,0.42923726465828405
2457,7.938375455030975e-05,0.4292362826498136
2458,7.913632718269451e-05,0.42923734735531066
2459,7.887453923024974e-05,0.4292368230839447
2460,7.866958825124068e-05,0.4292411803901471
2461,7.845210360203163e-05,0.42924427369912477
2462,7.816809658290769e-05,0.42924557064242264
2463,7.792358660311612e-05,0.42924457100367824
2464,7.768712529696291e-05,0.42924238739784837
