epoch,train_loss,val_loss
1,0.9689619389678042,0.9792062601995736
2,0.940945456242481,0.9550638015416404
3,0.9112668224279528,0.9272781069769677
4,0.8879099004087248,0.9058485670534686
5,0.8650791037969071,0.8836400688051769
6,0.8433841613589506,0.8637663895052309
7,0.8224263494469113,0.8441517929008986
8,0.8028763490111096,0.8268468906896664
9,0.7831160337166263,0.8096615203762986
10,0.7666860687518471,0.7959601799741285
11,0.750059057928001,0.7819716007818013
12,0.7341288149448959,0.7688838058297903
13,0.7194898330608718,0.7564011447496519
14,0.7071108965003476,0.7469764356178844
15,0.6935871052196135,0.7352142070830339
16,0.6805007163963805,0.724193942381978
17,0.6686381477382035,0.7153434575623749
18,0.6579466713324366,0.7061341733837284
19,0.6495333611887285,0.6996863725304103
20,0.6398823963317926,0.691954091481521
21,0.6322444322282318,0.6875003891310517
22,0.6231499180116482,0.6811258759761057
23,0.6155084969885015,0.6751759986747246
24,0.6072961214895864,0.6709359213237965
25,0.600504382806798,0.667051792292817
26,0.5932839445817673,0.6620424411484713
27,0.5875237552724056,0.6585628845482838
28,0.5806269175063515,0.6538549217518282
29,0.5745929701327163,0.6507967165992646
30,0.5683311049592626,0.6467846536586268
31,0.5621637616479097,0.643238639632055
32,0.5567122852471775,0.6414235160714593
33,0.5508034310460279,0.6378260700186399
34,0.5454195144894172,0.6348106338552961
35,0.5393921882543873,0.6312592933591378
36,0.5346016695042256,0.6295502150215251
37,0.5293881660487778,0.6264937761605894
38,0.5247555979840153,0.6258679661180592
39,0.5204157893719811,0.6237180411289146
40,0.5162856613935168,0.6216877805128906
41,0.5116897087834802,0.6194208200600541
42,0.5065776622274901,0.6154989508425066
43,0.5024933994071364,0.6132925570094174
44,0.4978553306839251,0.6110817206469455
45,0.49320342968069525,0.6092379114613513
46,0.48909562757400604,0.6071249061438315
47,0.4851324719930967,0.6052674081553692
48,0.4812273971910576,0.6025327374694012
49,0.4775384364324047,0.6024038338949157
50,0.4736491735152034,0.600834918398225
51,0.4700458985563912,0.5997065118742791
52,0.46644024177018917,0.5987772173386546
53,0.46300670411392186,0.5973574872545684
54,0.45960020308514316,0.5956504492832181
55,0.4563035120405184,0.5946677767527171
56,0.4531686302969117,0.5933315290650566
57,0.44978318775246096,0.5918217059675885
58,0.4463884683371256,0.5903307635792201
59,0.44300497306750347,0.5891290382700983
60,0.43987384095793813,0.5880645522001182
61,0.4368040054091201,0.5870359455726392
62,0.43355259843298466,0.5865253507487108
63,0.4304686004585983,0.5862077399209329
64,0.42743092023014445,0.5853888498693495
65,0.42464908280593616,0.584359954774108
66,0.421817519417925,0.5835865762637625
67,0.4188399675853629,0.5828437480934879
68,0.41619750588090687,0.582425783886272
69,0.41296419247558164,0.5806420054417036
70,0.4098945759536381,0.5791962097123672
71,0.4070867200969795,0.578350440804352
72,0.4045515981276245,0.5770222625207824
73,0.4018846253549386,0.576247669358726
74,0.39925988336026924,0.5756424763828174
75,0.3962953262394531,0.5745496496476311
76,0.39348496027068164,0.572482504806306
77,0.3909359468819692,0.5715233607942548
78,0.387986248438776,0.570367913568603
79,0.38551221756764464,0.5691426100268566
80,0.38272313077328723,0.5677908375762911
81,0.38021878995103725,0.5671103865516397
82,0.377808629592989,0.5658428977441672
83,0.37539262053203154,0.5648850933069568
84,0.37287036835215986,0.564208371127318
85,0.37026599893688966,0.5629978034459489
86,0.36795346276031915,0.561767885535014
87,0.3657176511495471,0.5611767093967763
88,0.36357960566604325,0.5607161166778621
89,0.361425948199953,0.560113621004834
90,0.359000449381227,0.5597039959984639
91,0.35690230477292395,0.5594468381128435
92,0.3545784907022975,0.5588035418136464
93,0.35228967822186963,0.5579661986500933
94,0.34986037008957915,0.5569552036197961
95,0.34777842098688044,0.556438655206994
96,0.3456110845157617,0.5557451043489775
97,0.3434768389477953,0.5550627650942412
98,0.34132027371637613,0.5542517196554511
99,0.3392250351825753,0.5539048874892413
100,0.33705175731617365,0.553208271355172
101,0.3349874762938606,0.5527125518202247
102,0.3328943619970691,0.5516805246551678
103,0.33092379518010473,0.5511479341597162
104,0.328937568312971,0.5505889357026571
105,0.32688009191535955,0.5502645290304808
106,0.32485861008365835,0.5501025781853814
107,0.3228462065493191,0.5498732103434506
108,0.32091130912452803,0.5493420114898029
109,0.318918285396146,0.5489370368966121
110,0.3170888288779259,0.548273135265414
111,0.31518229004676823,0.5476830900270859
112,0.31323630961364624,0.5472449388445105
113,0.3113570484699461,0.5466047831654433
114,0.3094706220036752,0.5459976321740371
115,0.3076472241467702,0.5455928301707527
116,0.30593457424092596,0.5453319817873108
117,0.3040561600574106,0.5447471730735611
118,0.3023768919937705,0.543750887191141
119,0.30055233880013554,0.5434662864788429
120,0.29852119379671493,0.5430034848236633
121,0.2966858763194418,0.5428880424220487
122,0.2948895482784494,0.5421739222052376
123,0.2931375828697727,0.5417884260897898
124,0.2913572197050164,0.5413255310362733
125,0.2897823114511934,0.5410766219264512
126,0.28821701947227296,0.5403639007240275
127,0.2864496143082706,0.5394811966699081
128,0.2847242773218616,0.5385681727605741
129,0.28308335102830334,0.5388313551593058
130,0.2814506201521115,0.5386905317547777
131,0.27982591598576867,0.5380773175006451
132,0.27815867082031787,0.5377198812308837
133,0.27650969765632805,0.5375048818514796
134,0.27497762777626733,0.5374894766289875
135,0.27352635272343895,0.536922671274893
136,0.27188963858600035,0.5366249848766419
137,0.27041733343365987,0.5362978253490951
138,0.26890013055606926,0.5355951498431909
139,0.2672084339886492,0.5350093511326309
140,0.2657937204205627,0.534627023822308
141,0.26426607771965444,0.5340359980408527
142,0.262936662193367,0.5337921960076715
143,0.261507531578925,0.5335541161155044
144,0.260033114075298,0.5326343420253651
145,0.2585189887565628,0.5323072905960873
146,0.2570952210204595,0.5319426474147101
147,0.2557071232415035,0.5313670047577026
148,0.2543221180709683,0.530878493884501
149,0.2529283001651093,0.5304174023796474
150,0.2515288786436288,0.5302254482856797
151,0.2501645687240083,0.5298341552214266
152,0.2487853909019211,0.5301441606819578
153,0.24739806529364128,0.5300171401771395
154,0.2461119309753104,0.5300604194354916
155,0.24477187864408967,0.5297442664496831
156,0.24342520937907391,0.5294171610364723
157,0.24220981959723548,0.5295657797286338
158,0.24096978256220952,0.5295147976307644
159,0.2396433241927885,0.5292637336271839
160,0.23841990613795125,0.529229626010934
161,0.237159057756637,0.5288550165760251
162,0.2358015753188725,0.5284796790958957
163,0.23454548032468225,0.528167074226496
164,0.23318419298320398,0.5283062224463996
165,0.23198216446919262,0.528019844831528
166,0.23070367983454673,0.5277630665847874
167,0.22942138321808095,0.5277500710902187
168,0.22812566072526955,0.5277284342635384
169,0.22685433643591377,0.5273288908261674
170,0.2255975514736379,0.5273988456710277
171,0.22443386848394833,0.5273136603095951
172,0.22326005195683404,0.526931121495587
173,0.22204384696310708,0.5267890526150387
174,0.22091182084442573,0.526498209102289
175,0.21969866719337752,0.5260722143990681
176,0.218495994940716,0.5260301167069704
177,0.21736094823506824,0.5261963181034611
178,0.21618953637469968,0.5262752433147815
179,0.21506137555676577,0.5259498092133552
180,0.21391767402673842,0.5257356318935789
181,0.21277611280122977,0.5253847161058536
182,0.21163225279570536,0.5250145309314062
183,0.21055291667940945,0.5249312627524745
184,0.2094548327030853,0.5249833562527695
185,0.2083786240224049,0.524543621461263
186,0.20727849983075958,0.5242294497063898
187,0.20614997631900817,0.5239176041133103
188,0.2051316303952085,0.5237889202439868
189,0.20411143899510636,0.523578909085142
190,0.20310076913094802,0.5234277020063887
191,0.20198979332122532,0.5231735688422363
192,0.2009777628101995,0.5228001616366549
193,0.1999086085302086,0.522614055049423
194,0.19879818112666664,0.5224793728681745
195,0.19764279526412992,0.5220953919170609
196,0.19660153763936655,0.5217299851912518
197,0.19537866001731233,0.5214440770833751
198,0.1943149268478963,0.5211893995196462
199,0.1933137906741514,0.5209756579496616
200,0.19231445861702146,0.5208178721028285
201,0.19139836233150412,0.520788925517508
202,0.19029400701489732,0.5202976409088441
203,0.18939023825496393,0.5203094935014698
204,0.18834887911117001,0.5201301071014568
205,0.18736320127507194,0.5197414041869215
206,0.18629572919883025,0.5198366717417576
207,0.18531723586702714,0.5195775529353699
208,0.18442814375751734,0.5196164998131453
209,0.18337009435750512,0.5191450395133995
210,0.18237471467382813,0.518633336159763
211,0.18144774004609548,0.5186466544360617
212,0.18052983216050486,0.5188268914569278
213,0.1796643771062222,0.5184922656861733
214,0.1787821259685262,0.5184848622854626
215,0.17788034779966178,0.5186577774572099
216,0.17698648488512084,0.5183696756094036
217,0.176081099569686,0.5180238807062241
218,0.17523608295285026,0.5180055198625586
219,0.17439978630770525,0.5177379496508645
220,0.17360413057098475,0.5177866769732997
221,0.17271602906633363,0.5178318109816668
222,0.17188315389001657,0.5179848718802463
223,0.17087663963761,0.5175617720681681
224,0.1700256142248502,0.5171897089133465
225,0.16923990622152685,0.5170659829261436
226,0.16848141391337373,0.5169190621492331
227,0.16761873679807016,0.5167164093217373
228,0.16683072916898395,0.5163585478383489
229,0.1660527913419502,0.5161645981553434
230,0.16533787357948443,0.5162121529983491
231,0.16456910869641886,0.5160650250682776
232,0.16375265196326869,0.5157299603166505
233,0.16292810613003622,0.5154328946013508
234,0.1621729099295801,0.5152765345062568
235,0.16139979503985027,0.5149058916159174
236,0.16055478408475057,0.514865071145829
237,0.15981157611246932,0.5147917349473581
238,0.15908170305371336,0.5149290069174424
239,0.15828607586123836,0.5148118341923448
240,0.15745322385838778,0.5147055487363164
241,0.15672422616687023,0.5146337194621665
242,0.1559183861612103,0.5143302026870915
243,0.15515708889067584,0.5144238905038602
244,0.15443434997216746,0.5141813025201896
245,0.15370898028929458,0.5141235213022587
246,0.15294338593598114,0.513924482869888
247,0.15222203103466692,0.5137817572703145
248,0.15145371666273277,0.5138241983926872
249,0.15079441270484037,0.5134414655551464
250,0.15002722964763407,0.5132145292472733
251,0.1493208680247062,0.5132000194349335
252,0.14857005773687332,0.5130708189038358
253,0.1479305161103041,0.5130267642500631
254,0.14718765322904417,0.512827797479085
255,0.14652551407826683,0.5128065230160717
256,0.14584860168770067,0.512728105407839
257,0.14516604793402527,0.51246123057276
258,0.14444210797522017,0.5123856630866164
259,0.14375967217147073,0.5123563755874888
260,0.14305057889861206,0.5121639263251118
261,0.14233283998484483,0.512330102456446
262,0.14157554790834326,0.5124371317773663
263,0.14089778921849613,0.5125043701481193
264,0.14025226499372442,0.5124866194968499
265,0.13959565166697616,0.5125805625284274
266,0.13893177511198268,0.5122957196492611
267,0.13831273053725543,0.5121083862998695
268,0.13763714767388852,0.5118815796207431
269,0.1369695047569707,0.5118200129086423
270,0.13629244371613616,0.5114876795660992
271,0.13557863696863737,0.5116317071511451
272,0.13492146406442504,0.5116451458418138
273,0.1342850087445963,0.5115459526246333
274,0.13365289004678405,0.5115363263566437
275,0.1330147224851448,0.5116346561285404
276,0.1323647045399542,0.5116971506826827
277,0.13174380225343787,0.5116739908691426
278,0.13114841028667085,0.5118246723738251
279,0.13051701846177396,0.5116897691718716
280,0.12989594301617738,0.5115550615602892
281,0.12921459322126136,0.5112510358282762
282,0.12854602733717146,0.5113660157099759
283,0.1279549235914872,0.5111094192306626
284,0.1273918166196905,0.510969076170837
285,0.12676537683577885,0.5108520194646186
286,0.12608974609718807,0.5105974452082951
287,0.12551825783457313,0.5104009783470663
288,0.12494150534682472,0.5102844270478687
289,0.12435659630997427,0.5104143424872973
290,0.12369467302103439,0.5101109952180731
291,0.12304763095488895,0.5102568875219861
292,0.12247485241185252,0.5099769034392253
293,0.12184537798403719,0.51023564863021
294,0.12128997894555382,0.5100164749587356
295,0.12075040823036934,0.5099894877235505
296,0.1201696456001537,0.5100950098693412
297,0.11963686058201706,0.5101868360531018
298,0.11908893381385624,0.5101541235904603
299,0.11855815456025164,0.5099458667993689
300,0.11800565967411396,0.5094676434569319
301,0.11747076140192944,0.5095186182703285
302,0.11689726959997786,0.5095941408334647
303,0.11638222305389719,0.5094700450257537
304,0.1158150923426138,0.509307459114555
305,0.11527590546893256,0.5094012998781674
306,0.11470576294328118,0.5093971291349751
307,0.11409806215436512,0.5094956878212907
308,0.11353109048350557,0.5094767390052751
309,0.11303511690305576,0.5094880880394909
310,0.11249319487631518,0.5093348054246197
311,0.11199228604024425,0.5094274002889501
312,0.11145481845606703,0.5092027547640376
313,0.11099990924420568,0.5093183973333979
314,0.11046722835476697,0.5095160581415659
315,0.11000498396781251,0.5094143038942405
316,0.10948402662089425,0.5093925965601088
317,0.10896455946928789,0.509216279779367
318,0.10846914086736838,0.5090909296271149
319,0.1079799066084773,0.5089519318277521
320,0.10751449984202413,0.5088563414021333
321,0.10702295672350295,0.5086597445484589
322,0.1065168501430698,0.5088041297919406
323,0.10600971474241197,0.5087250122497498
324,0.10550464322733971,0.5083489903757906
325,0.10502929794598595,0.5084919007117742
326,0.10453673836913734,0.5083410705430075
327,0.10408376746410392,0.5081923749329627
328,0.10364335011563076,0.5080442643478433
329,0.10322212358274882,0.5080976999259644
330,0.1027152892358296,0.5080842259700827
331,0.10221549404181995,0.508167979453456
332,0.10164772762600677,0.5078262441569596
333,0.10117144891668496,0.5073722749993332
334,0.100681026106304,0.5072338137244379
335,0.10020737055921553,0.5072414842819782
336,0.09971543523212256,0.5071449746542155
337,0.09922293082538172,0.5070812651173467
338,0.09878282085099334,0.5070947007622568
339,0.0982673100418352,0.5072565571992006
340,0.0977838727043526,0.507313798582596
341,0.09728591063394491,0.5072973459385415
342,0.09682858327180367,0.5073801626562348
343,0.09635363869315913,0.5073661410565835
344,0.09593534401004852,0.5072678439630315
345,0.095483105931747,0.5070350420849269
346,0.09504616918116617,0.5068943835256942
347,0.09458709037484979,0.506498012795218
348,0.09417505140014022,0.5064990993955186
349,0.09376567383431264,0.5064982205350296
350,0.0932962184596375,0.5062664960337295
351,0.0928481499897764,0.5065305254000247
352,0.09240924800050845,0.5064612689885861
353,0.09205084174625636,0.5064468624045435
354,0.09161544366098236,0.506566837135304
355,0.09119211877892842,0.5063923758738927
356,0.09078073791665378,0.506474071063112
357,0.09033288907311655,0.5065580851715773
358,0.0899322051380203,0.5067330340941125
359,0.08954528995123211,0.5068124159306032
360,0.08911702151947597,0.5068288556195133
361,0.0887229033948969,0.5067826156566935
362,0.08834482052849187,0.5067219612582571
363,0.08796880221490838,0.5067702592761241
364,0.08757749536665037,0.5068896938445295
365,0.08717221587795772,0.5068993636010157
366,0.08674867918712865,0.5067944252691275
367,0.08637515714934134,0.5068739175518286
368,0.08596555350335895,0.5067973011907578
369,0.08561793820598945,0.5064028329020286
370,0.08521617514134892,0.5060831680968264
371,0.08484357811750146,0.5062482335822078
372,0.08444860918509092,0.5063416117031949
373,0.08404707707005585,0.5063761167837215
374,0.08369733706234067,0.5064015719616021
375,0.08332070710287269,0.5063799324717092
376,0.08301059111914127,0.5062686755103876
377,0.08262543188286976,0.5062602498732033
378,0.0822686054922728,0.5061490601278865
379,0.0818986353979187,0.5061413771553647
380,0.0815555286007837,0.5061128742157789
381,0.0811617762673546,0.5058421555269843
382,0.08076575589628578,0.5058630447418592
383,0.08042456380084699,0.505582422131954
384,0.08003622529859677,0.5056406417090661
385,0.07969176577141611,0.5055393210246076
386,0.07931914646373539,0.5055526010032404
387,0.07894463534041704,0.5055893950416572
388,0.07861771509748432,0.5056227652364661
389,0.07826485005419227,0.5057604364472128
390,0.0779222430364937,0.5057765110999581
391,0.07757388229893773,0.5057764379115232
392,0.07723348911157822,0.505611088986171
393,0.07689788522321202,0.5056575211687839
394,0.07657024336956852,0.5056859278773268
395,0.07624068517001546,0.5057451452862334
396,0.07591513818750541,0.5055318624488513
397,0.07555227617265164,0.5054063594865006
398,0.07519868368689993,0.5053735601479239
399,0.07484128976485906,0.5053083542054965
400,0.07449961328181504,0.5052019048660292
401,0.07414267480428345,0.5051806504404355
402,0.07379243125544875,0.5051759131871854
403,0.0734277613130251,0.5051345330700338
404,0.07311880016081063,0.5050807992508498
405,0.07272268835849775,0.5050499864306575
406,0.0723954087567863,0.5051220059432027
407,0.07206162299144173,0.5051032714112562
408,0.07173545602743683,0.5048834615428666
409,0.0714459686759928,0.5049113991871014
410,0.07112355428502072,0.5050306285578896
411,0.07079559579134154,0.5049001819233684
412,0.07046061537668208,0.5047996978952579
413,0.07012388975603945,0.5049445348803216
414,0.06977689880145135,0.5049656205685876
415,0.0694830406417553,0.5049313894051884
416,0.06916938909917074,0.5049358714364299
417,0.0688415752743172,0.5047818987154149
418,0.06851969270152995,0.5048644497623476
419,0.06818889505226271,0.5047045295350547
420,0.06787981263109474,0.504587686450411
421,0.06759733672563632,0.5044765266289744
422,0.06727735343225344,0.5044271669767219
423,0.06699041903122575,0.504403916597477
424,0.0667158064677379,0.5043336267810433
425,0.06641808154780558,0.5040904959714573
426,0.06616375146057674,0.5042133609333194
427,0.06588232743945485,0.504276166689156
428,0.06556254900374095,0.5040555231967444
429,0.06524385091609117,0.5039594749613546
430,0.0649395716682412,0.5040198685208521
431,0.06465798961310011,0.5037152939599008
432,0.0643567646972337,0.5035750562134276
433,0.0640500373574576,0.5035697742189158
434,0.0637512341193316,0.5034816174973175
435,0.06343535180907806,0.5033652286863342
436,0.06316371397512784,0.503306727738927
437,0.06287305390609445,0.5032594055496209
438,0.06257539450623086,0.5033441889523466
439,0.06230548657358688,0.5032294210883169
440,0.06204882540768791,0.5032913096800005
441,0.061783653425888194,0.5032579070387464
442,0.06151574399132534,0.5030925951262618
443,0.06121014372279755,0.5031501993499355
444,0.060924205065970655,0.5030951401124136
445,0.060635527005276864,0.5031279922989715
446,0.060377482315069814,0.5031943080470483
447,0.06010125568430284,0.5030966879888357
448,0.05980011762546182,0.5032208663419068
449,0.05952344725920376,0.5033564082109852
450,0.059273445972476115,0.5032868366378892
451,0.05900639864854801,0.503441129143857
452,0.05876330402214239,0.503429978479645
453,0.05850752725539082,0.5033412330399317
454,0.05826289471281982,0.5031992533610707
455,0.058014149171691856,0.5030867140461867
456,0.057786962767317554,0.5030584988300674
457,0.05754848148164376,0.5030608502487532
458,0.05730348984374898,0.5030433707357014
459,0.057097503127508456,0.5029695109524671
460,0.056847616097365,0.5030137324391385
461,0.05660139094001359,0.5030321500395117
462,0.056347444049412006,0.5031741052249354
463,0.056093999526279546,0.5030551729552558
464,0.05586501865885442,0.5029340430515922
465,0.05563082382260599,0.5028385086354199
466,0.05539062665388895,0.5029714424929708
467,0.05512487398040031,0.5029239205767899
468,0.054913083805584934,0.5028336422393389
469,0.054643333697018875,0.5028183353620453
470,0.0544046989175056,0.5028805572766836
471,0.0541649715025843,0.5028760602972923
472,0.05394588772417633,0.5027656439685033
473,0.05371121763026076,0.5026988207255283
474,0.05345886998267231,0.5026389990391791
475,0.053196679821342,0.5027216368324683
476,0.05297410422903585,0.5025679526959439
477,0.05272810647037877,0.5025233078918458
478,0.05250576027648701,0.502545382321551
479,0.052279200710799806,0.5025673896593559
480,0.0520222097979134,0.5024544516460178
481,0.05177274123981662,0.5023965574874569
482,0.0515359277310773,0.5025863297214812
483,0.05132258377299625,0.5026830976636483
484,0.05110558369991146,0.5026721797737607
485,0.050890917790985986,0.5026298058600399
486,0.05066196264629161,0.5025846217571394
487,0.050435119184383266,0.5026524274124304
488,0.050205911792225735,0.5025927659351079
489,0.049977117039125205,0.5025249405150831
490,0.04975251591067985,0.5023730169781959
491,0.04954490324598531,0.502395650675443
492,0.04931988445821972,0.502322150370724
493,0.049093157496656416,0.5022250214928711
494,0.04888191561608862,0.5021624877750397
495,0.048704501441939066,0.50213303637101
496,0.04849103798154996,0.5020316591678975
497,0.048284426079015154,0.5019502515872427
498,0.04805968124664112,0.5018599092074698
499,0.047850023530888484,0.5018065353144717
500,0.047616095855276895,0.5017478070625915
501,0.047364698160172226,0.5015278146787715
502,0.0471797384705321,0.5015436264340889
503,0.04697830336998834,0.5015207487883647
504,0.0467561651381839,0.501434478111103
505,0.04656350170722135,0.50134263704855
506,0.04638036723125624,0.5014818785299401
507,0.0461916457315489,0.5014233561273108
508,0.04598709245626272,0.5014239499099551
509,0.04576560520005953,0.5014420064507252
510,0.04556668480943438,0.5014590065942705
511,0.04535805080242065,0.5014404016794903
512,0.04516990056401025,0.501188266770755
513,0.04498256250530545,0.5012115020610424
514,0.044784540538797546,0.5010680545842107
515,0.04460781725403067,0.5010344365547689
516,0.04441406740903857,0.5010112130357581
517,0.04422469470680936,0.500859077239215
518,0.04400556545618956,0.500708712726103
519,0.04382013743081703,0.5008842571008543
520,0.043607908061161445,0.5006657571581141
521,0.043426930685238854,0.5006309164857193
522,0.04325924959413252,0.5006662817450092
523,0.043077544614558136,0.5005266699981237
524,0.04290014006859906,0.5005489371922802
525,0.04272365370873712,0.5005407034898406
526,0.04254153087522091,0.5005651337201732
527,0.0423432738706323,0.5005940705689206
528,0.04214098423510158,0.5004260340965279
529,0.04197409434434441,0.500318293017731
530,0.04181048736909757,0.5002282808854994
531,0.0416384292438154,0.5002544730074309
532,0.0414598089353723,0.5001369888461455
533,0.04128241736817167,0.5001217279796423
534,0.04110773506888155,0.500045336268847
535,0.04092429151498587,0.5000028190850531
536,0.04076041334339327,0.4998696770269446
537,0.04059080923876831,0.4997745050232243
538,0.040405926531969706,0.4996967213246561
539,0.04022758568720669,0.49962559050573857
540,0.0400576121998527,0.49968108839027525
541,0.03990551915357845,0.499681336129061
542,0.03973804171823672,0.4995895442840575
543,0.039563585549079405,0.49960244812038623
544,0.03940653387475182,0.49957825174870135
545,0.039238451651664175,0.49953812224517014
546,0.03906352782910362,0.4994459820335388
547,0.03889932531609836,0.4995091386501303
548,0.0387234949749911,0.49964544197649213
549,0.03854224853617914,0.4996536473783108
550,0.038376036696747245,0.4997279921714927
551,0.0382062818924186,0.49983707351844453
552,0.03806544730060047,0.4998013574634727
553,0.03791456011654407,0.49995116421348484
554,0.03774799998566387,0.4998340327802741
555,0.03760574189469242,0.4997787402542926
556,0.037452481311336744,0.4998082737945016
557,0.037309576780096,0.4998293077863256
558,0.03714953400396005,0.4998793698086767
559,0.0369603344694104,0.49968152388476644
560,0.036789685402849416,0.49965518357249156
561,0.03663648257707315,0.4995965175547413
562,0.036486733294047814,0.49964442799942377
563,0.036330324700042285,0.4995996751037073
564,0.03618804301068233,0.4996744439309654
565,0.03603020254813338,0.49951410380167477
566,0.03587446469614864,0.49951149101115155
567,0.03572171177624022,0.4995260553527376
568,0.035577718283838426,0.4994179249258179
569,0.03542960787854159,0.4993310912330477
570,0.03529283282158218,0.4993193805528426
571,0.035145029243071474,0.49922643862423827
572,0.034993245289475464,0.4992981063285299
573,0.03484630675249398,0.49928889068631166
574,0.03469303714775932,0.49924041643802936
575,0.034554146562835286,0.49921537940595
576,0.03440588784469348,0.4991545294207887
577,0.03425363195076466,0.4991184622775815
578,0.0341083198659475,0.4991131075142386
579,0.03396379325234031,0.49913208391545005
580,0.033813662671503826,0.49908131709944636
581,0.03367678094661451,0.4990658628050321
582,0.03352481091999915,0.4990642362350377
583,0.0333857730669597,0.498999050803
584,0.033252657029939243,0.4989684225528934
585,0.03310924850060437,0.4988311566318253
586,0.032974534282693355,0.49890340114522613
587,0.032842618099130444,0.49887104245107516
588,0.03268642309977482,0.49892859886756913
589,0.03256588914214604,0.4989956700860777
590,0.03242340500508715,0.49903304712858537
591,0.03228013191999345,0.4989832746217502
592,0.03213178939520801,0.49891759429055416
593,0.031991615258968646,0.4989922381099069
594,0.03185227349211087,0.4988934213790132
595,0.03172335614099082,0.4988546451792154
596,0.0315902157924108,0.49876553960125997
597,0.03146159324620901,0.4988224583775057
598,0.03133414673657496,0.4988084166266474
599,0.03120404891001815,0.49886604883547675
600,0.03106553148809999,0.49892455000296615
601,0.03092425741425918,0.49881215086323416
602,0.030785954685978993,0.4987229934244698
603,0.03066685765951087,0.4987709906792617
604,0.03054012307421881,0.498780714419355
605,0.03041423634000709,0.4986959774104307
606,0.0302915659437665,0.4986802034731661
607,0.030155018744869838,0.4986478826996858
608,0.030018680851451027,0.498730448731173
609,0.029882304038885553,0.4986108562374638
610,0.02975775349939629,0.4986369593015697
611,0.029640906358474075,0.4985800096740359
612,0.02951814157366487,0.49852789198972364
613,0.029399477093828747,0.4985629570756261
614,0.0292751166688312,0.4986057086518303
615,0.029150258178629287,0.4986377935696546
616,0.029014522111387178,0.49868638004648114
617,0.02888393685902828,0.4986235058907845
618,0.028756195603196828,0.4987006731018749
619,0.02863103225194447,0.498664195922259
620,0.0285176417249234,0.49863982977467386
621,0.02841281456143314,0.498585643453684
622,0.028302069596850513,0.49860089883487596
623,0.028188385149136564,0.49851254079917695
624,0.028070647244115246,0.4985465705275282
625,0.027951858817182464,0.49849636174894096
626,0.027831647543306446,0.4985088634937298
627,0.027722638329656678,0.4984320691316766
628,0.027607304157507163,0.4983853214127564
629,0.02750291808911734,0.4984293157325181
630,0.02738587295482574,0.4984302071272357
631,0.02727150748249946,0.49843556462026356
632,0.027156390652965275,0.49841789659689756
633,0.027031288636178753,0.49834525031317756
634,0.026920046747385254,0.4984395856085339
635,0.026799841494469748,0.4984145152841477
636,0.026695709308810663,0.4983611871462178
637,0.02658489255717721,0.498236784825621
638,0.026479013606702864,0.498252505332634
639,0.02637296637031953,0.4982057639590569
640,0.026265213826095566,0.4982563678464146
641,0.026152853432128958,0.4982952675693669
642,0.0260252598987246,0.4982770974481461
643,0.025917999969591043,0.4983085588201855
644,0.025814701438624642,0.49829303835488586
645,0.02570239592135307,0.49818547216190434
646,0.025593546034950072,0.4980801270972704
647,0.025488136081267706,0.4981920835440495
648,0.02538313778027402,0.4981924888397815
649,0.02526152362400567,0.49803255627838977
650,0.025149440845092377,0.49803352487193886
651,0.02503691088241851,0.49801968336415214
652,0.024941476815641177,0.49805639420858483
653,0.02482792165415035,0.4980521093175873
654,0.02472223389750879,0.49801693738606095
655,0.024617504806284534,0.49808012406714947
656,0.02451998939003254,0.4980452428615129
657,0.024428292200022027,0.49788495827560286
658,0.02431442250691786,0.4978820918400795
659,0.024201378427722037,0.49785735527342784
660,0.024097054495815416,0.4978334117768628
661,0.023997931621472242,0.49780915183004365
662,0.023894748478490328,0.4977502956084298
663,0.02378458784557895,0.4977945313737578
664,0.023687673170480907,0.49778696755143764
665,0.023594200394462014,0.4977625693707044
666,0.023494215969197263,0.4978096484392032
667,0.023399424606807297,0.4977327113720394
668,0.02330889307845593,0.4976627794340286
669,0.023208918435662113,0.49760697114442043
670,0.023099009277008923,0.4976121973226293
671,0.023001713918572125,0.49757898857701466
672,0.022914755537999442,0.497591051127735
673,0.022823738159544055,0.4976515948783389
674,0.022741695072657463,0.49751806995012804
675,0.022653270128705893,0.49759853742301496
676,0.022556639633751825,0.4975658729832961
677,0.022458638218481475,0.4975443364306029
678,0.02236694472686011,0.49750130826662636
679,0.022275870377458838,0.49750709580483127
680,0.02218571755916659,0.4975144428759875
681,0.022100532944613817,0.49751451912776273
682,0.022009755850245633,0.49742698036550287
683,0.02191547056813613,0.4973757800075153
684,0.021818482378348082,0.49721778303545444
685,0.02172970375375947,0.49721956459346767
686,0.021638500996889163,0.49721758050989545
687,0.021548548856311377,0.4971597673053874
688,0.02146034130644325,0.4971805282464197
689,0.021373193226448987,0.49710631255089227
690,0.02129230497880282,0.49705051879799605
691,0.021206555784433916,0.49702612861015066
692,0.021123183037315005,0.4970115085773299
693,0.021045508880198533,0.49684700593659087
694,0.020963389795539293,0.4968207462457827
695,0.02086603385201361,0.49678397707830857
696,0.020791093035556936,0.49676956796657906
697,0.02070803504718853,0.49682474215208355
698,0.020628704861879385,0.49680825526824945
699,0.020543484441606998,0.4968978526255497
700,0.020462094154818835,0.4969613412817339
701,0.02037600595542833,0.4969610958286673
702,0.020293304815212364,0.49689562118300384
703,0.02021299072634758,0.49687598905235364
704,0.020120749020725814,0.49683348759848156
705,0.02003444032903637,0.4968600547501012
706,0.01995015844346665,0.49683050484511593
707,0.01986139739882892,0.4968575484039006
708,0.0197931754329816,0.4968945428164557
709,0.019716919132027146,0.4969225214650919
710,0.01964016684193357,0.49696331596703314
711,0.019547877111034395,0.4969553302387281
712,0.019461584733833245,0.496865974765978
713,0.019382038039923773,0.49689773372096596
714,0.019306677886606196,0.4969430426166554
715,0.019238632944364367,0.49697709460979367
716,0.019162139447187504,0.49694265367492174
717,0.019093990825809076,0.49697981860492174
718,0.019009929626751527,0.4969973995014665
719,0.018932079089254192,0.4968992825836616
720,0.018858806586697863,0.4968087584227001
721,0.018778120544893404,0.4969177435190705
722,0.018704790627184997,0.49689797503459304
723,0.018628864733685233,0.49692640810580213
724,0.018550679322796103,0.49685817942590954
725,0.018464397625188568,0.49675225449362836
726,0.018391142680499364,0.49679895234644994
727,0.018310622152163714,0.49671833231592
728,0.018234951171404945,0.49673212420236906
729,0.018152563446917996,0.49676157824430306
730,0.018082447340401455,0.4967500370281662
731,0.018014671971832923,0.4967227796046468
732,0.01795405127791517,0.49667078355166416
733,0.017879826942658304,0.4965778501455099
734,0.017805489538393587,0.4965818028902767
735,0.017741258175642444,0.49657995380719117
736,0.017668080706150145,0.4965334667396883
737,0.0175971725244575,0.49663159996050626
738,0.017515482099345673,0.49653267859675004
739,0.01744376556315662,0.49652860107845587
740,0.017370726435513482,0.4965821356471252
741,0.01730407130953154,0.49662311741305626
742,0.01722600842940759,0.4965909328074937
743,0.01715892947380754,0.4965415630506327
744,0.017095427020496955,0.49655414840001966
745,0.01701497758136188,0.4964968630956047
746,0.016940812897376718,0.49647788999702086
747,0.016872086208642695,0.4965231193371058
748,0.016815154637011675,0.49651542636675056
749,0.016738524374907027,0.4965407805994924
750,0.01667384738520981,0.49654085204535636
751,0.01660600287377683,0.496519686403686
752,0.016531895679027332,0.49659121440949217
753,0.016461691246495352,0.49652614293903835
754,0.01640209616381364,0.49645847952932104
755,0.016333483826788734,0.4965155855169562
756,0.01626662908259834,0.49655846822591904
757,0.016198751568287217,0.49655372717065543
758,0.01613232446408968,0.49656531825449673
759,0.016068487035467618,0.4965389090859843
760,0.015997624300781915,0.49661312257842505
761,0.015938284159132083,0.49657757770604294
762,0.01587442260128676,0.4966057490520772
763,0.015813401206773697,0.49654082139891886
764,0.01575378422420187,0.4965166870398578
765,0.015700184051571926,0.4964294624009494
766,0.015631213704850367,0.49649711122110174
767,0.015573020300937303,0.49641626643398346
768,0.015502243270476387,0.49641913182886194
769,0.015434609557819,0.49644475628880375
770,0.015369592916895027,0.49633585591801255
771,0.015307469689803666,0.49635451080334886
772,0.015252520414487396,0.4963443789626182
773,0.015184977565002502,0.4963127072926843
774,0.015124954477002168,0.49631382575797584
775,0.015059120644627907,0.496309633288635
776,0.01500133243992695,0.4963423643307363
777,0.014945192259650044,0.49633195319623397
778,0.014889133337489322,0.49630413918198074
779,0.014832700539015227,0.49628518924438375
780,0.014771799962148849,0.4962757137220337
781,0.014708617203171554,0.49619164779239183
782,0.014649917025716542,0.49619171766467784
783,0.014586114419745512,0.4961636598922839
784,0.014530698880376927,0.4962018094975723
785,0.014468740700677645,0.49617935466657426
786,0.014407800349649799,0.4961457430640418
787,0.014348439062904743,0.4961309109229754
788,0.014287049046048791,0.4961474724083742
789,0.014219465473149243,0.496063805047453
790,0.014161494312992049,0.4960099728173485
791,0.01410910312344049,0.4960099869071213
792,0.014050850090652585,0.4960603573173043
793,0.013997719729437873,0.4960715792375261
794,0.013942560516472136,0.4960018907563582
795,0.013881763336736772,0.49593268371408344
796,0.013828525250687654,0.4959064123641734
797,0.013771175709116032,0.4958582281378326
798,0.01371195731712493,0.4957805492828338
799,0.013659807112272921,0.49578384237550827
800,0.01360734924928026,0.4958014604588619
801,0.013555885653496141,0.495843481739491
802,0.013500796095352525,0.49583552238546885
803,0.01344410561879524,0.49583912905768707
804,0.013386585838569097,0.49589862441446836
805,0.013329140838777518,0.49593185869626305
806,0.013272525731493049,0.495943371940193
807,0.01321732453277461,0.4959915371730506
808,0.013161929802345486,0.49595663741529866
809,0.013110484043609535,0.4959598936763852
810,0.013058388560014645,0.49590843173953303
811,0.013003092185030665,0.49582070375508663
812,0.012953942775286905,0.49578029338435886
813,0.012900064064592546,0.4957696036209761
814,0.012846997845001854,0.4957580151761872
815,0.012796096618925688,0.49576871574655706
816,0.012745939445013675,0.4957977425966629
817,0.012691361437168173,0.49580845765314885
818,0.012640724566708448,0.4957281758427955
819,0.01258171171776847,0.495739424269059
820,0.012528160724072748,0.4957923917654827
821,0.01247264618881163,0.4957995549781197
822,0.012424196276266765,0.49583679581275936
823,0.012371606896729982,0.4958519783575479
824,0.01231908200454486,0.495796570865703
825,0.012269379298316074,0.495756171383593
826,0.012223301008077992,0.4956419918780013
827,0.012171684140891429,0.4956046017418048
828,0.012125958778713258,0.4956159087819708
829,0.01208207337084714,0.4956405348962642
830,0.01203700757620922,0.4956446167959296
831,0.011993973195392303,0.4957092122793379
832,0.011942988845997796,0.49577943419487974
833,0.011898296654636164,0.4958127942586396
834,0.011854451201619298,0.49576445113272294
835,0.01180135027478985,0.49570672056442905
836,0.011756332917844758,0.4957039105830108
837,0.011708852542115376,0.49574133223464883
838,0.011660735284087335,0.4957421226310167
839,0.01161856797909827,0.49577206411434827
840,0.011573050859914629,0.4957934943777047
841,0.011531390873841668,0.4957688847068321
842,0.0114843747090394,0.4957415712328314
843,0.011445739549715476,0.4957392517372108
844,0.01140126951219352,0.49568635721483423
845,0.011349051005245548,0.4957265413346056
846,0.01129840728353549,0.49560951708786577
847,0.011252338614903988,0.4956310074043857
848,0.011202740321073814,0.4956072660508493
849,0.011156745421225283,0.49555557426774116
850,0.011112542015372102,0.4955102729028772
851,0.011066370828174932,0.4955196049797731
852,0.011018165707866696,0.4954770582505494
853,0.010972772507700552,0.4953907519975158
854,0.01092972833330441,0.4953994515001801
855,0.010886757861074327,0.4953387824038267
856,0.010839096968516477,0.4952749400314035
857,0.010799383003531,0.49536230140084714
858,0.01075803846514549,0.49533516805387146
859,0.010719134266755978,0.49539206437062977
860,0.010682467934015363,0.49537521726821776
861,0.010634702486091996,0.4954008998350242
862,0.010589204474549632,0.4954477312724839
863,0.010546331972379034,0.4954243802862302
864,0.010506848088189842,0.495421865239316
865,0.010464015327453707,0.4953993357243058
866,0.01042097875163262,0.4953847517895604
867,0.010384739887689178,0.4953845284316614
868,0.010343564341727842,0.4954398405831194
869,0.010301082938575661,0.49542028797942794
870,0.010256209420640854,0.4954164726424071
871,0.010218317264651666,0.4954259361790716
872,0.010172777062680065,0.4954313778534953
873,0.010134411971716583,0.4954280625061811
874,0.010093127811322263,0.4953746788130759
875,0.010057805835159696,0.49543180639747675
876,0.010020580030707937,0.4954630727403791
877,0.009981712587617484,0.4954356126829817
878,0.00994615158756206,0.4954190312243149
879,0.009903951411939059,0.4954055767252477
880,0.009860596080625447,0.4953989377702567
881,0.009822265164887137,0.49540372204349653
882,0.009777948346110805,0.49536556011480276
883,0.009745719740588793,0.4953580071505979
884,0.009710337265578526,0.4953667899309501
885,0.009667982945285354,0.49538785899587634
886,0.009630866434937936,0.49540789588396983
887,0.009593242558416364,0.49542750250964834
888,0.009553540004189981,0.4954347869554841
889,0.009518076143560322,0.4954251721442655
890,0.009479468113516798,0.4954249966399705
891,0.009440516089867302,0.4954003825711708
892,0.009405712544911852,0.49538288135594016
893,0.00936677054278544,0.495411740744387
894,0.009330490153993742,0.49540274389496114
895,0.009285187683427386,0.49532143842310156
896,0.009248322486356379,0.49532136619256123
897,0.009214298113958734,0.4953687635458451
898,0.009176297687084152,0.4953798371698533
899,0.009138421931798858,0.49532558783093905
900,0.009101064058592203,0.4953558316939804
901,0.009065087109464487,0.4953750692889851
902,0.009030683716039021,0.49535673877184755
903,0.008994229110490456,0.49536280593691107
904,0.008958314311928164,0.49538729590700853
905,0.008926939121094869,0.4953695292070883
906,0.008890953925805125,0.4954156874061537
907,0.008845612455735338,0.4954061231976472
908,0.008815691206376314,0.4954291213655469
909,0.008776644966081501,0.49543227952284963
910,0.00874042240309451,0.4954187945785483
911,0.008712583172760163,0.4953814666211313
912,0.008674683299943624,0.49537196032329395
913,0.008640346677868971,0.49540687767924646
914,0.008605386174686811,0.49542297720834505
915,0.008567758449317968,0.4954459637852586
916,0.00853524379969815,0.4954305787213138
917,0.008501160224617568,0.49545295019871155
918,0.008464007695755244,0.49538532170308364
919,0.00843155743986987,0.4954045952251026
920,0.008402542282823767,0.49537631153591594
921,0.008369377440596236,0.4953620062226396
922,0.008331429225453582,0.49533779206083295
923,0.00829822324464073,0.4953272418533713
924,0.008263582482856005,0.49529423068005146
925,0.008230621397359191,0.49532091683103335
926,0.008196454194605018,0.49535503535297937
927,0.008165684834458724,0.49535111005985083
928,0.008133866434847325,0.49533315040217596
929,0.008102624222029694,0.49529038759191685
930,0.008070810233181357,0.4952943889146937
931,0.00804134808978225,0.49527707917975655
932,0.008010747571550517,0.4952600716650607
933,0.007977961805541674,0.4952325855672438
934,0.007946076213207387,0.4952576185087896
935,0.007918004090527201,0.49525099481987644
936,0.007879751063169523,0.4951857269952866
937,0.0078439050924692,0.49512286166858455
938,0.007812028571614702,0.4950897597170704
939,0.007779598227822092,0.49505816347415127
940,0.007747348254224923,0.49502578478167314
941,0.007712491492761513,0.4949775225847761
942,0.007682339304275703,0.49496284484626973
943,0.0076537838259582045,0.4950150534717281
944,0.007624252843002667,0.4950480024657999
945,0.0075930112478538436,0.4950232511832565
946,0.007560786382405737,0.4949930062382449
947,0.0075326313937265485,0.49499876693010336
948,0.007502968084012753,0.4950339624211677
949,0.007475171851570782,0.4949832121555563
950,0.00744114931057892,0.49499559048885405
951,0.0074119970752759765,0.4949680436542712
952,0.0073797255628661835,0.4949978688172221
953,0.007348585782115259,0.4950053239394467
954,0.00731837103902946,0.49500124448080063
955,0.007287810739831025,0.49495917279528345
956,0.007258060961580406,0.4949984082473882
957,0.007228884589155648,0.4949938513902885
958,0.007202909699965405,0.49502624851762167
959,0.0071769775450408625,0.49505164456881534
960,0.007147888663378573,0.4949804340568539
961,0.007121532465364617,0.4949791397821676
962,0.007096108502576934,0.4949830582711648
963,0.007066607039601773,0.494934869305072
964,0.007039645183014989,0.4948698116071446
965,0.007007998188580356,0.49490437081069105
966,0.006979162199934229,0.4948340124785545
967,0.0069532907458660104,0.4948274612860285
968,0.006929610851612593,0.49479493348448744
969,0.006897759789397849,0.49479439204727566
970,0.006871461289943333,0.49477216789429956
971,0.006841968573643335,0.4947287646960698
972,0.006816049380691695,0.49472197075560864
973,0.006786228328519153,0.4946929933319292
974,0.006759053134391421,0.4946777990380307
975,0.006734058886633866,0.494661021350095
976,0.00670690507808553,0.4946525407606988
977,0.006681948862348506,0.4946481175471084
978,0.006657416611741133,0.4946021944342506
979,0.006635704147577978,0.4946037429879866
980,0.00661003850591416,0.49458551582071486
981,0.0065864422966174525,0.49455925853015614
982,0.006559164334832583,0.4945670404692889
983,0.006529503326955769,0.4945003936426505
984,0.006500050373056356,0.4944917913131885
985,0.006473377006731621,0.49450379364767116
986,0.00645139759453408,0.49451522273108034
987,0.006429135413174151,0.4944990735575099
988,0.0064030861354436135,0.4944830387417935
989,0.006381506525641673,0.4944834297429851
990,0.006356560677348607,0.4944796985697855
991,0.006332693056062366,0.4944881784936816
992,0.006305899236651778,0.49445847745575855
993,0.006284321406369603,0.49440882336675124
994,0.006258363074137857,0.4943753370024661
995,0.006236446422827513,0.4943794372318224
996,0.006211000459469461,0.4943853657263047
997,0.006184508064535899,0.4943744596153269
998,0.006159854331381195,0.494414001090566
999,0.006137891715413012,0.4943931970054848
1000,0.006116678132836912,0.49437433169785616
1001,0.006091677647057113,0.4943676511009274
1002,0.0060671539591448855,0.49433927500039415
1003,0.006046904129601448,0.4943408977522009
1004,0.006024978509236821,0.494339411795217
1005,0.006002650305111942,0.49431897036646216
1006,0.005977812010805732,0.49436170351076597
1007,0.005958422782223128,0.49435359978232274
1008,0.005934588453963985,0.4943572511422683
1009,0.0059137417771270425,0.494368951122307
1010,0.005891105100921439,0.4943128913165138
1011,0.005866834852138372,0.49430486989361344
1012,0.005844250929787607,0.4942919644811755
1013,0.005825283203035312,0.49429631804800306
1014,0.005802085085560028,0.4942767727734606
1015,0.00577922599942546,0.494295957940559
1016,0.005758685086556317,0.4942907024021575
1017,0.005736883029945417,0.49427723206963803
1018,0.0057120276956653055,0.49425471281144445
1019,0.005689097759510973,0.49424437595770204
1020,0.005664363702758952,0.4942962186910365
1021,0.005643417515980344,0.49426947753771494
1022,0.005621697337537525,0.49428210070271567
1023,0.005595706013680667,0.4943111585674864
1024,0.005573042013784624,0.4942969455070767
1025,0.00554926673606646,0.49433101818878455
1026,0.0055260315940150245,0.4943263424383467
1027,0.005501236852071886,0.49433626491489224
1028,0.005476202161228936,0.4943651430022125
1029,0.005452976198324433,0.49429798480351494
1030,0.005431667168603121,0.49425881836432245
1031,0.00540941936426568,0.49425017335160104
1032,0.005388604140920034,0.4942511194271581
1033,0.00536481148352942,0.4942412317771096
1034,0.005341552471528379,0.49425895843516593
1035,0.005318318491770214,0.4942619341861636
1036,0.005297259097884646,0.49420447118733574
1037,0.005280093180592489,0.4941971429876977
1038,0.0052581654719646665,0.49425738577175576
1039,0.005235492130058099,0.49427253928232967
1040,0.005216384199741268,0.4942319906580868
1041,0.0051981203373783,0.4942045842051431
1042,0.00517911686313859,0.4942255379052329
1043,0.005160545726508495,0.4942652957520097
1044,0.005139487651481426,0.49427003949910076
1045,0.005120397382854216,0.49431945555786694
1046,0.0050995357830816,0.49428452281006463
1047,0.005080386318143964,0.4942681592127692
1048,0.0050610302315706466,0.4942477839071307
1049,0.00504133013026884,0.4942627193557483
1050,0.005022673585379707,0.49426667869425495
1051,0.00500478194972324,0.4942349262250973
1052,0.00498619068264662,0.4941467638486244
1053,0.004965152107605963,0.4940959141639387
1054,0.004949200792948656,0.4940915750291123
1055,0.004928141466083256,0.49412165748662784
1056,0.004909094878695361,0.4941292203533993
1057,0.004889291068232043,0.49412483963404863
1058,0.004869253054805344,0.4940725182690976
1059,0.004850780450578407,0.494098488892648
1060,0.0048302539511810415,0.4941221603511414
1061,0.004811272329797929,0.4941338470097591
1062,0.004793352472189156,0.49411226132487723
1063,0.004773005475094245,0.49408225792702176
1064,0.004752855444871874,0.4940687503364672
1065,0.004738436363163918,0.49403431715864377
1066,0.004719307223642866,0.4940108848097613
1067,0.004703825986866004,0.49402608585709445
1068,0.004684556324943654,0.4940256470099413
1069,0.0046677786573440135,0.49403765384045156
1070,0.004647419937717112,0.4940252953432314
1071,0.00462899587300966,0.49402218330469566
1072,0.004611268649027861,0.49401954687449884
1073,0.004596105618795652,0.49401070335574776
1074,0.004578849602681589,0.494010325486656
1075,0.00456288724998925,0.4939998205506344
1076,0.0045444034164781695,0.49401467270515426
1077,0.004527924221190466,0.4940010044209879
1078,0.004511181870707444,0.4939757449347305
1079,0.004492736880758135,0.4939760760704195
1080,0.004474048115837223,0.4939590303454485
1081,0.004453971661270175,0.4939861106728789
1082,0.004438040388662688,0.4939968915917148
1083,0.0044205844130430745,0.49401043689098806
1084,0.004403490864046151,0.4940036179774465
1085,0.0043865184020008725,0.4940227514055026
1086,0.004368965319202673,0.49399768551242385
1087,0.004351770221814387,0.493955740753522
1088,0.00433431433706443,0.4939821488078328
1089,0.0043155005973981465,0.4939471471978021
1090,0.004301203863034023,0.4939675074545215
1091,0.004284469419485344,0.4939399102057278
1092,0.00426892075423075,0.4939528444842786
1093,0.004251117546796909,0.4939384985452634
1094,0.0042352186268528515,0.493871994975534
1095,0.004219414519730384,0.4938617959374331
1096,0.0042029157596129565,0.4938373179519592
1097,0.004186151366534513,0.4938216057589683
1098,0.00416902794829493,0.49377975198677976
1099,0.004154988304147156,0.4937782493611647
1100,0.004137201775650524,0.49381509607475843
1101,0.004119335546901731,0.49383573751959264
1102,0.004101777441013337,0.4938503332122313
1103,0.004087253639993446,0.4938403438940603
1104,0.004069724952803408,0.4938612720964545
1105,0.004051920064363565,0.4938938014957711
1106,0.004036081432342679,0.4938882580665194
1107,0.004019170820420614,0.4938843782321442
1108,0.004004239598967888,0.4938931023929548
1109,0.003987736881533743,0.49392020081628213
1110,0.003971301584787719,0.49392602691659593
1111,0.003956525681480503,0.493913928902142
1112,0.003942796342693966,0.49394409393042726
1113,0.003928698398858709,0.493944357924211
1114,0.003914665542484836,0.4939529678526107
1115,0.0038989150833494313,0.49398472018313716
1116,0.0038843678482146566,0.4940041546008819
1117,0.0038678922687427676,0.49401724135440983
1118,0.0038543331422195323,0.4940655462567294
1119,0.0038394948060581314,0.494044187376365
1120,0.003824592422696469,0.49408577799976733
1121,0.003809800008525167,0.4940824750845915
1122,0.00379490540059,0.49406275478628314
1123,0.003779389995737447,0.4940365345788795
1124,0.0037659426841768844,0.49405715997709004
1125,0.0037522904754988206,0.49404127124237873
1126,0.003735821968013881,0.4940565693222139
1127,0.0037220783950237166,0.49401231954181213
1128,0.0037074827989147983,0.4939709809474631
1129,0.003691627214787212,0.4939007553331613
1130,0.003679126655893011,0.49387502068059586
1131,0.0036631712512492096,0.49388127250007713
1132,0.0036505101644567204,0.4938736874708826
1133,0.0036359863109736348,0.4938231541163473
1134,0.0036230306676309,0.49383722802237284
1135,0.0036071084706123537,0.4938064255176219
1136,0.003591119673690217,0.49383918070277827
1137,0.003578284531354243,0.4938391426028274
1138,0.0035631434094093454,0.49386024800586215
1139,0.0035482454661765117,0.4938344391832453
1140,0.003533015665279842,0.49386531529658456
1141,0.0035189766854396365,0.4938739925393156
1142,0.0035051607247500688,0.49387379975563034
1143,0.003493976588940142,0.4938684827997298
1144,0.0034791673873102277,0.4938676917504528
1145,0.0034666028579169294,0.49389567142498386
1146,0.003451662509251246,0.49386637601761607
1147,0.0034397357388212075,0.49387624398108493
1148,0.003427994483610309,0.49386507537923846
1149,0.0034137182389252715,0.49382907912844987
1150,0.00340052745160559,0.4938148591441021
1151,0.003387027825030709,0.49381955982026776
1152,0.0033735930674956894,0.49380897819134967
1153,0.0033615504400176413,0.4938429823415394
1154,0.0033490837683145176,0.4938372331567693
1155,0.0033369688679243006,0.49385651443321926
1156,0.0033256927864224297,0.4938494626551621
1157,0.0033133122672155783,0.49382857958682114
1158,0.0033021162928777675,0.49378311939118497
1159,0.003290509950408602,0.4937701655681164
1160,0.0032791582742143057,0.49378538008099176
1161,0.0032646764284796595,0.49378280259022495
1162,0.003253021029308974,0.493780043795467
1163,0.0032395336793393276,0.49378238565186394
1164,0.0032275244886117807,0.49377166391642746
1165,0.0032160132135831904,0.4937677441182385
1166,0.003204405129011076,0.493787710714228
1167,0.003191764856224756,0.49382297354275895
1168,0.0031795535130029425,0.4938202405994307
1169,0.003168497404879274,0.4938214937308027
1170,0.0031576390358424773,0.4938496868522019
1171,0.003145044855718989,0.49383293499666797
1172,0.003131703167432056,0.49376853138637755
1173,0.0031187710945155644,0.49376715272415983
1174,0.003106679002940113,0.49378857169846746
1175,0.0030950933105278766,0.49378342315224877
1176,0.00308293845464393,0.4937980336944229
1177,0.003071374676613064,0.4938199624536408
1178,0.0030604682489996536,0.49381836425861525
1179,0.003049475476949921,0.4938252711289824
1180,0.003037674935015687,0.4938333868748946
1181,0.0030261779095672623,0.4937997049643118
1182,0.0030154799348529565,0.4938263032143794
1183,0.0030048144349125545,0.49380587188154557
1184,0.0029923644897217536,0.4937729700814295
1185,0.0029817496153628437,0.4937248030704876
1186,0.00297010725268241,0.49370951482594333
1187,0.0029576467550564032,0.49369753005956074
1188,0.002946725013142261,0.493713919311346
1189,0.0029348556076797777,0.49369318876051826
1190,0.0029234426505195307,0.49368340141746847
1191,0.002910657738089479,0.49365374855350463
1192,0.0028999903410914483,0.4936309518660147
1193,0.0028884722004945303,0.4936528985057333
1194,0.0028772653768223784,0.4936723120828563
1195,0.0028658202718296537,0.4936693092029509
1196,0.0028558215918738842,0.49365260505814984
1197,0.0028450116164946975,0.4936582934026576
1198,0.0028329464427919657,0.49363099448117514
1199,0.0028217171423804196,0.4936148518399326
1200,0.0028105178055579274,0.4936029200246378
1201,0.002798907273261967,0.4936132095899985
1202,0.002788089477772733,0.49360283531961463
1203,0.00277796570734577,0.49359545748924677
1204,0.0027665388324632856,0.4935857327139004
1205,0.0027562076950546906,0.4935772903064826
1206,0.0027457316233775687,0.49357510896955725
1207,0.002735050811475021,0.4935592261274491
1208,0.0027249746665772992,0.4935610126001859
1209,0.00271576934860437,0.49353729245924227
1210,0.002705413278226514,0.4935311458551098
1211,0.0026947857031805788,0.4935377408977695
1212,0.0026839171057446115,0.4935545567618676
1213,0.0026739061020584214,0.49354818900767033
1214,0.002663433891719472,0.4935557176847542
1215,0.0026515524257995538,0.49354988378700265
1216,0.002640981643045679,0.49357710846816455
1217,0.002629938531881672,0.4935528517072005
1218,0.0026205072067549853,0.4935619482670404
1219,0.0026098134078348123,0.49356201514480574
1220,0.002599857715289008,0.493563965258316
1221,0.002590813124992731,0.4935584785540351
1222,0.002580890564247826,0.49354399571097085
1223,0.0025711210078710922,0.49353513412082284
1224,0.0025608251014443677,0.49353395572983916
1225,0.0025510234960728936,0.49352003658531995
1226,0.0025413133769401587,0.4935187866929861
1227,0.002532258316463453,0.4935301327327583
1228,0.002522027359225986,0.49350589005685214
1229,0.0025126366237646124,0.4934858061056852
1230,0.0025028059678006923,0.49347209012816157
1231,0.0024945032011283418,0.49350203807451004
1232,0.0024844445260787935,0.493485691579976
1233,0.002473876654224483,0.4934920617215048
1234,0.002465310125889089,0.49347672141762433
1235,0.002455543695845149,0.4934931706219069
1236,0.0024473425382028546,0.4935064133151115
1237,0.002438128503581689,0.49350505887891966
1238,0.0024281663506146014,0.49352570815596697
1239,0.002418642531989079,0.49351436752335
1240,0.0024084888216619094,0.4935223219548358
1241,0.00239744934576541,0.4935005496195229
1242,0.0023894770260658505,0.49348767802254345
1243,0.0023794920708883074,0.49347743242511743
1244,0.0023696596300630274,0.4934857524282864
1245,0.0023612622222417886,0.49350157850113396
1246,0.0023517768072555943,0.4934720394041047
1247,0.002342340470238805,0.4934782222114237
1248,0.0023333041430507843,0.4934435421707294
1249,0.002325012868742658,0.4934494117693132
1250,0.0023173140389388122,0.49343350005057657
1251,0.0023085115303756658,0.49343202051119944
1252,0.0022997991585774424,0.49341629733606857
1253,0.0022918142451639916,0.49340255791182625
1254,0.002283524647228655,0.49340342105545576
1255,0.002273950157705466,0.4933856027156499
1256,0.002265935460325654,0.49335574593888787
1257,0.0022577137982300838,0.4933637532305008
1258,0.002249189776534381,0.493353591276156
1259,0.0022410690882838148,0.49333068791275303
1260,0.0022317581995046137,0.4933358869762383
1261,0.002222919786313071,0.49336367394383523
1262,0.0022139391838973447,0.49334633203198125
1263,0.0022057201087845994,0.49330457515126924
1264,0.002197036124898478,0.49329123521154716
1265,0.0021883022402342323,0.493275886588769
1266,0.0021796449916837825,0.49329491187485014
1267,0.002171701597764009,0.49328448789374657
1268,0.002163447357268776,0.49331891457983756
1269,0.0021546645341880923,0.49329787513067763
1270,0.0021471349566255867,0.4933003181542158
1271,0.002138476167369879,0.4933053967616708
1272,0.0021295696295032295,0.49332221412337013
1273,0.00212086743156398,0.49328196499186017
1274,0.0021123492711159326,0.4932934925584496
1275,0.002104398190068728,0.4932766850521838
1276,0.0020967329924057123,0.4932471958807558
1277,0.002088254471434152,0.4932675527525223
1278,0.002080089100260821,0.4932712636754808
1279,0.0020714330443504314,0.49328304977803505
1280,0.0020636550462717193,0.49326803514627565
1281,0.0020562667859246046,0.49324275868909023
1282,0.0020480147948849494,0.49325112803702403
1283,0.0020397930412795746,0.49327046497706034
1284,0.002031913273808508,0.4932645687263633
1285,0.002024850035934625,0.4932183388636265
1286,0.002017309030676425,0.4932278738130692
1287,0.0020096286646050262,0.4932391279543148
1288,0.0020024280788258075,0.49325116905800703
1289,0.0019948606922940365,0.49323564169741996
1290,0.0019875137135826467,0.4932390126813551
1291,0.0019793722663197697,0.49322012497428824
1292,0.001971661221671201,0.4932107191624613
1293,0.0019633578631950113,0.49317868321264735
1294,0.00195632959502293,0.49315690275531054
1295,0.0019485570113849076,0.4931357213078267
1296,0.001941017645850888,0.4931172191579482
1297,0.0019338516283698751,0.49312520162680734
1298,0.0019260431474736699,0.49313443745897806
1299,0.001917050985931969,0.4931103306763922
1300,0.0019099184865501138,0.49311586151664216
1301,0.0019033258844621346,0.4931200614120104
1302,0.001895358926696579,0.493134478844497
1303,0.0018885477550770599,0.49311401779941766
1304,0.0018811373170571396,0.4930829545926402
1305,0.0018737251748440382,0.49308064228323717
1306,0.0018656788587126602,0.49306894693608383
1307,0.0018586296754043387,0.49306935304763205
1308,0.0018518855755855427,0.4930520190706418
1309,0.0018443803669683566,0.4930598057011933
1310,0.0018369087861541933,0.49302973501433817
1311,0.0018295115813804263,0.49301995192924797
1312,0.0018227753076358068,0.49304223033344036
1313,0.0018158597944332108,0.49302843010083
1314,0.0018097808389762222,0.49302975944251315
1315,0.0018026539547231122,0.4929970970338882
1316,0.0017965479720381482,0.4929758558618262
1317,0.0017895664334492546,0.49296575842140083
1318,0.001783342658185164,0.4929604007140497
1319,0.001776334299821252,0.4929554802866126
1320,0.0017696565550539296,0.49295133339616914
1321,0.0017623759078070355,0.49297853785140483
1322,0.0017557074376847754,0.4929666819236175
1323,0.0017492418636149362,0.49297937185069246
1324,0.0017424107716031388,0.4930011578967332
1325,0.0017369265412279858,0.49300300819360177
1326,0.0017310144302004383,0.49301244006438544
1327,0.001724905332101938,0.4930094280041606
1328,0.0017182140881556816,0.4929773294584127
1329,0.0017108089392876397,0.49300072747925
1330,0.0017038200834104374,0.49300939085057344
1331,0.0016982007685823852,0.49300843331715716
1332,0.0016926678969180755,0.4930026894375988
1333,0.0016862701163634297,0.4930222101513413
1334,0.0016787387233190283,0.49300723409332514
1335,0.0016721220416584485,0.4930237121208905
1336,0.001666280294037259,0.4930059690374357
1337,0.00165982254388008,0.4930258086404315
1338,0.0016532727170327848,0.4930387927298708
1339,0.0016468396708241078,0.49303483354445493
1340,0.0016397698625429027,0.49302128956083224
1341,0.0016328689848536958,0.49303635252615685
1342,0.0016274233747290568,0.493016624452454
1343,0.0016215475071367173,0.49299419547670764
1344,0.0016147964537582813,0.4929820748814851
1345,0.0016081410471511172,0.4929743551596551
1346,0.0016018541223842687,0.49297070830031064
1347,0.0015955712318108755,0.49294234249881297
1348,0.0015897310245848728,0.4929398310556902
1349,0.0015833401779590333,0.49294742441255085
1350,0.0015776808299620838,0.4929415683173421
1351,0.0015725775173814891,0.4929359395064406
1352,0.0015674646079934602,0.4929442112204331
1353,0.0015611407060928432,0.49296668318390535
1354,0.0015552166756804488,0.4929324471296181
1355,0.0015493965010874718,0.49290682752282444
1356,0.001543025906251496,0.49288009393265625
1357,0.0015367122533274957,0.4928830733737504
1358,0.0015307338146309582,0.49288112055472005
1359,0.0015246935826569944,0.4928601279825897
1360,0.00151854195206932,0.492861643210883
1361,0.0015126794913282015,0.49283249511616317
1362,0.0015068364084021531,0.4928167784962553
1363,0.001501502153199875,0.4928005343720993
1364,0.0014958210171126486,0.49280806256469445
1365,0.001490484977854262,0.49281071092420187
1366,0.0014850355017650043,0.4927972634995611
1367,0.001479152559159554,0.4927993075216132
1368,0.0014734575629643833,0.4927881987489908
1369,0.0014679555783778688,0.4927955458525861
1370,0.00146272576810387,0.49277086407649295
1371,0.0014570346101272966,0.49274948808894503
1372,0.0014521497508186874,0.4927515642251583
1373,0.001446016366299181,0.49273046808400917
1374,0.0014402803138470525,0.49274534017715077
1375,0.0014349949280203673,0.4927274327250171
1376,0.001429576183308374,0.49270536884141986
1377,0.0014236835070788355,0.4927156610669569
1378,0.001417987240029305,0.4927151973594379
1379,0.0014122889130209417,0.49270300041550097
1380,0.0014073985673708255,0.49270154657760923
1381,0.0014023362509524933,0.49270169492207533
1382,0.0013966459053092615,0.49271269571975385
1383,0.0013915029142655298,0.49271834987472646
1384,0.0013856363134381795,0.49270536688177075
1385,0.0013810504119357388,0.49271615187376644
1386,0.0013757652219922594,0.492732526491887
1387,0.0013706954285533151,0.4927273011422648
1388,0.0013652097246813631,0.4927275447342425
1389,0.0013604499423024604,0.4927372744471534
1390,0.0013553264677650084,0.49272922517874485
1391,0.0013503319637784093,0.49271949544232096
1392,0.0013457764837306746,0.4927238801578951
1393,0.0013412534511894824,0.4927261618404577
1394,0.0013357249473442453,0.49272526895484153
1395,0.0013300815647393867,0.49272016012525366
1396,0.001325280317586646,0.4927307214947586
1397,0.0013203227478590306,0.49271435947968434
1398,0.0013150652640715116,0.4927233448588319
1399,0.0013104800583285357,0.49269421101885696
1400,0.0013051299879784407,0.492682898001804
1401,0.0012996411859161569,0.4926561767423517
1402,0.0012942792579037751,0.4926479062148029
1403,0.0012897038533393247,0.4926591038003873
1404,0.0012849030173193252,0.4926582749751027
1405,0.0012799303075925771,0.4926422600327074
1406,0.001274983256465383,0.4926477122031779
1407,0.0012696367765071249,0.4926394926845723
1408,0.0012649591852768437,0.4926241217226647
1409,0.0012601277372783649,0.49261196951725333
1410,0.0012557004398165946,0.4926121996480096
1411,0.0012505070530787097,0.4925931742031095
1412,0.0012461214800561264,0.4925836527997879
1413,0.0012407479240981974,0.4925725840590512
1414,0.0012356036368761747,0.492573938855553
1415,0.001230593276140417,0.4925800898976001
1416,0.0012252390825070996,0.49258549522474104
1417,0.001220028766272428,0.492598631776004
1418,0.001215303339760405,0.4925801133865978
1419,0.0012103797223816666,0.49256802337494027
1420,0.001205447008468175,0.4925602974023218
1421,0.001201640781062314,0.4925604258516955
1422,0.0011971582043195307,0.49258821810296904
1423,0.0011927152797271466,0.4925763792241006
1424,0.001187901027423309,0.4925936090708046
1425,0.0011833044657398753,0.4925931221842755
1426,0.0011783678585260663,0.49260215221094533
1427,0.0011732428705549015,0.49261711420580473
1428,0.0011693613323105762,0.4926105195354875
1429,0.0011649457621340988,0.4926169614669942
1430,0.001160807743014056,0.49261126162087304
1431,0.0011563170459473133,0.4926131002966542
1432,0.0011521878634171044,0.49261835499925927
1433,0.001148634161902281,0.4926160826881701
1434,0.001144492262104881,0.4925972446002695
1435,0.0011404444481419682,0.4925941130583425
1436,0.001136240339194358,0.4925762802508256
1437,0.0011317223402773787,0.4925732497052577
1438,0.0011270178528622,0.492556827118479
1439,0.0011228256589451027,0.4925715234120743
1440,0.0011184261981429648,0.49257800216972525
1441,0.0011144796133173865,0.4925930071218995
1442,0.0011105363749689993,0.49259039223250944
1443,0.0011061678288096827,0.4925824282138935
1444,0.0011017060756511818,0.49259437230562336
1445,0.001097502950502178,0.49258075269033585
1446,0.0010933212635726769,0.49259006617199663
1447,0.0010895370711754826,0.4925731910443897
1448,0.001085512274712184,0.492572242294021
1449,0.0010816032103650236,0.4925566713313595
1450,0.0010781487106271556,0.49254548322865205
1451,0.0010741219104583293,0.49255669803205354
1452,0.001069839533220589,0.4925545208453063
1453,0.0010657599429488667,0.4925495065089153
1454,0.0010621619778206502,0.4925444046986062
1455,0.0010583755654928694,0.49253557215630894
1456,0.0010544487647688083,0.4925352072215524
1457,0.0010507973141827228,0.49254390196161385
1458,0.0010468329126838418,0.4925424892288917
1459,0.0010421971005429211,0.49253876364486704
1460,0.0010380439450520034,0.49254959423114514
1461,0.001033933607098508,0.4925550203822262
1462,0.001030389856166312,0.4925469416112803
1463,0.0010262205978372454,0.4925603303866778
1464,0.0010222177655448415,0.4925493601423223
1465,0.0010189798526590182,0.49256112881896263
1466,0.0010155115608048145,0.492561546128918
1467,0.0010120738288826997,0.492568568784325
1468,0.0010086297108486595,0.49255927617699224
1469,0.0010046702914986595,0.49257089962926687
1470,0.0010008483618390183,0.4925619112534683
1471,0.0009972938018131985,0.4925704378650194
1472,0.0009936030948500356,0.4925765007363731
1473,0.0009899660910657388,0.49259472118406367
1474,0.0009869122320842378,0.4926046200836595
1475,0.0009836602256684587,0.4925898427290686
1476,0.0009801512908976012,0.4925852293185185
1477,0.0009764041382803317,0.4925924199400784
1478,0.0009730135191403635,0.49257973080710127
1479,0.0009691247417262335,0.4925792370321333
1480,0.0009654283786648558,0.4925812411303137
1481,0.0009613555449336585,0.49257545763844035
1482,0.0009576364863962941,0.4925720685785999
1483,0.0009543627544663265,0.4925622354905535
1484,0.0009503032050540966,0.4925597726085559
1485,0.0009469786457131485,0.4925574479402053
1486,0.0009433358083145152,0.49255233212595967
1487,0.0009397622180987885,0.49252971936777773
1488,0.0009369452329950808,0.49250300855666806
1489,0.0009335068980668555,0.4924958819629638
1490,0.0009297943573516657,0.4924803079886318
1491,0.0009270317358495811,0.4924932986358594
1492,0.0009230939277447418,0.49250759339080447
1493,0.0009192456951499809,0.4924858746945835
1494,0.0009160793037593542,0.49247912299639396
1495,0.0009123279443959875,0.4924616547634035
1496,0.0009085083699681023,0.49246075826544883
1497,0.0009050269898386705,0.49244881320709794
1498,0.0009013735330115594,0.4924383750034125
1499,0.0008981793665786829,0.49243311199839296
1500,0.0008948797842666932,0.4924319387577216
1501,0.0008909992987131645,0.49242981574908773
1502,0.0008877628184657572,0.4924417086886114
1503,0.0008845129757378234,0.49245404440499607
1504,0.0008813908712379448,0.4924612393508471
1505,0.0008778078701155971,0.4924378397278569
1506,0.0008747960713354539,0.49244448565609183
1507,0.0008715617957623058,0.49243487480652903
1508,0.0008681925614349601,0.4924379815762989
1509,0.0008649563272941367,0.4924338615800796
1510,0.00086209664320711,0.49243720949618086
1511,0.0008594777048815172,0.4924371761572427
1512,0.0008561631838267162,0.4924115203275745
1513,0.0008526879920480819,0.49241761859440075
1514,0.0008489266116922943,0.4924183098946215
1515,0.0008454838039333445,0.4924129064759083
1516,0.0008421725980405483,0.4924268772778183
1517,0.0008393078227535701,0.4924215919402218
1518,0.000836450692332081,0.4924244723319504
1519,0.000833325791852372,0.49243937646037583
1520,0.0008301180564793362,0.4924342708437784
1521,0.0008270876357946401,0.4924263354261549
1522,0.0008237163719027287,0.49240827630840983
1523,0.0008203623535640167,0.49240192580000514
1524,0.0008169955907929808,0.49240371647847814
1525,0.0008141615199261473,0.49240757882731584
1526,0.0008114064457656317,0.49240816355754646
1527,0.0008081589008287625,0.49240276156755053
1528,0.0008050272291896625,0.49238973371645145
1529,0.0008023818610404331,0.49237062552567534
1530,0.0007991662571967132,0.49236766141681443
1531,0.0007960456133029279,0.49236588067559706
1532,0.0007928648869961243,0.49236509052844807
1533,0.0007900431305250901,0.49236007639056967
1534,0.0007868394826417384,0.49236055169669374
1535,0.0007838587598946706,0.49236264374645206
1536,0.0007807579209696074,0.4923494779380626
1537,0.0007776605898958956,0.492368575805549
1538,0.0007744833785901771,0.4923532180669233
1539,0.0007718264772497654,0.4923461466053393
1540,0.0007690642642680485,0.49236494405844927
1541,0.0007662849756616251,0.49236967232799267
1542,0.0007635615594694085,0.4923827019008591
1543,0.0007606779058295149,0.492397898026086
1544,0.0007580153815802264,0.49239695897241054
1545,0.0007547321588678848,0.49240598753253145
1546,0.0007519258752284208,0.4924066048653859
1547,0.0007492564717553567,0.4923912568705446
1548,0.0007462697421518307,0.49239125426721114
1549,0.0007431536483797634,0.4923903042248637
1550,0.000740545432004003,0.4924008050445024
1551,0.000737652572624391,0.4923990212109317
1552,0.0007346389134013925,0.49239864395327504
1553,0.0007317495088251817,0.4924093196438863
1554,0.0007292021876658157,0.4924251832469246
1555,0.0007265709355026095,0.49242173371776704
1556,0.0007237795197912684,0.4924032370590012
1557,0.0007212712274020471,0.4924077988191128
1558,0.0007183930601999392,0.4923999527922815
1559,0.0007158087016460898,0.49240508604081684
1560,0.0007132164868040565,0.49240261787372086
1561,0.000710725206807309,0.49241111522408904
1562,0.0007075568062548018,0.49241240014602505
1563,0.0007051928548278694,0.49242472735932913
1564,0.0007026232946072259,0.4924295968540363
1565,0.0006999714649739517,0.492423663079154
1566,0.0006973221407089505,0.4924177809478239
1567,0.0006951860347523997,0.49243066700082255
1568,0.000692683053484376,0.4924420153536367
1569,0.0006901079546872796,0.4924464624607778
1570,0.0006877134395103134,0.49244596617167186
1571,0.0006848435654539819,0.4924563118462393
1572,0.0006822893843923931,0.49246078572082086
1573,0.0006798349601498054,0.4924641863331818
1574,0.000677221826116384,0.49245618250546913
1575,0.0006748784540549804,0.4924481582061184
1576,0.0006725283376789352,0.49245131681559995
1577,0.0006701594296212302,0.4924529352217322
1578,0.0006675085705618502,0.4924533007819964
1579,0.0006650885538018824,0.4924550868607468
1580,0.0006628832937695181,0.4924546746876228
1581,0.0006604258111429821,0.49241905904422495
1582,0.0006576290562566881,0.4924237663624408
1583,0.0006553239983605768,0.49242367803503384
1584,0.0006524446937273884,0.49243293028086266
1585,0.0006501815021682821,0.49243838353049696
1586,0.0006478513900046759,0.4924262211941084
1587,0.0006457291018925533,0.49243808469658684
1588,0.0006434465639920567,0.4924412759384113
1589,0.0006408140760827114,0.4924250582930291
1590,0.0006381808877408341,0.4924021917639556
1591,0.0006359953536625661,0.49240483502416893
1592,0.000633824083403043,0.49238997212088637
1593,0.0006313261399196498,0.49240519184343406
1594,0.000629282052261476,0.49239210418846474
1595,0.0006268045600702366,0.492381960752742
1596,0.0006242532667078439,0.49237544834257946
1597,0.0006215812656285128,0.4923671244606329
1598,0.0006194135780151887,0.49237622459894065
1599,0.0006172090837451329,0.49236665536167
1600,0.0006153283846938738,0.49235948556919373
1601,0.0006129132079862063,0.4923490927805078
1602,0.0006106216037995025,0.4923440514164774
1603,0.0006083494612266067,0.49232860361053804
1604,0.0006060022444339077,0.49233795041098155
1605,0.0006034392616208681,0.4923380550661924
1606,0.0006014419354023703,0.4923170645883996
1607,0.0005987768615033182,0.4923078852366963
1608,0.0005968001647772742,0.4923015446813445
1609,0.0005948588172785972,0.49229354454944085
1610,0.0005926987784756283,0.4922971258960278
1611,0.0005904301180875263,0.49230115633821625
1612,0.0005882599652455723,0.4923087933740049
1613,0.0005858850189013377,0.49229490068772647
1614,0.0005840746764192098,0.49230074021962106
1615,0.000582114664713376,0.4922952111194925
1616,0.0005799800607716348,0.4923016408712552
1617,0.0005779898572902216,0.49231373789105465
1618,0.0005759410404311116,0.4923091753057004
1619,0.0005735692415390926,0.49232181105457534
1620,0.0005717199977299215,0.4923209604448586
1621,0.0005693847674091953,0.492316444122496
1622,0.0005670298820687829,0.49230198907752404
1623,0.000565053265085277,0.4922982138343881
1624,0.0005629360679801735,0.4922997769414556
1625,0.0005609199631885236,0.49230188571497724
1626,0.0005588629326597305,0.4923064873345531
1627,0.0005565393921733922,0.49229969929385686
1628,0.0005545299217871238,0.49228219254658767
1629,0.0005524749983470674,0.4922696873255405
1630,0.0005502164118001293,0.49227100555881115
1631,0.0005484374970348598,0.4922753490447042
1632,0.0005463436707344763,0.49228550470309096
1633,0.0005441882937680445,0.49227590759824597
1634,0.0005418088489979217,0.4922785706371255
1635,0.0005398090624441793,0.4922823043473679
1636,0.0005375801359958888,0.4922771214133768
1637,0.0005356258428626349,0.49229268017646666
1638,0.0005339645669569869,0.4923020290138237
1639,0.0005318662024137293,0.49230750895498293
1640,0.0005299938670202042,0.49231776040627323
1641,0.0005283205616809428,0.4923188606996963
1642,0.0005260638331012112,0.49230916656330637
1643,0.0005239573737703558,0.4923186721420325
1644,0.0005218197890370872,0.4923205656392324
1645,0.0005199267829168797,0.492336255665607
1646,0.000518072767357642,0.49233250538788953
1647,0.0005160936569390155,0.492331769570321
1648,0.0005143004043197468,0.49233164324092377
1649,0.000512456901966859,0.4923366512953462
1650,0.0005103894931534498,0.4923371201235322
1651,0.0005083069870035993,0.49234351706283985
1652,0.0005061387512943371,0.4923470264795461
1653,0.0005046209488005031,0.4923348664019553
1654,0.0005024615400422545,0.49234300464438463
1655,0.0005003961456193326,0.4923466598042545
1656,0.0004983535349555816,0.49235619119421514
1657,0.0004963880552785321,0.4923413636999927
1658,0.0004947550787631854,0.49232276573732303
1659,0.0004929427857484561,0.4923248365337383
1660,0.0004910334187239488,0.4923127325857645
1661,0.000488971231089482,0.49231226040622594
1662,0.00048709641150374223,0.4923207080590917
1663,0.0004853621857984842,0.49230473825349014
1664,0.0004836350669358902,0.4923086121782722
1665,0.00048189223033908547,0.4923078572110332
1666,0.00048004482703771576,0.49229699568310487
1667,0.00047798102978085036,0.49229599029796367
1668,0.00047604564109737384,0.4922921489639205
1669,0.0004741536651601489,0.4922928268505992
1670,0.00047232521184346286,0.49229637908546336
1671,0.0004703468449164776,0.4922923526036754
1672,0.0004686272854792057,0.4922901823359815
1673,0.00046693107825879866,0.4922893059477326
1674,0.00046513803638938974,0.4922860332788705
1675,0.0004635416910412645,0.49228548707103104
1676,0.0004617595129206891,0.4922618408382894
1677,0.00046036104267141946,0.4922645002962494
1678,0.0004587495542088022,0.49226162823037534
1679,0.0004571100751123451,0.4922623977562416
1680,0.0004554984137333188,0.49226681766172026
1681,0.00045378941471386054,0.49226650323540316
1682,0.0004522758410620347,0.49226061427315476
1683,0.0004504244889495141,0.492258604246265
1684,0.0004489675457488206,0.49226060550451817
1685,0.0004474920160857521,0.49226792349121795
1686,0.00044586267909438185,0.4922669085691049
1687,0.0004440465735054208,0.49226712120925414
1688,0.000442372218318911,0.49225676385281514
1689,0.0004405522139469259,0.4922543136625029
1690,0.0004388310806277133,0.49224828843061585
1691,0.0004372388492488086,0.4922523033860298
1692,0.0004355813438150543,0.49224797262636333
1693,0.0004340600860007132,0.4922438269182083
1694,0.0004324445597972632,0.49223411710870557
1695,0.00043068209222023437,0.49223899395444815
1696,0.000429040000042835,0.49223354851126466
1697,0.0004274028532323045,0.49223121036591316
1698,0.00042573931978950224,0.49222861019181663
1699,0.00042431855382039934,0.49222698768694545
1700,0.00042272212390309075,0.49221569250776004
1701,0.00042101829617124654,0.4922189599557184
1702,0.00041943310241060293,0.49222346817760504
1703,0.00041766585165874587,0.4922262205538843
1704,0.0004158979064920074,0.4922316564583444
1705,0.00041439616896525984,0.49223843862764627
1706,0.000412891851237767,0.4922351951898209
1707,0.00041142773180248256,0.4922421490980429
1708,0.0004098492081665582,0.49223660627167026
1709,0.0004081494038479436,0.492225142838779
1710,0.0004067194274709499,0.4922433037766662
1711,0.0004052034439872526,0.49224535568032196
1712,0.0004036052526044136,0.49225735884245775
1713,0.0004020028221486741,0.4922507611090664
1714,0.000400696315627133,0.4922495810501964
1715,0.0003990190408090473,0.4922478064991816
1716,0.00039736779220582723,0.4922428491359897
1717,0.00039591730182209653,0.4922370801155745
1718,0.0003943976718694814,0.49223658596240044
1719,0.0003927884504207848,0.4922246654197661
1720,0.00039137632970330744,0.49221810509784625
1721,0.0003897933182213138,0.49221204063069113
1722,0.00038819101168545124,0.49219883854999275
1723,0.000386838995781775,0.4922022291151758
1724,0.00038553570452971316,0.4921955401249141
1725,0.00038396121591995216,0.4922020743023014
1726,0.0003824940181381529,0.4921989900475016
1727,0.00038122195143282613,0.49219381061812656
1728,0.00037990057838138756,0.492208362884522
1729,0.0003781996694397134,0.4921980017997254
1730,0.0003768328963247791,0.4922027636416883
1731,0.0003755000040587343,0.4922064642700383
1732,0.0003740922960617351,0.4921987586240342
1733,0.0003723759036819254,0.4921847479812062
1734,0.0003710586302524339,0.4921883132500746
1735,0.00036970938756702586,0.4921695918281965
1736,0.00036852372598046915,0.4921634089550534
1737,0.0003672068660663601,0.49217051133490786
1738,0.00036580499658115095,0.4921791279256609
1739,0.0003645040450570166,0.49216884832943797
1740,0.00036328078982350256,0.4921605006524724
1741,0.0003620703405980864,0.49216275719056635
1742,0.0003606208109945808,0.4921508315816186
1743,0.00035905194234230487,0.49213795883859446
1744,0.00035758318837156723,0.4921402501610907
1745,0.0003561174974843312,0.4921351766623374
1746,0.00035489079827611655,0.4921251409693772
1747,0.000353437442989137,0.49213187334477804
1748,0.0003519289593290787,0.4921365053856992
1749,0.0003505973670219423,0.4921268548885052
1750,0.000349197962366124,0.49213990893648224
1751,0.0003480650873247385,0.4921434469169345
1752,0.00034672656711584663,0.49213532413561034
1753,0.00034533059572950173,0.4921279024522822
1754,0.0003441942035363995,0.4921210909975938
1755,0.0003429005800326225,0.4921242944560091
1756,0.00034148266735817945,0.49211601562933355
1757,0.000340065174011083,0.49211731388243524
1758,0.00033887587694584237,0.4921082227047019
1759,0.00033771486020582527,0.4921066156142608
1760,0.00033657730922223225,0.4921042623696523
1761,0.00033554918432131633,0.49209726063973674
1762,0.0003344499088102679,0.4921021419074916
1763,0.0003332063958932884,0.4920955212657244
1764,0.00033193024350673217,0.492092430078708
1765,0.0003306515502144218,0.49209263679783255
1766,0.0003294301603773977,0.4920984787032561
1767,0.00032822073892061084,0.4920981915680757
1768,0.00032686101076262556,0.4920955236729628
1769,0.0003257117448791295,0.4921027180029605
1770,0.0003245161663159644,0.49210090935517503
1771,0.0003232542960503397,0.49209545717603675
1772,0.0003220964014705642,0.4920936550998338
1773,0.0003208677530090355,0.492096696900114
1774,0.0003196378397664372,0.49209618646238557
1775,0.00031850656910146146,0.4920932258596235
1776,0.00031754253034867955,0.49209157821151334
1777,0.000316374978361477,0.4920935140151626
1778,0.000315143857547756,0.49208795491930785
1779,0.00031398651230488226,0.4920855367596821
1780,0.0003127931444067855,0.49209382752296427
1781,0.0003115898241068406,0.4920934613055767
1782,0.000310331593914834,0.4920875977239048
1783,0.00030913930157179336,0.4920739399649178
1784,0.00030791782255286724,0.4920742173193364
1785,0.00030671809408892343,0.4920657190384901
1786,0.0003054978158123961,0.49206261485486735
1787,0.00030447377399550385,0.4920556355628918
1788,0.0003035116953758778,0.4920535299208923
1789,0.00030247936909572184,0.4920570519047279
1790,0.0003013516296807113,0.49205537101747643
1791,0.0003002148724784006,0.492054564096859
1792,0.0002990826744811323,0.49205666652615665
1793,0.0002979699564175029,0.49204247478694596
1794,0.00029673948576879717,0.49203794749694096
1795,0.0002955489778730495,0.4920296722467986
1796,0.00029447526588463456,0.4920336833166688
1797,0.0002934459888315559,0.4920399636647086
1798,0.0002923893639998197,0.4920513158309184
1799,0.0002912798243178833,0.49204555593656246
1800,0.0002904059754967439,0.4920416835182871
1801,0.0002893668659105383,0.4920313971825159
1802,0.0002883717247341686,0.4920326118997382
1803,0.00028727700459595465,0.4920368319178068
1804,0.0002862221821762163,0.4920313023350947
1805,0.00028506986633757654,0.4920284313256153
1806,0.00028398624216152143,0.4920218464654588
1807,0.0002829232885835219,0.4920200671528735
1808,0.00028158164877679096,0.4920114393828298
1809,0.00028044049156473414,0.4920056689352794
1810,0.00027947580738520064,0.49201393531491494
1811,0.000278475061571665,0.4920150016939653
1812,0.00027744683793570556,0.49202395701282153
1813,0.0002762806132713362,0.4920121096131496
1814,0.0002753311969264205,0.49200887225249534
1815,0.00027427402576434364,0.49199832297065244
1816,0.00027344412337434386,0.4919929647938935
1817,0.00027234136188587614,0.4920045409219831
1818,0.00027129641261522874,0.4920060935341194
1819,0.000270320367120831,0.4920049996273848
1820,0.0002694415918541197,0.4920102494253454
1821,0.00026827481819375736,0.4920144712988817
1822,0.0002672576261026828,0.4920261459689957
1823,0.0002661461484874407,0.4920442167406053
1824,0.00026518403030960114,0.49203952839324683
1825,0.0002642716025852425,0.4920412535093888
1826,0.0002633192872748633,0.4920472934370894
1827,0.00026235333768799237,0.492055082960745
1828,0.0002613239432529773,0.49205265322328945
1829,0.00026039129191592406,0.492060343194219
1830,0.0002593240802128766,0.49205908933175646
1831,0.00025835321261121223,0.49206520530249404
1832,0.00025734862802024244,0.4920622755542743
1833,0.0002563108588885951,0.4920617607688341
1834,0.00025537274483327494,0.49206249167529986
1835,0.0002545687465280721,0.49206099498022515
1836,0.0002535020682996998,0.49204684316189307
1837,0.00025252145195092207,0.4920459932143353
1838,0.0002515258679708665,0.49204075199799424
1839,0.0002506602622271415,0.4920332354358553
1840,0.00024986060986259106,0.4920325458766233
1841,0.00024887375009596856,0.4920327319500825
1842,0.0002480839374462275,0.49203852889575345
1843,0.0002472068475028074,0.492038156496758
1844,0.00024620481456159583,0.4920326791284257
1845,0.0002453076968959819,0.4920360191971574
1846,0.00024447321520986045,0.49203041702228417
1847,0.00024362010828988463,0.4920240833628327
1848,0.00024252723240165505,0.492022064179965
1849,0.00024165673359908852,0.49201846800002397
1850,0.00024085858401042305,0.4920155710360152
1851,0.00023982260207637904,0.49201453586325816
1852,0.00023886481123812554,0.4920117443995897
1853,0.0002381038423007921,0.49200650461678475
1854,0.00023730341710001781,0.4920002599440418
1855,0.0002363926686698535,0.49198937608568355
1856,0.00023553390207179222,0.49198457895700626
1857,0.00023465262265279216,0.49198636830583276
1858,0.00023385271243895486,0.4919857095839816
1859,0.0002329912063265037,0.49198828837138653
1860,0.0002323128072212009,0.49198866790482587
1861,0.00023142868723698582,0.49198829019615037
1862,0.00023066387646872066,0.4919817861841965
1863,0.00022987435667438523,0.49199088630795185
1864,0.00022899985936204961,0.4920013894565905
1865,0.00022814123471631204,0.4920002484753821
1866,0.00022720647129260038,0.49199574796085765
1867,0.00022637038444270823,0.4919947889405926
1868,0.00022548166375856667,0.49198652651699176
1869,0.0002246196050959287,0.4919867822995833
1870,0.00022387625095375308,0.4919851231852408
1871,0.00022308694575863409,0.4919880111404774
1872,0.0002222424564268807,0.4919930132994
1873,0.00022129511069171267,0.49199829832755365
1874,0.0002205660809727965,0.49199958361634566
1875,0.00021984791875325263,0.4920011879424683
1876,0.00021899001159190353,0.4920044360441778
1877,0.00021822394465762106,0.49200827866473995
1878,0.00021738511632680738,0.49200191232692625
1879,0.0002165672347800339,0.491999668874114
1880,0.00021578597295748262,0.492005791568234
1881,0.0002149707202206754,0.4920036458908125
1882,0.00021429964717205828,0.49200251629540304
1883,0.00021361651428457524,0.49199776142479085
1884,0.00021276753012363256,0.4919967719367919
1885,0.00021194924745270125,0.492001043626747
1886,0.0002111368171141844,0.4919995402095369
1887,0.0002103974959055825,0.49199985977727767
1888,0.0002096264251707822,0.4919945071705102
1889,0.00020887554314684856,0.49199677451741297
1890,0.00020809806615769874,0.49200877149877287
1891,0.0002074337409752415,0.4920054942665273
1892,0.00020667204714235074,0.49200645253397995
1893,0.0002060035093926336,0.49201005935200876
1894,0.0002052784004591817,0.49201173165943557
1895,0.0002045276544660372,0.49201558944516066
1896,0.00020374194994837017,0.49201139334899446
1897,0.0002030256519356562,0.49201269059545416
1898,0.00020221135532194094,0.4920067693021895
1899,0.0002015559172051874,0.4920051771298151
1900,0.0002008114805615911,0.49200758072273554
1901,0.00020005643347735386,0.4920051874286611
1902,0.0001992736534679737,0.4919970409861143
1903,0.00019847311516448256,0.4920012755674503
1904,0.00019786564819884047,0.4919956950060038
1905,0.00019718963910952635,0.49198906601490283
1906,0.0001965685895308397,0.49198920428770454
1907,0.00019595235702308985,0.4919896646830205
1908,0.00019523832269064594,0.491987832092224
1909,0.00019442144274373703,0.4919961305527885
1910,0.00019361224586992418,0.4919999749456134
1911,0.0001928344466936195,0.49200110815412934
1912,0.00019212687492955557,0.4920029143142298
1913,0.0001913921818332563,0.49199833888486677
1914,0.00019077537919548007,0.49199796453895983
1915,0.00018998628689934248,0.49199803912632895
1916,0.00018927265745232778,0.4920060051269886
1917,0.00018858410144011756,0.4920034608104461
1918,0.00018777823788010525,0.49200658927156604
1919,0.0001870669381287784,0.49199782263516695
1920,0.00018644328236450645,0.4919958178294946
1921,0.0001858308360823866,0.4919949333459833
1922,0.00018517917750958358,0.49198324584639486
1923,0.00018447063665840248,0.49198681257184557
1924,0.00018378975352433192,0.4919808652529662
1925,0.0001831579672325713,0.4919717874769595
1926,0.00018251419561116406,0.491968020240256
1927,0.00018183419851092373,0.4919777033484899
1928,0.00018106207601561455,0.4919776655984811
1929,0.00018037960014228893,0.4919792634469263
1930,0.00017974656981385655,0.4919740209112584
1931,0.0001791158502388414,0.49197798736736603
1932,0.0001784023732727372,0.49197748579114997
1933,0.00017770130217167733,0.4919759468798867
1934,0.00017702027169766126,0.49197467446882254
1935,0.0001763810618604664,0.4919780530088841
1936,0.00017582641853327923,0.49198036300260456
1937,0.0001752686722261039,0.4919777867287699
1938,0.00017462535608395968,0.4919730853662004
1939,0.00017390365096156814,0.4919754163922325
1940,0.00017320814901508266,0.4919731524379773
1941,0.0001725559027699215,0.49196878929750076
1942,0.00017196577329432834,0.4919755349318402
1943,0.0001712781077788861,0.49196492084780835
1944,0.0001706037621785061,0.4919658297291215
1945,0.00016998387757326643,0.4919694620673754
1946,0.0001693471106491471,0.4919670988898443
1947,0.00016883566240899587,0.491967734916447
1948,0.00016827758934385382,0.49196486658778743
1949,0.00016776607991597728,0.4919530074577213
1950,0.00016714082542186956,0.49195376252666767
1951,0.00016653192973697847,0.49194821968228913
1952,0.00016597022449277215,0.49194344512465465
1953,0.00016527956999347795,0.49194082540671297
1954,0.0001647446045109918,0.49194257933347624
1955,0.00016415755440790233,0.4919460109734188
1956,0.0001635298495168103,0.49194212133820164
1957,0.00016298539806783823,0.49193861132367295
1958,0.0001622929809436034,0.4919418004134395
1959,0.0001617585203052595,0.4919436780403263
1960,0.00016113109148776982,0.4919367154180083
1961,0.00016055254715165664,0.4919303049133865
1962,0.00015995486456975346,0.49192081273412963
1963,0.00015932581598167926,0.4919137790156365
1964,0.00015880189623500797,0.4919152228707121
1965,0.00015827154527576923,0.49190834559809143
1966,0.0001577043886958769,0.4919162101065985
1967,0.00015710120092360608,0.49191585056404896
1968,0.00015650506936948006,0.49190942247636776
1969,0.0001558662860344297,0.49190990841458543
1970,0.0001553263093380521,0.4919116409427116
1971,0.00015479126311725088,0.4919078683189896
1972,0.0001542414604364166,0.49190592568956193
1973,0.00015378374743230965,0.49190108176855857
1974,0.000153124660635464,0.4918995634342743
1975,0.0001525895468039588,0.4918960296149694
1976,0.00015210114936411952,0.4918940535168625
1977,0.00015158279458264164,0.49189831058424394
1978,0.00015109319017501176,0.49190172745391547
1979,0.00015053387130111438,0.49189378989420446
1980,0.00014998105634619958,0.49189548398637867
1981,0.00014934895802418369,0.49189278144533616
1982,0.0001487900746144565,0.4918909092629841
1983,0.00014814959132146072,0.49188996886260805
1984,0.00014765168728049385,0.4918861385684492
1985,0.00014709780431224325,0.49188653966832796
1986,0.00014659000667683684,0.49189271690417125
1987,0.00014602822514635724,0.4918889982932207
1988,0.00014542487320787331,0.4918893869243334
1989,0.0001449006483481255,0.49189124789689814
1990,0.00014432249132524078,0.4918852474156361
1991,0.00014382353129064506,0.49188241448442155
1992,0.00014321141891430957,0.49188139176098833
1993,0.00014268383287742564,0.4918802151671739
1994,0.00014209495844581035,0.4918738823194082
1995,0.00014159951417734568,0.4918784155295915
1996,0.00014109535276846506,0.49187492502689156
1997,0.00014066945211431488,0.4918705332003748
1998,0.0001401392647063914,0.4918707426363048
1999,0.00013969573083128588,0.49187790190203806
2000,0.0001391255648697501,0.4918753945863985
2001,0.00013856170593468464,0.4918750102024544
2002,0.00013811495688446755,0.4918701999356774
2003,0.00013766342595402338,0.49187260090649704
2004,0.00013710884280597414,0.49186577921296387
2005,0.00013669281129458097,0.49185802079416835
2006,0.00013618274456453673,0.4918607510468983
2007,0.00013570184679190947,0.491852553402681
2008,0.0001352390452376069,0.49184970816645845
2009,0.00013474190625562297,0.4918468996430925
2010,0.00013430836659906613,0.4918486003982639
2011,0.00013379441000463884,0.4918423359807042
2012,0.00013325635550960588,0.49183446891220733
2013,0.00013275429368377203,0.4918317346440345
2014,0.00013226538669467393,0.4918329847887186
2015,0.00013179096158375537,0.49182843666867493
2016,0.00013127867783902547,0.49182912020393843
2017,0.00013083578981224495,0.4918283814911684
2018,0.0001304634587454395,0.49182843591330383
2019,0.00012998615701353868,0.49183462198453687
2020,0.00012952225512375082,0.49184455433360086
2021,0.00012907571747423124,0.4918441890405773
2022,0.00012852686298262897,0.4918402788958678
2023,0.00012809979451347745,0.4918388657179567
2024,0.0001276829576389715,0.4918371511444549
2025,0.000127288095448017,0.49183234305194234
2026,0.00012679299236830833,0.4918332296982569
2027,0.00012634153383021246,0.49183111336673846
2028,0.00012589682602624137,0.4918303612525328
2029,0.00012540065501972963,0.4918301006301967
2030,0.0001249420946306679,0.49182757664086435
2031,0.00012442434549071022,0.49182268511456867
2032,0.0001239396799995934,0.4918247752634942
2033,0.0001234419148044112,0.49182214209881725
2034,0.0001230211911986381,0.4918149997029195
2035,0.00012262620580733022,0.49181889599781237
2036,0.00012222892942277433,0.4918108703970856
2037,0.00012177186181000084,0.49181116576604345
2038,0.0001212958084841881,0.4918082531226247
2039,0.00012093373120457797,0.49180503542482323
2040,0.00012046912122367652,0.49180385679104766
2041,0.00012000171853714818,0.4918030440893918
2042,0.00011956856251085679,0.4918034453946633
2043,0.00011915782679694238,0.4918036192701984
2044,0.0001187423121122394,0.49180543824391315
2045,0.00011840459007255649,0.4918092282390086
2046,0.00011800119177683498,0.49180641013958937
2047,0.00011762734602751615,0.49180397812882004
2048,0.00011714472561724923,0.4918015006188034
2049,0.00011663323183483497,0.4917970297523537
2050,0.00011628299415155866,0.4918053202650599
2051,0.00011586191303968591,0.491802288426565
2052,0.00011547112175363692,0.4918033379404207
2053,0.00011509471742508725,0.4918012811884653
2054,0.00011462050830999697,0.4918045670135964
2055,0.00011425465500615807,0.49180345809849113
2056,0.00011389573017014533,0.4918101073804753
2057,0.00011351443976292509,0.49181012279878605
2058,0.00011307242017145925,0.491810611165597
2059,0.00011261121350701474,0.4918018609043515
2060,0.00011219721071393584,0.49180465545119684
2061,0.00011175182853221401,0.49180260165285516
2062,0.00011127781257802544,0.4917956239302512
2063,0.00011087746289756972,0.49179159692662844
2064,0.00011050200800226227,0.491790814707977
2065,0.00011011706170298887,0.49179055870027283
2066,0.00010973413635763345,0.4917849389859772
2067,0.00010932180953082317,0.491784262072131
2068,0.00010895267974040652,0.4917847849370325
2069,0.00010855913228751074,0.4917832081667351
2070,0.0001081732750192525,0.49178249903473276
2071,0.00010782407949772182,0.49177965592946105
2072,0.00010745865694921503,0.49177773089966254
2073,0.00010704500052525218,0.49178473158522673
2074,0.00010663432340604768,0.4917867406694429
2075,0.00010630701230134858,0.4917875606639265
2076,0.00010587750582851846,0.491781735169129
2077,0.00010551290947710723,0.4917846598570005
2078,0.0001051965779486553,0.49178086106842855
2079,0.00010484866815507514,0.4917825196820846
2080,0.0001044898733970339,0.49178478950223997
2081,0.0001040579652361464,0.49178295488010765
2082,0.00010372106026700916,0.4917779181316749
2083,0.00010335129538909115,0.491782715523494
2084,0.00010294162449681044,0.4917784396169523
2085,0.00010253837856945236,0.49177782859231906
2086,0.00010214093774251746,0.49177438368224524
2087,0.00010174987895185549,0.49176699110147803
2088,0.00010138333938364468,0.4917647017963898
2089,0.00010100658408727868,0.49175764232089064
2090,0.00010068663331707568,0.4917512661711339
2091,0.0001003250929487326,0.4917588701684991
2092,9.994957644002262e-05,0.49176040386574804
2093,9.954278739917835e-05,0.4917609462491928
2094,9.91472235798092e-05,0.491761955930128
2095,9.875421197239059e-05,0.4917599112094423
2096,9.836951436990552e-05,0.49175596586470954
2097,9.806960864952297e-05,0.4917579829333859
2098,9.77548251062153e-05,0.49175953927861166
2099,9.737861727581403e-05,0.4917538813359121
2100,9.70034646455371e-05,0.49175432050815526
2101,9.662050984639529e-05,0.4917557400490882
2102,9.629905722518757e-05,0.49175910187886257
2103,9.595217948678178e-05,0.4917522942084558
2104,9.559199718722747e-05,0.49175267904967285
2105,9.520634835514041e-05,0.49175810048720864
2106,9.489326671004596e-05,0.4917533204845097
2107,9.454791277758099e-05,0.49175041118587315
2108,9.420790825279768e-05,0.491745674684495
2109,9.385728019722961e-05,0.49174231018765624
2110,9.359401391903593e-05,0.49174123839068046
2111,9.329996156296555e-05,0.4917392484490117
2112,9.293520015542163e-05,0.49173427655210394
2113,9.257499424709874e-05,0.4917306042535449
2114,9.223096395419646e-05,0.4917285623993765
2115,9.187230234145663e-05,0.49172697254172976
2116,9.156695666668467e-05,0.4917215885451479
2117,9.122952185485981e-05,0.4917183423857545
2118,9.093072994904264e-05,0.4917190952779717
2119,9.061647850880818e-05,0.49171510448189304
2120,9.028572397663296e-05,0.4917107642190756
2121,9.000072047806564e-05,0.49170625684829283
2122,8.966994461400657e-05,0.49170965779197295
2123,8.936043894201563e-05,0.49171135022589224
2124,8.905420404852431e-05,0.49170870406147904
2125,8.871221879405908e-05,0.49171003648376893
2126,8.844770793331733e-05,0.49170995841732684
2127,8.813176732059836e-05,0.49171725570581365
2128,8.783659991380692e-05,0.49172233315977204
2129,8.754870141020209e-05,0.49172087728592007
2130,8.727438710506158e-05,0.491719921228449
2131,8.694426909377004e-05,0.4917153811669092
2132,8.659553997023932e-05,0.4917158570522492
2133,8.630136582432351e-05,0.4917150730025044
2134,8.601453858307306e-05,0.4917151482110166
2135,8.568431226827974e-05,0.491712407611407
2136,8.539049546488113e-05,0.49170939634012245
2137,8.510593367630336e-05,0.49171084881370686
2138,8.477388022858568e-05,0.4917142189412158
2139,8.447008420313399e-05,0.4917148280033231
2140,8.414100846641136e-05,0.49171396311317
2141,8.385590886314802e-05,0.49171571521296925
2142,8.356365843523236e-05,0.49171759771250967
2143,8.329518990151054e-05,0.4917187104438077
2144,8.297375708132338e-05,0.49171656714010725
2145,8.269112767557046e-05,0.4917168349231506
2146,8.238355171273865e-05,0.49171395186094996
2147,8.209839782294144e-05,0.49171444347207083
2148,8.181651826862865e-05,0.4917176813922479
2149,8.15224391899206e-05,0.49171697769592454
2150,8.123345772719001e-05,0.49172006690525016
2151,8.094043259420377e-05,0.4917196332633519
2152,8.068130783544084e-05,0.4917180333162898
2153,8.035352800737428e-05,0.49171474053317005
2154,8.010640757170118e-05,0.4917163861402797
2155,7.980248353408525e-05,0.49171624849158097
2156,7.955940457098342e-05,0.4917154558033831
2157,7.93260418762719e-05,0.4917166636648664
2158,7.903159435917023e-05,0.4917110888785055
2159,7.874524682351152e-05,0.49171376652222804
2160,7.843678488764982e-05,0.4917111397357679
2161,7.811449676528452e-05,0.49171506338173515
2162,7.785821732323733e-05,0.49171716239589197
2163,7.756969090798793e-05,0.49171109738694935
2164,7.730687418634424e-05,0.4917133814515672
2165,7.700498474866817e-05,0.4917130100285471
2166,7.674097607395689e-05,0.4917129374860638
2167,7.643882073666743e-05,0.4917151013544749
2168,7.615523406078583e-05,0.4917149953452479
2169,7.588490818801671e-05,0.4917122608585934
2170,7.561955005551174e-05,0.4917078727422011
2171,7.53487380793765e-05,0.49171075093565136
2172,7.505990852971544e-05,0.4917034308289395
2173,7.47887082945468e-05,0.4917045539598179
2174,7.451426840295577e-05,0.49170813181820344
2175,7.422276549239204e-05,0.49170845910093397
2176,7.3936175706807e-05,0.49171127510987905
2177,7.361356597789004e-05,0.4917046873823093
2178,7.33395271510948e-05,0.4917016410804192
2179,7.305312297906368e-05,0.4916998628962511
2180,7.27944115469661e-05,0.4916950541194418
2181,7.25016845013885e-05,0.491696089769549
2182,7.221338120311905e-05,0.4916939874203607
2183,7.195510694109061e-05,0.49169112339399645
2184,7.166842674289301e-05,0.49169455155249164
2185,7.143544145055673e-05,0.49168356726503887
2186,7.120165208106476e-05,0.491683666297397
2187,7.092671712891179e-05,0.49168410518445194
2188,7.068993434576726e-05,0.4916862674587508
2189,7.042962134375283e-05,0.4916884778448418
2190,7.022770472153905e-05,0.4916886765722693
2191,6.999153505540196e-05,0.49168732870230725
2192,6.971901123133714e-05,0.49168236697384826
2193,6.948060459804267e-05,0.4916777871550108
2194,6.923182865380549e-05,0.4916807122566105
2195,6.900198335352529e-05,0.4916778420649293
2196,6.876068858571499e-05,0.49167555756637243
2197,6.851543334049736e-05,0.491671062907574
2198,6.828683734964338e-05,0.4916685511739488
2199,6.804907398037772e-05,0.49166698613629783
2200,6.780515366054413e-05,0.491664727650896
2201,6.752909054523855e-05,0.4916632282572654
2202,6.729097785835484e-05,0.4916594706262289
2203,6.705012798273517e-05,0.49165936925771714
2204,6.676966357829824e-05,0.49165805274086133
2205,6.652524757358146e-05,0.4916564440036477
2206,6.631295345782243e-05,0.49165583513801175
2207,6.609209108318364e-05,0.4916587739120476
2208,6.583945138968747e-05,0.49165899089256915
2209,6.562097028614997e-05,0.4916587260358329
2210,6.538474163851203e-05,0.49166089065473456
2211,6.513797258730156e-05,0.49165765796507055
2212,6.491000826651963e-05,0.49165632419240796
2213,6.46532220741722e-05,0.4916590036998829
2214,6.446933865956196e-05,0.4916586530774311
2215,6.423890134308794e-05,0.491653281853924
2216,6.401780366041835e-05,0.4916508038600543
2217,6.378261521455746e-05,0.4916512388167808
2218,6.355167964894268e-05,0.4916503861015909
2219,6.329094260034024e-05,0.4916492051504621
2220,6.303199608414076e-05,0.4916454966661149
2221,6.278632339957507e-05,0.49163967421307864
2222,6.255642887813288e-05,0.4916397980223802
2223,6.232466958799027e-05,0.4916433009667125
2224,6.207037134431299e-05,0.4916430127341557
2225,6.182656207959585e-05,0.4916456583498435
2226,6.159313035125448e-05,0.49164358129623464
2227,6.135415444937989e-05,0.49164472338886805
2228,6.11480923432111e-05,0.49164678675385187
2229,6.091230861098597e-05,0.49164829383092035
2230,6.0659020935096304e-05,0.491648701492831
2231,6.041410104215013e-05,0.49165097450056733
2232,6.019467291483767e-05,0.4916505102490924
2233,5.9980225778370594e-05,0.4916489388342757
2234,5.975275079405897e-05,0.4916456118680742
2235,5.952530005607051e-05,0.4916478813663928
2236,5.930313586617299e-05,0.4916494992092113
2237,5.908661167809207e-05,0.4916477737239257
2238,5.887563959929508e-05,0.4916505432358888
2239,5.868679485157917e-05,0.4916486658448008
2240,5.847613269765593e-05,0.49164660969763346
2241,5.824158790057655e-05,0.49165161298814614
2242,5.8009159828813073e-05,0.4916485825444304
2243,5.776034217314282e-05,0.49164790274122544
2244,5.7528119215934185e-05,0.4916526558694819
2245,5.733691783675346e-05,0.4916519567639361
2246,5.712526107916194e-05,0.4916501866140212
2247,5.694438429649254e-05,0.49164793752231495
2248,5.6774535989574964e-05,0.4916487909030106
2249,5.6597094601810374e-05,0.4916475204622107
2250,5.638691690717989e-05,0.49164810604301884
2251,5.6156806293733374e-05,0.491646293389663
2252,5.595410477020762e-05,0.49164217008219
2253,5.575620742724705e-05,0.49164647083305396
2254,5.555163141093501e-05,0.49164556802881754
2255,5.533844102385431e-05,0.4916418609282904
2256,5.5154334151301377e-05,0.49164205647595893
2257,5.4975873500699555e-05,0.4916418454643129
2258,5.4751874412405647e-05,0.49164340160257464
2259,5.456069043123155e-05,0.4916427350007496
2260,5.4341983711324984e-05,0.49164218384124775
2261,5.415722850065316e-05,0.4916419254049611
2262,5.395273260366577e-05,0.49164004707366443
2263,5.3759191893627905e-05,0.49163820705908345
2264,5.354105656536593e-05,0.4916351630589802
2265,5.334538980059753e-05,0.49163595712917435
2266,5.3130187354744045e-05,0.49164175794237397
2267,5.2921950239201754e-05,0.49164331993704674
2268,5.2732997426810026e-05,0.49164234462427436
2269,5.2571196309913375e-05,0.49164063581330625
2270,5.236753272598306e-05,0.49163905922451867
2271,5.214807747198247e-05,0.49163602389616906
2272,5.197767249935801e-05,0.4916341793457182
2273,5.18006508281366e-05,0.4916356758759919
2274,5.1609426332145056e-05,0.49163835506619413
2275,5.1440782850143796e-05,0.49164065950525154
2276,5.122554769473499e-05,0.4916395282205666
2277,5.10459166039153e-05,0.4916365521533704
2278,5.0853260736370736e-05,0.4916324123928372
2279,5.068175831780716e-05,0.4916356445930375
2280,5.052125590110387e-05,0.4916355949628349
2281,5.0318536772365415e-05,0.4916339719197431
2282,5.0129338735182936e-05,0.4916350585533535
2283,4.9946777247888974e-05,0.4916357804891445
2284,4.977369303619379e-05,0.4916370316666863
2285,4.9611200834285234e-05,0.49163753721296344
2286,4.9433786645466505e-05,0.4916376195128282
2287,4.9270153873941354e-05,0.4916341360688531
2288,4.9096841090218495e-05,0.4916324301484593
2289,4.891216686206644e-05,0.4916365878888427
2290,4.8729733636837024e-05,0.49163487801446126
2291,4.855629676152805e-05,0.4916357004988409
2292,4.839709428007228e-05,0.4916374929345445
2293,4.822625982796208e-05,0.4916405178147046
2294,4.8058486717624123e-05,0.4916387985494749
2295,4.785179900332506e-05,0.49163870602180515
2296,4.7692947451486824e-05,0.49163960635387816
2297,4.7510014422671896e-05,0.491636429238492
2298,4.734848769381981e-05,0.4916312617976231
2299,4.7176218436807776e-05,0.49163185931624515
2300,4.7007129300052747e-05,0.491630026752728
2301,4.684397064104216e-05,0.4916316102921064
2302,4.6672720866794835e-05,0.4916311669737079
2303,4.6503939217431935e-05,0.49163051951607956
2304,4.6310421037082635e-05,0.49162955806664993
2305,4.614313256167257e-05,0.4916310948173159
2306,4.596312085206247e-05,0.4916275274612901
2307,4.5795024806008584e-05,0.4916277817800075
2308,4.5654740643688605e-05,0.4916289105294433
2309,4.549389634357673e-05,0.49162446572622426
2310,4.530970452225805e-05,0.4916250731980716
2311,4.5137513696408075e-05,0.4916222441643439
2312,4.4979213050138266e-05,0.49162243012970214
2313,4.480190010515115e-05,0.4916182307461676
2314,4.462726901233212e-05,0.49161844135546506
2315,4.449306382231103e-05,0.49161609436697795
2316,4.4331807414939025e-05,0.4916086923850679
2317,4.417381040021298e-05,0.49161025133387637
2318,4.4036782920327985e-05,0.4916075851060325
2319,4.38810185067507e-05,0.49160702551764596
2320,4.370527795638648e-05,0.49160788477277967
2321,4.353492792817757e-05,0.49160404917367345
2322,4.3387404508874e-05,0.4916049426593791
2323,4.3228984131268265e-05,0.49160185086947855
2324,4.3078007256382855e-05,0.49160095466194476
2325,4.290462204039746e-05,0.49160063489249
2326,4.276713902471414e-05,0.49160357762012635
2327,4.260588656218554e-05,0.491600701599308
2328,4.245597122565942e-05,0.49160071716534426
2329,4.228459884955234e-05,0.4916007678852924
2330,4.2129927632489976e-05,0.491601064170805
2331,4.195444366463893e-05,0.49160004799334994
2332,4.1815818093662535e-05,0.49159734774828723
2333,4.1643372585965275e-05,0.4915972745151744
2334,4.1484033167850876e-05,0.4915986478462371
2335,4.135428183977994e-05,0.4915984758355494
2336,4.1202858917385705e-05,0.4915986666780258
2337,4.106662510678401e-05,0.4915990459477549
2338,4.0915022388085774e-05,0.4915995912485808
2339,4.075476942744882e-05,0.49159997565321467
2340,4.0595959975822853e-05,0.49160427225974096
2341,4.046225570070415e-05,0.4916049207698338
2342,4.033651973516694e-05,0.4916026091396848
2343,4.017910779629066e-05,0.4915999618548305
2344,4.0014239081698415e-05,0.491598264591522
2345,3.9865919847012794e-05,0.49159728280462084
2346,3.9733806365462135e-05,0.49159714408937
2347,3.9609884475577136e-05,0.49159862721858283
2348,3.94549413093529e-05,0.4915984724882765
2349,3.9331093546825356e-05,0.49159946079337924
2350,3.919635363273346e-05,0.4916025891888377
2351,3.905678479239631e-05,0.49160433109234103
2352,3.8905272723375866e-05,0.49160487790155355
2353,3.8759153828866555e-05,0.4916056464886352
2354,3.863733274719691e-05,0.49160508729457886
2355,3.85093720159681e-05,0.4916050537066042
2356,3.836897627661543e-05,0.49160713756507113
2357,3.8246826776496156e-05,0.49160514891104795
2358,3.811766848945547e-05,0.4916055037854049
2359,3.795499093442883e-05,0.4916074795083198
2360,3.78221475617803e-05,0.49160636848809136
2361,3.7670330188456726e-05,0.4916049100146444
2362,3.754275807809257e-05,0.4915995784752086
2363,3.741479143400498e-05,0.4915992465405735
2364,3.727723468889723e-05,0.4915975619086006
2365,3.714618727382097e-05,0.4915960714718424
2366,3.702089544496737e-05,0.49160204537225305
2367,3.688853500357674e-05,0.49160436771792626
2368,3.6753810010688175e-05,0.49160132527192274
2369,3.66345134308164e-05,0.49160015216626096
2370,3.650848717479684e-05,0.4916001787214052
2371,3.637087856617619e-05,0.4916021097144703
2372,3.624138526328942e-05,0.49160132995114886
2373,3.610463410282086e-05,0.4915973357244999
2374,3.596625427889367e-05,0.4915949852157596
2375,3.584755341250206e-05,0.4915947527332098
2376,3.572897696038468e-05,0.49159455291500403
2377,3.559582285358184e-05,0.4915885327186318
2378,3.5471211121053094e-05,0.4915913390893547
2379,3.5334064731364994e-05,0.4915902791555947
2380,3.518496833858765e-05,0.4915912453089866
2381,3.503695836619928e-05,0.49159025071939855
2382,3.491782147506876e-05,0.4915885174017992
2383,3.4782191235949914e-05,0.4915868581935083
2384,3.464681340283268e-05,0.4915868276933053
2385,3.45397395278149e-05,0.491588842317109
2386,3.44172113180376e-05,0.4915892433487829
2387,3.4292041140501734e-05,0.4915901850229761
2388,3.4173288208874626e-05,0.49158479509605124
2389,3.40420516786793e-05,0.49158068738998784
2390,3.3919954718056604e-05,0.49157924501745015
2391,3.382106693705279e-05,0.49158128047503796
2392,3.3702072898602184e-05,0.49158124597604863
2393,3.357832962250761e-05,0.4915827803608984
2394,3.344475910234592e-05,0.49158326884591586
2395,3.3332086229521027e-05,0.4915826571444971
2396,3.322459854022852e-05,0.4915793498644631
2397,3.310876578056317e-05,0.49157682908805345
2398,3.298628104974696e-05,0.4915756226174556
2399,3.286919869470668e-05,0.4915747936567431
2400,3.274849034606159e-05,0.49157691301204065
2401,3.261678808737236e-05,0.4915724518112625
2402,3.249376746248689e-05,0.49156966598544277
2403,3.2367990146703394e-05,0.4915693076896611
2404,3.2263525336127775e-05,0.491569025887426
2405,3.2159686040265234e-05,0.49156666152235634
2406,3.203709091846292e-05,0.49156706685795354
2407,3.1938056917466106e-05,0.4915659657357805
2408,3.181047994540437e-05,0.4915660588553744
2409,3.170238059669217e-05,0.4915657072358086
2410,3.1606242227578506e-05,0.49156368697224917
2411,3.1483415996548356e-05,0.49156485140326894
2412,3.1374223218494945e-05,0.4915651487697741
2413,3.126050812924978e-05,0.49156266723970793
2414,3.116177406742189e-05,0.4915609728238226
2415,3.1052961731682004e-05,0.4915597080003604
2416,3.0951032330468146e-05,0.49156068250428847
2417,3.0838254330385506e-05,0.49155788538221357
2418,3.0719237413505584e-05,0.491560192387865
2419,3.0617755611119215e-05,0.4915580971259796
2420,3.0499755154515797e-05,0.49155775931500084
2421,3.0386389764466657e-05,0.4915580854209254
2422,3.0275367997063676e-05,0.49155746855341864
2423,3.0171199708994872e-05,0.49156117949371864
2424,3.0071785907792584e-05,0.49156072214051993
2425,2.996159228750442e-05,0.4915611759074441
2426,2.9850234363909417e-05,0.4915593435451616
2427,2.974001928373073e-05,0.4915577899585412
2428,2.9628863290285088e-05,0.49155639408153656
2429,2.952331743859727e-05,0.4915578230326185
2430,2.9416508650959488e-05,0.4915590780859085
2431,2.9307034088115444e-05,0.49155970715856656
2432,2.9207208106914825e-05,0.4915556006684483
2433,2.9092427856134465e-05,0.4915551766540685
2434,2.8997163360862947e-05,0.49155508151780186
2435,2.887838433208319e-05,0.4915541417083646
2436,2.8760361002776913e-05,0.49155686398215176
2437,2.866010764882581e-05,0.4915589251886775
2438,2.855128708127235e-05,0.49155599452502374
2439,2.8445631156969326e-05,0.4915572636308487
2440,2.8348102874757785e-05,0.49155628840598836
2441,2.8243419977935408e-05,0.4915564154696242
2442,2.8141929385964906e-05,0.4915561579818878
2443,2.8043870157601077e-05,0.4915551027607001
2444,2.7941166193142502e-05,0.49155646059101427
2445,2.783687537244265e-05,0.49155881962225817
2446,2.7731351664416147e-05,0.49155648265366564
2447,2.7624460617542974e-05,0.49155582540313686
2448,2.7538065120904898e-05,0.49155638593529444
2449,2.7455157456407722e-05,0.491555182288135
2450,2.7369372199605675e-05,0.4915582336510433
2451,2.72873142027049e-05,0.49155717998544196
2452,2.7186865157203687e-05,0.4915565753149041
2453,2.7085219698900513e-05,0.49156005434274636
2454,2.6999212128709597e-05,0.4915596758139624
2455,2.6893713298443655e-05,0.4915588875117214
2456,2.679172960862511e-05,0.4915577564026659
2457,2.668317838970594e-05,0.4915547834882518
2458,2.659157875993996e-05,0.49155387636462095
2459,2.6500968510170792e-05,0.4915557078987107
2460,2.639430114653264e-05,0.49155404280817727
2461,2.629639843424867e-05,0.491551039072392
2462,2.619269322237845e-05,0.4915492639915965
2463,2.6101759279037277e-05,0.4915533293105548
2464,2.6008801267657146e-05,0.49155412272442717
2465,2.5921186705688922e-05,0.49155500527759444
2466,2.5825321583045184e-05,0.49155339530550385
2467,2.5746262234732403e-05,0.4915536403355083
2468,2.5643886709419372e-05,0.49155163270058927
2469,2.554948578733158e-05,0.49155255387262936
2470,2.545595711144078e-05,0.4915538227638227
2471,2.537887331682964e-05,0.4915517076304287
2472,2.5295696899491803e-05,0.49154787495772245
2473,2.5205873432139023e-05,0.4915479587802303
2474,2.512635875618446e-05,0.4915474710548172
2475,2.5029691808634664e-05,0.4915478131244811
2476,2.493375976553704e-05,0.4915477486766527
2477,2.484436416024243e-05,0.49154761470659836
2478,2.4746242608658494e-05,0.4915486489535262
2479,2.464974218438523e-05,0.4915501222127416
2480,2.4563226153272323e-05,0.49155244874600673
2481,2.4464758796666137e-05,0.491552271980375
2482,2.4359612966286688e-05,0.4915507765112889
2483,2.4273192217551347e-05,0.49155096773650453
2484,2.4187462746777956e-05,0.4915522523445155
2485,2.4105771821700292e-05,0.49155372742199066
2486,2.402245292295025e-05,0.49155515899657687
2487,2.393134096176119e-05,0.49155350869207914
2488,2.3836658555923258e-05,0.4915505846109373
2489,2.3742478718145522e-05,0.49155330501386574
2490,2.3657389799729137e-05,0.491550631462649
2491,2.3576589432067834e-05,0.49154928251580304
2492,2.350037651492189e-05,0.4915487713934749
2493,2.341896093086093e-05,0.4915504368276014
2494,2.3321801333081206e-05,0.49155026057594703
2495,2.3237602809597108e-05,0.49154784215196756
2496,2.316280931401032e-05,0.4915495321222681
2497,2.3083045586327738e-05,0.4915507124894904
2498,2.3005939283684263e-05,0.49155062764138213
2499,2.2913249305638957e-05,0.4915479088076695
2500,2.2825511437212834e-05,0.4915488971726131
2501,2.274534613923393e-05,0.49154699912824407
2502,2.2653700173045517e-05,0.49154388352929784
2503,2.257626047746981e-05,0.49154339354316884
2504,2.250163463200412e-05,0.4915428908219798
2505,2.242617889165106e-05,0.49154286729102864
2506,2.2344759234710357e-05,0.49154076078387077
2507,2.2253782524145422e-05,0.4915374316093688
2508,2.2178705942523456e-05,0.49153539221279496
2509,2.2103369270060356e-05,0.49153468380900867
2510,2.203440291175928e-05,0.491534277080932
2511,2.1965168805935434e-05,0.49153198599395376
2512,2.1885430657429932e-05,0.4915318747434154
2513,2.181661057684943e-05,0.4915306376429477
2514,2.1731294713136462e-05,0.4915281363884055
2515,2.1645795632985687e-05,0.4915265278196887
2516,2.1571723113590742e-05,0.49152562483277396
2517,2.1496118578457704e-05,0.49152591889914055
2518,2.141327781866761e-05,0.4915273829244773
2519,2.1336342643230257e-05,0.49152592273027873
2520,2.1266578707599005e-05,0.4915260962625595
2521,2.1180014795554908e-05,0.4915256053755139
2522,2.1102629838847017e-05,0.4915261521967324
2523,2.1028126288330267e-05,0.49152520490660223
2524,2.096261397572275e-05,0.4915247253169089
2525,2.089608063475077e-05,0.4915258082221852
2526,2.082870455674837e-05,0.49152672883250575
2527,2.0763600103077505e-05,0.49152659110660685
2528,2.0686432803807067e-05,0.49152964350749684
2529,2.0611225956086496e-05,0.49152532084958217
2530,2.0544586078106926e-05,0.4915250402882731
2531,2.0484649556232094e-05,0.491526522133352
2532,2.0404063589292008e-05,0.4915263514890637
2533,2.0328202000382386e-05,0.4915275935515889
2534,2.02621201251666e-05,0.491529145534294
2535,2.0178061053368533e-05,0.4915299448788955
2536,2.0108655224528376e-05,0.4915312787845886
2537,2.0038998298129865e-05,0.49152954182052133
2538,1.9967934475229003e-05,0.4915264573902062
2539,1.9897956078287814e-05,0.4915293160921864
2540,1.9828050192574368e-05,0.49152788528901786
2541,1.9746929671381867e-05,0.4915274722861294
2542,1.9672938196882363e-05,0.49152605706635916
2543,1.960087797364498e-05,0.4915258535119069
2544,1.9532610701824934e-05,0.491528375027774
2545,1.946322918710941e-05,0.4915288803438224
2546,1.9400041634216024e-05,0.49153044609303864
2547,1.9329036446865126e-05,0.4915304498451574
2548,1.9255708177330984e-05,0.49152967616328946
2549,1.919116200296053e-05,0.4915287613856472
2550,1.9123250828279472e-05,0.4915298965410698
2551,1.9050889221760958e-05,0.4915334461195607
2552,1.8986904459621375e-05,0.491535188711832
2553,1.8915087315712333e-05,0.49153645692658077
2554,1.8844606156706966e-05,0.49153686372467753
2555,1.8777566764116223e-05,0.4915365973254863
2556,1.8710763725610902e-05,0.4915366208374016
2557,1.8647588561975188e-05,0.49153633169045874
2558,1.856812398614998e-05,0.49153699987408817
2559,1.850856781629517e-05,0.4915361578560505
2560,1.844642089237992e-05,0.491535701480062
2561,1.8387937127712496e-05,0.49153721701345365
2562,1.832403911151541e-05,0.4915373228604104
2563,1.8258426590091285e-05,0.49153452425271094
2564,1.819827807876026e-05,0.4915332490749013
2565,1.812962551232924e-05,0.4915336973026834
2566,1.807401326880139e-05,0.49153524608957555
2567,1.8007603362934216e-05,0.49153635484086194
2568,1.7936876150877275e-05,0.49153539190453044
2569,1.7873654717709094e-05,0.49153606134064703
2570,1.7808613251530116e-05,0.49153599186454044
2571,1.7753455589264866e-05,0.49153475018650833
2572,1.7702568567886678e-05,0.49153527688640636
2573,1.7642212171940653e-05,0.4915371938504849
2574,1.75843537123603e-05,0.49153727826114463
2575,1.7520043981994067e-05,0.49153568601868125
2576,1.7454799997372745e-05,0.4915367007806744
2577,1.7394104370945216e-05,0.4915346643585399
2578,1.7331255255344883e-05,0.4915327020819788
2579,1.7273372492361868e-05,0.4915324777319739
2580,1.7216617193749693e-05,0.49153459128735405
2581,1.7157375275262128e-05,0.4915360224311614
2582,1.7100409775013847e-05,0.49153510935657047
2583,1.703502809704049e-05,0.4915341155118677
2584,1.6971382766202198e-05,0.49153276831381815
2585,1.691233307836851e-05,0.4915346019452552
2586,1.684611602136324e-05,0.4915343007730436
2587,1.6795830597250827e-05,0.49153623619396286
2588,1.673227162645701e-05,0.49153700181517745
2589,1.667589054914302e-05,0.4915376229999797
2590,1.662487266436869e-05,0.49153636531653855
2591,1.656024974146173e-05,0.4915372855381761
2592,1.6500522985260165e-05,0.4915375087190685
2593,1.6450736846869223e-05,0.49153691877491984
2594,1.6388266153402177e-05,0.4915366300894535
2595,1.6330626133721624e-05,0.49153833395566304
2596,1.6279625700251205e-05,0.4915372556280498
2597,1.6220971256914742e-05,0.4915357315702627
2598,1.616805408314842e-05,0.4915391209779873
2599,1.6117089449356378e-05,0.49154313044665354
2600,1.605833036060149e-05,0.4915408307768527
2601,1.599732740727424e-05,0.4915393944333036
2602,1.5936621091239895e-05,0.49153887530565266
2603,1.5882224559586344e-05,0.49153800151032495
2604,1.5817124244913932e-05,0.4915400455742276
2605,1.5772943698449823e-05,0.49153948711888407
2606,1.571504143037838e-05,0.49153643451108736
2607,1.565970239426511e-05,0.491534997087562
2608,1.559979273476848e-05,0.4915354059852268
2609,1.5545789199656466e-05,0.4915322036431995
2610,1.5496563076308133e-05,0.491531725453371
2611,1.5444349543214793e-05,0.49153016280871037
2612,1.5393295363150882e-05,0.49153129167826215
2613,1.5332203246576997e-05,0.4915314384223985
2614,1.5280046661467953e-05,0.49153143114485165
2615,1.5230071541869484e-05,0.4915340456590129
2616,1.5177479381664724e-05,0.4915345540424706
2617,1.5116867306303808e-05,0.49153428600640436
2618,1.506386620004994e-05,0.4915339420712937
2619,1.5015353183741626e-05,0.4915323042079279
2620,1.4959078278049799e-05,0.49153318754920083
2621,1.4903635321519488e-05,0.4915334644602669
2622,1.4841304836341125e-05,0.49153362269387135
2623,1.4791533046154564e-05,0.49153417800009774
2624,1.4739452298342707e-05,0.491532933611907
