epoch,train_loss,val_loss
1,0.963150302619095,0.973634065164054
2,0.9304122152567237,0.9440196475761065
3,0.9008635879416408,0.9169008274048479
4,0.8720480883914989,0.8900754752153438
5,0.8437329568927995,0.8648551736301906
6,0.8178597233698383,0.8413514720442558
7,0.7948335136381549,0.8206260357902251
8,0.7723756468594611,0.8016662991547404
9,0.7519906849699477,0.7835826321495437
10,0.7330370202574673,0.7671811322113653
11,0.715653486783365,0.7528516704917649
12,0.6986443424234383,0.73842467516007
13,0.6805558293101235,0.7236039632118855
14,0.6648617216134892,0.7097239212583819
15,0.6507608799584017,0.6987160715337888
16,0.6364986159920107,0.686758267829796
17,0.6230447163135632,0.6764381525602603
18,0.6115228582995298,0.6679048389649919
19,0.6000812139975434,0.6586783238747853
20,0.5890895182627158,0.65037383973922
21,0.5787578807913287,0.6422921425826675
22,0.5677087851691667,0.6349579049188099
23,0.5574184461796413,0.6271064381360959
24,0.5486216784575179,0.6201592326414284
25,0.539775023625737,0.6138357616386413
26,0.5311501150848482,0.6066294803363307
27,0.523940641721527,0.602312879846103
28,0.5159811956150236,0.5960320698807976
29,0.5093701805945745,0.5920485535034008
30,0.5021951704548424,0.5870689955183909
31,0.4953170036069333,0.5826054618037679
32,0.4885768121701898,0.5779301284604814
33,0.4819791310116663,0.5734670742055119
34,0.47546453825558954,0.5692818399160083
35,0.4695221613958365,0.5649512506848542
36,0.46366079665449345,0.5601272040602061
37,0.45779909285079234,0.5563298518181087
38,0.45285205262707784,0.5529192322228572
39,0.4476418301833099,0.5498537547714764
40,0.442349454387356,0.5457948467692882
41,0.4372630754988107,0.5426844253059676
42,0.4323013543429366,0.5397442937629622
43,0.42783288115142987,0.5368051024144874
44,0.42324004239938734,0.5335608100318749
45,0.41900332292371134,0.5307366036767974
46,0.4146560216534418,0.529060872373913
47,0.41089161301498317,0.526167522938431
48,0.40707951766516487,0.5248432994711406
49,0.40349883676886117,0.5233224281846919
50,0.3999930284441249,0.5209623279210052
51,0.39617485188706764,0.5183402535847204
52,0.39230087904433364,0.5164124086750856
53,0.3885001393601161,0.5146441055034243
54,0.38513558685181715,0.512550439505429
55,0.38197408708675923,0.5111508267634192
56,0.37876599958217855,0.5095048284132029
57,0.3754036819512712,0.5075303133925286
58,0.37220135844315505,0.5062708164602787
59,0.3691515189477515,0.5050054184216978
60,0.36608012139982243,0.5034390307303224
61,0.3631127817537897,0.5022081657522252
62,0.36010681530538424,0.5011074584356018
63,0.35719106124584216,0.49980471068685567
64,0.35428062557639295,0.4983019662327149
65,0.3513362275334144,0.4970438579072081
66,0.34875242125095307,0.49575499361395536
67,0.3457498131966366,0.49419772975514903
68,0.3429628335718455,0.49291921130972854
69,0.34018284222693146,0.49158442150500387
70,0.33751352623700254,0.4906899188783171
71,0.3348408690385022,0.4891577605228252
72,0.3320316743093725,0.48761066126841524
73,0.32963491191189964,0.4867594172057429
74,0.32711098098941027,0.4860947990395524
75,0.32453139667043296,0.4850613801435475
76,0.32216315317935723,0.48438094759593037
77,0.3197268969270784,0.48317555075822416
78,0.3172193616167847,0.48243858142244694
79,0.31499835157464345,0.4812422205385814
80,0.31251959941629553,0.4793638671346057
81,0.3102429159965897,0.4781973065758566
82,0.3078609139612991,0.47723759629761076
83,0.3055944433056953,0.47627389416781774
84,0.3033753971371942,0.4754326224365353
85,0.3010353814320281,0.474418344997046
86,0.2988852290713065,0.47354588332486275
87,0.2966393839211192,0.4726726706515313
88,0.29450244874717946,0.47134658821188496
89,0.29236839579526663,0.4711187961529514
90,0.29025613971163955,0.46999206035510743
91,0.2883007544791214,0.4690061242792818
92,0.2861656909718405,0.46851815635927857
93,0.28402961675504784,0.4674723145442614
94,0.2821054759964574,0.46695971356516636
95,0.2801158954552554,0.4663594308619398
96,0.2780892895659371,0.4652922111829674
97,0.2761306791703764,0.4643005114916979
98,0.2742615343912486,0.4635139505888348
99,0.2724002859473538,0.4628419756196563
100,0.27045065935540435,0.4624245770042047
101,0.2686575899482581,0.46176939733354366
102,0.26682073144131097,0.4611199331560388
103,0.26515522237213895,0.4605865516849705
104,0.2633552069357647,0.4599760337428258
105,0.2615515643049554,0.45948024422614697
106,0.25975701017989244,0.4588400410399092
107,0.2579730556787011,0.457697707119481
108,0.2561722532753627,0.4572629539924884
109,0.2544916820752302,0.4568295959398329
110,0.2528055570438843,0.4565569513837212
111,0.251121513878232,0.4563056881412584
112,0.249448621359575,0.45599469500515527
113,0.24789541159575196,0.45535648043499544
114,0.2464112358116095,0.4553500520410957
115,0.24474534800963108,0.4550430336404873
116,0.24325855172296967,0.4549113078046426
117,0.24179368049107175,0.4547017385232137
118,0.24029497763854468,0.45417492172876234
119,0.23866877293654265,0.45351148018850357
120,0.2371330247896106,0.4528409194336676
121,0.2356889981146696,0.45257246891091774
122,0.23408902767624964,0.45219746511411607
123,0.23258561900524782,0.45160003939838395
124,0.23104404022224484,0.45052238994702226
125,0.2295096478599006,0.45026600256094834
126,0.22802132272412654,0.449505404853067
127,0.2265394917197705,0.44887038501013893
128,0.22511489854765468,0.44873539899459564
129,0.223642460733232,0.44851697918231703
130,0.22213571252471442,0.44812963828293223
131,0.2208317781013141,0.4478943987505796
132,0.21952964230785457,0.44770970334604504
133,0.2181890551530958,0.44767518460751876
134,0.21689981352718538,0.44734038328295495
135,0.21560652657620358,0.44737253355366247
136,0.21427437534368385,0.4468243758356289
137,0.212903282450218,0.44631599629951174
138,0.2116725013737677,0.4458072702463245
139,0.21032734511932366,0.44538948388177074
140,0.20904061223878406,0.44539309446992353
141,0.20774002049302093,0.44517173073907534
142,0.20644089920533745,0.4449145798446149
143,0.20519585670246326,0.44428988559333815
144,0.2039543426648764,0.4441182327358809
145,0.20275655803473003,0.4438005800212501
146,0.20166583868942564,0.443389862519536
147,0.20047276363235214,0.4432005488563218
148,0.19933186105000167,0.442744781638438
149,0.19815115186204066,0.4426654369465802
150,0.19686640737333816,0.4423604096857243
151,0.19568754292529464,0.4416180545962568
152,0.1946183048880936,0.4413927724252743
153,0.19343696337181945,0.441241097917372
154,0.19236370018864662,0.4409264856300631
155,0.1912535317927351,0.44062517085657116
156,0.19013992596453239,0.4403473619146702
157,0.18896383933531377,0.4402683017308693
158,0.18796986066997057,0.4400458420952897
159,0.18685470297112122,0.43958690609303375
160,0.1857720657718796,0.43933130567851103
161,0.18457869313368416,0.43899975950597725
162,0.18352698023664457,0.43876215497943327
163,0.18250135888153726,0.43840086589350835
164,0.18140425600217666,0.43856765196531833
165,0.18035504438062255,0.43834042399743195
166,0.1792539857778601,0.437892411795376
167,0.17810923266623938,0.43761342446027
168,0.17702460794145072,0.437310546687905
169,0.17602764037361338,0.43691948750485265
170,0.17499431423498288,0.4367387880818604
171,0.17400680668899063,0.43649363713923134
172,0.17296543162542236,0.4360875705017103
173,0.1719956094980169,0.4356551290541827
174,0.1709722420637122,0.43525697149750847
175,0.1700200843376391,0.43509308517470174
176,0.169003874589946,0.4348981867704525
177,0.1680411483294933,0.4347006016190337
178,0.16707455737915883,0.43426996051782213
179,0.16611468790909803,0.433971651515979
180,0.16524173864507594,0.43375352152994007
181,0.1643167944917134,0.43378367902382925
182,0.16342573181886214,0.4333039817586964
183,0.1625593148374438,0.4333064834594904
184,0.16162701561129308,0.4331748171659267
185,0.16065510774760733,0.43268802588304395
186,0.15969705855473892,0.4322606875849258
187,0.15874931079538873,0.4318869296970821
188,0.15790297236681486,0.4318609652277148
189,0.15709523388039803,0.43175095356111526
190,0.1562274840421938,0.4317441465035502
191,0.1552904607979028,0.4318563441891465
192,0.15447288293598643,0.4315015311103753
193,0.15360075040211713,0.4314814376070391
194,0.1527804784131001,0.4316308254617789
195,0.15187156116443104,0.4311735993197851
196,0.15102580438968752,0.4308361531663663
197,0.15012953704697785,0.43054192398857116
198,0.14934572028099377,0.4303204858058201
199,0.14853808707196273,0.430222322638495
200,0.14769368821066714,0.43001514617169034
201,0.1469739171506872,0.42954552908896265
202,0.14619105520345616,0.4291380979054657
203,0.14536607536119123,0.42892048398106586
204,0.14458944156767217,0.4290403526601956
205,0.14382267405000693,0.42871100441937565
206,0.1430225596366835,0.42838878997274155
207,0.14229355404833555,0.4281940714138267
208,0.1415651602795025,0.428151886081444
209,0.1407702570102107,0.4280117515050191
210,0.14003650411422436,0.4275716193199246
211,0.1392504330550969,0.4273808632764054
212,0.13849938996404307,0.427312918968488
213,0.13771342567933043,0.42700160497473877
214,0.13695026316670483,0.4268183976438039
215,0.13617080005024068,0.42660196399514316
216,0.13548404076176954,0.4264977805764785
217,0.1347529368455169,0.42631527920748485
218,0.13404626786243004,0.4257821552976682
219,0.13335726491952804,0.42555350125959296
220,0.13264444767035055,0.42542053490136694
221,0.13193172979999035,0.4254676883141742
222,0.13122302472394076,0.42552391543849266
223,0.13050410832144696,0.42532203272406177
224,0.12978471792411175,0.42514032704981586
225,0.1291213149194144,0.4249279679539731
226,0.12841171648258162,0.42493165914353176
227,0.12773753288213407,0.42491249009663695
228,0.12710392441099808,0.4249295387552593
229,0.12648667512406422,0.4249896037527253
230,0.12577529128418258,0.42476168894391125
231,0.12510439072772514,0.42472207824760383
232,0.12443537110957742,0.4244634670490944
233,0.12378649007605882,0.4245088166124859
234,0.1231346222853538,0.4245425555921022
235,0.12247207871811956,0.42442475012574304
236,0.12179113140901296,0.424271921118204
237,0.12116318281502958,0.42404754112981213
238,0.12052212228289337,0.4237827893047364
239,0.11985070669188634,0.4235830159670439
240,0.1192170660081179,0.42337942682854474
241,0.11860986501668047,0.42320662923447117
242,0.11799680935053197,0.423194954840354
243,0.11737707137155932,0.4231814225786199
244,0.11681585246106645,0.42308685156815345
245,0.1162022829176625,0.4233020274664231
246,0.11554543018108918,0.423363838877026
247,0.11495531812166464,0.4232014000179948
248,0.11433583989811963,0.4231153813525975
249,0.11373025820331463,0.4229331543089838
250,0.1131647090750736,0.4227731020976704
251,0.11259462709665036,0.42262866196635124
252,0.11201178734279421,0.4226351142960803
253,0.11142223475445341,0.4224080143118239
254,0.11085273722288286,0.4220265289356319
255,0.11023466672300412,0.421952699065284
256,0.10970540379492859,0.4218096807942273
257,0.10911584533909063,0.42181085008106206
258,0.10850643246950674,0.4218573702052247
259,0.10796835333293384,0.4217922867504323
260,0.1074597276216928,0.4219631793416565
261,0.10689298820892662,0.4218081491691937
262,0.1063359663478811,0.42172589511201997
263,0.1057963200874328,0.42161180921487973
264,0.10520218839282386,0.42155651285712625
265,0.1047025765047952,0.42157155008673125
266,0.10415067964294955,0.4213712034484177
267,0.1035896048096207,0.4212255243234199
268,0.10301864747501772,0.42090160376828745
269,0.10250457957710048,0.4207230550079632
270,0.10196897454302252,0.4204031921690096
271,0.10149592494431453,0.42023227307783206
272,0.10097454089077995,0.4203252181831937
273,0.10053055077563416,0.4203055733518173
274,0.10006644329762213,0.4202685237233649
275,0.0995672549429243,0.4201436548804223
276,0.09905378603090764,0.4200116862662161
277,0.09857407555200226,0.41989204592183915
278,0.09808880970247263,0.4199616028448393
279,0.0976144352439709,0.42016244228095717
280,0.09715903497715822,0.42016604029673127
281,0.09666103910316326,0.4200797942872876
282,0.09618465872149565,0.4198000764188365
283,0.09567900519418605,0.41953094392247336
284,0.09523044614167563,0.419691343008871
285,0.09476050213043902,0.4195221164127692
286,0.0942695578624314,0.41936578499799027
287,0.09379733352561544,0.4193357917870977
288,0.09332296036183746,0.4192836467729587
289,0.09288624772481552,0.41909979798454083
290,0.0923827316543742,0.4190628433850264
291,0.09188865367261921,0.41901237960329507
292,0.0914421627385639,0.41890014413941545
293,0.09101781635916865,0.41873126822105156
294,0.09053523297605548,0.4187120087344007
295,0.09010090227560023,0.41886843044187017
296,0.0896959885216078,0.4189204248758855
297,0.08925282879803181,0.4190281582519988
298,0.08879313343014845,0.4189140204494483
299,0.08831768396473813,0.41879828815942394
300,0.08782812600278132,0.418620619847881
301,0.0873771763672021,0.41859069532149223
302,0.0869365463033692,0.4184458465593451
303,0.08653225847005003,0.4183191573342891
304,0.08607978003503734,0.41828126711439656
305,0.08567712010428584,0.41808048196831443
306,0.08525083664607086,0.41800543481567487
307,0.08478785486299803,0.4179812564229334
308,0.08434316986292327,0.41810727979629
309,0.08395934598268902,0.4178877050679443
310,0.08355470332856978,0.4177420946719844
311,0.0831237312315337,0.41755183063502943
312,0.08272954367220277,0.4173710744805903
313,0.08226967896276424,0.41707501540061254
314,0.08187587761347878,0.4170941401554732
315,0.08150458943367346,0.4172184582272781
316,0.08109913527755024,0.41714606351882527
317,0.08071107956326765,0.4169627895182262
318,0.08029034882115649,0.4165554209985655
319,0.07989045696547573,0.4164106174216732
320,0.07948702162142454,0.4162537129523584
321,0.07907732744500003,0.4162814847857625
322,0.07864689130241481,0.4160816090013325
323,0.07825542846270567,0.415955750824019
324,0.07782387045836206,0.41597154568569433
325,0.07744961554814213,0.4158653854853196
326,0.07710194159753547,0.4158400446966302
327,0.07675395221920517,0.4158194826956623
328,0.07635840899835633,0.41574316893670504
329,0.07598381080651656,0.4155632977712981
330,0.07559370265068735,0.41553623972733794
331,0.07522747818954738,0.4156275012327085
332,0.07483688022160616,0.4154479966831312
333,0.07448385251298187,0.41532189345157605
334,0.0741300260589289,0.4152040204493084
335,0.07376281016936394,0.4150639643204642
336,0.07339469344535261,0.4150643033434978
337,0.07304437023533757,0.41489776279328683
338,0.07271418214343187,0.4148340068107599
339,0.07235522759878235,0.41479968356736585
340,0.07202638980414512,0.4147087837823688
341,0.07168279263743643,0.4145965529362964
342,0.07135940852711185,0.4145901003884704
343,0.07100418959782868,0.41460442674904513
344,0.0706996281465413,0.414546933932294
345,0.07036754984608665,0.41458888445480424
346,0.07000593314634593,0.414556721349309
347,0.06963549929913065,0.4145135917487788
348,0.06924549275591298,0.41434075110104623
349,0.06889493254543202,0.41429536838393627
350,0.06853630926315848,0.4142136354984624
351,0.06820132900354318,0.41426442472434044
352,0.06790131630077068,0.4143586874267479
353,0.06753784614943834,0.41425810355612436
354,0.06720702097832951,0.41409256454383214
355,0.06685545752472818,0.4139600987329722
356,0.0665181061414672,0.41383807109244203
357,0.06616506195177894,0.4136613372706261
358,0.06585219447179898,0.4135432471844824
359,0.06551987553723194,0.41353049137870534
360,0.06523904287728444,0.4136069557288779
361,0.06490876402417114,0.4135487286318471
362,0.06458744942155357,0.4135087276109405
363,0.06429373225609394,0.41353497417302304
364,0.06400695596393945,0.4136462009118468
365,0.0637312916444233,0.41364499793876525
366,0.06340940221155357,0.41354432697497484
367,0.06308173932004041,0.41348338316977107
368,0.06280022286405264,0.4134618739922806
369,0.06250933669763879,0.4135162386901513
370,0.062207449567324345,0.4134670063365329
371,0.061948811607015285,0.4134348141883666
372,0.061672624225762855,0.4133537056298103
373,0.06138660817139293,0.4132951124358365
374,0.061077551256003726,0.41324157292247654
375,0.06078377484213423,0.41309236392784376
376,0.06047694451571296,0.41305631075341737
377,0.06021718975154837,0.412882512982602
378,0.059913389794524964,0.41286084279924806
379,0.05963714955426346,0.41286872760712606
380,0.05933749304120586,0.4126576372195936
381,0.05905823542345628,0.41257428338245283
382,0.058771942111520814,0.41247922062473574
383,0.058516332239581845,0.4126054150258886
384,0.05826870728660556,0.4126263742306064
385,0.05800467040429131,0.4125030747972831
386,0.05772366173281956,0.4124110908477452
387,0.05743944033517287,0.41235540857664815
388,0.057210446864942456,0.41228105236016327
389,0.0569436529958061,0.4123802093358922
390,0.056685831284884775,0.4123389431557228
391,0.05642169558915741,0.41206597405340706
392,0.05615151764708086,0.4118305414873087
393,0.0558929709614121,0.4118337002533339
394,0.05563390834602851,0.4119251654463986
395,0.055388844511166775,0.41176576964002387
396,0.055123996662058736,0.41171068833252233
397,0.05484526132663679,0.41168664625417123
398,0.054577750411230815,0.41143419704646733
399,0.05433218588747335,0.41126023661483235
400,0.05407547200814024,0.41121141889900287
401,0.0538106948929479,0.4111162442571922
402,0.05355116621614367,0.4110150232308375
403,0.05329351239875064,0.41088791096665805
404,0.05306918726464436,0.4109020917246363
405,0.05280188937208198,0.4109468678594436
406,0.0525769963457128,0.41103453426111264
407,0.05233672474059167,0.41117564678991136
408,0.05208360681040843,0.4112520211213496
409,0.051823983078295034,0.4113196060893428
410,0.05158011537989014,0.4113609102468672
411,0.05133927151946763,0.411419179926591
412,0.05109557347699191,0.4113123818707209
413,0.05082758981189246,0.41130992151614415
414,0.05058241508231992,0.41147366384986006
415,0.05035403077229612,0.41138729281737046
416,0.0501202556357362,0.4113664198970088
417,0.04984155938305407,0.41124729459204634
418,0.049587039722654734,0.41115934811883476
419,0.04934128256591393,0.41114089574170526
420,0.04909518090998681,0.4110514644539695
421,0.04887174918814773,0.41108229171865707
422,0.0486447335095642,0.4110459127585867
423,0.04840535637888176,0.4109688994583672
424,0.04820448957833792,0.4111388421466082
425,0.04797722054881257,0.4111620023213166
426,0.047757985847173494,0.41099065114676475
427,0.04754226171107198,0.41093948134329017
428,0.04731507607265037,0.4110031974882296
429,0.047116052236838714,0.4110104581817379
430,0.04689367870169017,0.41086199707511106
431,0.04669300429312413,0.41093660438363505
432,0.04646984297290191,0.4109931253389031
433,0.04626970538792465,0.411036318582999
434,0.04604753380453064,0.41110046003239237
435,0.04583866951852064,0.4109172645107419
436,0.04562010630068787,0.4109673761061576
437,0.045402497485647765,0.41096155504845644
438,0.04519380285003351,0.41090093712881237
439,0.04498989527187625,0.41092479885063854
440,0.04480089719427359,0.41085330309972035
441,0.04458927268046611,0.41088362641426374
442,0.04438549722362887,0.4108713422356764
443,0.044178349214903496,0.4108102457837804
444,0.043979886151721596,0.4107279594202145
445,0.043782667945633486,0.4107966772625878
446,0.04358226275552724,0.41056962342170383
447,0.04338515922675082,0.4105142021024668
448,0.04316608325238411,0.41039601298577677
449,0.04297703902501729,0.4103971352792082
450,0.04277893731612931,0.41034081636745207
451,0.04257096375680736,0.41027642642685513
452,0.04237379518323885,0.4103446734295947
453,0.042175781326017174,0.41029895515231724
454,0.04197210361645448,0.41030544863121055
455,0.04176467597351553,0.4104064364927227
456,0.04153943670339201,0.4103404225257503
457,0.04135069975610354,0.4104067993155914
458,0.041159017923847324,0.4104608846781308
459,0.040979206789046124,0.41035700826217647
460,0.04077649786324121,0.4103567070615571
461,0.04059954253675682,0.4102844472000306
462,0.04043007869151945,0.41026334255618835
463,0.04024824381749694,0.41021395055621035
464,0.040078840425109154,0.41020934451174523
465,0.039904590478584634,0.41017288434757443
466,0.0397122134577689,0.4101413429214706
467,0.03954721518434051,0.41017135682099226
468,0.039362422490401915,0.41018204349431864
469,0.0391930509348214,0.4100663974554547
470,0.039029316011559394,0.41007797619040937
471,0.03886334770259204,0.41006752495768306
472,0.03869265995991954,0.4099958088925112
473,0.03851136124569342,0.41000968949579436
474,0.03833634719395921,0.4099454944858179
475,0.038154686585260666,0.4098406290328392
476,0.03798466160358099,0.4097766876171692
477,0.037829701945518844,0.40978264830592254
478,0.03767144115691677,0.40975462299001003
479,0.037502379228130045,0.4097488436773453
480,0.03734554593311259,0.40969243277476997
481,0.03717091069643853,0.4097041718806522
482,0.037014579495123455,0.4096068672812448
483,0.03684230237661838,0.40953423462088406
484,0.036671760038419085,0.4094669308540909
485,0.03650805406606444,0.4094008777287364
486,0.03634375801901478,0.4093178054100398
487,0.03617833391246498,0.40931315759285675
488,0.03602714577649618,0.4092233080720175
489,0.035870208730542405,0.40928114566066087
490,0.035722193945749325,0.4092060722988012
491,0.03557226877695212,0.4092386856343358
492,0.035405825396947865,0.40930187837289983
493,0.03523786578518872,0.40922169075164694
494,0.03507787205858778,0.40930962985610375
495,0.034926201639443794,0.409296460635956
496,0.03475657954246693,0.4091424550415851
497,0.03459605281775644,0.4091007964336569
498,0.034441317871539194,0.4090292951005209
499,0.034280204497148116,0.4090706196958747
500,0.034128752632167046,0.4090234812563557
501,0.033990263860868286,0.4089583041343527
502,0.03384370583786451,0.4089934232922026
503,0.0337013770680742,0.40893533765354156
504,0.03354197875511858,0.40881943607670546
505,0.03339126615327904,0.4089070639619753
506,0.03325220006949226,0.4089518187026033
507,0.03309514029386695,0.4089552596520845
508,0.03295982646372584,0.4089569685789515
509,0.03281434376910556,0.40892259832194233
510,0.0326616229586927,0.40900369397720787
511,0.03252667216017643,0.4090136981994619
512,0.03238067345306896,0.40887278213818745
513,0.03223363030925401,0.40887200494460585
514,0.03208854319437413,0.4088687088511021
515,0.03193458458043132,0.40891038615673625
516,0.03178565131222544,0.4089001743922247
517,0.03163888548399699,0.40883870927496885
518,0.03149764124179619,0.4087536629711863
519,0.03134576492314613,0.4087759353807105
520,0.031219310884954533,0.4087700956497383
521,0.031088618672791075,0.40882122842738294
522,0.030966632563486526,0.40892094862636164
523,0.030824470358657693,0.40884995838156085
524,0.030685654690507016,0.4089141429252497
525,0.030555636274752534,0.40886884130096884
526,0.030415413403808947,0.40882732220079576
527,0.03028394095139402,0.40879595973483257
528,0.030142023968433126,0.408907752479048
529,0.03001852213254376,0.4088916125282554
530,0.02988677703115347,0.4089462852805472
531,0.029747478531227462,0.40889405472220786
532,0.029613766696946053,0.40889226934620937
533,0.029476118681610937,0.40884479493232817
534,0.029348404433193056,0.40882814070726875
535,0.029210824367300926,0.4088162303420459
536,0.029081225778521326,0.40871635864055683
537,0.028951706927503294,0.40872554442607895
538,0.028826619815840126,0.408758344615854
539,0.028698095498199357,0.40875599079463454
540,0.02856170366497339,0.4086684891166503
541,0.028415855117089557,0.408708343653347
542,0.028280042396574646,0.4086670867890199
543,0.028151063164937314,0.4087225511115628
544,0.02803175135054125,0.40863107835231977
545,0.027914302777049482,0.4085994518473276
546,0.027785893514164918,0.40856580326518893
547,0.027665243701672212,0.4085278008999061
548,0.02754110973590317,0.40861356624564915
549,0.027418618540040834,0.40860969076669684
550,0.027294198435186576,0.40864888237796493
551,0.027171886700773768,0.40845193663962265
552,0.02705565380653277,0.4084555208805277
553,0.026928355868518095,0.4084141547464465
554,0.026807015668889524,0.40835620369085274
555,0.026690191735510595,0.4083994992517817
556,0.026574362819064057,0.40847662883715546
557,0.026468436393662836,0.40853251696857623
558,0.026358815365362755,0.4083550759310924
559,0.026250696512312457,0.4082707122866448
560,0.026130624725686818,0.4083306034460634
561,0.026008150106648958,0.4083749800293495
562,0.025904213924398248,0.4084405428263746
563,0.025792238332642808,0.40844634688851666
564,0.025668772813822766,0.40849312797022036
565,0.02555136516941373,0.4084446145603585
566,0.025438268626796788,0.4082722847833527
567,0.025329897043835484,0.4082632219973438
568,0.025216068509027596,0.408128667929585
569,0.02509591591718908,0.4080597497856766
570,0.024983716175990357,0.40811269006559614
571,0.024874834676024575,0.40798449351486227
572,0.024779100561505493,0.4080313713507088
573,0.02467529069572205,0.4079291738546642
574,0.024574336325217924,0.4079446595049086
575,0.02446528503590671,0.40787783344061956
576,0.0243642877046627,0.407974713467942
577,0.024266918752290995,0.40793093362679306
578,0.0241616052697104,0.4079248631321182
579,0.024057628028603503,0.4078849305257389
580,0.02395751250191518,0.4079679530724377
581,0.023864770909745068,0.40792736367174887
582,0.023761815984592278,0.40798485604490725
583,0.023654192985233795,0.4080193433550206
584,0.023539052338854168,0.4079226165698826
585,0.023427970179619437,0.40793783488472163
586,0.02332588244725562,0.408004780000587
587,0.02322516667979458,0.4080683782386743
588,0.02311823201943088,0.4080498247667452
589,0.023018723417072114,0.4080792665244864
590,0.022928293186540345,0.4081005191467328
591,0.022830937651887193,0.408174684015728
592,0.022733751257385932,0.40823326105676033
593,0.02263881582016637,0.40807021186817877
594,0.02253124590887883,0.4079676344295385
595,0.022437385854694774,0.40793422695849885
596,0.022337169589843307,0.407948924301146
597,0.02223184379044213,0.40783148844854583
598,0.022126105868896444,0.40775053639955094
599,0.022025410572163652,0.4076490894219185
600,0.021935943886441205,0.4076441743434149
601,0.02184124349860014,0.40761737805360826
602,0.021741288672481287,0.40767172057506573
603,0.02164614481195825,0.4075887996799893
604,0.02155904476146552,0.40759116225772796
605,0.021456438929059515,0.4074805119758569
606,0.02136511105887615,0.4075673850949613
607,0.021258828123110477,0.4075497082161462
608,0.021153865447927873,0.4075658673875278
609,0.021059412551055,0.40761048183818166
610,0.020959590773440433,0.40752577307310667
611,0.020864163909395377,0.40737089203357413
612,0.020758422778770148,0.407262630287397
613,0.020663265454897137,0.4072278928439645
614,0.020576074136141737,0.4072219838389726
615,0.020480714683056383,0.4072714389870505
616,0.020399229005311836,0.4072862595294693
617,0.02031299282337753,0.40725806638545536
618,0.020228617826337815,0.40724200074346073
619,0.020151425450453394,0.40717023486830367
620,0.020073451349855508,0.4072067337816624
621,0.019987751540101736,0.4071699164032914
622,0.01990793660434115,0.4070928377587224
623,0.019821876987165248,0.4069706218977229
624,0.019736072079743983,0.4069301151563
625,0.019645811146194528,0.406937429160131
626,0.019554024144963007,0.4069195126061404
627,0.01946091651950294,0.40687449593001357
628,0.019381888602501576,0.4068512840948735
629,0.019289477330468003,0.40693706439539273
630,0.019210132419784934,0.4068776362687945
631,0.01911985628375475,0.40688443771178195
632,0.01904404567024984,0.40693707397396406
633,0.01897586024162189,0.4070036890480545
634,0.018892865784945423,0.40694935249920655
635,0.01880855405571809,0.4069054210595116
636,0.018726261267365613,0.4068647796298385
637,0.018651122080634953,0.40685652730375793
638,0.01856414621938462,0.40683802535298585
639,0.01848298843738852,0.4068060479476826
640,0.018399076341275505,0.4068532952199887
641,0.018329129514807686,0.406995970916852
642,0.01824833393260789,0.40694927122452507
643,0.018157912162359915,0.4069087031532453
644,0.018082589718150036,0.4068896531006711
645,0.018006671770146948,0.40697624631639456
646,0.01793079508711049,0.4069813234468614
647,0.017857325841442822,0.40691722635295235
648,0.017786041012580113,0.40692702759164573
649,0.01771162908905844,0.4068975212189292
650,0.017639051079259775,0.40689071278781463
651,0.017566513050466078,0.40680729964222134
652,0.017497339348872452,0.4068208961538528
653,0.017424042371887445,0.40676880758878337
654,0.017346698144284325,0.4067931630565383
655,0.01726667834227567,0.4067674382132987
656,0.01719399448548931,0.4067542329062927
657,0.017115373213895398,0.4066585485943828
658,0.017047376256853236,0.40666106334046237
659,0.016969028888705977,0.4066300116207811
660,0.016905684282003904,0.4066351435921673
661,0.016836550444490346,0.40653100065329795
662,0.01677220643228437,0.40657710534077046
663,0.016702146892905355,0.40661612745129183
664,0.016633547825907008,0.40662935526487903
665,0.01657020470954951,0.4066362414401253
666,0.01649573664797006,0.40659646493462315
667,0.016420165991981137,0.4065277877079012
668,0.01635319773597524,0.4064495436024539
669,0.016283558718713488,0.4064503700815288
670,0.016214324429231285,0.4064467648936012
671,0.016134493081518594,0.4063901031549189
672,0.01606447122353672,0.4064162049011386
673,0.01598767040799844,0.4063633041150604
674,0.01592580871380727,0.4063823871375062
675,0.015854398973442176,0.40635746180792554
676,0.015799422878654885,0.40631707301409803
677,0.015722016935718317,0.4062489415896176
678,0.015652501728576018,0.4062150328144928
679,0.015585971760506537,0.40624910269687664
680,0.015524854181392668,0.40622254905541816
681,0.015453386157227748,0.406184561110569
682,0.015393019183956398,0.4062221495833042
683,0.01532580372219269,0.4063004716516668
684,0.015258483977949816,0.40632026356419243
685,0.015192168947361214,0.40640067358958226
686,0.015125827640095183,0.40632647551087225
687,0.015070232941777579,0.4062907090008718
688,0.015010992223287542,0.4062885728700031
689,0.014946826897572851,0.40632561832044267
690,0.014882269170539248,0.4063056418480472
691,0.014816892033798655,0.40631028470738606
692,0.014752666238489958,0.4062829213426515
693,0.01468636843614121,0.4061783006729802
694,0.014621256455095906,0.4061846353621098
695,0.01455943247386393,0.40622935635661594
696,0.014493887563740584,0.4062068242971931
697,0.014428081804851691,0.40621899185088894
698,0.014368437471131574,0.40618655065110315
699,0.014304720530386256,0.40617863086233347
700,0.014247077914790122,0.4062418093780908
701,0.014183201874341767,0.4062604241182616
702,0.014122374756879325,0.4062110901902347
703,0.014053497368407927,0.4061942090709022
704,0.013992914687505046,0.40611689045448485
705,0.01393008033840965,0.40610218213770355
706,0.013870700983727308,0.4061239089894244
707,0.013807921316426523,0.40610574855817116
708,0.013752645553264997,0.40609416584436786
709,0.013703870835817162,0.40607898891011235
710,0.013643488608281207,0.40608150659567555
711,0.013579916387845592,0.40600477169258353
712,0.013528388120434817,0.4060125010997961
713,0.01346875385207826,0.40595599458862797
714,0.013414076571181863,0.40605496281312903
715,0.013355361152609322,0.40601926679303335
716,0.013297669623943157,0.40607813285465866
717,0.013243087980387298,0.4060519671043793
718,0.013187471076835702,0.40603335250902106
719,0.013126245945847393,0.4060078622330122
720,0.013066244908667183,0.40608063172185344
721,0.013014890315839689,0.4061345684490314
722,0.012961728847719182,0.4061567185412458
723,0.012907614103826067,0.4061311260309769
724,0.012856179451136871,0.4061973148046454
725,0.012799723432429263,0.40623451393079285
726,0.012741882685862255,0.406233322309231
727,0.012691215390026215,0.4062148584816793
728,0.012640436424413886,0.4062062859575086
729,0.01258924921434864,0.4061956284499906
730,0.012529285823846518,0.40618303708408865
731,0.012477719293813888,0.40622190662889174
732,0.012423186718978112,0.4062445647100564
733,0.012374009319545564,0.406207292177025
734,0.012320667734806312,0.406205575001204
735,0.012265878835415165,0.40615970912350363
736,0.012214935681072826,0.4061052589560072
737,0.012164157409254065,0.40605601491272686
738,0.012106724649963266,0.4060349381497985
739,0.012047924562631146,0.4060483268847911
740,0.011993878637339172,0.40602320754524024
741,0.011937131339497191,0.40596836955530613
742,0.011885053931833508,0.4059684690784156
743,0.011830556153534575,0.4059153926720404
744,0.011780625499276694,0.4059007663240813
745,0.01173288666269319,0.4059390441034283
746,0.011683988308628889,0.4059320230130625
747,0.011630146458039031,0.40591440556631037
748,0.011578034770192386,0.4059277255988526
749,0.011527880284763321,0.40596472325283955
750,0.0114837575711969,0.4060006788872256
751,0.011438822602013118,0.40601431954947526
752,0.011390349765190919,0.40604685363419457
753,0.011346505759628759,0.40603577401297364
754,0.01130410787279059,0.4059807635235364
755,0.011260266870834692,0.40598274822891517
756,0.011213115252405478,0.4059759149082605
757,0.011163903974588357,0.4060214267465352
758,0.011118185235211313,0.40600255785443506
759,0.01106929043824657,0.40599192744664353
760,0.01101923267772987,0.405945072093989
761,0.010973243378045136,0.4059690407579544
762,0.010932425075777168,0.40592305541672674
763,0.010882319567072465,0.40591644996557136
764,0.01083753532197661,0.40588010072269426
765,0.010792256522214713,0.40583647785289484
766,0.010742751009397197,0.4058495229817175
767,0.010700325208371145,0.4058156357477197
768,0.010651288915906245,0.4058205850738599
769,0.010603647835836337,0.40576983000162625
770,0.010557959946002235,0.4057403063997919
771,0.010508263524122909,0.4057594457616708
772,0.01046793658190073,0.4057314701201127
773,0.010420414279834447,0.4057028827714821
774,0.010381704511947941,0.4057111836914992
775,0.010338157150057368,0.4056536932911074
776,0.010297681258303593,0.40563364786611056
777,0.010253110480048492,0.4056215017328859
778,0.010208706165226254,0.4056223185066944
779,0.010161207286546183,0.4055529873163919
780,0.010121207890254212,0.4055852336636947
781,0.010076703981295293,0.4056295802825346
782,0.010039295624103934,0.4056345914883249
783,0.009995040297633649,0.4056964434178982
784,0.009954449566772258,0.4056725049028776
785,0.00991151651277866,0.40564969651586247
786,0.009868266541949347,0.405656288835066
787,0.009823172856079407,0.40564791998198824
788,0.00978085910162944,0.40561215743213785
789,0.009739852612925775,0.40556487124739155
790,0.00969934322007374,0.4055468783239572
791,0.009657575680887633,0.4055580248460083
792,0.009618182788444842,0.4055532745188726
793,0.009580149343531125,0.4056104210864569
794,0.009542434141609891,0.4055823556954248
795,0.009498188911743614,0.40554513988198976
796,0.009458889668320343,0.40558635420161004
797,0.009420793672470406,0.40560199773468114
798,0.00938119173620896,0.4055701292064412
799,0.009345279464614416,0.40555954709640574
800,0.00930310060647274,0.40553006260535196
801,0.009265597814525725,0.4055199731678571
802,0.009223915541414657,0.40552785234076866
803,0.009181397981578653,0.40548137364850007
804,0.00914764165083177,0.4054670536324395
805,0.009109429316316068,0.40546976176508986
806,0.009070992025714944,0.40548373170426383
807,0.009039326014605878,0.40546423346291877
808,0.008995307240313775,0.40545132117248595
809,0.008953920084019568,0.40546290218059144
810,0.008916541244090706,0.405486202385293
811,0.008878193932389101,0.4055265077315276
812,0.008842314357983319,0.40555725950260074
813,0.00880833905544275,0.40559019971342974
814,0.00877070915198605,0.40558423633168683
815,0.008735041628300034,0.40555325018453764
816,0.008699537924054687,0.4055730561207237
817,0.00866952699366443,0.4056654809791184
818,0.008635836077098164,0.4056478158949632
819,0.008601249871242733,0.405661095363025
820,0.008562626239880912,0.40571070842867424
821,0.008531037762045645,0.4057188873436307
822,0.008493229667236963,0.40566914242998975
823,0.008460156318253097,0.40563510135477077
824,0.00842358298724475,0.4056347767781036
825,0.008389393386022388,0.4056404322029085
826,0.00835376013220955,0.40564730425210693
827,0.008319153247574597,0.4056297076353873
828,0.008281017782084643,0.4055961286230566
829,0.008243965325705543,0.40553159950736567
830,0.008215659790792822,0.405504917577953
831,0.00817873912834857,0.40549492181754654
832,0.00814500616371716,0.40545954221594904
833,0.00810650174637776,0.4054345718416587
834,0.008071637859832274,0.4054442439653507
835,0.008040144029376462,0.40546398802781713
836,0.008005473390634928,0.4054501701290099
837,0.00797438099426434,0.4054200167794216
838,0.007944484188038647,0.40540615010386055
839,0.007911270647405655,0.4054090168911287
840,0.007880275230318015,0.40539475942570885
841,0.007844842362218137,0.4053735323215138
842,0.007812061883122185,0.4053267785219699
843,0.0077817477423079,0.40531463624917446
844,0.007749672066983509,0.4052898044752388
845,0.0077168117698748874,0.4052461378672537
846,0.007684389478341754,0.40524840827893355
847,0.007652132314230579,0.40521887126450123
848,0.007617286187699973,0.405183984642495
849,0.007587011691459311,0.4051495815924006
850,0.007555987543803562,0.4050976003041128
851,0.007528053615307591,0.40514753132479336
852,0.007496474500506309,0.4051505780051196
853,0.00746771776311708,0.4051608269017661
854,0.007439142279182282,0.40514670189854624
855,0.0074100399896969696,0.40512345759136237
856,0.00738141082380827,0.4051355735179687
857,0.007349073654552897,0.4051927175186961
858,0.007317032178137474,0.4051451001866162
859,0.0072859047398535146,0.40515777970824307
860,0.007257606042543217,0.4051582628726413
861,0.007226613507084794,0.4051977449994822
862,0.0072003210589978725,0.4052147041917148
863,0.007171585516608557,0.4051836881555035
864,0.007139285819292774,0.40518295230815327
865,0.007109250733080712,0.4052181164362188
866,0.007079341763530913,0.4052309834547105
867,0.007049906978492556,0.40523385574653076
868,0.007017943848142851,0.4052053804956258
869,0.0069892046417427,0.40523290361438075
870,0.00695789352510185,0.40521742663228216
871,0.00692708667165833,0.40521984102973335
872,0.006895537719731642,0.4052064768146469
873,0.0068672636686514426,0.40519333794890705
874,0.006843212618571948,0.4051757753120047
875,0.006815244261677342,0.4051602122028811
876,0.006786703483867734,0.40517528698321553
877,0.006759896298297491,0.4052718121685505
878,0.006735111745726258,0.40526102238043576
879,0.006706506493704086,0.4052507897578613
880,0.006680539549575908,0.40523991229700834
881,0.006651747576051967,0.40524186571449167
882,0.006623155735438406,0.405196398285953
883,0.006595322904799177,0.4051930426733867
884,0.006568325387597327,0.40520360843556735
885,0.006539703347645822,0.40517486202606223
886,0.006509672489964421,0.4050977104062029
887,0.0064825913397852574,0.40509141923451525
888,0.006456323359097826,0.4050839134656517
889,0.006426985447688293,0.4050981722472326
890,0.006400168745603983,0.40514272459463385
891,0.006378848872700293,0.40516218808950516
892,0.006351582590118918,0.40514734040772843
893,0.006329035735790583,0.4051581691857766
894,0.0063041380955281496,0.40514738213164714
895,0.006277317683700875,0.4051083331895473
896,0.006251001964286776,0.4051240162709448
897,0.006227717077439006,0.4050862214497062
898,0.006204819008906666,0.4050773234719121
899,0.006178034328622914,0.40499663489132104
900,0.006150995034238289,0.4049968858899433
901,0.0061236044186749215,0.4050284789874061
902,0.006098422590943765,0.40501512931887196
903,0.006074304263770692,0.40500725445935015
904,0.00605208973786807,0.4050499647197281
905,0.006026709386217854,0.4050309874234916
906,0.006002175333672748,0.4050656613987931
907,0.005973811255240451,0.4050679407917521
908,0.005950823289417978,0.40508648054156426
909,0.005924242581130415,0.40505940983454874
910,0.005901021650985839,0.40499443021089526
911,0.0058780493912398086,0.4049774967634605
912,0.005853720391892077,0.40500040921064795
913,0.0058286528818548965,0.40497639017229115
914,0.005808475070456738,0.4049822040539474
915,0.005784198857321772,0.40497606082580584
916,0.005758839467735006,0.40495250431095575
917,0.005734947667554236,0.4049268183996022
918,0.005712422975128786,0.40491405903493116
919,0.005690774121465648,0.40491693603870266
920,0.00566651840979251,0.4049343192963536
921,0.005641446250902974,0.4049467628492671
922,0.00561774102010232,0.4049674526211233
923,0.005595889237671672,0.4049708371707505
924,0.005574628190434591,0.40496681081155195
925,0.0055504356584011654,0.4049832533763646
926,0.0055299423562527525,0.40498449904761796
927,0.0055053743144355795,0.40499488714317655
928,0.0054828642475227285,0.4050069081379559
929,0.005461166409389505,0.405006366705168
930,0.00543920490098412,0.40501735732125554
931,0.005418863791743833,0.4050141615162509
932,0.005396682560091773,0.40497466126880655
933,0.005372544340658139,0.404961340788146
934,0.005351483375715418,0.40497188360529623
935,0.005329980851518572,0.40498742900921947
936,0.0053065040569326575,0.40493887134444867
937,0.005283866936196093,0.40491224687990757
938,0.005263141317423021,0.4048978838275131
939,0.005242947854085298,0.4049057043597634
940,0.0052186511328290615,0.4049310468557489
941,0.005198239918870574,0.4049194206020118
942,0.005177788079400486,0.40490026889716724
943,0.005154719628799096,0.4048920178014873
944,0.005136731212495018,0.4048571311895959
945,0.005114907767821316,0.4048788488505473
946,0.005095322993704408,0.40483602684143744
947,0.0050719016925358205,0.40482081130921316
948,0.005049637958020663,0.4048913007596277
949,0.0050297645837743465,0.404858475154264
950,0.005008261465295981,0.40487563201075216
951,0.004990920594079553,0.4048678077064153
952,0.0049715115205053485,0.4048959026080568
953,0.004950713733817892,0.40487165432150757
954,0.004929638109359833,0.4048620550067571
955,0.004909797139366089,0.404851736848797
956,0.004891004472731545,0.40484662130503424
957,0.004869756060691171,0.40485552835032845
958,0.004850703176361061,0.40483294947911125
959,0.004829867995336584,0.40481718820422896
960,0.004807528781271369,0.40478306158106175
961,0.004788543247350802,0.40475752530260384
962,0.004771495951102937,0.404745226667354
963,0.004753133561818803,0.40472283801651426
964,0.004736126170469762,0.40472916963552535
965,0.004718560942269577,0.40472886577290823
966,0.004697867325918217,0.4047495394651711
967,0.0046807299837310825,0.40471585059199383
968,0.004663234277516826,0.4047417222503238
969,0.004643084295984358,0.4047348602964557
970,0.004625919358340475,0.4047223027582438
971,0.004604638277705052,0.4047013412729324
972,0.004586086939932942,0.4047134895594418
973,0.004567184332763883,0.4047013456656083
974,0.004545857185650992,0.40466137620229914
975,0.004529781406627902,0.4047075275380267
976,0.004512534144430095,0.40469849257831325
977,0.0044929621779767415,0.40467643194481384
978,0.004474764666429764,0.40471070195214276
979,0.004456022371529056,0.4047353904277318
980,0.004436811111586867,0.40475938112770976
981,0.004419070727810519,0.40474678302405737
982,0.004402335333640288,0.40473798408724887
983,0.004383196518295284,0.4047501513225427
984,0.0043642347698829905,0.4047857557624905
985,0.0043459372621720985,0.4048031404993819
986,0.00432963497976781,0.40477239892475164
987,0.004313706728810609,0.40473805545355634
988,0.004295491563120912,0.40471876936641416
989,0.004279604266448237,0.4047295557382559
990,0.0042630122212313805,0.40471758940455493
991,0.004245636246550047,0.4047024511080018
992,0.004228033634732367,0.4047067613754476
993,0.004212669963028171,0.4047284124637619
994,0.00419423001817791,0.4047403946003733
995,0.004177184558072535,0.40471809831227934
996,0.004158689530838809,0.4047072519223617
997,0.004140796417675833,0.4047133963591136
998,0.0041238392551358975,0.4046896738024666
999,0.004107966187043194,0.4046783833952172
1000,0.00408923535618006,0.40466846095402736
1001,0.004072835315895467,0.40468565252186756
1002,0.004057604631813647,0.40471758652027895
1003,0.004042452674570945,0.40468551591981067
1004,0.004027233484467663,0.40467053633983463
1005,0.004012332322144965,0.4046732735641015
1006,0.003997155159037866,0.40467457623477404
1007,0.003981607889211974,0.40463088783226886
1008,0.0039644635939542466,0.404631765179245
1009,0.003947660988437732,0.40460179556808756
1010,0.0039339659440717455,0.4045747055369772
1011,0.003919192473279675,0.4045370193330384
1012,0.003902597934265155,0.40451751662537844
1013,0.0038865620715401806,0.40452695041183395
1014,0.0038719141827628836,0.4045452112403181
1015,0.0038541641387399525,0.40451732792463896
1016,0.0038376047335228693,0.4045288856730007
1017,0.0038232999009273558,0.4045038994245306
1018,0.003807412490225577,0.40451888467702335
1019,0.0037919761832185673,0.4045587027256274
1020,0.0037763477632845916,0.40452695791127957
1021,0.003761407441531317,0.40452971275915034
1022,0.0037483599579018916,0.4045148099687622
1023,0.0037347384392126186,0.4045278764654948
1024,0.0037223953669976878,0.4045311994351251
1025,0.0037085416895471643,0.40455954806280847
1026,0.0036929279663759466,0.4045790052170455
1027,0.0036768370201997517,0.404552205677841
1028,0.0036615395658172,0.4045383884996627
1029,0.003645733374291964,0.40451694994352116
1030,0.003630191060975867,0.4045275073571069
1031,0.003616971297107116,0.4045104126176893
1032,0.0036014880136774332,0.404476561965398
1033,0.0035864841707969686,0.40449488483476065
1034,0.0035741056471657665,0.40448742101228596
1035,0.0035595222822237824,0.4045039280582708
1036,0.0035460467647029682,0.4045092485784128
1037,0.003532755837024391,0.40452629702393816
1038,0.0035185847848781923,0.40451951387885665
1039,0.0035031846985014584,0.4045090045189132
1040,0.003491683208816341,0.4045158503070118
1041,0.003475764502156725,0.4045153334293256
1042,0.0034619351490857674,0.4044957684333268
1043,0.0034486255668655505,0.40449854335425645
1044,0.003432524825828994,0.40449267320721016
1045,0.0034204947847182895,0.4045021462951019
1046,0.0034058938145136216,0.40450126263540165
1047,0.0033904050807047246,0.40447370841293623
1048,0.003375979122014225,0.4044851975146734
1049,0.003361396863263049,0.4045034797753844
1050,0.0033474813763807393,0.4045162109212881
1051,0.0033344518376204435,0.4045196535748247
1052,0.003321108331300982,0.40449127003551016
1053,0.003308955346007645,0.40449777219643956
1054,0.0032964179363112953,0.4044746745508351
1055,0.003283429411272667,0.4044320256681997
1056,0.0032698179805809146,0.4044498319225975
1057,0.0032577011517631723,0.4044942164793035
1058,0.0032455548798153637,0.4045156874475021
1059,0.003232355394536263,0.40451974492113235
1060,0.003218599928206668,0.4045060401270825
1061,0.003205009823066566,0.40449278649680404
1062,0.0031925010850385005,0.40450426509704185
1063,0.0031799224675979273,0.40451829854648164
1064,0.003165785686886092,0.4045133391250799
1065,0.0031536435859171896,0.4045009939210897
1066,0.003139588929046037,0.40450585083594987
1067,0.0031268003099580626,0.4044880274448325
1068,0.003114521179830742,0.40447964070541015
1069,0.003101853808357889,0.4044867944590096
1070,0.0030885791227435234,0.4044576391926783
1071,0.003076386564043644,0.40445120788714467
1072,0.003064259554948102,0.4044295410520047
1073,0.0030511749956868613,0.4044193690158501
1074,0.0030389502330971712,0.4044157534830578
1075,0.0030271710237979354,0.4044383813884446
1076,0.0030137944912496943,0.4044020959075619
1077,0.003001889807869707,0.4044042626514836
1078,0.002987144887957953,0.4043874987670302
1079,0.002974475034295617,0.40436152811282355
1080,0.002962427869730133,0.4043697562668952
1081,0.002950201116856528,0.404340522976322
1082,0.002937984681659298,0.40435595048284534
1083,0.002926842757801726,0.4043882192769701
1084,0.0029153203101362772,0.4043987345985095
1085,0.002902883356509915,0.40439283414863075
1086,0.0028907717970326993,0.4043831982228192
1087,0.002879921297205142,0.4043661243857208
1088,0.0028668417110740956,0.40434826496704146
1089,0.002854740047868641,0.404338288177114
1090,0.0028425441024297958,0.4043569748950802
1091,0.0028316020734710195,0.40434994148918857
1092,0.0028212600818049733,0.40435287553187693
1093,0.0028107897187055362,0.4043185805963966
1094,0.0028004671299757676,0.40434221278515303
1095,0.002789241661350957,0.4043389438898867
1096,0.002778806256938816,0.40435533775286275
1097,0.0027678601678088003,0.40432958042516165
1098,0.002755866756464952,0.4043303154475867
1099,0.0027454042780237723,0.4043387680175629
1100,0.0027339742455323125,0.404340167753697
1101,0.002722507693807626,0.40434168762848627
1102,0.0027119497360171907,0.4043556665477401
1103,0.002701742805223217,0.40433114362856754
1104,0.002691447916652878,0.4043447883672441
1105,0.0026801378652992966,0.4043460397069639
1106,0.002669603745421396,0.4043384349776597
1107,0.0026596307935277726,0.4043452789731434
1108,0.002647287300860353,0.4043401596322467
1109,0.0026352120113602613,0.40435598840165526
1110,0.0026258174022695505,0.4043646886345031
1111,0.0026162170759365935,0.4043621308505083
1112,0.0026048386208948676,0.40435893875644946
1113,0.002594056007446321,0.4043387187798958
1114,0.002584556476320786,0.4043029177655506
1115,0.0025752970312332307,0.4042940310659927
1116,0.0025630292432603195,0.4042848689964934
1117,0.0025522738600194813,0.4042604440398022
1118,0.0025409262655384486,0.4042532683374605
1119,0.0025311429722892275,0.404237852198508
1120,0.002519632582147107,0.40422489863615896
1121,0.0025096217243040938,0.4042302071682174
1122,0.002498849747490208,0.4042077395419188
1123,0.002488825655277531,0.4041865711950678
1124,0.0024791458342683947,0.40416458465641
1125,0.002468799627181686,0.40416315897359223
1126,0.0024581015742117743,0.4041569868390528
1127,0.002449003101162457,0.404164490360933
1128,0.0024384780956002803,0.4041591479228373
1129,0.0024289210685938516,0.4041846996338988
1130,0.0024193648150714485,0.4041670414753054
1131,0.0024102053665902524,0.40414056001013604
1132,0.0024003836475940833,0.4041425334903139
1133,0.0023907400524111624,0.4041417312456055
1134,0.002380206647425274,0.404139218897511
1135,0.0023711317232749,0.40412529414074877
1136,0.002361323927224646,0.40411736471579407
1137,0.0023530077058978613,0.40414455184200404
1138,0.002343527010357047,0.40412299271720376
1139,0.0023334184612064566,0.4041411171276225
1140,0.0023240600854063423,0.40412823331515796
1141,0.0023156703689177693,0.40412990316808134
1142,0.002306921663094329,0.4041141138098033
1143,0.0022983975928359828,0.4041197081947468
1144,0.0022896188171114655,0.40411499721962324
1145,0.0022793785536711943,0.4041290786486318
1146,0.0022703553210822462,0.40413173561465326
1147,0.002260875097516639,0.4041344393001313
1148,0.002251894610244735,0.40409898995418797
1149,0.0022438448392884253,0.4040661953353343
1150,0.0022341636793719514,0.4040636010177571
1151,0.0022244177312818114,0.40407236586942846
1152,0.002215123244694794,0.4040534211345537
1153,0.002206865668463362,0.40406497188273127
1154,0.0021975456352624967,0.4040679234695034
1155,0.002188233475679415,0.4040622150867301
1156,0.0021804138488226085,0.4040572499227293
1157,0.0021717805699258087,0.40402054805322846
1158,0.00216175930694583,0.40402501809460944
1159,0.0021539414367830884,0.4040225477529436
1160,0.002144878008661793,0.40401032472060655
1161,0.002136349951176573,0.4039844127565859
1162,0.0021284810273635656,0.4039917603797304
1163,0.0021206296941607794,0.40399737050300527
1164,0.0021118966972292616,0.40401329822313425
1165,0.0021038481419722497,0.40401872637119085
1166,0.002094955859569079,0.4040194340574764
1167,0.0020871483522836996,0.40401725434878355
1168,0.00207763661664628,0.40399163343623523
1169,0.0020698406552586064,0.4039948301556291
1170,0.0020613050278045853,0.4039686412434223
1171,0.0020546559542722396,0.4039689980778803
1172,0.00204587181814418,0.40396765196671286
1173,0.002037590414036494,0.40396789809580097
1174,0.0020290493964280824,0.40396309629248184
1175,0.0020206168095460177,0.4039513459735449
1176,0.0020130148119607808,0.4039546227329342
1177,0.0020057687700310725,0.40393605396342175
1178,0.0019971485612396314,0.4039218838694356
1179,0.001989624493059362,0.40391289104724654
1180,0.0019803524005825865,0.4039108619934015
1181,0.001973234102346718,0.4039146341660748
1182,0.001965964523622187,0.4039276074377808
1183,0.001958332194806249,0.4039204729608871
1184,0.0019507093916512886,0.4039389065712779
1185,0.0019431441831834562,0.4039376088671168
1186,0.0019354440456892889,0.40393923301656515
1187,0.001928217318479031,0.4039405728153407
1188,0.001920879201824902,0.40394013243395394
1189,0.0019134812083719907,0.4039238824058002
1190,0.0019055756163271623,0.4039401294504433
1191,0.0018979222857549289,0.4039268605400959
1192,0.001890997975514983,0.4039356187338515
1193,0.0018835494697492694,0.40393101934971537
1194,0.0018761872301122058,0.40392338850126525
1195,0.001869200764344035,0.4039018023808071
1196,0.0018618185725480885,0.4039083101317707
1197,0.0018542590643197087,0.4039272727349052
1198,0.0018474315213200837,0.40394313426084144
1199,0.0018395271581677789,0.40392578120126693
1200,0.0018321859372624004,0.4039420655083758
1201,0.0018246786765943443,0.40394146023760014
1202,0.0018170102738261024,0.4039312237148491
1203,0.0018102504640483328,0.40392167698359627
1204,0.0018030228651364263,0.4039192483258832
1205,0.0017954649009711463,0.4039366339248146
1206,0.001788126182082701,0.40393086901334435
1207,0.0017814990794165057,0.40390582482981946
1208,0.0017739369359167328,0.40390894664427124
1209,0.0017666664182847355,0.4038890277064268
1210,0.001758869140514665,0.4038991398227233
1211,0.0017526837414513026,0.4039047481138842
1212,0.0017453118488274081,0.40387462132916224
1213,0.0017380777641284998,0.40385365409666624
1214,0.0017315579131387889,0.4038504775341838
1215,0.0017250454582432987,0.40384182782042505
1216,0.0017188409264627946,0.4038524315317315
1217,0.001711261886331688,0.40383033480687736
1218,0.0017037612523353675,0.4038173155854453
1219,0.0016974541296338806,0.40381518222127233
1220,0.0016911062763626799,0.4038257245953763
1221,0.0016850487083559735,0.40380767982547966
1222,0.0016787171568353435,0.4038025906083304
1223,0.0016725064184949846,0.4038067464918845
1224,0.0016663069777169146,0.4038133884873163
1225,0.0016592994412690995,0.40380908148457784
1226,0.0016534736103554141,0.4037994869114942
1227,0.0016470341351091538,0.4037976205522452
1228,0.0016394485062987353,0.40378007411842576
1229,0.0016327977585429737,0.403781171612371
1230,0.0016260394106913834,0.4037857620263221
1231,0.0016191403862914097,0.40375010004306955
1232,0.0016129303819039547,0.40373510302674936
1233,0.0016066988492880287,0.40371760642790405
1234,0.0016003759644046855,0.40370511726310154
1235,0.0015937592787166393,0.4036819659246473
1236,0.0015872908536813354,0.40365840372870376
1237,0.0015817304207096676,0.40364947339163887
1238,0.0015751635579591525,0.40363830765089326
1239,0.0015686231207588856,0.40365012910697073
1240,0.001562026002896097,0.4036386017651984
1241,0.0015554106167649687,0.4036532453931654
1242,0.0015489538967908077,0.4036663995414815
1243,0.0015428035435955977,0.4036584188670734
1244,0.0015367808636325435,0.4036511804245337
1245,0.0015309897414569453,0.40366038681918776
1246,0.001524422998562042,0.4036601257947502
1247,0.0015191477416817438,0.40363394908140376
1248,0.0015130152887238705,0.4036307041135141
1249,0.0015073006144480196,0.40362089776074794
1250,0.001501609677476352,0.40362469918768856
1251,0.0014965578780762022,0.4036106748627137
1252,0.0014911437322134636,0.4036152964977201
1253,0.0014856781256702893,0.4036115550434174
1254,0.001478803409953136,0.4035871433802169
1255,0.0014727963477322583,0.40359630656487755
1256,0.0014666587236696325,0.4035777266484978
1257,0.0014613590838404606,0.40357058589440303
1258,0.0014551384453169811,0.40356726277908317
1259,0.0014497447198875035,0.40356728094002337
1260,0.0014437718940444445,0.4035647193137279
1261,0.0014382265714272693,0.40357002708409534
1262,0.0014328383019430893,0.40355066653784305
1263,0.0014273674201351308,0.4035475124421835
1264,0.0014211417223972983,0.40354693694562205
1265,0.0014158447098540322,0.403543175803764
1266,0.0014101493464406898,0.40355113523780506
1267,0.0014046161967883777,0.40354616547799305
1268,0.001399386914380186,0.40353395013907895
1269,0.0013946134519338266,0.4035383503120824
1270,0.001388725492867392,0.40354871481417176
1271,0.001382695971957346,0.4035483952916712
1272,0.0013773446305954454,0.4035504942112401
1273,0.0013720838627883684,0.40353350463937354
1274,0.0013664614853137564,0.4035445115023357
1275,0.0013610387618008615,0.40354932431009366
1276,0.0013554738354539277,0.4035615688778953
1277,0.0013496224029900046,0.40355926772229855
1278,0.0013443078586032329,0.40356672073673644
1279,0.0013391303726094082,0.4035720656123499
1280,0.0013341132664012865,0.40358314386643773
1281,0.0013284528636578585,0.4035962979472284
1282,0.0013234493872165702,0.4035891203038926
1283,0.0013190015469215347,0.4036000898861404
1284,0.0013142046900020583,0.40359149282256707
1285,0.0013090312841962978,0.40357242045320973
1286,0.0013037299408544343,0.4035517375989478
1287,0.0012987344656143305,0.403548916959793
1288,0.0012937874277186856,0.40353596985657053
1289,0.0012893989825588557,0.4035357538775948
1290,0.0012843089251571868,0.4035074145940168
1291,0.0012796884417309762,0.40349641861352065
1292,0.0012748840657911835,0.40350478449524946
1293,0.0012696439009636628,0.40348948697012715
1294,0.0012650111600909823,0.4034797308308072
1295,0.0012604040966962017,0.40348162716840175
1296,0.0012558147114123664,0.40347672971522597
1297,0.0012500541242234505,0.40345222290283866
1298,0.0012447206281332997,0.4034256379235936
1299,0.0012394940036052854,0.40343154115311286
1300,0.0012345172030361652,0.40343665891555075
1301,0.0012297764572278957,0.4034413406118194
1302,0.0012243325672431948,0.4034449388762238
1303,0.0012197262674784183,0.40345373629315445
1304,0.0012147640669455564,0.4034595093127377
1305,0.0012102449641741427,0.4034485271199598
1306,0.001204926049552382,0.40345168636045897
1307,0.0011998316836098458,0.4034442748925813
1308,0.0011945888942322654,0.4034363704442653
1309,0.0011899094259659592,0.403430740133069
1310,0.0011850163527583296,0.4034377591151504
1311,0.0011801570881203388,0.40342497344378014
1312,0.0011748060914875205,0.4034344439575689
1313,0.0011700160701065994,0.40340287590167156
1314,0.0011652490749399559,0.40339984548655305
1315,0.0011603107183679516,0.4033812715693945
1316,0.0011552484599913883,0.40335526326231336
1317,0.0011504267985811886,0.4033557944851383
1318,0.0011455902436372024,0.4033658614567752
1319,0.0011400606959685207,0.4033681666180452
1320,0.0011359209084496767,0.4033537221074906
1321,0.0011313321906478665,0.40334676758239485
1322,0.0011274993610263493,0.4033374320600253
1323,0.0011235361392794134,0.40332863342060343
1324,0.001118842351631477,0.4033213072883357
1325,0.0011145675543858524,0.4033202269384685
1326,0.0011099583346615134,0.40331841669475216
1327,0.001105008702897458,0.40330972363851253
1328,0.0011007836377387751,0.40330550150771804
1329,0.0010962492106905968,0.4032996738644707
1330,0.001091777207747714,0.40329950651152946
1331,0.001088075143159309,0.4033157804485602
1332,0.0010839234373688665,0.40332550655016447
1333,0.0010791423607128172,0.4033220010368941
1334,0.0010746159732524642,0.4033317261955752
1335,0.0010701355423829808,0.40334459754559976
1336,0.00106536606056115,0.4033424610366941
1337,0.0010610759633003428,0.4033381430940953
1338,0.0010566510530857125,0.4033466064112623
1339,0.0010520459752117548,0.40334722781646726
1340,0.0010479660735223132,0.40335376529258776
1341,0.0010442341840004139,0.40335242193746607
1342,0.0010403508367759625,0.4033456029932782
1343,0.0010363428919538055,0.4033333936835862
1344,0.0010324375250653623,0.4033384221514439
1345,0.0010284425864860133,0.4033481588539418
1346,0.001024796608597107,0.4033495855961916
1347,0.0010208519896596755,0.40334174188462624
1348,0.0010164287463732941,0.40330654386837483
1349,0.001012572903683528,0.4033142769506662
1350,0.0010083943778255225,0.4033263308408653
1351,0.0010045645526046876,0.4033292195624261
1352,0.0010007373839242644,0.40332471017159255
1353,0.0009964781884367947,0.40332749342425944
1354,0.0009925480379641015,0.40331848628828876
1355,0.0009887762271954801,0.40331995427409384
1356,0.0009845873106749295,0.4033243982407414
1357,0.0009810052639385126,0.4033299307028084
1358,0.0009766883814006455,0.4033124601174613
1359,0.0009730846558266695,0.4033136555903121
1360,0.0009691491863597861,0.40329005855354916
1361,0.0009651538661746405,0.4032855732106255
1362,0.0009619114358237097,0.4032949323177842
1363,0.0009582982760367912,0.4032984816982067
1364,0.0009541692551108917,0.4033130548488645
1365,0.000950762792025697,0.40331595690607863
1366,0.0009470567282756225,0.4033228692636492
1367,0.000943115089753717,0.40331133757111753
1368,0.0009395326904299601,0.4033004634978407
1369,0.000936008001380094,0.4033056017418652
1370,0.0009326156816370216,0.40330715564331343
1371,0.0009285538142619405,0.40330934839617877
1372,0.0009246458236576567,0.4033053019512832
1373,0.000920445080720525,0.40329510515836714
1374,0.0009162623497953007,0.40328515909508633
1375,0.0009124952406237721,0.40328404889932207
1376,0.000909143935845957,0.40326514298179533
1377,0.0009055408489660778,0.4032652168939058
1378,0.0009022422082529417,0.4032534392237973
1379,0.0008987110578300659,0.4032552682919777
1380,0.0008954142118030358,0.40325274524829186
1381,0.0008921102772645333,0.4032456925149037
1382,0.000888316358595668,0.40323159270677755
1383,0.0008848128301305542,0.40323014560215326
1384,0.0008808825195810127,0.4032179029745714
1385,0.0008778984325314667,0.4032064304451149
1386,0.0008741885460678227,0.40319940064056586
1387,0.000870958066419367,0.40319749487164996
1388,0.0008671798776276532,0.4031960571039371
1389,0.0008639402320703412,0.40319905435011255
1390,0.0008601136182734394,0.40318794329224
1391,0.0008568555074306359,0.40318113151361556
1392,0.000853386368507233,0.4031823960822099
1393,0.0008502413228208489,0.4031797287537446
1394,0.000847180848156432,0.40317522516449367
1395,0.0008441312967626541,0.4031873133436227
1396,0.0008406079704165911,0.40319036714445683
1397,0.0008373049320828834,0.4031912464063616
1398,0.0008340684761546892,0.4031798599104938
1399,0.0008309887598047114,0.40317187607566324
1400,0.0008277369132707692,0.4031665241070834
1401,0.0008244464388804641,0.4031578559812158
1402,0.0008210376631731096,0.40314702345575276
1403,0.0008176858829923489,0.4031654128870565
1404,0.0008143621869880817,0.40316426018523277
1405,0.0008111994520718944,0.4031703325232731
1406,0.0008080591536287955,0.4031823117883792
1407,0.0008046917454916673,0.40317578067185916
1408,0.0008014992040596659,0.40318343774250764
1409,0.0007984206865887468,0.40317688700548426
1410,0.0007952672175740815,0.403182977894666
1411,0.0007923464638072059,0.4031841101294174
1412,0.0007893789031682555,0.4031685001972283
1413,0.0007863717427595323,0.4031796506149862
1414,0.0007832134355166667,0.4031637668090873
1415,0.0007798234421704018,0.4031520258150897
1416,0.0007769734452584619,0.40314977325819673
1417,0.000773993905624788,0.4031496925676726
1418,0.000770947534774367,0.40314758010609436
1419,0.0007678415763348853,0.4031550277687718
1420,0.0007645593118334057,0.4031623432374624
1421,0.0007614010220416497,0.4031566388385987
1422,0.000758575084528026,0.4031611563438148
1423,0.000755764213019383,0.40314205164646444
1424,0.0007532602981594592,0.4031387655998905
1425,0.0007501544375568216,0.40313276487033717
1426,0.0007469396470620786,0.40313252139938327
1427,0.0007442106709236163,0.4031077510441768
1428,0.0007413746441723314,0.4031000875395973
1429,0.0007381848249533947,0.40309578365553733
1430,0.0007356401143649897,0.40310051898601895
1431,0.0007327060368290798,0.4031073586538504
1432,0.0007297713142394047,0.4031131795991924
1433,0.0007267658072642153,0.40311894109394236
1434,0.0007237552587034173,0.4030906876671282
1435,0.000721457961187684,0.4030910232764123
1436,0.0007184373816843348,0.4031018001671358
1437,0.0007155157650218021,0.40311157473350634
1438,0.0007124609464740889,0.403086924354961
1439,0.0007096045350223544,0.40310430316663654
1440,0.0007069281784763802,0.40310180225948383
1441,0.0007041641221622522,0.4030999560771571
1442,0.0007014389286663789,0.4031131996328129
1443,0.0006986433315002371,0.40309510440795865
1444,0.0006958150890055499,0.4030999013994292
1445,0.000693267045058767,0.40310977712087903
1446,0.0006902769820108882,0.4031065793748929
1447,0.0006877417264712341,0.4031059260595605
1448,0.0006848674456237804,0.4031061051645171
1449,0.0006822170588473092,0.4031124226762532
1450,0.0006795665794170192,0.4031105786767098
1451,0.0006772898762256312,0.40311485852839696
1452,0.0006744490916482678,0.40312444921624146
1453,0.0006718748314976081,0.4031428153579599
1454,0.0006692166146162003,0.40314396332703434
1455,0.0006666159213032856,0.40313529940215037
1456,0.0006640964128702445,0.40313505990056536
1457,0.0006614828197068537,0.4031174408026582
1458,0.0006586530845438546,0.4031051843237868
1459,0.0006558001844600725,0.4031081688332415
1460,0.0006531641988522997,0.40310920992266214
1461,0.0006506592606698655,0.40310835252893734
1462,0.0006484780920517132,0.40310639406429594
1463,0.0006458321844526899,0.4031166797013697
1464,0.0006433346815106612,0.4031121366284081
1465,0.0006411548841285162,0.40311252043087087
1466,0.0006384905401622956,0.40311182404318924
1467,0.0006358475801679225,0.40311180381489925
1468,0.0006335595921448716,0.4031114116588817
1469,0.0006313394939445341,0.40310530344271933
1470,0.0006291822854270132,0.40310233403609674
1471,0.0006266109709847635,0.4031015760090811
1472,0.0006241009403980571,0.4030971106845505
1473,0.0006214558616864925,0.4031101301205629
1474,0.0006192294277749214,0.4031046988101089
1475,0.0006168200354515858,0.40310227948560523
1476,0.0006146473177769996,0.40308981136481525
1477,0.0006125765797678033,0.4030940997928953
1478,0.0006102637749613766,0.4030896040594947
1479,0.0006081568872556166,0.4030986985592535
1480,0.000605591260807017,0.40310063480606595
1481,0.0006030084379320334,0.4031185802643494
1482,0.0006006913163984948,0.4031334704746889
1483,0.0005985407774447257,0.40314353073472714
1484,0.0005959330139407864,0.40313440516726823
1485,0.0005937946046576273,0.4031343069525893
1486,0.0005916372088178335,0.4031335690657437
1487,0.0005894470343384495,0.4031335469412899
1488,0.0005873568638433859,0.40313901535242097
1489,0.0005853237007104242,0.40313311758119236
1490,0.0005832186914757042,0.40313482303885245
1491,0.0005807646292488461,0.4031426343699245
1492,0.0005784418294439624,0.4031383427621794
1493,0.0005764672240752491,0.40311676458936263
1494,0.0005742027596922408,0.4031194380512336
1495,0.0005718341067914046,0.4031195053057426
1496,0.000569708786635442,0.40311917350549525
1497,0.0005674043263489574,0.40312177876747285
1498,0.0005655170317997458,0.40311314769644246
1499,0.0005635264829515396,0.40309942933644793
1500,0.0005612425270647794,0.4031005667682916
1501,0.0005592312565411873,0.4030933778677912
1502,0.0005569704842560281,0.4030870035361768
1503,0.0005546063786063637,0.4030930893867532
1504,0.0005522820249981695,0.40310602334405604
1505,0.0005496777526600375,0.4031107592612671
1506,0.0005474379151923804,0.40310740655526967
1507,0.0005449781981945312,0.4031118650143292
1508,0.0005428892249037639,0.4031083188912932
1509,0.0005408554648997414,0.4031017797654246
1510,0.0005389632522208907,0.4030983638144316
1511,0.0005368042630602288,0.40310295559128884
1512,0.0005348188989951096,0.4031073854591761
1513,0.0005324836590297387,0.4030982983240964
1514,0.0005305060360307339,0.40309542700243456
1515,0.0005282782591118249,0.4031016332869521
1516,0.0005260949296500996,0.4031032289474765
1517,0.0005239356278260926,0.40309105900346004
1518,0.0005219837636424899,0.4030818161349519
1519,0.000520168526782912,0.40308721100214323
1520,0.000518051292024002,0.40307605861693313
1521,0.0005161413397570978,0.4030747590727983
1522,0.0005142730449724955,0.40308438113637385
1523,0.0005125234674818627,0.40308454610420613
1524,0.0005105176391989338,0.40307214195905605
1525,0.000508274129229401,0.4030699235342695
1526,0.0005061623503700878,0.4030649642492829
1527,0.0005042234340984853,0.40305680016456397
1528,0.0005020311178867635,0.4030521191564137
1529,0.0004998997288248323,0.4030568523344698
1530,0.0004980493010102562,0.40304333112054574
1531,0.0004959528367296992,0.4030504839192165
1532,0.0004940096828204799,0.40304893245429274
1533,0.0004920093335292169,0.4030568133240077
1534,0.0004903922784056501,0.4030485731119971
1535,0.0004882568265479956,0.40305745872071486
1536,0.0004862969528606179,0.40305575162435775
1537,0.0004846672756763402,0.4030540997739461
1538,0.0004829683365342596,0.40306716423257616
1539,0.0004811879006147973,0.403082106737012
1540,0.00047928133208166346,0.4030816455428786
1541,0.00047767893248548286,0.4030853937397329
1542,0.0004755682992658468,0.4030720651263032
1543,0.0004737526648270486,0.4030901263801007
1544,0.0004717866337437395,0.4030734024785253
1545,0.00046985315638470196,0.4030706476542158
1546,0.00046804592947721096,0.4030801121874739
1547,0.0004661111542545645,0.40308017676898983
1548,0.00046431654257518963,0.4030637618907808
1549,0.0004625132640323808,0.40304607038450097
1550,0.00046090485526238163,0.4030509798092989
1551,0.00045900087054026297,0.40304905132394725
1552,0.00045724566602461974,0.4030495654253845
1553,0.00045554468685646054,0.4030369371007774
1554,0.00045381882747289775,0.4030250904157026
1555,0.0004520013672842231,0.40301785996804773
1556,0.00045046269700660266,0.40300797222422713
1557,0.00044886535490822093,0.40300677878343577
1558,0.00044711672096081384,0.4030053229463026
1559,0.00044547947072747976,0.403011812525702
1560,0.00044375170426744036,0.40302460971443155
1561,0.0004419825693741264,0.4030223268473536
1562,0.0004403053961672411,0.4030142067592775
1563,0.00043858742701901346,0.403020064406994
1564,0.0004368313071509867,0.4030214464692159
1565,0.0004352364174637271,0.4030205456355847
1566,0.0004333954234788461,0.4030157181816151
1567,0.00043180864476977744,0.4030200395899496
1568,0.00043047719650048306,0.4030208396261769
1569,0.0004289890617534441,0.40301743847912613
1570,0.00042742247432164864,0.40300822879331655
1571,0.00042568694631409446,0.40300243946489195
1572,0.00042422110512079674,0.4030008024921929
1573,0.0004225384979182535,0.40299911246390036
1574,0.0004210496166454058,0.4030010567937478
1575,0.0004193867868237986,0.4030032750310377
1576,0.0004176357377891277,0.40300103802320475
1577,0.00041607008773342295,0.40299310988272147
1578,0.00041443573798900286,0.4029854295817183
1579,0.00041276543469866074,0.4029789656856745
1580,0.0004113273512949433,0.40297309924027347
1581,0.0004095226635520666,0.4029718774327741
1582,0.00040795688455780933,0.4029534879268484
1583,0.0004064795608658358,0.40295152316260807
1584,0.00040497554253384914,0.4029467652765671
1585,0.0004033485978535858,0.40295214205557195
1586,0.00040175150965009713,0.4029583121496397
1587,0.00040005549175759343,0.40295358417747806
1588,0.00039847700698828137,0.402956403758361
1589,0.00039698874632351533,0.4029579233288834
1590,0.00039534360011906364,0.4029502482086073
1591,0.000393951810925531,0.40294630045809626
1592,0.00039265632144433693,0.40293485263681994
1593,0.0003909310183237378,0.4029253688666903
1594,0.00038941879006114334,0.40292157937947465
1595,0.0003877723340976827,0.4029088785906367
1596,0.00038622781966284546,0.40289881867411986
1597,0.00038469748250621557,0.4029032745944807
1598,0.0003832077437788041,0.40290003936813196
1599,0.0003817878580467088,0.4028946269643236
1600,0.00038023616868877556,0.4028878294576929
1601,0.0003788785280904368,0.40289294155743266
1602,0.0003773273494665327,0.4028897119605825
1603,0.0003756807969049245,0.40289612628710697
1604,0.0003743313427265356,0.40289764008459417
1605,0.00037291310533914995,0.40288638723359826
1606,0.0003713995608723613,0.40288087261659783
1607,0.0003699471625861408,0.4028744383038575
1608,0.0003686165879366186,0.40287183627954803
1609,0.0003670029719428115,0.4028654687581743
1610,0.00036566690099588067,0.4028695441145119
1611,0.0003640765733175833,0.40286943762897875
1612,0.0003627333400222442,0.40286730876102367
1613,0.00036146480490193366,0.4028629439246173
1614,0.0003600981827157052,0.40286222161817575
1615,0.0003587433477625735,0.4028571095042796
1616,0.0003573769543586975,0.4028550186547521
1617,0.000356054465150039,0.4028584610331702
1618,0.0003545616351185709,0.40284454018119376
1619,0.0003532166561085386,0.40285734889312314
1620,0.0003517478045967997,0.402837432184873
1621,0.00035046427345739793,0.40283142720697845
1622,0.0003490179913448984,0.4028332930650132
1623,0.000347471542814453,0.4028210898559731
1624,0.00034592254802312105,0.40281309725423153
1625,0.0003445691259281801,0.40280819391756156
1626,0.0003432337010641435,0.40281708009107103
1627,0.00034219669812428734,0.4028166530867175
1628,0.00034070716434979976,0.40281407191652885
1629,0.00033949668757019924,0.40280787890461445
1630,0.00033798284019890965,0.4028040039718811
1631,0.00033665388924958853,0.4028083584282066
1632,0.000335327288555083,0.40281021957135993
1633,0.00033421459110103546,0.4028131630483671
1634,0.0003329549622278989,0.40281475668794436
1635,0.0003316114685498487,0.40280940264694187
1636,0.0003303269520319899,0.4028155537860047
1637,0.00032916402215312873,0.40281092510351996
1638,0.0003278197490524152,0.40281456243615976
1639,0.000326639762129703,0.4028143601296566
1640,0.0003254674960680788,0.40282202856988536
1641,0.0003242028803207411,0.4028109234701379
1642,0.000322925480923708,0.40281032920440357
1643,0.0003217025332376822,0.4028183342934609
1644,0.00032050848527167663,0.4028043788177938
1645,0.0003193119235918707,0.4028011866726423
1646,0.000317937115674781,0.4027997539947236
1647,0.0003167323966862335,0.40278649971139496
1648,0.00031554402290590706,0.40278653670395276
1649,0.00031420385964633837,0.40279399684802963
1650,0.0003130716789581014,0.40278711878887447
1651,0.00031201935568481127,0.4027833070623749
1652,0.00031078646889294874,0.4027920554569066
1653,0.0003096025518089335,0.40279308520303264
1654,0.00030842305996099634,0.4027916455673758
1655,0.00030710024811263903,0.402789838345119
1656,0.00030600322701386344,0.4027881095914523
1657,0.0003047173267432064,0.40278967872110655
1658,0.0003035490521762144,0.4027804160783392
1659,0.0003022454876138205,0.40279162968326404
1660,0.0003010471409761378,0.4027863916400777
1661,0.0002998070487476127,0.4027905563790299
1662,0.000298577867646513,0.40279133460394645
1663,0.00029746142255990694,0.4027900401347374
1664,0.0002961782007934988,0.4027899679106367
1665,0.00029508087849239593,0.40279529448465123
1666,0.00029391688032224535,0.40279467461935
1667,0.000292852198360952,0.40279888610140097
1668,0.0002918415766352656,0.4028006242071531
1669,0.00029067814888432105,0.40279557854049813
1670,0.00028974219869460217,0.4027820099388639
1671,0.00028870399474832003,0.40278103636738666
1672,0.00028762799535106225,0.40277765819077777
1673,0.00028657034033825117,0.402784973211085
1674,0.00028549324076081417,0.4027790157055759
1675,0.00028451763863065414,0.4027715580186371
1676,0.00028337595496384876,0.4027675873708486
1677,0.00028224774730587816,0.4027691829640004
1678,0.0002811174587538084,0.4027716922969618
1679,0.00028005321115444934,0.4027728016346015
1680,0.0002790041205728816,0.40276994157504487
1681,0.0002778796852170441,0.4027679760700346
1682,0.00027687920553343896,0.4027634102556758
1683,0.00027569485723922914,0.40276177014739256
1684,0.0002747505151007679,0.40275905072380763
1685,0.00027370513097936305,0.4027559805264938
1686,0.0002727493948397236,0.402757912584543
1687,0.00027173492489605724,0.4027551052382405
1688,0.0002708593488588542,0.40275979317941607
1689,0.00026992881547390976,0.40275694436199094
1690,0.00026876220903764844,0.4027479591575502
1691,0.0002677383466635155,0.4027593186267569
1692,0.00026668730612790605,0.40276355125282504
1693,0.00026561736480507385,0.4027585498834261
1694,0.0002644176706995724,0.4027658459784943
1695,0.0002635523968557869,0.4027590505586878
1696,0.0002626122330689243,0.40276012302871406
1697,0.00026166129162484407,0.40275398386757305
1698,0.0002608215753393231,0.4027571733080303
1699,0.00025980465422717545,0.4027628724074705
1700,0.00025883317654609635,0.4027588272317896
1701,0.0002578163675833006,0.40275115575589826
1702,0.00025685169028049514,0.4027498435520312
1703,0.0002557983219396389,0.4027480194779457
1704,0.0002548847636873059,0.40274090701792703
1705,0.000253875397971843,0.4027451147987236
1706,0.0002529994709647503,0.40274179254637565
1707,0.0002521079878523055,0.4027328276135711
1708,0.0002511973485648045,0.40272214091386016
1709,0.00025018957319297545,0.40271653044605044
1710,0.0002492368099537203,0.40271524721364277
1711,0.00024824347171236187,0.4027196088458787
1712,0.00024711628018530705,0.4027299544608443
1713,0.0002461314322048626,0.40272467864253353
1714,0.0002452278526489624,0.4027245242442346
1715,0.00024414640580854165,0.40272891932103405
1716,0.0002433469590753096,0.40272043070479463
1717,0.00024236297012867182,0.40271860894433564
1718,0.00024155194115662475,0.402718622957368
1719,0.00024080838875068688,0.40272165225205436
1720,0.00023989733331429629,0.4027285268398017
1721,0.00023888635620675824,0.4027187107985491
1722,0.00023796039450332785,0.40270775540434806
1723,0.00023697343779371265,0.40270577453450496
1724,0.00023595003067936718,0.40270444639020175
1725,0.00023485398949368944,0.40269592275777377
1726,0.00023385410048622711,0.40269745035087656
1727,0.00023298112999818076,0.40269800925177596
1728,0.0002321286210286447,0.40269407162117543
1729,0.00023135920005955152,0.40269786982398975
1730,0.00023051324298469005,0.40270380064399436
1731,0.00022970891086351928,0.40269681944071817
1732,0.000228724214989879,0.40269263275720196
1733,0.0002277233139568463,0.40268911837327304
1734,0.00022672056258712207,0.4026768088877945
1735,0.0002258671043875204,0.4026766924980123
1736,0.00022486984493642822,0.40266984655569554
1737,0.00022404293554844688,0.40266501186815234
1738,0.0002231847949896656,0.40266393578647947
1739,0.000222389137006331,0.40266771730038553
1740,0.00022160657347749157,0.4026670776708216
1741,0.00022068613375294234,0.4026674441930061
1742,0.00021985783517396116,0.40266652458292296
1743,0.00021890804893893054,0.4026672754952374
1744,0.00021812502644819468,0.4026602885411607
1745,0.00021726350190736946,0.40265805733576887
1746,0.0002165271323663804,0.40266399234957434
1747,0.00021563607779994672,0.40266070920001623
1748,0.0002147071695881328,0.4026596740494457
1749,0.00021377122206657308,0.4026558407378398
1750,0.00021297946648243444,0.40264728299917474
1751,0.00021223197357677642,0.4026594011905616
1752,0.00021144033810044488,0.402654304177265
1753,0.00021057888638843265,0.40265373229085544
1754,0.00020983027296899226,0.40265176391828533
1755,0.00020902229455992688,0.4026600707106583
1756,0.0002081678377585993,0.4026617460250685
1757,0.00020739173060836745,0.4026672110431565
1758,0.00020661349652331627,0.40266673521723256
1759,0.00020584203343599833,0.402653942919702
1760,0.00020506592880808062,0.40265326265489215
1761,0.00020414398543032114,0.40264191147990436
1762,0.0002034156382866945,0.4026442741502451
1763,0.0002025289110619563,0.402651075382216
1764,0.0002017345846865951,0.40264771445345493
1765,0.00020095318874791633,0.40264143579262107
1766,0.00020019946361858433,0.40263876093666745
1767,0.00019949852473196867,0.4026422896292238
1768,0.00019869781606016723,0.4026396022637641
1769,0.00019799454000467845,0.402642418927434
1770,0.0001972671708964712,0.4026406374810038
1771,0.00019649249426497808,0.4026384763602812
1772,0.0001957961100152961,0.402632955716477
1773,0.0001950920740651295,0.402638704487914
1774,0.00019437511202298818,0.40264060899463655
1775,0.00019367516934634262,0.4026392294387004
1776,0.0001929140287248822,0.4026343404419421
1777,0.00019219015797565764,0.40264244141268285
1778,0.00019138134786366378,0.4026365195276895
1779,0.0001906515505995435,0.40263893904086134
1780,0.000189812373501263,0.402635345803986
1781,0.00018922976000878208,0.40263592489671474
1782,0.00018849822762189485,0.4026339825402837
1783,0.00018779708273664655,0.4026314724231186
1784,0.00018712580568211448,0.4026269394211269
1785,0.00018632277290434518,0.4026271953692969
1786,0.00018560103577270934,0.4026260808921662
1787,0.00018488513801531503,0.40261085779743433
1788,0.00018418085738479713,0.4026105799649536
1789,0.0001833758000190003,0.40261056821506114
1790,0.00018269757026762403,0.4026013629832082
1791,0.00018202537545592242,0.40258925133263146
1792,0.00018139288437031976,0.4025856282349017
1793,0.00018080376804737884,0.4025828817701649
1794,0.0001800902044266395,0.40258738415322665
1795,0.0001792688088983141,0.402596230235036
1796,0.00017858053964801889,0.40260100492114037
1797,0.00017786711527392136,0.40260460814873833
1798,0.00017723696277883135,0.40260449568914936
1799,0.00017661945683743795,0.4026097959383889
1800,0.0001759277765813771,0.4025971867403766
1801,0.0001752790122223833,0.40259250965437476
1802,0.0001746322202749729,0.4025873535300317
1803,0.00017397907965047152,0.40259190679367385
1804,0.0001733499796096074,0.40257925702780156
1805,0.00017272909802621298,0.40257647108103434
1806,0.00017212590091813992,0.4025801885751428
1807,0.00017145355091698056,0.4025790808465758
1808,0.00017074908728247244,0.40257459139193236
1809,0.00017012042451020136,0.40257655454123414
1810,0.0001695184628257553,0.40257641125678095
1811,0.0001688431570311896,0.4025764544176209
1812,0.00016818861161645667,0.4025758654812275
1813,0.00016751158230187245,0.4025783674561329
1814,0.00016691010630250427,0.40257705368262153
1815,0.00016619637099615507,0.4025774606942905
1816,0.0001656096673367098,0.40257448758241215
1817,0.0001650224667850656,0.4025700937443569
1818,0.00016439387473796984,0.4025653598412547
1819,0.00016367832500485322,0.40256121366742365
1820,0.00016302021771149152,0.40255676996446493
1821,0.0001623619367138898,0.40255683571936557
1822,0.00016175249696594076,0.4025538343892281
1823,0.0001611588968598761,0.402558490392586
1824,0.00016052993571615738,0.4025551278222434
1825,0.00015994332819128438,0.4025545332448964
1826,0.00015936843062217383,0.4025580312681687
1827,0.0001588267343063876,0.40256107071680297
1828,0.0001583017057111728,0.4025687805014395
1829,0.00015757395959666804,0.4025752408700486
1830,0.00015696313447414943,0.4025751610236797
1831,0.00015633565269446853,0.4025770051812166
1832,0.00015567115423263339,0.40258117504288987
1833,0.000155178908596697,0.402586590877705
1834,0.0001545101776455933,0.402584111388349
1835,0.0001539223020333171,0.40258682635372167
1836,0.00015334325703004103,0.40258291636449045
1837,0.0001527943989266407,0.4025798792610149
1838,0.00015222853152073524,0.4025881303882781
1839,0.0001517086588448936,0.4025859648344216
1840,0.00015108142942198962,0.40259160118863707
1841,0.00015047699994302628,0.4025839500744876
1842,0.0001498277075557206,0.4025897738241376
1843,0.0001493274221681327,0.4025823139662818
1844,0.0001488009694911814,0.40258217553113557
1845,0.00014820285790159238,0.40257592174821855
1846,0.0001476480495180134,0.40257063844175395
1847,0.00014706460245226193,0.40256779673011106
1848,0.00014642387662589318,0.40256695757931643
1849,0.00014586357313220013,0.40256474908541184
1850,0.00014529606330068078,0.40256795653511984
1851,0.00014474838268236577,0.40256765748552314
1852,0.00014417809864860086,0.40256746235800983
1853,0.0001436321489955015,0.40256778945320065
1854,0.0001431610037455214,0.40257258578109595
1855,0.0001426419383389287,0.4025752855737632
1856,0.00014214569580880336,0.4025804679856949
1857,0.00014165442956089254,0.4025826280222919
1858,0.00014113802411152434,0.4025804461966858
1859,0.00014054691048028594,0.4025770131473036
1860,0.0001400420345608339,0.40257387886197243
1861,0.00013951973672060098,0.40257450101773296
1862,0.00013902274776977265,0.4025766906700419
1863,0.00013856691385271427,0.40258152834838357
1864,0.0001380110984386357,0.40258011703815866
1865,0.0001375371226916867,0.4025800390067281
1866,0.0001370546423068489,0.40257965334241247
1867,0.00013648951249335876,0.4025849676601408
1868,0.00013600024754705555,0.4025814296817457
1869,0.00013544194786592218,0.4025866544749482
1870,0.0001349107253178649,0.4025922366575263
1871,0.0001344258523407682,0.40259269617867405
1872,0.0001338276982761096,0.40258918794913096
1873,0.0001332991567003338,0.4025916027941386
1874,0.00013276347739439833,0.4025884623328728
1875,0.00013219360587812798,0.40258434764178036
1876,0.0001317076186180069,0.4025898545263391
1877,0.0001312538836892395,0.4025936528610135
1878,0.00013075239068148227,0.40259160569310015
1879,0.00013029481924367803,0.40259280694766114
1880,0.00012985164576446098,0.4025903899383206
1881,0.000129388379601885,0.4025936099140316
1882,0.00012881733523840242,0.4025926785642546
1883,0.0001283328143178227,0.40259332781240526
1884,0.00012784681124133646,0.4025894267335364
1885,0.00012741989155978483,0.4025825970988698
1886,0.00012687957256491168,0.4025825971222791
1887,0.00012640659473550555,0.40259113533741187
1888,0.00012593787521710163,0.40258671616298874
1889,0.0001254242361733902,0.40257892062140976
1890,0.00012502525474425682,0.40257428414384205
1891,0.0001245630414932558,0.4025733632273875
1892,0.00012409389892122696,0.40256770804336556
1893,0.00012366326242989112,0.4025713606362813
1894,0.00012319577686905069,0.4025734732870784
1895,0.00012272797208967592,0.40257049192370187
1896,0.00012226312768340227,0.4025697110600956
1897,0.00012180380933858653,0.4025655035332769
1898,0.00012130278656582664,0.40256362815470575
1899,0.00012077020236628567,0.4025584267648113
1900,0.00012031244558117814,0.40256101704915404
1901,0.00011981379241288674,0.4025524450379639
1902,0.00011934845535186023,0.40254693597803587
1903,0.00011890533049289087,0.4025493480691187
1904,0.00011848776460016284,0.4025476807423629
1905,0.00011801516238796953,0.40254212359249525
1906,0.0001175600180977046,0.40254378695854676
1907,0.00011716493900752579,0.4025466150900684
1908,0.00011665352972836024,0.4025523214828159
1909,0.00011617801791838414,0.4025511154077237
1910,0.00011574165184710795,0.40255092955887334
1911,0.00011532369869846509,0.4025485306245518
1912,0.00011487625557414945,0.40254596329107956
1913,0.00011444901248734368,0.40255175547760264
1914,0.00011403395634539674,0.4025533650143342
1915,0.00011358833221531945,0.4025535141248557
1916,0.00011312058681991668,0.4025494762006468
1917,0.00011273780754336012,0.4025513888034497
1918,0.00011231845568420133,0.4025532946239457
1919,0.00011190662372601698,0.402552631162423
1920,0.00011140057450483303,0.4025522328694191
1921,0.00011098501292611026,0.40255628327026055
1922,0.00011058323943054219,0.40255524511285623
1923,0.00011019081648796025,0.40255691675927086
1924,0.00010978917615909448,0.40255352540534256
1925,0.000109392984102993,0.4025487236042823
1926,0.00010896031062653223,0.4025487816138563
1927,0.00010855492587831636,0.40254993518775845
1928,0.00010816913164677633,0.40254953403208016
1929,0.00010773799890003299,0.40254267733299165
1930,0.00010731209098818084,0.4025395687288805
1931,0.00010690211292443977,0.40254068285985206
1932,0.00010644430960959655,0.40253893324433004
1933,0.00010607243352940677,0.4025384994537014
1934,0.00010567244724711382,0.402537306482301
1935,0.00010527394072697567,0.4025345289909292
1936,0.00010480625541212794,0.4025308284112761
1937,0.0001044232540069698,0.402535646903343
1938,0.00010400044679314201,0.40253457871130377
1939,0.00010362104577641776,0.40252931388651053
1940,0.00010318736201216643,0.40253809719899175
1941,0.00010278687390202938,0.4025379227420555
1942,0.00010244402541223694,0.402541219844755
1943,0.00010208798772670254,0.4025398232327378
1944,0.00010167471290741273,0.40254084814740815
1945,0.0001012844467897029,0.40253408442468197
1946,0.0001009311662842453,0.4025379522088049
1947,0.00010054700599051695,0.402535434016256
1948,0.00010015708175429991,0.4025337808504971
1949,9.981015414055128e-05,0.40253789051517297
1950,9.942645289400582e-05,0.40253961086839923
1951,9.903264838581392e-05,0.40253421271947415
1952,9.864923306044118e-05,0.4025332639434405
1953,9.832561950903126e-05,0.4025354038842859
1954,9.794190898873669e-05,0.40253376712261635
1955,9.75852836314835e-05,0.4025348194108084
1956,9.72552290201209e-05,0.4025374903611269
1957,9.687798340946836e-05,0.40253859532826375
1958,9.653553129789383e-05,0.40253802448468967
1959,9.617431492701294e-05,0.4025356700933423
1960,9.58206227178518e-05,0.4025322894226473
1961,9.546665751791927e-05,0.4025261833081091
1962,9.513390251657332e-05,0.40252720488103905
1963,9.480252731220069e-05,0.4025269392950733
1964,9.438416158813263e-05,0.40252312061879697
1965,9.401041959547531e-05,0.4025250629159309
1966,9.369351788730514e-05,0.402524664583796
1967,9.336070363739412e-05,0.4025236392881774
1968,9.303525190561615e-05,0.40252521313954565
1969,9.26767946310516e-05,0.4025243546735236
1970,9.228611546685264e-05,0.4025242025116024
1971,9.19312682331582e-05,0.4025302251273672
1972,9.166168660815061e-05,0.4025308712980285
1973,9.131433111830256e-05,0.402527404444722
1974,9.100408798619277e-05,0.40252285028125406
1975,9.06813007846249e-05,0.4025206331599658
1976,9.033586424353058e-05,0.4025237097402999
1977,8.997725234751022e-05,0.4025215605869813
1978,8.962402764816857e-05,0.40251876172961326
1979,8.930734007644269e-05,0.40252233234751217
1980,8.897063807814415e-05,0.4025218163018717
1981,8.861771937612774e-05,0.4025223832827803
1982,8.830481288653613e-05,0.40252098702617434
1983,8.801681971805376e-05,0.40251999301112795
1984,8.77142171560869e-05,0.4025150245146828
1985,8.739721315020914e-05,0.40251363226576337
1986,8.708005652202866e-05,0.40251247361997883
1987,8.671783913605156e-05,0.4025077218669838
1988,8.645575877299275e-05,0.4025105803610451
1989,8.611884988003723e-05,0.4025095006467659
1990,8.580650746329675e-05,0.40250786716342973
1991,8.545265085369618e-05,0.4025055169024961
1992,8.506622720325822e-05,0.402505204859608
1993,8.471239267745078e-05,0.4025066581304217
1994,8.439666399319777e-05,0.40250630636901974
1995,8.405923845877585e-05,0.4025080644923204
1996,8.374522811022525e-05,0.402508207626256
1997,8.341432081634477e-05,0.40250803715938127
1998,8.313711456855718e-05,0.40251057603024526
1999,8.282647677838998e-05,0.4025066261421229
2000,8.253863068529089e-05,0.4025082644119935
2001,8.223483517597924e-05,0.402506236117012
2002,8.193649714206342e-05,0.40250376352868916
2003,8.16468586252956e-05,0.402502516547654
2004,8.132463621997985e-05,0.4025021590882026
2005,8.099352230591576e-05,0.40249996130985694
2006,8.071725191749241e-05,0.402500515742319
2007,8.042071437721445e-05,0.402505078057033
2008,8.013781139099394e-05,0.40250680921335924
2009,7.977795309025765e-05,0.4025013645161421
2010,7.943661563455255e-05,0.4025021460749984
2011,7.915293158298891e-05,0.40250140110307314
2012,7.88776221348381e-05,0.4024999387291514
2013,7.859024827351278e-05,0.4025027347813802
2014,7.826345380374746e-05,0.4025058781129666
2015,7.794820653045222e-05,0.40250446013079905
2016,7.765652264170941e-05,0.40250656180999317
2017,7.737991466252881e-05,0.40250912748479734
2018,7.704118421652746e-05,0.4025111695638471
2019,7.674668210231486e-05,0.40251071512506076
2020,7.648359687784545e-05,0.4025119875974749
2021,7.620968617800736e-05,0.4025138043493123
2022,7.591693188289931e-05,0.40251403929206386
2023,7.561797825084199e-05,0.40251253089854827
2024,7.535632269278127e-05,0.40251402999280805
2025,7.504747332153193e-05,0.40251421779300856
2026,7.473867765136142e-05,0.40251208975582353
2027,7.447374374431138e-05,0.40251065065205943
2028,7.421148411668778e-05,0.4025106783509193
2029,7.39377789954846e-05,0.40251142168419574
2030,7.365728731780714e-05,0.4025187845521948
2031,7.336298785346273e-05,0.402519187113785
2032,7.309933247861702e-05,0.4025169998447394
2033,7.284114341859047e-05,0.4025222988621761
2034,7.256981762800999e-05,0.4025172905756899
2035,7.232735202724175e-05,0.40251223160701305
2036,7.207424893238423e-05,0.40250965809545625
2037,7.180966037986286e-05,0.40250651311465396
2038,7.151837356259822e-05,0.40250510853532656
2039,7.122179401223274e-05,0.4025018137287187
2040,7.091751804053507e-05,0.40250420391289726
2041,7.065275888480066e-05,0.4025041330912501
2042,7.037520237072883e-05,0.40250396660829296
2043,7.009951238222501e-05,0.40250802863295243
2044,6.986441544664857e-05,0.4025066884630158
2045,6.957293546387222e-05,0.4025086039888594
2046,6.93287587309322e-05,0.4025051464287027
2047,6.90474780572708e-05,0.4025023366009315
2048,6.879048243855141e-05,0.4025047218358755
2049,6.853464694904207e-05,0.4025029470749433
2050,6.828317086088269e-05,0.402499366215532
2051,6.801609159922482e-05,0.4024994490360299
2052,6.776925048873657e-05,0.4024935817309366
2053,6.750477503053065e-05,0.40248995525317843
2054,6.723941293407593e-05,0.40249308380320575
2055,6.698463154472485e-05,0.4024888718308416
2056,6.672207962173758e-05,0.40248820856509143
2057,6.645890584041531e-05,0.40248483405491237
2058,6.621827775697375e-05,0.4024850472903136
2059,6.594021398732788e-05,0.40248309330388965
2060,6.568537777706867e-05,0.4024811870842651
2061,6.545711849843606e-05,0.4024793089980118
2062,6.522786497670292e-05,0.40248072654903744
2063,6.498049792629834e-05,0.40247867497644446
2064,6.47520913207704e-05,0.40247876939422794
2065,6.44712925963803e-05,0.4024807884374276
2066,6.423494753021397e-05,0.40247931468712234
2067,6.401126233797856e-05,0.402477087718611
2068,6.376359854960202e-05,0.40247658119974733
2069,6.350713059389564e-05,0.40247453508830455
2070,6.3293504137384e-05,0.4024735751417962
2071,6.302829187279618e-05,0.4024756325240603
2072,6.27727226684547e-05,0.402474135528437
2073,6.254932283146259e-05,0.4024753242755425
2074,6.232544469152926e-05,0.40247340369556683
2075,6.210391448362122e-05,0.4024767869609098
2076,6.189621435403736e-05,0.4024781270603567
2077,6.166290881813168e-05,0.40247952856296376
2078,6.142039326944326e-05,0.4024772136614445
2079,6.122742044925228e-05,0.40247839272912755
2080,6.0995558731440944e-05,0.4024779026067431
2081,6.074723881837528e-05,0.40247815157725775
2082,6.052697403985512e-05,0.4024760587912323
2083,6.0308912668017746e-05,0.4024729435054627
2084,6.004618559091727e-05,0.40247347013096413
2085,5.9806812153687925e-05,0.4024690783282767
2086,5.9595033466127115e-05,0.4024687760757131
2087,5.9408426830058295e-05,0.40246676496312256
2088,5.921480512457698e-05,0.40246409777791
2089,5.902176502925437e-05,0.40246636252833
2090,5.879117509870696e-05,0.4024666256117393
2091,5.8593663200946735e-05,0.4024687810366915
2092,5.8383057685269294e-05,0.4024699847555969
2093,5.8178719233208084e-05,0.4024660027550475
2094,5.796065244227559e-05,0.402462662307276
2095,5.772809021457542e-05,0.4024636815735819
2096,5.74814140965567e-05,0.40246225368945127
2097,5.726501117634857e-05,0.4024584926732504
2098,5.7052251288305894e-05,0.40245799819770156
2099,5.6813810798662896e-05,0.40245996436674947
2100,5.659399765407693e-05,0.40245909889858633
2101,5.641504192696054e-05,0.40245530756723474
2102,5.620745603094709e-05,0.4024597330933099
2103,5.597383204808162e-05,0.40246088570800553
2104,5.5755409279038724e-05,0.40246242477037236
2105,5.555199309427194e-05,0.4024630908400397
2106,5.53434336903637e-05,0.4024632974917911
2107,5.513804566768557e-05,0.4024631389470358
2108,5.4919028712742837e-05,0.4024644918493529
2109,5.471527243629713e-05,0.4024645919564928
2110,5.45233346810325e-05,0.4024640414077596
2111,5.431979961829552e-05,0.402461937382922
2112,5.4110532070676155e-05,0.4024669588754831
2113,5.3916581540232755e-05,0.4024668588560451
2114,5.372835447372688e-05,0.4024672609231979
2115,5.352854259886363e-05,0.40246515790303916
2116,5.332166305905624e-05,0.40246580874605936
2117,5.309905527583101e-05,0.4024636582155893
2118,5.2896565026160716e-05,0.40246704623578505
2119,5.269061567617982e-05,0.4024663265771616
2120,5.2504515173995326e-05,0.40246375704958703
2121,5.226766776125956e-05,0.40246046675947955
2122,5.205042942211728e-05,0.40246021162832185
2123,5.1826521387653614e-05,0.40245822660434644
2124,5.162971179575711e-05,0.402459374006285
2125,5.1450680124212486e-05,0.40245854010191584
2126,5.125436015697279e-05,0.4024568095483533
2127,5.1090750344239596e-05,0.4024528212034115
2128,5.088438084510806e-05,0.4024547072653004
2129,5.0715934856486275e-05,0.40245252150674093
2130,5.053093834868314e-05,0.40245281273890793
2131,5.035330327209798e-05,0.4024558147698767
2132,5.018895616481566e-05,0.40245846629488846
2133,4.999693280315104e-05,0.40245823071294706
2134,4.980490205916328e-05,0.402455750847229
2135,4.963434566080857e-05,0.40245446722057937
2136,4.947641228877139e-05,0.402453329823382
2137,4.930620343468203e-05,0.40245321775310733
2138,4.912262141014295e-05,0.40245184163067504
2139,4.89300919490154e-05,0.40245460126237864
2140,4.8735282733412895e-05,0.4024567580666685
2141,4.8555018619198765e-05,0.4024553933025344
2142,4.838343854389047e-05,0.4024585143152842
2143,4.82080932064652e-05,0.4024603411410819
2144,4.80481479514141e-05,0.4024589931233727
2145,4.7870237411899846e-05,0.40245795777569254
2146,4.771178216523997e-05,0.40245794485449055
2147,4.7526684279577125e-05,0.40245760894128574
2148,4.735804503232729e-05,0.4024597627535821
2149,4.717462013115902e-05,0.402457065282593
2150,4.699290915134881e-05,0.4024599055166347
2151,4.680510500390623e-05,0.4024588759879052
2152,4.6632361229939614e-05,0.40245816386350053
2153,4.644911403370316e-05,0.402456049430941
2154,4.626736062098883e-05,0.40245853597743125
2155,4.6084373223542107e-05,0.4024574109456216
2156,4.591008594239996e-05,0.4024564596189897
2157,4.573591954016235e-05,0.40245208948057876
2158,4.5544627475576675e-05,0.40245561298092464
2159,4.537446921451241e-05,0.40245547479511545
2160,4.5195069314943024e-05,0.40245684461367115
2161,4.5035157809095854e-05,0.40245768132878723
2162,4.483996624665624e-05,0.4024599727027707
2163,4.469080548785258e-05,0.4024607288161944
2164,4.452460871120777e-05,0.40245731852386646
2165,4.435747167221803e-05,0.40245772015680825
2166,4.416962013043034e-05,0.4024542821184152
2167,4.401771444796659e-05,0.40245325408403054
2168,4.387052833465544e-05,0.4024531990436168
2169,4.370982170402751e-05,0.4024543020319924
2170,4.35654227980569e-05,0.4024532665155381
2171,4.340135211343712e-05,0.40245459148177887
2172,4.32201969836038e-05,0.4024555120904559
2173,4.3047419520266185e-05,0.40245826005890517
2174,4.287712154259937e-05,0.40245698559064186
2175,4.273515127562616e-05,0.40245636980623534
2176,4.2573530197039444e-05,0.4024552431203283
2177,4.2424869331449586e-05,0.40245772666693075
2178,4.227626506049411e-05,0.40245809303353924
2179,4.211153582155995e-05,0.4024584176445935
2180,4.1948294293572766e-05,0.4024551283353729
2181,4.1773682282720374e-05,0.40245528085111554
2182,4.1596714776667555e-05,0.40245296833459865
2183,4.146713420575689e-05,0.40244839142078787
2184,4.129968495879192e-05,0.40244797549893596
2185,4.113845357191409e-05,0.40244639998911597
2186,4.096089262554332e-05,0.4024471424748722
2187,4.081462055727283e-05,0.4024485652932091
2188,4.067107460409016e-05,0.4024510718647871
2189,4.052084675296187e-05,0.4024494180529187
2190,4.038742402130093e-05,0.40244761084089875
2191,4.02372775057121e-05,0.4024455652672095
2192,4.010587384442012e-05,0.4024461124652801
2193,3.997298078473083e-05,0.40244574048641035
2194,3.983211534297718e-05,0.40244394339853845
2195,3.970178334311481e-05,0.4024438777114663
2196,3.954708979430228e-05,0.4024435718624319
2197,3.939918059966224e-05,0.40244610164392536
2198,3.9247366547477835e-05,0.4024479905247864
2199,3.9092082878373406e-05,0.40244656510749655
2200,3.8965436491097834e-05,0.4024458390915832
2201,3.882994766646218e-05,0.4024436229713628
2202,3.8668508627624376e-05,0.40244081154179273
2203,3.8522514336585436e-05,0.4024396431955856
2204,3.837918862541396e-05,0.40243925324091356
2205,3.823568179266045e-05,0.40243892877461585
2206,3.810082560028648e-05,0.4024365716119787
2207,3.795777325269054e-05,0.4024387447193701
2208,3.7816681398696356e-05,0.4024377646555338
2209,3.768622250592917e-05,0.40243524174036677
2210,3.754210133704179e-05,0.40243429453383317
2211,3.740649502152106e-05,0.402430332255894
2212,3.726528217145109e-05,0.4024350980151255
2213,3.7132321497153054e-05,0.4024375942986174
2214,3.7008868033553384e-05,0.4024373059397316
2215,3.686099151566865e-05,0.40243204444187125
2216,3.672601927575647e-05,0.40242908673994415
2217,3.65722137423395e-05,0.40243038378006246
2218,3.6438412776302084e-05,0.40243056567977037
2219,3.6306262181519395e-05,0.4024302780350666
2220,3.618313268341488e-05,0.4024291254266912
2221,3.603867632142688e-05,0.40242948827057073
2222,3.591806592403884e-05,0.4024324694007201
2223,3.579159046955561e-05,0.40243217052054897
2224,3.565188875013294e-05,0.4024320239614564
2225,3.5510390258897596e-05,0.4024302614754423
2226,3.537617822713834e-05,0.40243202991761545
2227,3.527177867835005e-05,0.4024354323677159
2228,3.514975069906287e-05,0.40243554053320196
2229,3.502534896098256e-05,0.40243667666536936
2230,3.488503005168117e-05,0.4024352455114884
2231,3.475126027849918e-05,0.4024342570864294
2232,3.46327796520686e-05,0.4024361712828446
2233,3.4490350631885e-05,0.402434406440479
2234,3.436967208628884e-05,0.40243384912561897
2235,3.42455982744429e-05,0.40243516136530594
2236,3.410841306147678e-05,0.4024349634456361
2237,3.396919424329716e-05,0.4024321211160906
2238,3.385009241269386e-05,0.4024333748730405
2239,3.37197693967589e-05,0.40243127572210086
2240,3.360132809638367e-05,0.40242900426996037
2241,3.346553598223651e-05,0.4024280601698042
2242,3.3352772158137663e-05,0.4024316525099832
2243,3.322698525781671e-05,0.40243139398925304
2244,3.308669299343019e-05,0.40243005203190707
2245,3.295537143826448e-05,0.40242796428861805
2246,3.2832196835456836e-05,0.4024282114893983
2247,3.2703229564048376e-05,0.4024334265492172
2248,3.2597884402388624e-05,0.40243580473932666
2249,3.248156213477562e-05,0.4024374128067529
2250,3.237396714726813e-05,0.40243483342408054
2251,3.2233429463560195e-05,0.4024320121525535
2252,3.210716989278472e-05,0.4024322865891454
2253,3.1985676107240194e-05,0.40243241957274717
2254,3.1859321223126604e-05,0.4024325873635121
2255,3.171868038856998e-05,0.4024308686115847
2256,3.160937218959107e-05,0.4024304394719647
2257,3.149676624435985e-05,0.40242965544960624
2258,3.1381405270758314e-05,0.4024327847101826
2259,3.12602955770831e-05,0.40243265182305454
2260,3.115631661039e-05,0.40243406375492446
2261,3.1022578421889333e-05,0.40243215354516865
2262,3.0902445241183335e-05,0.40242904708826954
2263,3.0791543672673284e-05,0.40242901890689975
2264,3.068507399968921e-05,0.40242931890779726
2265,3.057436554462432e-05,0.40242863456829103
2266,3.04485540975341e-05,0.402425472210615
2267,3.0322497261990982e-05,0.40242446178789526
2268,3.02031855463847e-05,0.40242248711785195
2269,3.0096360374030497e-05,0.40242146591183825
2270,2.9984442649099872e-05,0.40242010566359815
2271,2.9862852161660375e-05,0.40242063658861627
2272,2.974265129305913e-05,0.40241958462093247
2273,2.963299251564772e-05,0.4024195491035829
2274,2.9514848853516285e-05,0.4024183296584578
2275,2.9395039861847363e-05,0.402418568919504
2276,2.929318718653643e-05,0.4024175862089426
2277,2.9190467282721245e-05,0.4024147382644704
2278,2.908113590194538e-05,0.40241652674752815
2279,2.897493571350637e-05,0.4024155463345439
2280,2.8873065977494657e-05,0.4024130836676605
2281,2.8765372535028677e-05,0.4024123124871118
2282,2.8663526689077747e-05,0.40240998625838764
2283,2.8550916964519553e-05,0.40241087236586814
2284,2.843965093843464e-05,0.40240870211708624
2285,2.8322779204505455e-05,0.40241185574760935
2286,2.82159613503872e-05,0.4024129002709778
2287,2.8119109609806562e-05,0.402413922287153
2288,2.8024318465469878e-05,0.40241462655911975
2289,2.7928850783149373e-05,0.40241185798918067
2290,2.7829990208167148e-05,0.40241249956000347
2291,2.7730853900061005e-05,0.40241130310158946
2292,2.761589691007602e-05,0.4024085407436141
2293,2.7524747502872893e-05,0.40240857820009573
2294,2.7416509984045323e-05,0.4024065254441976
2295,2.7309141846446304e-05,0.4024072537602757
2296,2.7205245478998458e-05,0.4024049689782497
2297,2.7095941378512788e-05,0.4024048266031127
2298,2.700741989067548e-05,0.4024041715305376
2299,2.690516065435761e-05,0.4024031924844305
2300,2.679145697810335e-05,0.40240352471954854
2301,2.6693924392511474e-05,0.40240326814720356
2302,2.659379546347672e-05,0.40240253207754717
2303,2.6506436433168647e-05,0.40240218036585995
2304,2.6403619281431634e-05,0.40240163409240176
2305,2.6312739034818197e-05,0.40240110747789115
2306,2.6212727909205055e-05,0.40240009492644513
2307,2.6114898268386097e-05,0.40240040937479327
2308,2.601845847580189e-05,0.40240012993247964
2309,2.592229776862915e-05,0.40239901563945396
2310,2.582082211363414e-05,0.4023992020884318
2311,2.5716491682815826e-05,0.4023967176166227
2312,2.561082528195601e-05,0.4023954490074254
2313,2.5513599825887786e-05,0.4023940921164257
2314,2.54088395909523e-05,0.4023929649190719
2315,2.5323392329285214e-05,0.40239446359375636
2316,2.521082352718506e-05,0.40239556939358473
2317,2.512167171210609e-05,0.40239429614367495
2318,2.5038565955512205e-05,0.40239319435849363
2319,2.495312018224397e-05,0.40239283964698336
2320,2.4870346817015845e-05,0.4023942991277424
2321,2.4786259481904113e-05,0.40239370496980165
2322,2.4700610636280975e-05,0.4023950423072288
2323,2.461772569302808e-05,0.4023929110857325
2324,2.4506369764504957e-05,0.4023927779595107
2325,2.4420539097176215e-05,0.40239344847900715
2326,2.4323133958071395e-05,0.4023936918477234
2327,2.421818925001081e-05,0.4023940069276426
2328,2.413088816311116e-05,0.40239358626320076
2329,2.403324987036127e-05,0.402392793353565
2330,2.3934276514394378e-05,0.40239232278021136
2331,2.3843174136730397e-05,0.4023922209698162
2332,2.3750648024231462e-05,0.40239112796907517
2333,2.366378293125627e-05,0.4023881861447599
2334,2.357852978401679e-05,0.4023852212505004
2335,2.3488871751291836e-05,0.4023870900932922
2336,2.3401072284435302e-05,0.4023848854782544
2337,2.3320996934648915e-05,0.40238391495056686
2338,2.3237375852931228e-05,0.4023842028148024
2339,2.3150368916150013e-05,0.40238308239870774
2340,2.3060487406127746e-05,0.40238331664158467
2341,2.298265352764031e-05,0.40238453296770665
2342,2.2901469841639302e-05,0.4023841684278951
2343,2.28106461430884e-05,0.4023849292252749
2344,2.271728816504628e-05,0.4023843354113372
2345,2.263995004063086e-05,0.4023852172818706
2346,2.2550763623236085e-05,0.40238561021366737
2347,2.247321134848332e-05,0.4023852767373727
2348,2.2389089314923484e-05,0.40238542426202484
2349,2.2304725549428038e-05,0.4023845446265024
2350,2.2233533229754133e-05,0.4023828225453601
2351,2.2160677911784672e-05,0.4023828519072573
2352,2.2078779271567276e-05,0.4023837018214847
2353,2.198862740975241e-05,0.4023852537828506
2354,2.1910259956585977e-05,0.4023837318553389
2355,2.1831656025201882e-05,0.40238443910959715
2356,2.176004146347899e-05,0.40238479254125087
2357,2.1684757743269885e-05,0.4023840880922743
2358,2.1598660420337025e-05,0.40238329301452097
2359,2.152116820260162e-05,0.4023817066179199
2360,2.1443497957488684e-05,0.4023805221981281
2361,2.135949710931429e-05,0.40238059920308633
2362,2.1270859596228997e-05,0.40237888899687474
2363,2.1188571049786164e-05,0.4023786708156478
2364,2.1111600024480065e-05,0.4023800031714819
2365,2.103161966616657e-05,0.40237732506051915
2366,2.09518211044307e-05,0.40237766450718165
2367,2.0873511264893006e-05,0.4023751217499529
2368,2.0811796161216704e-05,0.4023756322840492
2369,2.073518685739131e-05,0.4023747388735938
2370,2.0663831341097767e-05,0.4023735990230204
2371,2.0585939934436277e-05,0.4023755574222049
2372,2.0507247921634586e-05,0.4023746092019384
2373,2.0426509004175787e-05,0.4023740958910901
2374,2.0348566807881442e-05,0.40237384669423804
2375,2.0276787716899487e-05,0.4023745228982418
2376,2.0198147776613973e-05,0.4023729834277077
2377,2.0124647790979623e-05,0.4023754224440126
2378,2.004930503943027e-05,0.4023766305920612
2379,1.9968145631040653e-05,0.40237842240536814
2380,1.989868622317654e-05,0.4023784658266168
2381,1.9830578315507314e-05,0.40237827052995556
2382,1.9765521537250565e-05,0.40237803137548445
2383,1.970338316404586e-05,0.40237897113913185
2384,1.963049997823164e-05,0.4023807736316348
2385,1.9557724475578862e-05,0.4023829147046975
2386,1.9489873222748866e-05,0.402381810017186
2387,1.9431635473990795e-05,0.40238232307990335
2388,1.935839288503495e-05,0.4023815406052386
2389,1.9293604973845714e-05,0.40238108972182995
2390,1.922817340097779e-05,0.40238164967691437
2391,1.9155892071711753e-05,0.40238041591033136
2392,1.9078905970384768e-05,0.40238074386344674
2393,1.90031451812854e-05,0.4023778946067656
2394,1.8933736184710106e-05,0.4023750593500578
2395,1.88688956308894e-05,0.4023728258059033
2396,1.880359747327888e-05,0.40237153884125815
2397,1.872978469914789e-05,0.4023710355640353
2398,1.8668471355306398e-05,0.402370659544235
2399,1.8587733280031307e-05,0.4023727028268537
2400,1.852134441661526e-05,0.4023728757974436
2401,1.8444422389246282e-05,0.40237365245346346
2402,1.8367764484709876e-05,0.40237262743519703
2403,1.8308069651822922e-05,0.40237325256831125
2404,1.8241914037018278e-05,0.40237601411895524
2405,1.8170038599492736e-05,0.4023751865958294
2406,1.8106074926384334e-05,0.402374763990283
2407,1.804192043395024e-05,0.4023743006371025
2408,1.7968428363888917e-05,0.4023713263311263
2409,1.7911404183985358e-05,0.4023692723451702
2410,1.7840806853280523e-05,0.40236770927104926
2411,1.7773774911408357e-05,0.40236715831301517
2412,1.7714699666702244e-05,0.40236683096436615
2413,1.7655415606053752e-05,0.40236768240276144
2414,1.7595981449771168e-05,0.40236762728140535
2415,1.7524186973221214e-05,0.4023661991790184
2416,1.745336639337073e-05,0.40236472751410174
2417,1.739178591045162e-05,0.40236527196249217
2418,1.7322528236944486e-05,0.4023636841865988
2419,1.7265364699342714e-05,0.4023628349986695
2420,1.7198486668493072e-05,0.4023640843306964
2421,1.7132985123617075e-05,0.40236258493812616
2422,1.7085499409709764e-05,0.40236204077608884
2423,1.7021966435406862e-05,0.4023620991730675
2424,1.695805947607376e-05,0.40235973832152966
2425,1.6896790233247083e-05,0.4023599300735827
2426,1.6836044399844755e-05,0.40235945588809785
2427,1.676972077253481e-05,0.4023590970275896
2428,1.6713532744324567e-05,0.40235963693496396
2429,1.6644952600487392e-05,0.40236080851159295
2430,1.658573982003152e-05,0.40235980232631213
2431,1.653024731863005e-05,0.4023598714276628
2432,1.6472195220391885e-05,0.40235978784425896
2433,1.641732026336353e-05,0.4023583135701118
2434,1.6363038421503584e-05,0.40235736572216635
2435,1.630252945245839e-05,0.4023564512659707
2436,1.62516465071374e-05,0.4023558454188598
2437,1.6194942885950504e-05,0.40235576770728615
2438,1.6129475673173736e-05,0.40235766962630615
2439,1.6062153406117836e-05,0.4023569411443475
2440,1.6012484821886944e-05,0.4023575365389684
2441,1.5948857392442228e-05,0.4023586410928759
2442,1.5897058091909247e-05,0.40235797623099795
2443,1.5838607166514985e-05,0.4023583031842211
2444,1.5786490094090996e-05,0.4023588080892246
2445,1.5732915635444975e-05,0.40235898520691854
2446,1.5673421871228324e-05,0.4023606264705485
2447,1.5616528808530796e-05,0.4023608900549582
2448,1.5543886496875473e-05,0.4023611576055826
2449,1.5487688024368313e-05,0.4023595165148536
2450,1.5426235749842714e-05,0.40236040750945307
2451,1.536430336289969e-05,0.40236086448248504
2452,1.53113958591444e-05,0.4023621712265272
2453,1.5259355333827243e-05,0.4023613744643368
2454,1.5204780492564237e-05,0.4023602781150113
2455,1.5151157752253505e-05,0.40236123145873165
2456,1.5092182568740328e-05,0.40236166055362094
2457,1.5029481069594775e-05,0.4023627328834927
2458,1.4976971746827772e-05,0.4023633193067871
2459,1.4919692662640795e-05,0.40236638568575617
2460,1.4870177231941844e-05,0.4023653134756669
2461,1.4816448134422808e-05,0.4023658688674445
2462,1.4762658470256452e-05,0.40236509082461186
2463,1.4700992873534298e-05,0.4023660958601645
2464,1.4649026656005816e-05,0.40236421312095505
2465,1.4594528596614762e-05,0.40236517551565065
2466,1.4540096805203515e-05,0.40236442085139995
2467,1.4493326730030645e-05,0.40236477736333254
2468,1.4439934038603088e-05,0.40236548780066816
2469,1.4383363361941809e-05,0.40236643906608155
2470,1.4329717552955835e-05,0.4023673998450159
2471,1.4288016026257316e-05,0.4023667629886003
2472,1.4233189850782618e-05,0.40236847924763164
2473,1.4173968180902247e-05,0.4023689612297816
2474,1.4122237222929718e-05,0.4023699376771978
2475,1.4071001706422982e-05,0.4023683898574489
2476,1.401565989821378e-05,0.40236720082047295
2477,1.3958597405147555e-05,0.40236668733776826
2478,1.3913510951310593e-05,0.40236728755580625
2479,1.3850949526727939e-05,0.40236850296525
2480,1.3794663518472673e-05,0.4023696089798639
2481,1.3745946125258615e-05,0.4023678688322875
2482,1.3697130618785895e-05,0.4023666781772035
2483,1.365198056043299e-05,0.40236657168297896
2484,1.3603621013273608e-05,0.40236500549059767
2485,1.3558245270582118e-05,0.4023635499994755
2486,1.3510396944717128e-05,0.4023617435004102
2487,1.3451645412256964e-05,0.40236129608638693
2488,1.3400636058847126e-05,0.4023618656707792
2489,1.3345157142614085e-05,0.4023608480577749
2490,1.3297267160355348e-05,0.4023605722046396
2491,1.3251966675265679e-05,0.40235932352399845
2492,1.3201399193064837e-05,0.4023590093391046
2493,1.3150043274630864e-05,0.4023594564349767
2494,1.3098551587645177e-05,0.4023583174903149
2495,1.3052627376866839e-05,0.4023591258000795
2496,1.3003045596201645e-05,0.40235895872315625
2497,1.2954704130007681e-05,0.4023580525624696
2498,1.290633896117362e-05,0.40235720840363637
2499,1.2861775746862896e-05,0.4023575329515357
2500,1.2809435091358857e-05,0.4023578212401039
2501,1.275946301782422e-05,0.4023573265053308
2502,1.2709645613004465e-05,0.4023577528596441
2503,1.2657606645087432e-05,0.40235626413241465
2504,1.2605856575770011e-05,0.4023554273776185
2505,1.2559382026094733e-05,0.40235741919891455
2506,1.2507320155997591e-05,0.40235723154766234
2507,1.245634448454322e-05,0.40235486882341337
2508,1.2413858913596432e-05,0.4023553135266969
2509,1.2365393093295342e-05,0.4023559620066736
2510,1.2321871977364132e-05,0.40235732070203295
2511,1.2272968265943477e-05,0.4023588782630487
2512,1.2231029790486215e-05,0.4023574774714668
2513,1.2186817773617954e-05,0.4023570613157822
2514,1.214602504403135e-05,0.40235681222189545
2515,1.2099902973754922e-05,0.4023559293223095
2516,1.2054589273763948e-05,0.4023564371106491
2517,1.200205666245371e-05,0.4023558151910433
2518,1.1963149219315632e-05,0.40235585113917566
2519,1.1916561593439386e-05,0.4023572485122881
2520,1.1875357292015461e-05,0.402355904960807
2521,1.1831965669094346e-05,0.4023563496872287
2522,1.1793390308496293e-05,0.40235621690164813
2523,1.1755069568178815e-05,0.40235565273821594
2524,1.1712243771066921e-05,0.4023583686916594
2525,1.1670129762760497e-05,0.4023589961255841
2526,1.161943709548504e-05,0.4023582736994007
2527,1.1572771360032243e-05,0.40235773017607723
2528,1.1531522362221071e-05,0.40235691491119896
2529,1.1489668987530709e-05,0.40235663422179757
2530,1.1456050376503518e-05,0.40235722397409
2531,1.1409307053793052e-05,0.40235888189049707
2532,1.1368134637177457e-05,0.4023599630109286
2533,1.1325848835232273e-05,0.4023567167384684
2534,1.1287216057282617e-05,0.4023558715788282
2535,1.1250095494711974e-05,0.4023558885887862
2536,1.1207031136776015e-05,0.40235533196900447
2537,1.1164830425931336e-05,0.4023562914714647
2538,1.1125395261385855e-05,0.40235437741617
2539,1.1089313917812257e-05,0.4023533704833055
2540,1.1052508744180437e-05,0.4023517892305696
2541,1.1010364489262827e-05,0.40235168011555367
2542,1.096888564403515e-05,0.4023528173472346
2543,1.0929234929035635e-05,0.40235173777331373
2544,1.0888056215444422e-05,0.40235361383481444
2545,1.0846518452546074e-05,0.40235362709393846
2546,1.0805854443017591e-05,0.4023528651833872
2547,1.0769568728487612e-05,0.40235493759199076
2548,1.0728612721111495e-05,0.4023552088473011
2549,1.0691114657681456e-05,0.40235483006286854
2550,1.0650558134056196e-05,0.4023551075199677
2551,1.0615279005181245e-05,0.4023550077092786
2552,1.0579082085845482e-05,0.4023558725079405
2553,1.0538672048508076e-05,0.4023571479121792
2554,1.0502323468919227e-05,0.4023549201999348
2555,1.0462102766603201e-05,0.4023540103079673
2556,1.0420446302742334e-05,0.40235390104783064
2557,1.0381880852997552e-05,0.4023546274257541
2558,1.0342813456210115e-05,0.40235354324078126
2559,1.0307042346455864e-05,0.40235290379874994
2560,1.0272931519514391e-05,0.40235235610078435
2561,1.0235857069609375e-05,0.4023529831802737
2562,1.0199613707515645e-05,0.4023535106164914
2563,1.016526875849996e-05,0.40235428714451166
2564,1.0131735844902228e-05,0.4023544242970798
2565,1.0094823725867877e-05,0.40235517192760456
2566,1.005698017153188e-05,0.40235698618817184
2567,1.002400390099055e-05,0.40235878632006844
2568,9.985177706437229e-06,0.40235931325247265
2569,9.947858191687695e-06,0.402358411076661
2570,9.908586822120286e-06,0.40235915333340616
2571,9.870882572288549e-06,0.4023584538470973
2572,9.833097887682381e-06,0.40235870094053516
2573,9.79792518656844e-06,0.4023569964332239
2574,9.76256773259584e-06,0.40235816614652387
2575,9.73157320695865e-06,0.402359302650961
2576,9.691891379924021e-06,0.40236009463143696
2577,9.65686625390343e-06,0.4023608398382508
2578,9.62085156531809e-06,0.40236262483587454
2579,9.58495312884767e-06,0.4023604422363295
2580,9.55587186412517e-06,0.40236044347455246
2581,9.519599942450445e-06,0.4023605322346429
2582,9.485398728942379e-06,0.40236107566442625
2583,9.450724727942452e-06,0.40236140202720866
2584,9.413427555337144e-06,0.4023612642138784
2585,9.377690887728397e-06,0.4023605332691845
2586,9.342604816367068e-06,0.40235918182810837
2587,9.303887783858655e-06,0.4023585346628544
2588,9.269805833190194e-06,0.4023571718086562
2589,9.244510742221512e-06,0.40235517524995323
2590,9.213613046863604e-06,0.40235447823989345
2591,9.178421835222078e-06,0.4023541836293745
2592,9.144682611180331e-06,0.4023544835794597
2593,9.109855656715646e-06,0.40235311862289663
2594,9.073661066822076e-06,0.40235217992311784
2595,9.041556110231463e-06,0.40235063887977085
2596,9.011665702936932e-06,0.4023498380341837
2597,8.980948816655273e-06,0.4023497532193581
2598,8.951879282857112e-06,0.40234915474559685
2599,8.916814520906281e-06,0.4023484222146718
2600,8.890105261358611e-06,0.4023483357450975
2601,8.859884686708395e-06,0.40234710063344276
2602,8.830178163292067e-06,0.4023470563589804
2603,8.7965860781101e-06,0.40234616167414194
2604,8.764367648436855e-06,0.4023448282697926
2605,8.730701120932924e-06,0.4023444315057193
2606,8.699404616994194e-06,0.40234500877025314
2607,8.668050802281934e-06,0.40234257247100585
2608,8.635976262318273e-06,0.40234383574702015
2609,8.601936569970727e-06,0.40234336248300046
2610,8.572341189285578e-06,0.40234217225099306
2611,8.542915402299417e-06,0.4023423510584775
2612,8.515285355968187e-06,0.40234223166917576
2613,8.485602413923637e-06,0.4023427022047486
2614,8.454967600237171e-06,0.4023442884958452
2615,8.428362989018642e-06,0.40234365769448
2616,8.396616450529017e-06,0.40234440331783633
2617,8.365908421916636e-06,0.4023436699351332
2618,8.339870974303894e-06,0.40234222564187605
2619,8.307557705931426e-06,0.40234261224882256
2620,8.277028414329551e-06,0.4023422270153903
2621,8.244238576353288e-06,0.4023418989326022
2622,8.210194101953155e-06,0.40234160732515517
2623,8.17795560082761e-06,0.40234182824195
2624,8.142270639830226e-06,0.4023430305919874
2625,8.114857010923711e-06,0.4023425024994732
2626,8.087875956186865e-06,0.4023421375855693
2627,8.054746471328031e-06,0.4023417104939093
2628,8.02590915499991e-06,0.4023406035214287
2629,7.998542278295661e-06,0.4023403517543314
2630,7.970826215777973e-06,0.4023413506668718
2631,7.93951336184988e-06,0.40234169120672475
2632,7.912351522323648e-06,0.4023418767452994
2633,7.882212187527579e-06,0.40234263211605614
2634,7.854827578813981e-06,0.40234283889043587
2635,7.820843867707611e-06,0.40234403501825267
2636,7.789093813422616e-06,0.402342860463698
2637,7.758425359631773e-06,0.40234289216324903
2638,7.727706146890958e-06,0.40234228530491195
2639,7.702892896038879e-06,0.4023418923349341
2640,7.668972784969082e-06,0.402339813864155
2641,7.642024702560107e-06,0.40234057885097474
2642,7.613185611245024e-06,0.40234034636923666
2643,7.585880118944772e-06,0.40234084885277627
2644,7.5617636956377195e-06,0.40234059254581955
2645,7.531247011306582e-06,0.4023409926097914
2646,7.503138053221468e-06,0.40234034864512974
2647,7.4813130386280045e-06,0.40234147772820106
2648,7.452602661305213e-06,0.4023416626629907
2649,7.422711537944438e-06,0.40234111158744684
2650,7.398008072221039e-06,0.40234182470704094
2651,7.374960326283143e-06,0.40234027712606857
2652,7.347034107924298e-06,0.40234067947450175
2653,7.322870916504255e-06,0.4023390909461208
2654,7.299628174039878e-06,0.4023390123031929
2655,7.273972180059866e-06,0.4023387978796319
2656,7.249823648054958e-06,0.40233980071342396
2657,7.221983589353e-06,0.402339544163547
2658,7.198771736826338e-06,0.40233884020327837
2659,7.1735438078358794e-06,0.4023385103359753
2660,7.14235549445863e-06,0.40233762358675007
2661,7.115446828017808e-06,0.4023370780435358
2662,7.092335008729425e-06,0.40233604064833256
2663,7.06641397258139e-06,0.4023360924363969
2664,7.041745617999521e-06,0.4023356734229307
2665,7.015905859134856e-06,0.4023355838635697
2666,6.989334260028389e-06,0.40233511380547876
2667,6.962289247102769e-06,0.40233491831738694
2668,6.936318043315535e-06,0.4023349294980155
2669,6.91354963221699e-06,0.4023344502994204
2670,6.889218550982166e-06,0.4023347817685459
2671,6.865550915452869e-06,0.4023336940648727
2672,6.840249901868002e-06,0.40233342370036895
2673,6.8178940328030075e-06,0.4023329849696555
2674,6.795113466640261e-06,0.402332502173667
2675,6.771674957253332e-06,0.4023326344993834
2676,6.7484314097092795e-06,0.40233185638411384
2677,6.724239687246011e-06,0.40233316488214355
2678,6.697086303661691e-06,0.40233372108329657
2679,6.675779441961832e-06,0.40233360184037453
2680,6.653480271890385e-06,0.40233448386068876
2681,6.629836071064881e-06,0.4023345781292191
2682,6.608558508180875e-06,0.40233505563781513
2683,6.583882212003137e-06,0.40233626072144635
2684,6.562757315509494e-06,0.40233671062458387
2685,6.541415796993002e-06,0.40233727126948
2686,6.517161047411249e-06,0.4023378020166299
2687,6.4915811615484525e-06,0.40233829268713067
2688,6.466696894495066e-06,0.40233886497918664
2689,6.4436622942491e-06,0.4023394306443019
2690,6.417793182699584e-06,0.4023391135313592
2691,6.394012338027715e-06,0.40234082732681226
2692,6.3722395335128885e-06,0.40234032159028044
2693,6.351916899361236e-06,0.4023406411900983
2694,6.327833687436485e-06,0.40234092705966173
2695,6.30399333854191e-06,0.40234060651632686
2696,6.2842675085513985e-06,0.4023416435804969
2697,6.259591540707331e-06,0.40234285593402097
2698,6.2360396500432086e-06,0.40234312140488027
2699,6.216293986098275e-06,0.4023416815484353
2700,6.193774283891545e-06,0.40234200500008344
2701,6.1727670376795425e-06,0.40234172881228814
2702,6.148493633027808e-06,0.40234188398657045
2703,6.127381328890204e-06,0.4023415245723744
2704,6.1053010847577836e-06,0.40234181122954593
2705,6.084838263414042e-06,0.4023422201299219
2706,6.060576973466367e-06,0.40234135551028405
2707,6.039466199708467e-06,0.4023411204850445
2708,6.015999531954095e-06,0.402341290905271
2709,5.9918494767524705e-06,0.4023412538385139
2710,5.96882566425968e-06,0.40234046886572306
2711,5.948569748238798e-06,0.40233978125764336
2712,5.928928616492211e-06,0.4023386321929586
2713,5.907702517444667e-06,0.40233903906783847
2714,5.887685234516163e-06,0.40233976389852405
2715,5.866017912420402e-06,0.4023391227181478
2716,5.844569510289099e-06,0.4023398191602779
2717,5.823175323755974e-06,0.4023391262913428
2718,5.80166038268133e-06,0.40233825251692884
2719,5.779429685509985e-06,0.40233905642674833
2720,5.757258941876062e-06,0.4023382723946866
2721,5.738311589230135e-06,0.40233760731272
2722,5.7170564624423305e-06,0.4023385186655736
2723,5.6973691754115305e-06,0.40233761709578386
2724,5.674563717391839e-06,0.4023380064223348
2725,5.653146986167108e-06,0.40233896103266004
2726,5.6317986296518435e-06,0.40233902778520625
2727,5.612311568039881e-06,0.4023379916609632
2728,5.5938818005425966e-06,0.4023369830429785
2729,5.576168375365421e-06,0.40233601579993855
2730,5.559039229365814e-06,0.40233524524919034
2731,5.536687265043519e-06,0.40233456954359204
2732,5.517899353249849e-06,0.40233507271791985
2733,5.4977279860517e-06,0.40233534314225955
2734,5.474532615755422e-06,0.40233498522236666
2735,5.457781883341244e-06,0.40233478671482004
2736,5.437748818586607e-06,0.4023346551588046
2737,5.415935260562704e-06,0.4023335322832329
2738,5.399655685048247e-06,0.4023327996692797
2739,5.3807060391820185e-06,0.40233073942836417
2740,5.360293163999868e-06,0.4023311015931044
2741,5.339015624426467e-06,0.4023303337484157
2742,5.319030259204565e-06,0.40233020829206706
2743,5.298336727752994e-06,0.40233060225756917
2744,5.278514491949201e-06,0.4023305791104622
2745,5.257327091267471e-06,0.4023306509613523
2746,5.237347381234367e-06,0.40233038963856266
2747,5.218031547064281e-06,0.40233055040982657
2748,5.198176895018182e-06,0.4023312818366978
2749,5.181625293981698e-06,0.40233234234180365
2750,5.1627288765885726e-06,0.4023315015106458
2751,5.142592310138069e-06,0.4023321396388537
2752,5.124087833684532e-06,0.4023329149010221
2753,5.105151536068501e-06,0.4023318082192584
2754,5.086971930532971e-06,0.40233209234207307
2755,5.068472650061705e-06,0.4023334862072969
2756,5.0486256755413e-06,0.40233461352745753
2757,5.031059185715041e-06,0.40233424691236735
2758,5.011573332807258e-06,0.40233436471250317
2759,4.995859086563943e-06,0.4023351392433736
2760,4.979675576772692e-06,0.40233552137069467
2761,4.96201004886949e-06,0.4023348377947879
2762,4.945765167625319e-06,0.40233461444050517
2763,4.9271894132807885e-06,0.4023362736677847
2764,4.910309240268604e-06,0.4023369795963397
2765,4.894421888321923e-06,0.40233800159278305
2766,4.876687355062508e-06,0.4023389384245393
2767,4.857837750086067e-06,0.4023399946525193
2768,4.840274388969904e-06,0.40233987014937556
2769,4.821145130706102e-06,0.4023390001064248
2770,4.804258154193016e-06,0.4023386048723125
2771,4.784521849467314e-06,0.4023383600972751
2772,4.766244851396024e-06,0.40233852318021535
2773,4.752895184744746e-06,0.4023385105984376
2774,4.7375026165571835e-06,0.4023391144950465
2775,4.72079639721338e-06,0.40233947773042283
2776,4.7036523845438795e-06,0.40233975570056063
2777,4.687728555314786e-06,0.4023407922725238
2778,4.670869954888604e-06,0.40234096445407064
2779,4.654448638247384e-06,0.40234114462179493
2780,4.641071721761594e-06,0.402339758350969
2781,4.625576543696579e-06,0.4023384592641541
2782,4.609467270535072e-06,0.40233830853665786
2783,4.592595904037948e-06,0.4023395488926383
2784,4.573800367211282e-06,0.4023393106576445
2785,4.557124321366017e-06,0.40233855318261774
2786,4.5415356861265456e-06,0.402337475878866
2787,4.525151509442855e-06,0.402336887024419
2788,4.5081170269691885e-06,0.4023375233930945
2789,4.494821256901268e-06,0.402338124608465
2790,4.477741545262236e-06,0.4023370513648973
2791,4.462133742769528e-06,0.40233698812872837
2792,4.4447765636856986e-06,0.4023373910221005
2793,4.430316162550326e-06,0.4023382469444774
2794,4.413946559175877e-06,0.4023380727851223
2795,4.398669427394177e-06,0.40233835567929915
2796,4.382627462175061e-06,0.4023381760492438
2797,4.366611655103347e-06,0.4023382631761625
2798,4.352427267300076e-06,0.4023390516242512
2799,4.336369266838672e-06,0.4023398442875145
2800,4.3201095049716655e-06,0.402339000313301
2801,4.307545431736654e-06,0.4023391766830923
2802,4.292316885236428e-06,0.40233949160539545
2803,4.277916625778473e-06,0.40234016541213197
2804,4.2617392324220285e-06,0.4023410527601223
2805,4.247920758522406e-06,0.40234106644858497
2806,4.230541256909592e-06,0.40234045072698993
2807,4.21614614457156e-06,0.40234015956508
2808,4.2006556010918815e-06,0.40234067693560155
2809,4.185158447153519e-06,0.40234038951536977
2810,4.168946151519619e-06,0.40234088140445173
2811,4.151276389439394e-06,0.4023403417247147
2812,4.1378946352002555e-06,0.4023408043383939
2813,4.122243671415359e-06,0.4023415757709637
2814,4.107594737981571e-06,0.4023421790612134
2815,4.09321133414545e-06,0.4023430190705579
2816,4.079434131063404e-06,0.40234305302317486
2817,4.067473664267136e-06,0.4023427944327098
2818,4.052824656240237e-06,0.4023432021718816
2819,4.038325179681967e-06,0.40234329034293953
2820,4.021404789889365e-06,0.402343562181529
2821,4.006011687659744e-06,0.4023432047101781
2822,3.990024219545246e-06,0.4023424210297628
2823,3.976785033110857e-06,0.402342837714716
2824,3.961870132841491e-06,0.40234330762644516
2825,3.947078998840019e-06,0.40234414351917064
2826,3.933656315966452e-06,0.40234477992477924
2827,3.919444064263102e-06,0.4023450560077984
2828,3.904308645315058e-06,0.4023454583403733
2829,3.891230446808469e-06,0.40234481232867253
2830,3.878474390998541e-06,0.40234566676249117
2831,3.864550758321634e-06,0.40234560175315953
2832,3.851943302691613e-06,0.40234546998814275
2833,3.839574023834018e-06,0.4023463207065258
2834,3.826504447588964e-06,0.4023461958449024
2835,3.811824791794268e-06,0.40234696680983323
2836,3.7982088518142336e-06,0.4023468890123674
2837,3.7834412906792918e-06,0.4023465817077936
2838,3.770324506318468e-06,0.4023468603736493
2839,3.756964322951999e-06,0.4023460745779943
2840,3.743097144657866e-06,0.40234685759174776
2841,3.7295594312327042e-06,0.4023473039708981
2842,3.7163449153074207e-06,0.4023471201117982
