epoch,train_loss,val_loss
1,0.9663773105902291,0.9759420925427406
2,0.9338327334460436,0.945867206539758
3,0.9045107646075268,0.9195908388443086
4,0.8774914726145656,0.8946678844993855
5,0.8521730924769075,0.871528523393503
6,0.8293859776536334,0.8512776056927162
7,0.8080444242186762,0.8327222430401874
8,0.7880515963466542,0.8149763762386724
9,0.7691704439989674,0.798644657882502
10,0.751935905838294,0.7842979768470133
11,0.7357988640592196,0.771400847981293
12,0.7200004344297718,0.7594294315382337
13,0.7061092470145094,0.7476547417558794
14,0.6930908311415009,0.7381715824784881
15,0.679848117730301,0.727816152023128
16,0.6681814832345869,0.7197699409986293
17,0.6563904787552035,0.7103606837105129
18,0.646035457587275,0.7025499768741345
19,0.6355228249030631,0.6940348999170391
20,0.624780928736284,0.6856664141579338
21,0.6155736575576927,0.6787733200987192
22,0.6076962915423664,0.6737447152897633
23,0.5987001762373015,0.6656510155641534
24,0.5916298434899178,0.6609690290190775
25,0.5847777660974481,0.656536736949877
26,0.5772747979785942,0.6511746154121516
27,0.5704004864909802,0.6455211630530195
28,0.5639044468562023,0.641858794630996
29,0.5586531015126116,0.6395304621184758
30,0.5522918194205015,0.6365720308852681
31,0.5456936031805272,0.6323875872836183
32,0.5400828570563802,0.6286430139745954
33,0.5346180849500626,0.6254417557183272
34,0.5288881612963149,0.6225274394747061
35,0.5234771611962977,0.6185761411876457
36,0.5181370898919453,0.6149061885288817
37,0.5131422109780756,0.6122359133731251
38,0.5081602790534744,0.6092122490301847
39,0.5031135278507086,0.6067995034669413
40,0.4989887306706782,0.6046961037281157
41,0.4943805635535808,0.6026056378539577
42,0.4903738213052403,0.6012796738060346
43,0.48598699016577956,0.5988761839304311
44,0.48170838252054804,0.5969535210535004
45,0.47784147005499944,0.5949119355181264
46,0.47358701726637414,0.5930969646711528
47,0.4696808068874927,0.5916410431296212
48,0.465673482153239,0.5892847468256875
49,0.4619077079481702,0.5873503044672378
50,0.4584300059756317,0.5860859832149768
51,0.45462760843317146,0.584136556406243
52,0.45077499266451015,0.5827616470947216
53,0.44750503086172627,0.5816235371778722
54,0.4439925606614591,0.5800423127708625
55,0.44019091170300984,0.5792985917547225
56,0.43669400854871904,0.5777827979281008
57,0.4335989263900113,0.5763420664958259
58,0.4302023684467485,0.5746999918511629
59,0.42697258034836244,0.5732266404285852
60,0.42388016952530544,0.572486601640038
61,0.4205450441130786,0.5712705271302225
62,0.41767216629821663,0.5701445665292562
63,0.41444999495459633,0.5691511373060613
64,0.4116289819848391,0.5680247405163651
65,0.4088312192644923,0.566766133197631
66,0.4059733175243905,0.5653278735538511
67,0.4028748234240452,0.5640841527109985
68,0.39990937224958206,0.5624562876693561
69,0.3970900532043153,0.5614732147584887
70,0.3944518764653592,0.561346856523057
71,0.39151974662851885,0.5601305244145162
72,0.38877316171280785,0.5589943268248401
73,0.3860885833094946,0.558332387821026
74,0.38356453494889853,0.5583598264278581
75,0.38098072623117135,0.5568515060053543
76,0.37854860958541153,0.5563155666712781
77,0.37614130740504864,0.5553251894189621
78,0.3734358780326002,0.5540835074622407
79,0.3709189156164998,0.5531843893933988
80,0.36838909272860143,0.5515636329261685
81,0.3658481838142767,0.5506254915195042
82,0.3634138717290497,0.550357328587615
83,0.3611503059935879,0.5494909132526332
84,0.35878072658535526,0.5489546889768201
85,0.3564296756950619,0.5476950674689244
86,0.35421253646134926,0.5473593324101812
87,0.351932462997791,0.5467615958896749
88,0.34972057450234334,0.5461422562257606
89,0.34736202542545436,0.5459086493660068
90,0.34496774298408484,0.5450394140713187
91,0.3428275769244488,0.5441222800172469
92,0.3405639531702923,0.5431016372399136
93,0.33839138754071457,0.5427454524091114
94,0.33622971904614385,0.5420918800358111
95,0.3340825476462522,0.5408251052586899
96,0.3321462290078932,0.540417601785426
97,0.33004833385148824,0.5396286585063059
98,0.32804517688860385,0.5391861306995499
99,0.3260718956049465,0.5388948577815205
100,0.3240351636967768,0.5383877407471369
101,0.3221080800558054,0.5377919748843993
102,0.32011171808140343,0.5373792253051347
103,0.3181457069541926,0.5366764104067169
104,0.3161821726345452,0.5361926956540997
105,0.3141335183285852,0.535662301575425
106,0.31233132069501596,0.535558972046543
107,0.31029823576122517,0.5349317911589171
108,0.30839843657171195,0.5344220568838909
109,0.3064620379918903,0.5335662483559358
110,0.3046792238953999,0.5331599647359027
111,0.3027125508289953,0.5323078792771863
112,0.3009099126237296,0.5317306246369669
113,0.2990063460424498,0.5308968710542108
114,0.297090421547807,0.5303913239488929
115,0.29519007140147346,0.5301549829294722
116,0.2934747432714587,0.5296118774605583
117,0.29167492247124716,0.529226197187933
118,0.28986751124234267,0.528782903319961
119,0.2882167053213798,0.528210713151874
120,0.2865128948880642,0.5277656495450872
121,0.28485025717591045,0.5276312898906427
122,0.28319557678835283,0.5278314874795964
123,0.28153478373545937,0.5275404088573336
124,0.279744512160028,0.5267827166979534
125,0.27812405258990097,0.5265007962303309
126,0.27641198294075603,0.5256753027547687
127,0.2748551641730631,0.525589129017072
128,0.2732351971559648,0.5252846446890962
129,0.27167118594057893,0.5250046162390541
130,0.2699751244166222,0.5246548744589739
131,0.2683661038621424,0.523932812549217
132,0.26686827652868467,0.5233409529965066
133,0.26536250108037696,0.5230663509058712
134,0.2638967807719582,0.5226591508902041
135,0.26243792213162676,0.5222842084888417
136,0.2609785624159291,0.5220498764496452
137,0.2595036102096005,0.5214862875028038
138,0.2580015330266897,0.5212113904254996
139,0.2565871693138431,0.5212027120511299
140,0.2548530166757472,0.5202850404272004
141,0.2532440998562835,0.5199627557169962
142,0.2518615198342461,0.5200061549042057
143,0.25026528732876346,0.5194149686879552
144,0.24878293884229094,0.5194499322132943
145,0.247299465715076,0.519552975813823
146,0.245923010253987,0.5191214862957342
147,0.24449008529321486,0.5188397630815078
148,0.24311465471356736,0.5181939923828878
149,0.24164986089666438,0.5179252336904532
150,0.24032498700125685,0.5171022556140386
151,0.23894089537716454,0.5166237196562199
152,0.23749529085225318,0.5162801838553143
153,0.23616498979306663,0.5161179962332682
154,0.23489622257566245,0.5155182596257403
155,0.2335775031828282,0.5153976698802161
156,0.23233119428126364,0.5152882203445569
157,0.23107246800805673,0.5154564293244139
158,0.2297233440969646,0.5151312693355613
159,0.22843783225061287,0.5147435855131482
160,0.22720158120102463,0.5145844083753132
161,0.22576664227434262,0.5145241214138374
162,0.22455499366256748,0.5141447413700303
163,0.2233097298840341,0.5136596160806656
164,0.22209642324552892,0.5136784362497591
165,0.2208311568886864,0.5136851435992494
166,0.2195677157404856,0.5131876442078449
167,0.21835872303632983,0.5128824022169213
168,0.2171324844206299,0.5127916567125531
169,0.21597726795396396,0.512516483176448
170,0.21486179348901996,0.5121932555957409
171,0.2137153649752816,0.5116447840171983
172,0.21261198764505673,0.5113540634963856
173,0.21152463754705933,0.5110758026456615
174,0.21040164521847077,0.5112086088713368
175,0.20923224659414177,0.5112435136044561
176,0.20802211115094527,0.5108846819758697
177,0.20695278934849468,0.5105572171614801
178,0.2058123409101165,0.5101751379099103
179,0.20473134141434715,0.5100951627441416
180,0.20366675928000502,0.5095279308229148
181,0.2025914978843983,0.5094982275206021
182,0.20161511099817636,0.5093336866569954
183,0.20041314309670075,0.5089109002097307
184,0.19942912311300978,0.5086490620720855
185,0.1984125821329713,0.5086895022192861
186,0.19736194658112674,0.5084632537896302
187,0.1963685748956243,0.5080390848311889
188,0.19537858828111412,0.507708811819208
189,0.19433138044099985,0.5072574111739414
190,0.19322699504224092,0.5070090598877081
191,0.19219971972546201,0.5064696917653676
192,0.19112487522568555,0.5060429655535262
193,0.1901416492508404,0.5059466583698675
194,0.18908406036205763,0.5059418884510786
195,0.1880575825889005,0.5057861586862945
196,0.18695747797654458,0.5052066540834214
197,0.18595691791554755,0.5050502751622373
198,0.18503812656741253,0.5050709199433177
199,0.18416021807653973,0.5052431165188056
200,0.18313854769309015,0.5049475610560308
201,0.18217965891388094,0.5051082005833856
202,0.1811908867919755,0.5049290302741145
203,0.18025909658259953,0.5048686407135379
204,0.17931399652584798,0.5046322161017881
205,0.17828021249380782,0.5043442758592397
206,0.17734978377762944,0.5044659785475639
207,0.17647044557839683,0.504810020722688
208,0.17559787890948655,0.504588264901208
209,0.17467114518625412,0.5046578104140602
210,0.1737656508225533,0.504286650933139
211,0.17292886880552302,0.5042047874803177
212,0.17204712802691433,0.5038785886665643
213,0.17124786131704559,0.5040512884453757
214,0.17031956754052519,0.5038522006998354
215,0.16942665593281636,0.5040205025513191
216,0.1685342561770139,0.5040081924864704
217,0.16766327942125397,0.5037374810854691
218,0.16679540475814977,0.5035586952001109
219,0.16597722590543254,0.503313383249334
220,0.1650974860957964,0.5035127674673743
221,0.16430128867976096,0.5033888781301872
222,0.1634429888358139,0.5032725689695461
223,0.1625529852796326,0.5031658457253251
224,0.16180931977348745,0.5030185792145873
225,0.16095276343744266,0.5028368056202144
226,0.16012081402508463,0.5026759908093725
227,0.1592478733982114,0.5025228596258561
228,0.15843325227659896,0.5019957201822852
229,0.15763044765044304,0.5019431928014536
230,0.15683651986828884,0.50199039702935
231,0.1559873854012471,0.5015881123767761
232,0.1551958744142038,0.5014430089422611
233,0.15442098936920173,0.5015250160157225
234,0.15365632692889286,0.501491780606806
235,0.15284946965351123,0.501330472973863
236,0.15207673444026104,0.5011439462942598
237,0.15130899563646832,0.5009322014390445
238,0.15052519312401577,0.5009313733242682
239,0.14973365018974058,0.5008608999149753
240,0.14890639518551924,0.5005474294662617
241,0.1481450026604725,0.5000866243238264
242,0.1473674639711383,0.49969735389736486
243,0.146696908000908,0.4996973139457262
244,0.1459319484883845,0.4995673731397426
245,0.1451918096115471,0.4995188999085787
246,0.1444900296777068,0.4994046788572253
247,0.1437873615206885,0.4991916233133586
248,0.1429398046698876,0.498699544906873
249,0.1420718247339672,0.49814497120774065
250,0.14139437111830266,0.49777354648143557
251,0.14074442074119603,0.49742552466868806
252,0.14002347731686007,0.4972670810080878
253,0.13934534529845635,0.49730998375681895
254,0.13869318107373707,0.49719206873882055
255,0.13793532456546692,0.49704684332682597
256,0.13725366530539349,0.49721665147651817
257,0.13660717800486805,0.4971270410060052
258,0.13589868263414084,0.496996143104092
259,0.1352238359769307,0.4971832799172986
260,0.1345853722095508,0.497055765811115
261,0.133919276577027,0.4969759922667476
262,0.1333079798153704,0.49706844509141035
263,0.13266037215111448,0.497351288840684
264,0.13193821448110016,0.4974116334607063
265,0.13131232799968612,0.4973941159194064
266,0.13068443729266782,0.4970141762215191
267,0.13015051642507508,0.49710845388921115
268,0.1295795284992611,0.4968352224508686
269,0.12890966248966565,0.496790806487466
270,0.128326799341699,0.49679929034549497
271,0.1277209583303167,0.4966555911245651
272,0.1270814157563184,0.496625553162844
273,0.1264642505968919,0.4965530455809957
274,0.12584274239155285,0.4965262320559489
275,0.1252277808839061,0.49627560649725705
276,0.12456906616949681,0.49624181185383776
277,0.12398296776896377,0.49618321004968613
278,0.12330981535378789,0.496008792185411
279,0.12268491164456727,0.4956365830758659
280,0.1220985424309687,0.49559148253965707
281,0.12148389253815024,0.4955274797971487
282,0.12087530654860595,0.4955826759956736
283,0.12023208782552769,0.4954669634098608
284,0.11962506470781095,0.495345991327603
285,0.11903574332622802,0.495255058852285
286,0.11852065587852464,0.49550201970402646
287,0.11796157878616713,0.4953257567939681
288,0.11740895567941448,0.4953655916854767
289,0.11688047835784142,0.49513096353031744
290,0.11628854777603592,0.49508944129841465
291,0.11574354075852375,0.4949706056418352
292,0.11522648170504818,0.49484465324632104
293,0.11467112178567544,0.49455106431856316
294,0.11407842100682229,0.4941588557609862
295,0.11355399966029041,0.49399335937032945
296,0.11304156117279286,0.49408495619443576
297,0.11255059976665722,0.49382998643842396
298,0.11201230182314653,0.49381817106171527
299,0.11149934816861044,0.49367421019001584
300,0.1109662278761275,0.4937196918777203
301,0.11037661179242964,0.4936884206540548
302,0.10985900284905081,0.4932681353917435
303,0.10929389041010076,0.493166541869144
304,0.10877386223484142,0.4929797421240553
305,0.10824675324039763,0.49310209219063245
306,0.10775588129101306,0.49302474032387356
307,0.10727894431541916,0.4928649253353106
308,0.10672015795155912,0.49265540536794455
309,0.10619775206496777,0.49266784494453897
310,0.10568636220314276,0.49271031977402924
311,0.10516542322096518,0.4924946370209328
312,0.1046754592714127,0.49241985991423864
313,0.10419413596961455,0.49233758190139626
314,0.10369539029112847,0.4921851314453026
315,0.10323913880114896,0.49232613032267386
316,0.10272040647356498,0.4922504330572476
317,0.10225164772237738,0.4921820595666707
318,0.10175670883109954,0.49190043893789803
319,0.10128631840578135,0.4918850285733886
320,0.10081695104425988,0.4917939643870966
321,0.10033304631485226,0.49172366073677803
322,0.09983863845507183,0.4914986846070008
323,0.09935609552656287,0.49165617106853493
324,0.0988834366275321,0.49190498484548023
325,0.09839023055281138,0.49180379193482193
326,0.09789593049094966,0.49174093600980084
327,0.09740292557248406,0.49163623826306047
328,0.09695016694736666,0.491795999053959
329,0.09650717969947269,0.4916345226760234
330,0.09612616217569524,0.4916102560295791
331,0.09567654462000669,0.49164029691674227
332,0.09522709357219097,0.49153041862537855
333,0.09479494772896145,0.4916942702055012
334,0.09435401603944453,0.4915840077121127
335,0.09392119529938855,0.49166649176590654
336,0.09348874691439575,0.49158761990281913
337,0.09303781844468696,0.49166259995547223
338,0.0926062321802249,0.491745148073169
339,0.09219046293302116,0.4915374263880107
340,0.09172845732678893,0.49161978212707824
341,0.09133475513382028,0.4917362582202258
342,0.09088237753782347,0.49123331981696916
343,0.09045029825886905,0.4912001781245719
344,0.09001830454345382,0.49091416926403625
345,0.08961870836953786,0.4912121839339926
346,0.08917493228558729,0.49111592473983634
347,0.08878985837723988,0.49095236390763775
348,0.08840876927202401,0.4909984853408889
349,0.08802186370731714,0.4909926861095324
350,0.0876210028495327,0.49096747624131126
351,0.08721738106672887,0.4911094826415102
352,0.08679523419637541,0.4909322757029783
353,0.08638872375185866,0.49084419454001815
354,0.0859601763938813,0.4906723450460805
355,0.08555450317581972,0.49068387150123755
356,0.08512539310169258,0.4909134049680986
357,0.08471461282047214,0.49088898880351994
358,0.08430870084825129,0.49073604065819854
359,0.08395421193122199,0.4909328932273807
360,0.08353725072561578,0.49091365644768753
361,0.08312564759656497,0.490911769895027
362,0.08272411978695621,0.490790831643348
363,0.08233204085331489,0.4907273531788514
364,0.0819451288098334,0.4905137401752425
365,0.08154306568584888,0.49032590191251385
366,0.08113304272726976,0.4900295734311182
367,0.08074920333136118,0.49003889875878237
368,0.08036115454426289,0.48995843879372825
369,0.08000687832428333,0.4898174483712856
370,0.07965141214875728,0.48989125323836863
371,0.07927058579508772,0.4897440384979441
372,0.07890839959668972,0.48977821365748175
373,0.07857498476758455,0.48969120586568754
374,0.07821863875971737,0.48985155652691
375,0.07787297859018177,0.4898286133915098
376,0.07752639290616452,0.48979402027407853
377,0.07717999261176067,0.4898359987436062
378,0.07680126326210984,0.4897504002689949
379,0.07644201361509198,0.48959503916825803
380,0.07608543666607541,0.489518890149775
381,0.07574153821624685,0.4894203274079865
382,0.0754081327126541,0.489436411499408
383,0.07505241494762696,0.48941342903186763
384,0.07471891249103269,0.48927055323177887
385,0.07435654275164273,0.48935946030985017
386,0.07402011191765989,0.4893228622353156
387,0.07369212739788922,0.4890977151678321
388,0.07332350104184233,0.4889331596180563
389,0.07298762127619067,0.48872377980986637
390,0.0726765531760537,0.4888248458441089
391,0.0723105490810365,0.4886998267739392
392,0.07196832434219376,0.4887881533087332
393,0.07165566633285195,0.48884407276708375
394,0.07134396922966878,0.4888065502228894
395,0.07104587429504738,0.4889108438986579
396,0.07069837098748426,0.4888533765898816
397,0.07037729407259001,0.48880412743103724
398,0.07006151457112456,0.48872996777575634
399,0.06974275387385444,0.4887329861557612
400,0.06942258008990003,0.48878835013746813
401,0.06909233411907237,0.48869960055636313
402,0.06878587261370826,0.4886815163936731
403,0.06846485177155885,0.4887420026634868
404,0.06817489219696006,0.4887358605011449
405,0.06785412269469762,0.4886100842593667
406,0.06756599278989099,0.4887571733459296
407,0.06727823482538428,0.4887363450231338
408,0.06701431607418441,0.48864239085328554
409,0.06675216019386579,0.48851980445685184
410,0.06646555530894387,0.4885242817446027
411,0.06611203178084325,0.48847887131935275
412,0.06579280600237836,0.4886128551320642
413,0.06548536410718167,0.4885375545248016
414,0.06519056447439645,0.48857727583828564
415,0.06490544519228615,0.48862320685508404
416,0.06464913542702215,0.4885412268422958
417,0.06436569993137482,0.4885498818380855
418,0.06406215343582361,0.48852851765887306
419,0.06379003296162053,0.48841594059429194
420,0.06350979006717027,0.4884501446125016
421,0.06321330522901417,0.4883431761138965
422,0.06292629282603011,0.48837994189040856
423,0.06266123813181247,0.4885367757266833
424,0.062382171937611815,0.4884050060305976
425,0.0621275173838488,0.4883316812370147
426,0.0618847136302833,0.4881821926886165
427,0.061567466891060255,0.48822253820571093
428,0.06131596856660591,0.4880875741054061
429,0.06106232846418856,0.4880450458009774
430,0.06081196904727002,0.4879197420982423
431,0.060520116210310025,0.48779655726644966
432,0.060239695232523385,0.487713506776195
433,0.05997870137731182,0.48764712786694964
434,0.05972763039840165,0.48770109808946166
435,0.05945280680981909,0.48766253587071007
436,0.05918976936808285,0.4876044492498436
437,0.058928394743484026,0.48757571259273613
438,0.05864502966819917,0.48748561023002424
439,0.05840940074124554,0.48742956681005567
440,0.05815599239403724,0.48738216453337324
441,0.05791216115216626,0.487413186648434
442,0.05767430840320191,0.48751310827086447
443,0.05740483005899241,0.4873718541985839
444,0.05714358253325337,0.4873118395175664
445,0.0569129817541204,0.4873720980624993
446,0.05666058231441885,0.4873289606614795
447,0.056400787861493565,0.4874408490243041
448,0.05616009972960106,0.48750923327051543
449,0.05588683053413393,0.48740237349721216
450,0.05564164736660905,0.4874419603408353
451,0.05539787586014488,0.4873283424194926
452,0.05517667259311289,0.4873665091222637
453,0.05493939666601257,0.4872684816097077
454,0.0546947961693928,0.48713625766201046
455,0.05444563917518983,0.48723804794502085
456,0.05421427950554851,0.4871639677215789
457,0.05396323297977722,0.4872576087668617
458,0.05371851855974046,0.4872537996850267
459,0.05346799934019921,0.4871622222469222
460,0.053238293035893385,0.4871484083755493
461,0.052990862306985936,0.4872118115516117
462,0.05276019407027716,0.48718632788934957
463,0.05251471974099624,0.4870406434508427
464,0.05225284296968883,0.48699308254263207
465,0.05200969158896922,0.48685265717088483
466,0.05178022595253231,0.4867412846269523
467,0.051552749709838745,0.4867806590295912
468,0.051326144629136074,0.48667990876440304
469,0.05112953337984734,0.48675848249186543
470,0.05091942265329835,0.48674348389989663
471,0.050698087472872126,0.4867089747705888
472,0.050503711790636265,0.48670811472823144
473,0.05028864959360723,0.4866349228456742
474,0.05007287308655999,0.4865912235210778
475,0.04984937912014126,0.4865346773684015
476,0.04964116242064345,0.48649407176148884
477,0.049437809300108854,0.4866047972556861
478,0.049205183265619866,0.48650483859849497
479,0.04901584784050824,0.4864805332948808
480,0.04879275013417381,0.48649565561863073
481,0.04857362939279249,0.4865063356422195
482,0.048383287086731765,0.4863406788489477
483,0.04815755384240938,0.48640136335126005
484,0.047947867659873016,0.4863220382549397
485,0.04775785536062131,0.48635261370307764
486,0.04755385197953086,0.48625388062988556
487,0.047337467368895346,0.48617066992334973
488,0.04711582729275008,0.48624052297348264
489,0.04690614393111327,0.48637156792051245
490,0.04670279665908001,0.4862793476006371
491,0.04649736165555359,0.48616695781284314
492,0.046282111680791084,0.48615179727143704
493,0.04607493992802091,0.4862371682358056
494,0.04588154983719331,0.486149713889406
495,0.0456646617118256,0.4860928454114002
496,0.0454472583710129,0.4862040061338534
497,0.04525128077744763,0.48633297391526836
498,0.04504436290802368,0.48619199318359124
499,0.04484747882441179,0.4861925581381819
500,0.044650873992075936,0.48617780740968536
501,0.044444451221880704,0.4861079356842124
502,0.04424513815371482,0.4860577868946309
503,0.04404309245788809,0.4859965524609401
504,0.0438284110032888,0.4859528148453959
505,0.04363411913270427,0.48592873101008227
506,0.043452426408260005,0.4860036224312401
507,0.04326787887740911,0.486009773752062
508,0.0430651925060448,0.48604752197609763
509,0.042881042405822536,0.4860922827496666
510,0.04269718364313942,0.485963336269524
511,0.04250787769088159,0.48586874592556967
512,0.042324767917358695,0.48587528905012
513,0.04214366245638024,0.485913890714059
514,0.04197999305624926,0.48599473263213927
515,0.04178886319558953,0.48588122055325306
516,0.04159697056759974,0.4859203546431867
517,0.041411056226421626,0.48574334301860034
518,0.04121351609385202,0.485739732011031
519,0.0410404642925012,0.4857051982227129
520,0.04088309606976307,0.48575232448426187
521,0.040698376288341186,0.48565789987864477
522,0.04052908121824051,0.48563865768021064
523,0.04034826575818551,0.4856783079771165
524,0.040160380514994314,0.4855575179714166
525,0.040001366786339275,0.48563017809152714
526,0.03984175111506569,0.48555641430455876
527,0.039653549742124025,0.48551026946741105
528,0.03948562437862482,0.48549822193000014
529,0.039324992304796025,0.4854740881638874
530,0.039152997786198546,0.48565524603586263
531,0.03897593974201368,0.48564091174682583
532,0.03881205569256883,0.4856869568912136
533,0.038645951317610415,0.4856792413707115
534,0.0384864996113108,0.4855557105584513
535,0.03832047887662903,0.4855052388155004
536,0.03815919888453325,0.4855243129633204
537,0.038014557883620056,0.4855140154868571
538,0.03784248743068177,0.48550319363602956
539,0.037677710467137124,0.4855927162632609
540,0.03749181075630455,0.48556648189840773
541,0.037330793876400564,0.4854559782924976
542,0.03716742293062978,0.48520479673694117
543,0.03700160724967542,0.48508843643381583
544,0.03684101786411673,0.4850650558116196
545,0.036683417572478526,0.48510385084653135
546,0.036550885363398795,0.48507325601995727
547,0.03640356889974664,0.4850731961420765
548,0.036251716891064434,0.4851114114198151
549,0.03609834873243504,0.4850351483070137
550,0.03594628561611122,0.4851041418026946
551,0.03579810390366585,0.4851664375252456
552,0.03564225526162653,0.48524373397907333
553,0.03550102826586532,0.48524916628789067
554,0.03535970700916226,0.48527079083279356
555,0.03520008360459021,0.48528631990481125
556,0.0350447683903005,0.48528942373835937
557,0.034906268210777344,0.48523903172256144
558,0.0347678602779337,0.4853343540072921
559,0.03463146235626791,0.4853263483281589
560,0.03446533572546355,0.48526839130597665
561,0.03431140091613689,0.48532671101361885
562,0.034169712700279235,0.4853454351252142
563,0.03404354065634139,0.4854417433106588
564,0.0339057360231154,0.48536932167113384
565,0.033766118989395855,0.4854558280338385
566,0.033612126353185195,0.48549580155470484
567,0.03344936160237798,0.4852784923277752
568,0.03328684668318062,0.4853479384747749
569,0.03313367990711444,0.48544652770893537
570,0.03297482420703543,0.48538986502733156
571,0.03281557642936609,0.48536279828947904
572,0.032670813124787916,0.48530228469123676
573,0.03254321021771724,0.48540591288625456
574,0.032416203848197864,0.48531771585144245
575,0.032292596634447904,0.48530167215588466
576,0.03216513968846546,0.48521677395803986
577,0.032037369873612796,0.48518162977267115
578,0.031890203844604545,0.48513522213666427
579,0.031759564578802364,0.4852149969064322
580,0.03162430143538002,0.48522447630650917
581,0.03148340113244407,0.48508314429089494
582,0.03133626639446084,0.48505756666607514
583,0.031195577316379158,0.4850762827553291
584,0.031047591133822713,0.48524559031461173
585,0.030906619518317403,0.4852015353897086
586,0.03076934920387289,0.48513727653573724
587,0.030634578977588586,0.48512152419000637
588,0.030499428655282185,0.48520734992459036
589,0.030377640009834072,0.4850593965823985
590,0.030249258025101092,0.4849792316320123
591,0.030112778889326983,0.4849338749750296
592,0.029979618372347742,0.48485350681234973
593,0.029859839311499,0.48483437361815535
594,0.029741781262372542,0.48491711972638
595,0.02962055712504986,0.4848559795019642
596,0.029486403092357463,0.48481660218771244
597,0.029365440127982118,0.4847966072346705
598,0.029248206515623442,0.4847732013103775
599,0.029130922526861204,0.4847088789077434
600,0.028996601478772466,0.484647044110658
601,0.02886978427117474,0.48464779508980077
602,0.028736452928585943,0.4846998739802617
603,0.028614837086389955,0.4847095543594037
604,0.028482192607949392,0.48459903833773144
605,0.02836964984416986,0.4845665026850072
606,0.0282438426409168,0.4844944539136037
607,0.028112701497993907,0.4844567667180612
608,0.02798787170347145,0.4844769061749774
609,0.02787753794489476,0.48448655683182157
610,0.027763162886394806,0.4844780797487137
611,0.027634224711678156,0.48441249092734046
612,0.027519375963567475,0.4844866227118222
613,0.02740379137698114,0.4845473161494339
614,0.02729461180121789,0.4845297856339771
615,0.02719526029946858,0.4845467390846926
616,0.0270974050336871,0.484502539117052
617,0.02698558376959466,0.48454614500833926
618,0.026871967243751745,0.48455610049328474
619,0.026768522419518683,0.48453799553915566
620,0.026661143493638306,0.4845622672355619
621,0.026553206199647458,0.48463931197716603
622,0.026437074578981548,0.4845268583278198
623,0.026320180844001773,0.4845073405778735
624,0.02621614464901059,0.484599211866929
625,0.026100368617416755,0.484508801606511
626,0.025985876670334272,0.48451359338347105
627,0.025883639152157377,0.4844738171379695
628,0.02577007951633911,0.48453439890028954
629,0.02566058020004051,0.4845352858241756
630,0.025553412999245736,0.48468655824580703
631,0.025438187048250214,0.48456221122455917
632,0.025326612329574682,0.4845337281346658
633,0.025231364029714255,0.48448831980132745
634,0.025127829805031962,0.48446157102979465
635,0.02501028313369862,0.4843769864536945
636,0.02491402968925139,0.4843452425240967
637,0.024807371723106045,0.48442625259647465
638,0.024711430637952878,0.4845039491691826
639,0.024606763973623772,0.4845089807636433
640,0.024508521574059732,0.48457179527932737
641,0.024402106986711268,0.48457095523068255
642,0.024296757399377998,0.48460126947824567
643,0.02419480534108619,0.4846662527824884
644,0.024089257901031984,0.48463889476777283
645,0.023995085856477423,0.4846436874205316
646,0.023877276418211812,0.48462334988021005
647,0.023777193060024734,0.484671940458518
648,0.023684070178768748,0.48463127441007603
649,0.023579246562868816,0.48464083439620953
650,0.023479278536791715,0.48465916504585677
651,0.023375163946231795,0.4847633048728799
652,0.023290369840816064,0.48481704866978853
653,0.023186077805587634,0.4847594808114797
654,0.023101934699293454,0.4847009081308422
655,0.022992627146301646,0.48463249890439797
656,0.02289947677490988,0.48461546354420887
657,0.022801400102295026,0.4846827402824279
658,0.022698711761574886,0.48467778744186624
659,0.022594294249221065,0.4846026549776779
660,0.0224955668543566,0.48451702722049056
661,0.022402723658736582,0.4844799611799152
662,0.022303389736891433,0.48443860350777657
663,0.022203887999462706,0.4844014242296168
664,0.022117963944266197,0.48436003315751924
665,0.02202739353473878,0.48436060735449177
666,0.02193822609717821,0.4844769859115051
667,0.02185652346520528,0.4844441605298132
668,0.021776006018489873,0.4844745447736822
669,0.02167581574477145,0.48437297605566576
670,0.02159220481876047,0.48430089868351395
671,0.021515197543989655,0.48434840650979333
672,0.021418540547611532,0.48432591246900125
673,0.021339747293628284,0.484238806090199
674,0.021254028435944098,0.4842931158631261
675,0.02116004366266729,0.48425632674856395
676,0.021067103673872226,0.4842728080249884
677,0.02097407389837217,0.4841614070630014
678,0.020887754222293872,0.4841732054873095
679,0.020798474190017804,0.48417317053844494
680,0.020704725249826195,0.48416882046902193
681,0.02062225642587448,0.4841652931090356
682,0.020532615834277963,0.4840951565319575
683,0.020440537048433342,0.4841725254252182
684,0.020350332988590465,0.4841516738844184
685,0.020256187779863776,0.4841129145442388
686,0.02017886438339004,0.4840549665407721
687,0.02009659910245443,0.4841036152935087
688,0.020017192047171773,0.4841003484781803
689,0.019931230099006183,0.48409972204458884
690,0.019849856440007255,0.48406975626525894
691,0.019769671420186367,0.4840674600261722
692,0.019695395594969283,0.4839618668350276
693,0.019620300095789068,0.48401001531978094
694,0.019536375469821145,0.483970387760655
695,0.019458618024805745,0.4840455467957836
696,0.019384150334895656,0.4840247979555113
697,0.019303558671130254,0.4840357623773226
698,0.01922594485034087,0.4840220368726641
699,0.019135347749543043,0.4840160447091136
700,0.019051324171301332,0.4840705769555411
701,0.01897394299984117,0.4840525718289717
702,0.018886698625985753,0.48393779550464333
703,0.018807480942137793,0.4839294787379004
704,0.018727159168011473,0.48395259363169557
705,0.018649725159822588,0.48398186776967367
706,0.018579563796618365,0.48399480765305486
707,0.018509268605167817,0.48404130815987256
708,0.018436227370349927,0.4839238157501584
709,0.018362406847164933,0.4838084138093458
710,0.018287059461920455,0.4837833932230059
711,0.01821727846995623,0.4838099916288277
712,0.018139649282976476,0.4837926472375121
713,0.018056817388936375,0.48381004466785166
714,0.01798544546319882,0.48384213359391837
715,0.017903959124356945,0.48377985122796635
716,0.01782993028401446,0.4838003342971019
717,0.017763772564827543,0.4837555422775934
718,0.017693523469642324,0.4837052558995918
719,0.01761517856788391,0.48371158964196
720,0.017540324210880302,0.48366342371467025
721,0.017471222313663933,0.4836615463786382
722,0.017398144999754298,0.48364035916705195
723,0.017331434250951603,0.4835858916362037
724,0.01725378508330564,0.4835204669985127
725,0.017178956399384923,0.4834704430057339
726,0.017113105439777652,0.48343331343056467
727,0.017044979820232987,0.48351897408386674
728,0.01697873203077882,0.48349066843967237
729,0.01691586697659745,0.4834630362947699
730,0.016833704289734772,0.48348257486684687
731,0.016762487368298152,0.483538615579646
732,0.0166953002681341,0.4836206687534246
733,0.016628917276395146,0.48358178261772117
734,0.016563482295906033,0.48353902299617224
735,0.016497393200386005,0.48344414840178795
736,0.016424390864184516,0.48342426711348274
737,0.01635756519278398,0.4833046486000618
738,0.01628728777794906,0.48330818629786926
739,0.016216637988770682,0.48323180523560993
740,0.016147137825699494,0.48325467741233863
741,0.016078805787919124,0.48323642402870454
742,0.016004261354069453,0.4831951969294106
743,0.01593965896381647,0.48318938753630813
744,0.01587227064025899,0.4832007362216061
745,0.01579995712145458,0.48314184670355115
746,0.015733439426453354,0.4831591332757445
747,0.015675366098275828,0.4831905944242611
748,0.01561567879594646,0.4831761129160022
749,0.015557287465288606,0.4832376081108269
750,0.015491616454532786,0.48317373457094004
751,0.015426768769600861,0.48314289254662035
752,0.015359107842988802,0.483164634905716
753,0.015293682368623187,0.4831433182256586
754,0.01522810821954251,0.48310488477976915
755,0.015165701717445369,0.48302767986745193
756,0.015103024741456972,0.4830698854821506
757,0.015039274383664576,0.48296079869138
758,0.014979337155383575,0.48286510317201986
759,0.014919000128013036,0.4828700743320396
760,0.014856640932928239,0.48279849769820726
761,0.014791691932199567,0.4827124670266591
762,0.014729258941305447,0.48270549199719326
763,0.014671876492264332,0.48271550400321955
764,0.014610643168846565,0.48269976587351127
765,0.014551158494620473,0.4826773209768437
766,0.01448467599788756,0.4826003269905797
767,0.014418915612805101,0.48267502629024606
768,0.01435278445905534,0.4827246669811184
769,0.014293641838965043,0.48278639013427
770,0.014233143980403809,0.4827946585311113
771,0.014175653187838621,0.48279904592721434
772,0.014120633354751059,0.4828672857025666
773,0.014072728991030951,0.48286419372985095
774,0.014022204658118393,0.48282211429085814
775,0.013962817282566469,0.48283020238937097
776,0.013909480549422364,0.4828494067565832
777,0.013855550949177661,0.4827430312590236
778,0.013804107508509732,0.4826971776465533
779,0.013748511966746845,0.4826971489476668
780,0.01368837255511511,0.4826391932105896
781,0.013636821321708638,0.48263509500270013
782,0.013581219483846704,0.48263250144926156
783,0.013520595932974892,0.4826747660207328
784,0.013462185365206181,0.4826512477630408
785,0.01341073747224066,0.48262484254584614
786,0.013358729341909917,0.48262045409646753
787,0.013304054825138299,0.4826370015873221
788,0.013242827547038488,0.4826418219663082
789,0.013191094352711204,0.4825928093629227
790,0.013137502954009606,0.4826152797655001
791,0.013086800110557652,0.4826509473184892
792,0.013036778426730861,0.48263899632820306
793,0.012985837645826717,0.48267722641950694
794,0.012932226018362617,0.48266784442666244
795,0.012884782313674164,0.48267514968287833
796,0.0128309603661996,0.482641454952504
797,0.01277188525829585,0.48260041046827973
798,0.012719773970224743,0.48266305439829893
799,0.012669348159172467,0.482576860741717
800,0.012622929657377699,0.48257209312592314
801,0.012568469852254963,0.48249943451167393
802,0.012516992754744872,0.48256215434260075
803,0.012466597813983364,0.4825225792247881
804,0.012415342481108052,0.4824683242458782
805,0.012368012350498135,0.482421052064525
806,0.012315889598273578,0.48250121008061253
807,0.012265459126552438,0.48247600996710244
808,0.012214188063307716,0.4824604864989957
809,0.012163154858147599,0.4824385648759082
810,0.012114578919476707,0.4824835914131593
811,0.012066210554383179,0.4824254013812216
812,0.012024270692162579,0.48243403486348774
813,0.011975952010827892,0.4824441732481593
814,0.011925674777390505,0.48244363712241856
815,0.011881524553611678,0.48248819959266226
816,0.01183306909091345,0.4824577460338786
817,0.011784053962238345,0.48243188576200896
818,0.011739646698060281,0.48238174934241146
819,0.011686306887954648,0.48237053205362496
820,0.011639381210105632,0.4823545762663701
821,0.011591139420125665,0.4823153816293909
822,0.011547846085497901,0.4822345054990382
823,0.01149525290851701,0.48221456776396227
824,0.011450391034701817,0.48221995785494837
825,0.01139836559287531,0.4821969131848045
826,0.011353646900001013,0.48223038331039497
827,0.011312006703592245,0.4822692471610442
828,0.011263712018465712,0.48224709672422733
829,0.011221254303538951,0.4822238045349999
830,0.011173373865533014,0.48219091038409156
831,0.011128103669603392,0.4821774069168281
832,0.011085545998234884,0.48225176123133456
833,0.011038258677294568,0.48217179472931254
834,0.010994258181734778,0.48216297311764983
835,0.010948495083665848,0.4820781228656683
836,0.01090483205751442,0.48211016190809075
837,0.010859480708054696,0.4821088508367561
838,0.010819199741426769,0.48205057822765346
839,0.010775965073516948,0.48198339981754074
840,0.010735963208082268,0.481951117651323
841,0.010695010923722846,0.4819828005785444
842,0.010652857105947183,0.4820106768380885
843,0.01061110667986396,0.48202788418251585
844,0.010567059903734053,0.4819460890588734
845,0.010522302758184915,0.48189359230776363
846,0.010480408046580625,0.48194793390201807
847,0.010438620013645723,0.4819331795265175
848,0.010398532011058736,0.48193403156633025
849,0.010356182598854133,0.4819149174933028
850,0.010308700540887509,0.4819342184557682
851,0.010267560021123428,0.4819385446939896
852,0.010228129283621901,0.48193491503843083
853,0.010188421357471212,0.4819572374377798
854,0.010149087389763965,0.4819763313490106
855,0.010103146879936176,0.48197428531404307
856,0.01006638318990009,0.48191792713050763
857,0.01002175192103252,0.4819607104806414
858,0.009982117145821664,0.4819612681389655
859,0.009936066569631792,0.48196203398218196
860,0.009897346183858726,0.4819649545548731
861,0.009860787878099962,0.48196730921292896
862,0.009821368911031214,0.481951130639299
863,0.00978058754012985,0.48195594872305153
864,0.009740821787695121,0.48186983829744356
865,0.009705057580146136,0.4818775992514841
866,0.009668250759873303,0.48186594085952617
867,0.009628123291096649,0.4818818103000575
868,0.00958814435384224,0.4818845964877073
869,0.009547186231659809,0.48191363317075697
870,0.009511517688561826,0.4819411558278891
871,0.00947537450986769,0.4819037987398651
872,0.009434526652989751,0.4819130953026068
873,0.009403048258195783,0.48185651600034723
874,0.009356265792152117,0.48179359856261167
875,0.00931282319604385,0.48176725130988046
876,0.009276296932555808,0.4817386770508314
877,0.009242832294536974,0.48171804543146113
878,0.00920094329022028,0.4817379657061191
879,0.0091660502018007,0.4817300043526784
880,0.009131019369671181,0.4817279649531239
881,0.009091470506261922,0.4817060117593835
882,0.009059226174099657,0.4816907668931186
883,0.009027856451814578,0.4817087644494429
884,0.008988349443800427,0.481679491349781
885,0.00895049105423493,0.48171154437268016
886,0.008912683432664445,0.4817053784272296
887,0.008881122959687474,0.48174115922538535
888,0.008846511173726557,0.48177950495527244
889,0.008810289848118066,0.4817423185169113
890,0.008777964959213241,0.4817276431112577
891,0.008744818171723763,0.4817777698049255
892,0.008709695344586226,0.4817215098853782
893,0.008675084764537674,0.4817551256597929
894,0.00864064328836831,0.4817343368510522
895,0.008604616784313244,0.4816936904005066
896,0.008567011600890007,0.4816926926967245
897,0.00853462680645471,0.4816806808762065
898,0.0084984525222181,0.4816432730437222
899,0.00846102674658181,0.48164771829886144
900,0.008425288823840284,0.4816247026941439
901,0.00838859023476461,0.48165460295559304
902,0.008356039981807683,0.48164575722485786
903,0.008322639951267589,0.48166836271567587
904,0.008292771259222247,0.4816338743227721
905,0.008257765119195013,0.4816215200094048
906,0.008223349506407667,0.48157684825505015
907,0.008191907081902284,0.48159965450622
908,0.008161770497350992,0.48151983976336993
909,0.008129369706904388,0.48149951336071595
910,0.008094803379027129,0.4814762458967521
911,0.008062360824523575,0.4815098892318373
912,0.008030814850204095,0.48152761144735357
913,0.008000799782389932,0.4815594659891495
914,0.00797160125107795,0.48160379408883147
915,0.007934184551757808,0.481591822894918
916,0.007898918862229943,0.4816262460697985
917,0.007869035909232108,0.48162540803831755
918,0.007841624181382473,0.48159310414455925
919,0.00780888650844729,0.4815776759539533
920,0.0077780108797040285,0.48156191815792054
921,0.007744290419712639,0.48155646742132885
922,0.0077099082862492055,0.4815734320072262
923,0.007684961822677905,0.48155056578719146
924,0.007655292103753251,0.4815048371035552
925,0.00762693185503525,0.48149710273613794
926,0.007594599932119094,0.48153418606378673
927,0.007564925088488979,0.48151841349937313
928,0.007534379500654872,0.4814844244614137
929,0.0075074490023969735,0.48140453102085823
930,0.007478192225939089,0.48138795465719414
931,0.007449074215876188,0.48133546303014013
932,0.007419236507687938,0.4813258602467062
933,0.007386454465257685,0.48129685808730727
934,0.0073612628462069625,0.48128277543677356
935,0.007332679819005369,0.4812382113772833
936,0.007304065833884022,0.4812495381226875
937,0.007273750328724088,0.4813309709512539
938,0.007243394339026137,0.4813212228457788
939,0.007214100019397064,0.4813283628889501
940,0.007188167759046977,0.48128591563008477
941,0.00715913439425119,0.48124732244930185
942,0.007130393282469505,0.48121972956862763
943,0.007102457368177624,0.4812512513401318
944,0.007072023251843413,0.48125442807541324
945,0.0070438165302055536,0.48121398154594774
946,0.007013376718135877,0.4812132816757539
947,0.006983584880168862,0.48120232507079747
948,0.006955069395215273,0.48120686578356336
949,0.006925580596224152,0.4811895383092297
950,0.006899322109291124,0.4812041952259536
951,0.006872544624390865,0.481165003266107
952,0.006847755528936966,0.48115258121980053
953,0.006821263338336035,0.4811544751397718
954,0.006798128849400014,0.48119294486919456
955,0.006773295532948516,0.4811951799237428
956,0.0067439075822261,0.4812039622433605
957,0.006720109026129285,0.48122202663766284
958,0.006693400679666238,0.4812113264524216
959,0.006667765606403162,0.48120438416490025
960,0.006639524675948238,0.4812065579846468
961,0.006612904280310921,0.48122592774882017
962,0.006583667566302992,0.48117051461946336
963,0.006554334522002663,0.4811797352972607
964,0.006523949863411729,0.48121817688501983
965,0.006496647658406006,0.4811745345294023
966,0.006472902457392858,0.4811653057113317
967,0.006446607968126283,0.48120654656939643
968,0.00642107284737001,0.481145070539191
969,0.0063973820351060215,0.4811940651359754
970,0.006373132070922349,0.4812534619419328
971,0.006345801150475094,0.4812669413627459
972,0.006321302327197332,0.4812772153946191
973,0.006292371376266228,0.4813124912801731
974,0.0062675638739612925,0.4813676429282102
975,0.006240841402337018,0.4813745105771735
976,0.006219780295224764,0.4813692917143453
977,0.006196058937963765,0.4813733294714853
978,0.006168563792214262,0.4813830352891436
979,0.0061446396891082534,0.4813466677488185
980,0.006118886445928922,0.4813194740622043
981,0.006095052771262913,0.4813221933263453
982,0.0060699940293967285,0.4813422050617466
983,0.006046936510653847,0.481309555607433
984,0.0060218952031616665,0.48125663088573156
985,0.005999320815421592,0.48122506493792194
986,0.0059756367990770895,0.48124111055941826
987,0.005948615428096884,0.48124480967878525
988,0.0059281004350226416,0.4812418834936078
989,0.005904823805669992,0.4812365563842694
990,0.00587925797161603,0.48121570076456266
991,0.005855938511203799,0.4811975237023936
992,0.0058283296828429455,0.4811879620470712
993,0.005801868985708798,0.4811631692387595
994,0.0057764054478979315,0.4811273414806591
995,0.005750727540974862,0.48113058144100235
996,0.005725484580804985,0.48112753081644216
997,0.005704760567567324,0.48115238023243867
998,0.005684478221215039,0.4810643013322099
999,0.00566099713078698,0.48102975507838047
1000,0.005640296598281316,0.48100472628798047
1001,0.005616788773721538,0.4810261033168948
1002,0.005592333844463726,0.48103092570062966
1003,0.005570558835070274,0.4810539458103005
1004,0.005550095807589135,0.48105130177179484
1005,0.005530276248554432,0.4810428317293458
1006,0.005506209040347889,0.4810655042554365
1007,0.005484341481667097,0.4810970169924701
1008,0.00546352990929953,0.48108424784371134
1009,0.005440579428515192,0.48107504899490405
1010,0.005419027178837378,0.4810547609570907
1011,0.0054005175541200845,0.48105364512299353
1012,0.005379222851019323,0.48103819735581116
1013,0.005357006280215199,0.48100408031062314
1014,0.00533579515583761,0.4809691078992685
1015,0.005314122512187882,0.48096527978631154
1016,0.00529023643383787,0.48093989649541263
1017,0.0052689112772984934,0.4809445131464661
1018,0.005247836966452379,0.48088473943498167
1019,0.005226445335367218,0.48091174275543896
1020,0.0052059097304036125,0.480937534510128
1021,0.005186451834321566,0.48090132527057666
1022,0.00516748159466062,0.48086448928266706
1023,0.005145982497805233,0.48089078805753616
1024,0.005126327233812504,0.4808958503426855
1025,0.005108009521712367,0.48091338161266306
1026,0.005089704515793313,0.48091442099878173
1027,0.005070246180001692,0.480917027178287
1028,0.0050475684350709355,0.48088722331621436
1029,0.005026583093711894,0.48087076523694666
1030,0.0050035946755274665,0.4808523451193059
1031,0.004985327327376293,0.48085782293401463
1032,0.004967408625498073,0.4808890310976585
1033,0.004944827200524722,0.4808924995635438
1034,0.004925993694520835,0.4808595806361956
1035,0.0049059438271500215,0.4809095670291001
1036,0.0048868432075138855,0.48088115237686435
1037,0.004866689443562061,0.4808568283391484
1038,0.004851082932952332,0.48083352867815965
1039,0.004831516860012459,0.48084707378715946
1040,0.004812768484582972,0.48082255128582546
1041,0.004794918554324448,0.48080435615641115
1042,0.004775810533063295,0.48077209255591036
1043,0.004754119426392304,0.480728873670759
1044,0.004735445560964265,0.48071793536807755
1045,0.004716711704539039,0.4806547072141319
1046,0.004694017636171864,0.48067012412760496
1047,0.0046774759575320644,0.48064929786039085
1048,0.004659451058443234,0.48063798800451296
1049,0.004639657394499641,0.4806598957301638
1050,0.004621527957651351,0.4805928894589068
1051,0.004604131762175337,0.4805807725785891
1052,0.004587287253529065,0.48058713018706145
1053,0.004570433919332969,0.4805457817859769
1054,0.00455346046718233,0.4805250710215099
1055,0.00453801052980057,0.4805277453343538
1056,0.004519534405884867,0.4805517250760801
1057,0.004500659492786086,0.48055077488337195
1058,0.004480710933493747,0.4805665939159794
1059,0.004463333660530021,0.48054514378782237
1060,0.004447788917679043,0.48052680422857563
1061,0.004429386284535852,0.4805216935896675
1062,0.004412595681199119,0.48051075583302666
1063,0.004393267877790264,0.4804829080808853
1064,0.0043767579020363755,0.48049120125506256
1065,0.004359035898652515,0.48050813627405664
1066,0.0043409605256639625,0.48049435023197873
1067,0.00432571566614167,0.48049222231507727
1068,0.00430510358665157,0.4804998522460653
1069,0.004287628324245162,0.4805029425724784
1070,0.0042712967019476284,0.4804991563701852
1071,0.0042544977943023265,0.48050174392045536
1072,0.004238951839734971,0.48047700284105965
1073,0.004221922369744795,0.4804385726348492
1074,0.004203848327817671,0.48042992170246585
1075,0.004187832153324109,0.48046280455033175
1076,0.004171666483564019,0.4804589356346134
1077,0.0041557881707227256,0.4804706568678723
1078,0.004140023756697465,0.4804536648309062
1079,0.004124778114458587,0.4804384176786869
1080,0.004107975586866121,0.48043831020977656
1081,0.004092124989820438,0.48044042607585097
1082,0.0040771767595868015,0.4804021627194074
1083,0.004059960475714612,0.48038758124237235
1084,0.004044422938305813,0.4803989725382091
1085,0.004027169206530579,0.48041714887642967
1086,0.004010238295050706,0.48040729551460143
1087,0.003992815415942991,0.48043838249274085
1088,0.003975847293547287,0.48042922783611114
1089,0.0039607117645201195,0.4804456564845195
1090,0.003946322494318948,0.48043616236288156
1091,0.003928331018906447,0.48043220478238774
1092,0.0039125107930275335,0.4804201123013819
1093,0.003895850843389661,0.48044164273559337
1094,0.003880146337522783,0.48044030245683117
1095,0.0038659730861668783,0.4804284023628666
1096,0.003850823190871711,0.48042664768634247
1097,0.0038364629792097277,0.48045013875175785
1098,0.0038205131734416497,0.4804458232949386
1099,0.003804175173334391,0.4804261226105961
1100,0.0037886044038692042,0.48045819469105666
1101,0.003774842922269735,0.4804465224370309
1102,0.003761993026227547,0.4804186649612709
1103,0.00374535221408712,0.4803701890032198
1104,0.003730257511164994,0.48034392038197643
1105,0.003716724512374636,0.48033227583837523
1106,0.0037013517981673216,0.4803243878433245
1107,0.0036848435635600703,0.48030075042082004
1108,0.0036720551683248853,0.48025738824103625
1109,0.0036580954563366695,0.4802505110481583
1110,0.0036426491847719915,0.4802449229603614
1111,0.0036262473715516406,0.48024936638866866
1112,0.003611578342568619,0.48025840997611025
1113,0.0035956791408018663,0.4802775049409141
1114,0.0035801612334728813,0.48028309470524766
1115,0.0035646482190297636,0.48026671758317435
1116,0.0035506966719141926,0.4802374831414845
1117,0.0035355316163565363,0.4802425096127989
1118,0.003522628254000088,0.48025920077107875
1119,0.0035085319290819104,0.48023472586555366
1120,0.0034960496662825636,0.48023350500626
1121,0.0034838940645395885,0.4802196978924688
1122,0.003469878993940932,0.4801876371931166
1123,0.0034570272912923337,0.48019165370223454
1124,0.0034423401380757317,0.48022584406037233
1125,0.0034281684218555666,0.4802244914944711
1126,0.003414611401655508,0.4801947721622374
1127,0.0034018849042158975,0.48021350255318757
1128,0.003388989144960497,0.4802000513778028
1129,0.0033763982041690806,0.48017359036924295
1130,0.003364473405115803,0.4801615765835812
1131,0.0033517872361433286,0.48013750124959725
1132,0.0033388635777066426,0.48013255135102173
1133,0.0033260628101068656,0.48015424854727895
1134,0.0033131942636298057,0.48011090929893147
1135,0.0032996425986567437,0.48011282048395776
1136,0.0032880929114222483,0.4800852602618125
1137,0.003273010545215792,0.48008016206974424
1138,0.003260075207030867,0.4800981586333559
1139,0.003247543960780593,0.48006645864866704
1140,0.003236552281200379,0.48006312182992483
1141,0.0032228133441174413,0.48004968797868197
1142,0.003209867022069779,0.48005011358427
1143,0.0031957243070042042,0.4800391297981113
1144,0.0031818587733924045,0.4800487774435132
1145,0.003169678403336243,0.48001738206570194
1146,0.0031576331563454886,0.48002875045074755
1147,0.003144614409255209,0.47997243296129405
1148,0.0031340820039764206,0.4799611759686955
1149,0.003121123861582104,0.47995396411148317
1150,0.0031090063807751337,0.47995733669896584
1151,0.003096853907635106,0.4800078714418953
1152,0.003085232420946932,0.48002365975417377
1153,0.0030730726546102983,0.4800037350454283
1154,0.0030598480676907527,0.47999668895945685
1155,0.0030460212819144734,0.4799553825566593
1156,0.0030344600680242704,0.47993468488081836
1157,0.003021996881017005,0.4799439812704818
1158,0.0030089032762629815,0.4799447083089842
1159,0.0029968348482358803,0.4799364871057973
1160,0.002983184992227577,0.47993374789875376
1161,0.0029711748561269983,0.47988857781555816
1162,0.002959016497493703,0.4799180781488488
1163,0.002948102316227321,0.47991341879365657
1164,0.002936911970132758,0.4799045644303369
1165,0.0029268442860757348,0.4798673338899819
1166,0.0029146579563089784,0.4798892334089882
1167,0.0029031223993910243,0.4798848211783678
1168,0.0028920477192283835,0.47984374196246415
1169,0.002881805926143767,0.47984049946384444
1170,0.002871172344604109,0.479823220684449
1171,0.0028597361361647872,0.47982658410108203
1172,0.0028484190690955436,0.47984003669640984
1173,0.002837766608702202,0.47983809505429087
1174,0.0028253351281224076,0.4798085106414266
1175,0.002814077685319914,0.4797841088812615
1176,0.0028019371476622813,0.47978820988510135
1177,0.002790541585324036,0.4797797336922326
1178,0.002779908429238541,0.4797968422344583
1179,0.002769852686053281,0.4797582300312508
1180,0.0027580413950421337,0.4797862614286944
1181,0.002747159848989163,0.47980139759199025
1182,0.002736227911275787,0.47980308651365294
1183,0.0027258280288540424,0.4797835592151694
1184,0.0027162405529969225,0.47979257086758736
1185,0.0027056893989077877,0.47978575869958356
1186,0.0026953597062921745,0.4798136705273482
1187,0.0026870151904287987,0.4798141613469142
1188,0.0026775527854681095,0.4798065680668468
1189,0.002667262177431405,0.4798151002354542
1190,0.0026566646335588087,0.4798433347288183
1191,0.0026456267923790863,0.4798079257560076
1192,0.002635910292208354,0.4797902787250206
1193,0.002627133285848805,0.4797848150696633
1194,0.0026183442485680918,0.4797617085521115
1195,0.002608573328151739,0.479773575782918
1196,0.002598993334714429,0.479750365521917
1197,0.002589044656655153,0.4797410943646013
1198,0.0025786646481050757,0.47971841491467876
1199,0.002568348806942565,0.4797191749823995
1200,0.002558603194623361,0.4797210134967754
1201,0.0025475556693092395,0.47974595498350553
1202,0.0025375777041020523,0.47974739943026573
1203,0.002527068395840655,0.47973591013431743
1204,0.00251622867501326,0.4797217000590986
1205,0.002506381798741289,0.4797150464282116
1206,0.0024963609911176723,0.4797066644549178
1207,0.002486749522431914,0.4796827963473419
1208,0.0024762299734429408,0.4796886784136556
1209,0.002467187147260106,0.4797083784314974
1210,0.0024561908555101684,0.4796803330645314
1211,0.0024459413570979485,0.47970719267041095
1212,0.002435900777195956,0.47971306085679105
1213,0.0024266618212280705,0.47970103510165674
1214,0.0024168082528374674,0.4796805679592931
1215,0.0024083940210618306,0.4796435149704731
1216,0.002400414434614224,0.479644207659724
1217,0.0023914608603398148,0.4796367616335956
1218,0.002381860427730472,0.47965387628472084
1219,0.002373731021767747,0.4796542664444951
1220,0.0023636260761700583,0.47966344872870137
1221,0.002354617880849427,0.479630486763277
1222,0.0023444312394691334,0.4796177844870835
1223,0.0023340536676994617,0.4796318330156638
1224,0.0023253005459649904,0.47962156173434245
1225,0.0023152017811992683,0.47960452053255465
1226,0.002306212039844641,0.4796012391125617
1227,0.002297188456394212,0.47960432297894984
1228,0.0022875250996043962,0.47959182150070645
1229,0.0022784097632901935,0.47961723784050686
1230,0.0022695530734359644,0.4796374973431611
1231,0.0022606267289293886,0.47962424371163936
1232,0.002251264613366195,0.4795772931555229
1233,0.0022429449927149547,0.4795619790243435
1234,0.0022333581948112613,0.4795671070036016
1235,0.0022253333913563877,0.47957048303581473
1236,0.0022162743436810626,0.479555985409609
1237,0.002207720936831279,0.4795506643766069
1238,0.002199316761023109,0.47953999942136855
1239,0.0021893934255083044,0.47954600328647556
1240,0.002181119782754964,0.4795313867355471
1241,0.00217211098977009,0.4795413323862454
1242,0.002163471364077487,0.47953905261267893
1243,0.0021540086377547668,0.4795462990037704
1244,0.0021454193771056423,0.47952185013815485
1245,0.002137364276889962,0.479529908425989
1246,0.0021292762787309175,0.4795265521327648
1247,0.002122527595866358,0.47950843448160874
1248,0.0021141834542732457,0.4794970770894137
1249,0.002106302248277477,0.47948882137558957
1250,0.0020980147744167643,0.47949388512108576
1251,0.00208999597735298,0.479505008534243
1252,0.00208251937077419,0.4794862049741154
1253,0.002074958477383494,0.4794634633945588
1254,0.0020670604315705292,0.47943747060269676
1255,0.002058706380597989,0.4794394870152149
1256,0.0020516690939086446,0.4794298957576084
1257,0.0020426082354187136,0.47944947373190383
1258,0.002034575226970182,0.47945890439222705
1259,0.002027063219084057,0.4794702520535031
1260,0.002017633933307983,0.4794875647985423
1261,0.00200945235920907,0.479506344171503
1262,0.0020022525576351724,0.4794668607574008
1263,0.0019947838548756993,0.47946216334150654
1264,0.0019878031376498635,0.4794528012250623
1265,0.0019800838889405493,0.4794386698826553
1266,0.0019722338156514217,0.4794043709116072
1267,0.001965057325357191,0.4793739957878459
1268,0.0019584657534667173,0.4793499149471065
1269,0.0019503969659287626,0.47937968425589444
1270,0.001943060149278592,0.4793597323078129
1271,0.001936250819047268,0.479330526210608
1272,0.0019293330342732965,0.4793343613373035
1273,0.0019220979059285002,0.4793819894161593
1274,0.0019141971291973194,0.4793835444326664
1275,0.001907093087361818,0.4793771302500162
1276,0.001901145789247493,0.4793577017947317
1277,0.0018941434017639457,0.47938646802977114
1278,0.0018870377601318937,0.47938944457382554
1279,0.001880487051992731,0.4793601220385519
1280,0.0018726925181522377,0.4793734145807545
1281,0.0018659219978518758,0.47938315303244455
1282,0.0018582691688333113,0.47935745044234856
1283,0.0018511399403675153,0.47935707412264766
1284,0.001843760395209203,0.4793558506758776
1285,0.001836937263077933,0.47934243636788376
1286,0.0018307811278590136,0.47934974295968824
1287,0.0018231041043050085,0.47932872152964057
1288,0.0018155732830916938,0.4793364874104239
1289,0.0018090155144156836,0.47930818013651394
1290,0.0018009508435398453,0.4793161079382448
1291,0.0017936580813953582,0.4793095883676776
1292,0.0017865762480209133,0.4793195874246784
1293,0.0017784612559885173,0.479313969939775
1294,0.0017718538511256323,0.47930985796788866
1295,0.0017656429900694787,0.47932488671699525
1296,0.0017592696575948503,0.4793328338028749
1297,0.0017526865546906175,0.4793313267367036
1298,0.0017466309133872713,0.4793332914982608
1299,0.0017390807383301577,0.4793053756980839
1300,0.0017320104851168902,0.4793230785630445
1301,0.0017251878422122346,0.47933269565376135
1302,0.001718120649966737,0.47932604967824516
1303,0.0017109438758228252,0.47932278513045234
1304,0.0017048735442734332,0.47933961228105576
1305,0.001698132272818858,0.4793258159699933
1306,0.0016919327709738112,0.4793345651001538
1307,0.0016852920952831977,0.4793641388009572
1308,0.001677709672289651,0.47935363379303575
1309,0.0016710571911578806,0.47936785494590894
1310,0.0016647869386029503,0.4793578259786633
1311,0.0016583421269663766,0.479369767180594
1312,0.001651702177926859,0.4793542690612213
1313,0.0016450113851022798,0.4793642637009578
1314,0.0016378769814066228,0.47936339790003385
1315,0.0016314650417039564,0.4793661876477905
1316,0.0016256015621597454,0.4793513441348425
1317,0.0016192278349057832,0.4793296610380479
1318,0.001612991676034669,0.47931162305622294
1319,0.001606425124354855,0.47929473942745654
1320,0.0016002557542787801,0.4793015104736731
1321,0.0015938638680310549,0.4793212779152995
1322,0.0015882619498024842,0.4793042361974275
1323,0.0015818189577564985,0.47929165909740873
1324,0.0015758365697131338,0.47928348581631725
1325,0.0015696029419251067,0.47930132008399046
1326,0.001563271776083375,0.47928216310111627
1327,0.0015572549250613065,0.47929340348476523
1328,0.0015514040198993584,0.4792853574281964
1329,0.0015452050748469494,0.4792787484805347
1330,0.0015388679490868115,0.47931423951376956
1331,0.0015328228888579101,0.47930858714394114
1332,0.0015265479800853831,0.47930801503482406
1333,0.001520730320980384,0.47930255303421393
1334,0.0015156627161699682,0.4792989481924449
1335,0.001509847262164824,0.47930982462226845
1336,0.0015039935492684637,0.4793144642273298
1337,0.0014989139024072199,0.47929815524702885
1338,0.0014923934397813989,0.4793032991874161
1339,0.0014868831944662285,0.4792956577996761
1340,0.0014803330336723688,0.4792982053407554
1341,0.0014740287524921728,0.4792684112507316
1342,0.0014685856632888222,0.47925928475358737
1343,0.0014635591626638031,0.4792510660002199
1344,0.0014574830439371194,0.47925115627245374
1345,0.0014520357174453568,0.4792563874320044
1346,0.0014469073122091174,0.4792402756126042
1347,0.0014417631126256145,0.47924644388585486
1348,0.0014364048892252978,0.47925254475027546
1349,0.001430359614951725,0.479246861431564
1350,0.0014248251764317767,0.47924208657559997
1351,0.0014188782410973384,0.47926286408914814
1352,0.0014126411630171886,0.47925108344618716
1353,0.0014080562779624395,0.47924679262957626
1354,0.0014032150822408385,0.4792612105562869
1355,0.001397162242720381,0.4792714804304653
1356,0.0013919728949210294,0.47928719176614804
1357,0.0013867395480747623,0.4792937946735808
1358,0.0013817854674899493,0.4792817283498247
1359,0.0013766697828401333,0.4792798058822087
1360,0.0013713636592514124,0.4792719101487541
1361,0.0013663420449483987,0.4792716271834694
1362,0.0013612738238016886,0.4792702942691741
1363,0.0013554673777280268,0.4792791089483238
1364,0.0013504423891641264,0.4792824693571324
1365,0.0013451626479121504,0.47930211529750605
1366,0.001338594656379104,0.47928479077268316
1367,0.0013327960360925198,0.4792509014946445
1368,0.0013271880316673985,0.4792333182002535
1369,0.001322266512532924,0.47923040496442204
1370,0.0013173995908213857,0.4792259300177997
1371,0.0013126772463770509,0.4792268672063733
1372,0.0013073468626427756,0.4792342795106669
1373,0.001301966319089547,0.47926821321347673
1374,0.0012967695500303255,0.479283416106088
1375,0.0012923476053732109,0.4792975423139669
1376,0.0012871045597940506,0.4793038342055904
1377,0.0012816189383813067,0.4793094597795602
1378,0.0012766071932285518,0.4793153971304423
1379,0.0012712804630129937,0.4793385305794761
1380,0.0012654675555485914,0.47932314748701493
1381,0.0012611532776562323,0.47932394963925506
1382,0.0012560481667211129,0.47933065685387594
1383,0.0012507128343739382,0.47931453546690567
1384,0.0012460573236494324,0.4792919316882459
1385,0.0012412670226399647,0.4792919136422724
1386,0.0012366800909345084,0.4793044395964614
1387,0.0012321928427492914,0.4793001250472646
1388,0.0012272191542448013,0.47929020615660123
1389,0.0012221449464654439,0.479302843421831
1390,0.0012171478788130352,0.47930027008272086
1391,0.001212615289748276,0.4792835003091738
1392,0.0012080439475217848,0.4792972047860839
1393,0.0012036981510136532,0.4792880655427899
1394,0.0011998139926162582,0.47928696099930856
1395,0.001195430076792247,0.4792832532611455
1396,0.0011902109147329603,0.47927486825417814
1397,0.0011850794354490034,0.47927911818658986
1398,0.0011800957735349199,0.4792728647610129
1399,0.001175354794355334,0.47927377747596234
1400,0.001171484514314756,0.4792903331824121
1401,0.0011671834480723219,0.4793008411293859
1402,0.0011625287173219277,0.47930137313935645
1403,0.0011579209463441513,0.4792955451732408
1404,0.0011532443154775524,0.4793157635816321
1405,0.0011485464887058014,0.4793170781967159
1406,0.001143579925002604,0.47932470564212454
1407,0.001139835135748582,0.4793243419000693
1408,0.0011358184355406903,0.47931376105395584
1409,0.0011309128940785243,0.4792929112665047
1410,0.0011266875327531319,0.4792987202794049
1411,0.0011223692038877654,0.4793223931270279
1412,0.0011178476414095183,0.47933301389239324
1413,0.0011140814612078263,0.47933792609304454
1414,0.0011101412993651015,0.4793393366972881
1415,0.0011054347259461695,0.4793574800972937
1416,0.0011008825243766327,0.4793549325167281
1417,0.0010964783043341149,0.47935502529383206
1418,0.0010923578057283245,0.47936336968238935
1419,0.001088567787972156,0.479359193594312
1420,0.0010846901134388637,0.47932652574082524
1421,0.0010812855118823106,0.47931810265289354
1422,0.0010769942770274931,0.47933032370769507
1423,0.0010731171863342472,0.47932765582285647
1424,0.0010693816607884566,0.4793362425168891
1425,0.001065528860229052,0.47935381504946856
1426,0.0010616766314782199,0.47933979737140203
1427,0.0010572623552150427,0.4793389245443146
1428,0.001053110910038414,0.47931966050310126
1429,0.0010489250298432755,0.47928151861561974
1430,0.001045488991643595,0.4792690663308669
1431,0.0010411242794821963,0.47928231368678953
1432,0.0010374032020312545,0.47928149249966695
1433,0.0010341526610865488,0.47927150877520824
1434,0.0010301709764597086,0.47923851232438086
1435,0.0010264194405517134,0.479233317119354
1436,0.001022669603703333,0.4792425950719006
1437,0.0010189482089307676,0.47922362113059036
1438,0.0010149322401516152,0.4792253477940718
1439,0.0010109379965415216,0.4792318617618383
1440,0.0010071864057746465,0.4792479922073087
1441,0.0010036666716331482,0.47923361293582717
1442,0.000999795963803567,0.4792444033854579
1443,0.000995831644334402,0.4792437977485335
1444,0.0009913452218429724,0.4792229226643144
1445,0.0009871856509127343,0.4792128638150453
1446,0.0009828939998748644,0.479217557458104
1447,0.0009792371804491966,0.4792284945270717
1448,0.0009749867169867257,0.4792289744879497
1449,0.0009709644692971087,0.4792213719003871
1450,0.0009671205358584658,0.4791997778830585
1451,0.0009635537326621855,0.4791981460920741
1452,0.0009593745033096288,0.47920187197577924
1453,0.0009554764217635786,0.4792021807559381
1454,0.0009514974187886649,0.4792068443011425
1455,0.0009480781855170767,0.47918638502884237
1456,0.0009441558682278875,0.47918762890624217
1457,0.0009411322197445181,0.47919567901083776
1458,0.0009376212942326354,0.47918484867376876
1459,0.000934184911114604,0.47917123398470435
1460,0.0009300996556644506,0.4791818040600125
1461,0.0009264757745727487,0.4791870091924344
1462,0.0009231897785116987,0.4791830451582503
1463,0.000919341072903186,0.47916211971223865
1464,0.0009156498687357065,0.47916548011875
1465,0.0009120611072612886,0.4791564646730899
1466,0.0009083813504843657,0.47915193235149905
1467,0.0009051657043058368,0.47913727914177817
1468,0.0009020294995354836,0.4791291837934759
1469,0.0008992355007254626,0.4791223118656322
1470,0.0008960132466918722,0.47911440697317065
1471,0.0008928936075830204,0.4790909046936615
1472,0.0008899398316753343,0.47909176782329227
1473,0.0008863663035757553,0.4790771251115136
1474,0.0008828289745197237,0.4790557381630022
1475,0.00087984796147127,0.4790578312179614
1476,0.0008768933682190662,0.4790603496700588
1477,0.000873176097239266,0.4790708900281644
1478,0.0008696156251996467,0.47907847807388326
1479,0.0008658575315681535,0.47907725818209856
1480,0.0008625975823098393,0.4790843017991158
1481,0.0008589379120610265,0.47909173148024126
1482,0.0008554158202593421,0.4790789439915068
1483,0.0008523822793981456,0.4790663181709206
1484,0.0008488850572933627,0.4790618098487993
1485,0.0008459643972406696,0.4790547927504675
1486,0.0008427079862276356,0.47905213478329617
1487,0.000839964473100357,0.4790620835544887
1488,0.0008366939599906356,0.4790439690744341
1489,0.0008335256469751808,0.47903866494677666
1490,0.00083043670696833,0.4790471884748028
1491,0.0008272858578040768,0.4790403688304381
1492,0.00082430457340666,0.47904095808884856
1493,0.00082132915054435,0.47904947626737454
1494,0.0008181828877174741,0.479042323714373
1495,0.000815032491844456,0.47903528611389395
1496,0.0008117580528365993,0.4790136583015079
1497,0.000808921638537117,0.47897886092311226
1498,0.0008052584341134796,0.47899423117188117
1499,0.0008024229205727337,0.47901074124535625
1500,0.0007991503037956191,0.47899433978497663
1501,0.0007960700869898963,0.478992408409677
1502,0.0007932974025609033,0.4789891465350978
1503,0.0007901114852805442,0.4789850279755286
1504,0.0007868921912728066,0.47896987790633083
1505,0.0007833684357702404,0.4789585621692354
1506,0.0007800999921544237,0.4789672842661324
1507,0.0007772907997323691,0.4789452435946537
1508,0.0007742033337811067,0.4789406514815894
1509,0.0007713865056174686,0.4789359099093006
1510,0.0007680778797021744,0.478938643223733
1511,0.0007653439834493024,0.4789555694301064
1512,0.0007621176186051615,0.4789580371441868
1513,0.0007588694301021602,0.4789467850893232
1514,0.0007559514261795717,0.478935459230716
1515,0.000752911263030525,0.4789235986513969
1516,0.0007502064151858957,0.47893944563590385
1517,0.0007475387182908494,0.4789411797145718
1518,0.00074487318806713,0.478932462706215
1519,0.0007417938566638647,0.4789413450598552
1520,0.0007387528641367282,0.4789283090674663
1521,0.0007356464164272765,0.4789361910936536
1522,0.000732570327164382,0.47892868115299164
1523,0.0007295366558528632,0.47892025655771236
1524,0.0007267374951146406,0.4789198253998986
1525,0.0007239332660132736,0.47891036866256176
1526,0.0007213513605981401,0.4789067865834032
1527,0.0007186570400766378,0.4788940335555676
1528,0.0007158896358551704,0.4789205608150333
1529,0.0007135240316323402,0.4789396956458282
1530,0.0007109769007273294,0.47892603799428674
1531,0.0007079862603934799,0.47892028222566
1532,0.0007055272479529271,0.4789286297977674
1533,0.0007027886719775371,0.478936511034711
1534,0.0007000284333971982,0.4789292398020527
1535,0.0006974303307614225,0.47894604242289557
1536,0.000694929524193846,0.47894879077474345
1537,0.0006924805420761914,0.47894454675089454
1538,0.00068992559769766,0.4789507099315554
1539,0.0006874296580345368,0.47894343028967096
1540,0.0006851390925950027,0.4789548532214578
1541,0.0006826771257391035,0.4789538974329475
1542,0.0006800478270073121,0.4789589049206372
1543,0.0006777530183314769,0.4789510997210994
1544,0.0006750804523657874,0.4789397006196957
1545,0.0006727420719108507,0.4789371289182817
1546,0.0006702178506164115,0.47892635634102193
1547,0.0006676775312015552,0.47893183809003353
1548,0.0006652460100517436,0.47893289807579265
1549,0.00066224057257443,0.4789429461598907
1550,0.0006596229368131044,0.4789236492177759
1551,0.0006573258191003561,0.4789207777284794
1552,0.000654624880535353,0.47891810044792543
1553,0.0006525625016778891,0.4789151774153723
1554,0.000649990946367716,0.47891784791263853
1555,0.0006478342907931372,0.47891847935526755
1556,0.0006450291752235432,0.47892047172008145
1557,0.0006423586666720557,0.4789102430484346
1558,0.0006396696635710648,0.4789059214897111
1559,0.0006371542467038268,0.47891140652424946
1560,0.0006348391224221422,0.47889102343441137
1561,0.0006325482709065316,0.47888854655633945
1562,0.0006298636633061969,0.4788808390993381
1563,0.0006272025237025256,0.4788833658341567
1564,0.000625005971058679,0.47887572212697255
1565,0.0006229935526858187,0.4788756492516501
1566,0.0006208396263072614,0.4788775751300594
1567,0.000618570639020551,0.4788736356107577
1568,0.000615854561802396,0.47888462251780056
1569,0.0006132362522495001,0.47888215882722557
1570,0.0006108953514150881,0.4788754016245127
1571,0.0006085765001460138,0.4788841692456222
1572,0.0006060386323367034,0.47888138859770685
1573,0.0006039058304273548,0.47886560990846366
1574,0.0006012620273319523,0.47886444296808717
1575,0.0005988312634708588,0.47885801070214595
1576,0.0005968796983561205,0.47884976496933906
1577,0.0005946491181148828,0.4788421763057473
1578,0.0005924953915470546,0.478831741046576
1579,0.0005904013911063469,0.4788253113251911
1580,0.0005882018305207653,0.47883350692908494
1581,0.0005862054099760238,0.478839561624444
1582,0.0005840862354854713,0.4788378449942382
1583,0.0005816424684026768,0.4788335921369085
1584,0.0005792794295334874,0.4788347513752074
1585,0.0005772333638007278,0.4788298036198749
1586,0.0005748679725152983,0.4788294975081459
1587,0.0005726241989128127,0.4788298897864329
1588,0.0005705472148903487,0.4788286159079022
1589,0.0005685774392418567,0.4788311579078025
1590,0.0005662580900199976,0.4788455376882783
1591,0.0005640096544911847,0.47883803466568825
1592,0.0005619564157230712,0.478838204117893
1593,0.0005599947534443379,0.47884061371377035
1594,0.0005581803979114766,0.4788370132866124
1595,0.0005562906432420622,0.4788391575360877
1596,0.0005540317764952198,0.47883069287815705
1597,0.000551881650188132,0.4788215784656459
1598,0.0005500848777270224,0.47881437583465236
1599,0.0005480457828090768,0.4788083900319299
1600,0.0005463397281685695,0.47881123447343643
1601,0.0005446366128781398,0.47881171648631077
1602,0.0005426104879657742,0.4788089484076503
1603,0.000540626836266493,0.47881029303183714
1604,0.0005384067859293824,0.4788147841996259
1605,0.0005362621897976182,0.47881018236288014
1606,0.0005340402262577417,0.4788083011684035
1607,0.0005321645318538342,0.4788188263113134
1608,0.0005301087646217854,0.4788066298282066
1609,0.0005282778745040646,0.47880026165903167
1610,0.0005261653427101574,0.4787978413339277
1611,0.0005241744474139766,0.4787988406648868
1612,0.0005219682293190371,0.47880807620789667
1613,0.0005199496787954821,0.4788033118340717
1614,0.000518037152246534,0.4787931575680281
1615,0.0005161381097143743,0.4787812647431256
1616,0.000513988423159182,0.4787694374876606
1617,0.0005122197981558872,0.4787641541593201
1618,0.0005102563026877429,0.4787673371345157
1619,0.0005083982614504999,0.4787478646902822
1620,0.0005064300935319851,0.4787481188779454
1621,0.0005045500389315056,0.47873349609513444
1622,0.0005026416089595184,0.47872947964717505
1623,0.0005005808924558616,0.4787327456296818
1624,0.0004985946286212552,0.4787256884839325
1625,0.000496526187523486,0.4787265897315521
1626,0.0004946381881714624,0.4787158474863629
1627,0.0004926005480891295,0.4787159900111542
1628,0.0004907439586955398,0.47871136512998247
1629,0.0004889682117660949,0.47872159426353
1630,0.00048682276470691735,0.4787216422438826
1631,0.00048478404016231,0.47871247206306883
1632,0.0004828946977486262,0.478707596513739
1633,0.0004809712651733446,0.47869783724817805
1634,0.00047918465457617046,0.478707336307997
1635,0.0004773995252957744,0.4787041684970144
1636,0.00047512699800944763,0.47869567980120387
1637,0.00047352664876057585,0.47869136016949854
1638,0.00047153518407315405,0.4786961223147135
1639,0.0004696779222460948,0.4786928692031651
1640,0.00046790927289039493,0.47868888626286077
1641,0.0004662353691558903,0.4786716186737043
1642,0.00046461747411888707,0.47867385593391376
1643,0.00046282330464223853,0.4786718008773649
1644,0.00046076451525777396,0.47868412453302833
1645,0.0004592909159736817,0.478690136521607
1646,0.0004576997809861931,0.4786884739299268
1647,0.00045603185971295217,0.4786937717161449
1648,0.00045420879182869126,0.4786867044141164
1649,0.00045266549500389485,0.47869328490473484
1650,0.00045074833678578714,0.4787005457736001
1651,0.00044894859343219603,0.47868168019015483
1652,0.00044703248662336426,0.47869322448548146
1653,0.0004454622812863829,0.47867861292966746
1654,0.0004438817944048784,0.4786986573262601
1655,0.0004422737051235501,0.4786841387430164
1656,0.0004404639806291678,0.478672561437725
1657,0.00043866059010069287,0.4786671496665761
1658,0.0004370294657082976,0.4786636650499105
1659,0.0004353011365806907,0.47864724333277664
1660,0.0004336996878714496,0.47864890212730754
1661,0.0004320003120992341,0.4786457651284145
1662,0.0004305393958154156,0.4786392484623951
1663,0.0004288112439048005,0.47864424525465743
1664,0.0004270192337031976,0.47863537235296266
1665,0.00042558433533568187,0.47863211272968387
1666,0.0004240049239850904,0.47862330614223775
1667,0.00042230985541995655,0.4786195824988412
1668,0.00042079446831878983,0.47862773830103583
1669,0.00041936384143809007,0.47862955284000297
1670,0.0004178394241153911,0.47863808314763007
1671,0.00041607243041294674,0.4786389889121822
1672,0.00041438874059598224,0.4786367718984828
1673,0.00041304458312113655,0.4786293116996401
1674,0.0004114206128901129,0.4786139017700229
1675,0.0004098983034347945,0.4786011037785297
1676,0.0004082485766911843,0.4786097920307473
1677,0.00040663861019576313,0.47862169621256634
1678,0.0004051517999308903,0.47861880056309974
1679,0.0004035844802209592,0.4786174446416415
1680,0.0004021462373287421,0.4786221875609708
1681,0.0004006291805466659,0.4786162469085187
1682,0.00039896754679925623,0.47862315555227
1683,0.00039740666092341316,0.47861158378676827
1684,0.0003959105285963836,0.4785963563259311
1685,0.0003944135044193609,0.47859805368248337
1686,0.0003930589267766701,0.47859240745158205
1687,0.000391736650396409,0.4785969012871662
1688,0.0003902949638928115,0.4785978434618291
1689,0.0003887076737595493,0.4785965622808803
1690,0.0003872551408964619,0.47858970749231705
1691,0.0003857827440412902,0.47857851345231894
1692,0.00038430055631010444,0.4785756910350188
1693,0.00038270575845433173,0.47858171690608986
1694,0.00038121407550700316,0.47857897146266837
1695,0.0003798281350930676,0.4785845108056024
1696,0.0003785079532733648,0.4785983013480506
1697,0.00037691828861229505,0.4785988588259683
1698,0.0003755926499925772,0.4786021192572734
1699,0.0003741990205833236,0.4785916630669187
1700,0.00037288043083371963,0.47860622124456426
1701,0.00037155355849890505,0.4786044070827149
1702,0.0003703012237094628,0.478596207180154
1703,0.00036907869944605354,0.47859485104696103
1704,0.00036771267480769114,0.47859681619763395
1705,0.0003663058056752353,0.47859692404997506
1706,0.00036510141601543185,0.47859704305605305
1707,0.0003636504079740965,0.4785939572242161
1708,0.00036243210106025726,0.4786020217867999
1709,0.0003610952026994094,0.47860711857353544
1710,0.00035964824528048354,0.47859285428048437
1711,0.0003581399184057904,0.4786016490259879
1712,0.0003568134602942615,0.47859061774634276
1713,0.0003552519020571949,0.47859731232719976
1714,0.0003539333225845659,0.47860189164866607
1715,0.00035247688581783586,0.4785912294083425
1716,0.0003511187998819357,0.47859184632247687
1717,0.0003497894147647347,0.478586138473167
1718,0.00034848858890203894,0.4785888597875163
1719,0.0003473268045279056,0.4785791874118873
1720,0.00034587159771304744,0.47857717386213006
1721,0.0003444305210435291,0.4785731043758122
1722,0.0003430085981304882,0.47856412503067275
1723,0.0003417011694861253,0.478572354415092
1724,0.00034040710696645136,0.47856612700848555
1725,0.00033913428245886304,0.47855853265090137
1726,0.00033783706082760317,0.47856441330940264
1727,0.0003366303096070246,0.47858453887502944
1728,0.00033532208002874767,0.4785717207553901
1729,0.00033376795016483977,0.4785548646929524
1730,0.000332585133588451,0.4785428403569054
1731,0.0003313830192714717,0.4785406328319962
1732,0.0003301817442848088,0.47854061882869703
1733,0.0003290381958787269,0.4785450467523565
1734,0.0003278877879740837,0.47854627085902385
1735,0.00032671476733946153,0.47854688661025463
1736,0.000325525221243199,0.47854877508647853
1737,0.00032427518061912123,0.4785487304125615
1738,0.0003231284672062542,0.4785503141725851
1739,0.0003219022163434522,0.4785449812260466
1740,0.00032079659830556176,0.4785356321373748
1741,0.0003195864244078845,0.4785334409614671
1742,0.00031825710152608844,0.4785364700376479
1743,0.00031699306515660814,0.47853500761611795
1744,0.0003159338109962538,0.47853597272862536
1745,0.0003146819358282934,0.4785320900571502
1746,0.00031369063324437066,0.47852723882959086
1747,0.0003125440091262848,0.4785202568247591
1748,0.0003111072019632451,0.4785153025646924
1749,0.0003099326666350827,0.47851267118844215
1750,0.00030871648186709695,0.47850138574555456
1751,0.00030756018147130626,0.47849906168988593
1752,0.0003063767636469253,0.47850077724972434
1753,0.000305341933322431,0.4784999179118919
1754,0.00030414126282588455,0.47849823762758104
1755,0.0003028200759402289,0.47848862052827174
1756,0.000301717346109627,0.47848607611014093
1757,0.0003005365661063309,0.47847992598430406
1758,0.00029934789736243804,0.47848282315106516
1759,0.0002982388309196828,0.47847484845112914
1760,0.0002971208889413207,0.4784784533154498
1761,0.0002961615570255222,0.47848117264664636
1762,0.000295035579853841,0.4784894535795246
1763,0.00029381313852774594,0.47848793747673074
1764,0.00029268959982633677,0.47847858910963786
1765,0.0002917006895077716,0.4784849479856822
1766,0.00029054708974849173,0.4784839062558783
1767,0.0002893925230238938,0.4784859495007386
1768,0.0002882536201754032,0.47848270714962454
1769,0.0002872627561129058,0.4784783080552937
1770,0.00028627808055936517,0.47848688441603715
1771,0.00028509004500323833,0.4784869008844023
1772,0.0002841297293698731,0.47848689587554516
1773,0.0002831811523865269,0.47848330735615713
1774,0.00028196718532735307,0.4784819379958609
1775,0.0002807575321102237,0.47847860604920556
1776,0.00027958169591162633,0.47848934692955525
1777,0.0002785185795542103,0.47847862532658014
1778,0.0002775389511421451,0.4784819093114974
1779,0.00027654173274729437,0.47848664558361564
1780,0.0002755418824452802,0.47848291209732985
1781,0.0002744298104073559,0.4784759185361662
1782,0.00027332494957610804,0.4784685550819491
1783,0.0002723405436083619,0.4784768480370902
1784,0.00027132788222032633,0.4784829671289179
1785,0.0002703661437615616,0.4784840023530542
1786,0.0002694008315570717,0.47848763169984027
1787,0.00026840285987906275,0.47849250865985204
1788,0.000267321793471497,0.4784947705836708
1789,0.00026624954055660065,0.478492362915557
1790,0.0002651270702801493,0.478487713036076
1791,0.00026414939224279465,0.4784878187286708
1792,0.0002632640631190766,0.4784881077599274
1793,0.00026223181577760094,0.47848688262761846
1794,0.00026130305730227816,0.478483575929297
1795,0.0002602321827890786,0.47848718165755844
1796,0.00025932804733160437,0.47849238448621967
1797,0.00025831659347546487,0.4784985748086843
1798,0.0002571954326237296,0.4785007743325494
1799,0.000256255009219105,0.47849425876775464
1800,0.000255307465168079,0.47850563174793
1801,0.0002543299378829581,0.47850589525980464
1802,0.000253352984322207,0.4785012755028995
1803,0.00025242343933895567,0.4784994109230034
1804,0.00025138890863533056,0.47849886267489833
1805,0.0002504566112103407,0.47850395153151304
1806,0.00024949597546943566,0.4784991324245372
1807,0.0002486833856920477,0.4784892666286885
1808,0.0002477432746982774,0.478495392095149
1809,0.0002468732038253883,0.4784851810081372
1810,0.00024598680670174497,0.4784908051635922
1811,0.0002451581653762052,0.47849629467520444
1812,0.0002442502834794487,0.4784938262047452
1813,0.00024334635347811917,0.47849075773976035
1814,0.0002424693772082436,0.4785022679379192
1815,0.0002415949578501397,0.4784993533902569
1816,0.00024065217655698786,0.47849308241377814
1817,0.00023982463482703602,0.4784894733741122
1818,0.00023880878321653608,0.478489554099154
1819,0.00023797020349950335,0.4784759354404772
1820,0.0002370462722604864,0.4784822099172483
1821,0.00023613582168500254,0.47848801745945346
1822,0.00023527884225100915,0.478485959881207
1823,0.00023438072235613128,0.47849406895919383
1824,0.0002334240065043067,0.4784950507471972
1825,0.0002325534294597608,0.47849137474710424
1826,0.0002316271009242442,0.47848239766018125
1827,0.00023071998992433456,0.478489513181338
1828,0.00022976531942766172,0.4784899576243066
1829,0.00022891742086299276,0.4784931788138498
1830,0.0002280350229792292,0.4784932013245583
1831,0.00022714591633232647,0.4785073581955975
1832,0.0002263971991402385,0.4785023435633507
1833,0.00022554045494830024,0.4784970291816244
1834,0.0002246879588394864,0.47849179230848105
1835,0.0002237899615160121,0.4784906644343958
1836,0.0002229832163681797,0.47847405438394125
1837,0.00022208371711970662,0.47847162224243406
1838,0.00022121501588489635,0.47845966685760266
1839,0.00022055134568718115,0.47845702538937324
1840,0.00021973734725268607,0.4784593836211851
1841,0.00021887288746140753,0.4784637458664964
1842,0.00021805799655401286,0.47846105284411106
1843,0.00021714131040726498,0.47846453711637116
1844,0.00021637184955601815,0.4784604045578664
1845,0.00021556811205718587,0.47846246788162644
1846,0.00021469197014800664,0.47845576731685663
1847,0.00021396162327819523,0.4784561856496939
1848,0.00021311005197094764,0.47845089207057667
1849,0.00021229496036018303,0.4784481816225364
1850,0.00021149551828295618,0.4784451560706148
1851,0.00021072254064264498,0.4784426164015786
1852,0.00020983148008417267,0.4784400735929116
1853,0.00020887588067704038,0.47843425133525946
1854,0.0002080811163712124,0.47843898071999663
1855,0.0002072598785729307,0.4784397354739528
1856,0.00020656750067791563,0.47843613352075276
1857,0.00020571309341050394,0.4784401892974409
1858,0.00020499687281577063,0.47842666638791304
1859,0.00020411180539494554,0.47843219370818973
1860,0.00020334382040900067,0.47842994410277906
1861,0.00020262742224151704,0.4784254858695794
1862,0.0002018502736441307,0.4784202862912764
1863,0.00020108408564854528,0.4784226729314255
1864,0.00020036630067091321,0.4784256075334125
1865,0.00019960350413415203,0.47843348771508176
1866,0.00019895510944018698,0.47843427153782964
1867,0.00019818680039962463,0.478435471484871
1868,0.0001975863010698451,0.47843578607432996
1869,0.00019690454903810372,0.4784335666110387
1870,0.00019622221905736835,0.4784377861357487
1871,0.00019550174596919578,0.4784372100250115
1872,0.00019483349266232963,0.4784425975534573
1873,0.00019414947154559433,0.4784421635300302
1874,0.00019341904127904,0.4784352486912723
1875,0.00019275283301444697,0.4784405270612723
1876,0.0001920129911741021,0.4784384400695413
1877,0.0001913771732534175,0.478432184057838
1878,0.00019053978477748544,0.47843036806816625
1879,0.0001897333388821157,0.47842868918452136
1880,0.00018904909302427033,0.4784214170219961
1881,0.00018836762637580224,0.47842614632546326
1882,0.00018767984417921254,0.4784268998606971
1883,0.00018693340040118011,0.47842643630123716
1884,0.00018619459827977456,0.4784239723011956
1885,0.00018546527975955566,0.4784108403184041
1886,0.0001847625440936888,0.4784024347963016
1887,0.00018404317791664927,0.4784042668478197
1888,0.0001834871330613839,0.47840669760795473
1889,0.0001828407445678372,0.4784118881804845
1890,0.00018208424340529866,0.47840433496250745
1891,0.0001813718346503966,0.4784104156611902
1892,0.00018067523062943193,0.47841028209390707
1893,0.000180077503214228,0.4784054764005961
1894,0.00017940830029900548,0.4783989362608417
1895,0.0001788094898080253,0.4784025545067053
1896,0.00017814878799352215,0.4784008864145706
1897,0.00017747637650528662,0.47839593479181797
1898,0.00017674316605418972,0.4783985555152226
1899,0.00017603524371609958,0.4784000965459979
1900,0.00017543535751595192,0.47840188450090243
1901,0.00017477401065270877,0.4784008967178966
1902,0.0001740705840280612,0.47839632275819116
1903,0.0001733070023646178,0.4783949672845892
1904,0.00017264311388258787,0.47839565674331164
1905,0.00017192216121919907,0.47839906995435705
1906,0.00017125819923950018,0.4784003673297862
1907,0.00017055717092405903,0.4784051982611088
1908,0.00016995164160163215,0.4783966088515269
1909,0.00016930914211339893,0.4783907814036524
1910,0.00016859610160158343,0.47838158204500836
1911,0.00016788878471687076,0.4783870175979133
1912,0.00016718629992420374,0.4783843011364243
1913,0.00016657069716099793,0.4783837147445087
1914,0.00016601807630712965,0.47838218440818253
1915,0.00016540868721070886,0.4783836996241789
1916,0.00016477159966609757,0.47838305157012756
1917,0.00016419644637335383,0.4783805324001249
1918,0.00016357738874046062,0.4783783847084831
1919,0.00016291155346209138,0.47838246519878835
1920,0.00016226944661975744,0.4783752581704612
1921,0.00016169364985280202,0.4783779443178909
1922,0.0001610654744575283,0.4783830315442081
1923,0.00016042294518359273,0.47838075758341225
1924,0.00015980665689408643,0.47838287216108166
1925,0.00015922026198900456,0.4783767781488976
1926,0.00015854625434142018,0.47838333625973856
1927,0.00015791605881250825,0.4783775152390347
1928,0.00015724597647056896,0.47837180125401635
1929,0.0001566799110532897,0.47836835767608926
1930,0.00015618022133049558,0.47837023848419086
1931,0.0001555547782469497,0.47837698001374745
1932,0.00015494691956375602,0.47838242049366775
1933,0.00015437712511375565,0.47837789430750105
1934,0.0001538477129165833,0.47837222493342296
1935,0.00015328778903694933,0.4783631827109432
1936,0.00015271982222517168,0.4783565018348155
1937,0.00015220410665348825,0.47835836537965143
1938,0.00015172277294246163,0.47836045355747503
1939,0.00015112114558222628,0.4783614954587704
1940,0.0001505691022593466,0.4783551082007088
1941,0.00014994612222495913,0.47835735905687216
1942,0.00014935314582994775,0.4783551047433086
1943,0.00014883369869387786,0.47834939283660677
1944,0.0001482420969266561,0.47835441280005875
1945,0.00014762891500403905,0.4783513836111296
1946,0.00014711560623679987,0.47834650426343694
1947,0.00014664429432964277,0.47834407811507085
1948,0.00014609106138314818,0.4783412259391957
1949,0.0001455409997178856,0.47834522804336366
1950,0.00014497797903190965,0.4783460976277464
1951,0.00014444563938168046,0.4783482013043948
1952,0.0001439034808073064,0.4783518099970852
1953,0.0001432857890951921,0.4783570589375406
1954,0.00014276319708674513,0.4783568751686849
1955,0.00014224683006348592,0.47836231776581567
1956,0.0001416933425369903,0.4783558749811763
1957,0.00014113680199631591,0.4783590118184433
1958,0.00014066598452730495,0.4783605445173593
1959,0.00014011469509463684,0.4783570372531597
1960,0.00013960696676027193,0.47834945768573833
1961,0.00013906048346190074,0.4783472864465237
1962,0.00013864454525231625,0.47834735765922115
1963,0.00013816381529594007,0.4783475273413482
1964,0.0001376151487813912,0.47834179822280626
1965,0.00013698644609353155,0.47833549992354907
1966,0.0001364680947982683,0.4783343622020934
1967,0.00013599748089795457,0.4783343963320102
1968,0.00013541636880431886,0.47834075333294684
1969,0.0001348668756458465,0.47834280924409667
1970,0.00013436036213100295,0.4783367877545021
1971,0.0001338752757910358,0.47833618274369166
1972,0.00013338495919438604,0.4783327167165212
1973,0.00013291005265102078,0.4783291362611259
1974,0.00013244263108520723,0.47832693129227366
1975,0.00013202684670494445,0.4783247769507202
1976,0.00013154184429765628,0.4783259893800112
1977,0.00013106849390060542,0.4783401580619255
1978,0.000130576389369973,0.4783430201550884
1979,0.0001300758090276943,0.4783359535722095
1980,0.000129562179304304,0.478332869754202
1981,0.00012909020764100728,0.47833133613777906
1982,0.00012864092209163809,0.47833010059327313
1983,0.00012818362807449595,0.47833016211037105
1984,0.00012772399529668778,0.4783336063313687
1985,0.00012733027517833215,0.47833279220317365
1986,0.0001269067458785737,0.47833122477338713
1987,0.00012645686455235773,0.4783322235708248
1988,0.0001259799183188307,0.4783310665843722
1989,0.00012546226219668934,0.47832757152847644
1990,0.00012498312228444156,0.4783248988920692
1991,0.00012442793035589444,0.4783216685313028
1992,0.00012398158074610296,0.47832472927651376
1993,0.00012355903798728335,0.47832767120541514
1994,0.00012309541657841547,0.4783262059243299
1995,0.00012264872681058735,0.4783254582287731
1996,0.0001222601447577746,0.4783231970617022
1997,0.00012184139067830405,0.4783258074429665
1998,0.00012140401687602715,0.4783239330917995
1999,0.00012095226686574888,0.4783232249600053
2000,0.00012053311682842,0.47832259539746214
2001,0.00012006946172699876,0.4783153657470185
2002,0.00011964298910715686,0.4783128305746542
2003,0.00011916677580000035,0.4783037008107945
2004,0.00011874664100779292,0.4783054220011902
2005,0.00011836341337784555,0.4783020852932124
2006,0.0001178558583939973,0.478302404789394
2007,0.00011736708398832235,0.47829746226097297
2008,0.00011692213369937456,0.4782964673708589
2009,0.00011648542899520638,0.47829707964921375
2010,0.00011599274852899023,0.4782978345490126
2011,0.00011551157250103365,0.4783008601633658
2012,0.00011506701249368874,0.4783029094755066
2013,0.00011462365294930498,0.4783027862452238
2014,0.00011418481450333343,0.47830432259553857
2015,0.00011382282977356245,0.47830151252063
2016,0.00011339725402036964,0.4783064352783325
2017,0.00011292531345610604,0.47831106907252646
2018,0.00011249448212661008,0.47831430789735335
2019,0.00011203430685595526,0.4783117156870658
2020,0.0001116439040381052,0.47830953122152037
2021,0.00011120430441606709,0.478310919875927
2022,0.00011074197798344057,0.4783062570008261
2023,0.00011033106530829395,0.4783024573612312
2024,0.0001099471156139884,0.4783027901445318
2025,0.00010951213358691255,0.478300559353254
2026,0.00010906746464529581,0.478300463742118
2027,0.00010867671230810858,0.47829964728059937
2028,0.00010828048357366848,0.47829594316112706
2029,0.00010784949205881945,0.4782933759166259
2030,0.0001074098927379503,0.47828633295221873
2031,0.00010703789056735162,0.4782879444965137
2032,0.00010659762604081749,0.47829083580336795
2033,0.00010620242654855934,0.47829209423509006
2034,0.00010584101697851587,0.47828904845865633
2035,0.00010536392936036941,0.47828569391201153
2036,0.00010494136580624212,0.478295192848819
2037,0.00010455588701279047,0.4782952436009182
2038,0.00010415764661470133,0.478292285615575
2039,0.00010373402090287712,0.478288974925347
2040,0.0001034166796916566,0.4782869193040389
2041,0.00010306121300502919,0.4782861695407609
2042,0.00010266932878259169,0.47829284657188653
2043,0.00010229380916946438,0.4782924841705164
2044,0.0001019465692015924,0.47828589188015913
2045,0.0001016197485716167,0.478285383081571
2046,0.00010128386396775453,0.47828616206650176
2047,0.00010092947903428073,0.4782894537137414
2048,0.00010057171946780553,0.47828521355096476
2049,0.00010026391289929636,0.4782879818630712
2050,9.993966442403538e-05,0.4782872959189307
2051,9.950354461880128e-05,0.4782818412834461
2052,9.91840260471724e-05,0.4782823834575975
2053,9.88323406560229e-05,0.4782815712367353
2054,9.844442930232488e-05,0.47828806053544304
2055,9.808086370934814e-05,0.4782874216827495
2056,9.76912224848717e-05,0.47828674167301866
2057,9.732791364951462e-05,0.47828776793628275
2058,9.697361104281791e-05,0.47828862309898174
2059,9.660082914846091e-05,0.4782853291450471
2060,9.625832026677871e-05,0.47827943736836986
2061,9.5868567280165e-05,0.4782806000659133
2062,9.553688665413634e-05,0.4782779144560154
2063,9.515304581615784e-05,0.47827828115495635
2064,9.479196876326243e-05,0.47828127569568296
2065,9.445360084907324e-05,0.4782890940501648
2066,9.406283369132578e-05,0.47828216650388394
2067,9.367040824107567e-05,0.47828280257318057
2068,9.327256612466746e-05,0.47828186292642505
2069,9.294915771826613e-05,0.47828115102933366
2070,9.261100282556044e-05,0.47828299450477296
2071,9.22428154841053e-05,0.4782853362913128
2072,9.194277692986098e-05,0.4782838825786185
2073,9.161651573262806e-05,0.47828213536538244
2074,9.126192474241527e-05,0.4782765899373348
2075,9.092740960140243e-05,0.47827964762797637
2076,9.061620241834196e-05,0.47828254464158726
2077,9.025426972448144e-05,0.4782843869804375
2078,8.989923680089755e-05,0.47828061045330633
2079,8.959074693720897e-05,0.47827917902215855
2080,8.927546132039705e-05,0.4782775570259079
2081,8.894974147351119e-05,0.4782793881632726
2082,8.860153862239557e-05,0.4782798985909707
2083,8.828254479122542e-05,0.4782753141906402
2084,8.791691635718282e-05,0.4782757406822211
2085,8.762883288784056e-05,0.47827713505844827
2086,8.731128531261635e-05,0.4782807404088038
2087,8.698267941032264e-05,0.47827804781702227
2088,8.661750799436057e-05,0.4782772466337605
2089,8.627094276300524e-05,0.4782774406146211
2090,8.595347865531693e-05,0.4782765625166999
2091,8.563948837627739e-05,0.4782730797334997
2092,8.531548049269845e-05,0.47826755154273115
2093,8.499352544642102e-05,0.47826675072869157
2094,8.470177748177543e-05,0.4782673836828736
2095,8.44104959745723e-05,0.47826961570165977
2096,8.41103310196501e-05,0.47827142622162855
2097,8.379379027402927e-05,0.4782724833990292
2098,8.344440068077065e-05,0.47827551602828616
2099,8.312436699250007e-05,0.4782736476564719
2100,8.28282419883629e-05,0.4782745651660478
2101,8.248721280513461e-05,0.4782759297019449
2102,8.21802904227982e-05,0.478279542658752
2103,8.184238388743534e-05,0.47827763868294665
2104,8.154859095190416e-05,0.47827476600543156
2105,8.120352527920261e-05,0.47827443700015915
2106,8.08924373886803e-05,0.4782810486791715
2107,8.058194483956734e-05,0.47827765359153324
2108,8.032294713084415e-05,0.4782792238498089
2109,7.99656353748056e-05,0.4782763099454114
2110,7.967538350471968e-05,0.47827464570044215
2111,7.936408903494612e-05,0.47827605940273316
2112,7.908072959665662e-05,0.4782793128352269
2113,7.877706696555208e-05,0.47827774583982235
2114,7.855348766414238e-05,0.4782768447112552
2115,7.828108317446683e-05,0.47827858950201874
2116,7.796632804753233e-05,0.47828032627434675
2117,7.763972910635865e-05,0.4782785287416989
2118,7.738162318899116e-05,0.4782703403343252
2119,7.707903845007564e-05,0.4782666149282815
2120,7.682582191334303e-05,0.47826527948951447
2121,7.651653098381814e-05,0.4782641377328174
2122,7.623455996626245e-05,0.4782623019786929
2123,7.592075459405084e-05,0.47826342396938054
2124,7.561285808941862e-05,0.4782659918804109
2125,7.533136336753692e-05,0.4782644676979389
2126,7.504489036254129e-05,0.47826187204011195
2127,7.478632109158119e-05,0.47825926777930056
2128,7.448021566347031e-05,0.47825345271800296
2129,7.418496241692531e-05,0.47825839308386975
2130,7.394274802776495e-05,0.4782626397020297
2131,7.36692432049698e-05,0.47826350052882566
2132,7.337713380222296e-05,0.47826031815506675
2133,7.314391484602385e-05,0.47826504290513827
2134,7.28766691245532e-05,0.4782695516122898
2135,7.258015825291147e-05,0.4782654205149496
2136,7.23066043369639e-05,0.478259629552362
2137,7.202604543258871e-05,0.4782575421925885
2138,7.17730170920383e-05,0.4782548432594676
2139,7.150449865619186e-05,0.47825049089753235
2140,7.12682184986907e-05,0.4782517069772133
2141,7.100565010635508e-05,0.4782494294787201
2142,7.075945483830076e-05,0.47825269824494704
2143,7.051938649689614e-05,0.4782529030951225
2144,7.02833750988316e-05,0.4782506010989775
2145,6.999832113346154e-05,0.47825028740203107
2146,6.976080530769837e-05,0.47824708845037606
2147,6.946027106762764e-05,0.47825069993853486
2148,6.918263338603262e-05,0.47825160261789096
2149,6.892186802730165e-05,0.4782495487568627
2150,6.860781512013854e-05,0.4782486965433248
2151,6.833986934860711e-05,0.47825073188281375
2152,6.809427486415225e-05,0.47824754386534196
2153,6.787948270335224e-05,0.4782471519674195
2154,6.761539165142208e-05,0.4782513158184177
2155,6.736244814909145e-05,0.4782500552514667
2156,6.712920593625102e-05,0.47824680522465873
2157,6.68827829765756e-05,0.4782524110667245
2158,6.660416690000014e-05,0.4782531744149805
2159,6.634399186208977e-05,0.47825084793651595
2160,6.611746808484923e-05,0.4782469152603751
2161,6.583486273933278e-05,0.47824817599812336
2162,6.557291710599903e-05,0.47824765361648414
2163,6.529814810739756e-05,0.4782497606631665
2164,6.505373880654383e-05,0.47825079698874
2165,6.478870433644907e-05,0.47825297514696774
2166,6.45385540738757e-05,0.47825614309314984
2167,6.431234705921396e-05,0.47825569376409843
2168,6.407059623156606e-05,0.4782540590813134
2169,6.383381100816627e-05,0.47824999317543815
2170,6.358563856500153e-05,0.4782509836743823
2171,6.332108442155648e-05,0.47825090943365245
2172,6.306103545824892e-05,0.4782558380206469
2173,6.28326585083035e-05,0.47825777855635543
2174,6.260201549753245e-05,0.4782522625262317
2175,6.235256778002422e-05,0.47824882005353975
2176,6.210875893702828e-05,0.4782524218244984
2177,6.190537927132639e-05,0.4782518102061251
2178,6.167555448757757e-05,0.4782487187160949
2179,6.143242572149449e-05,0.4782455532099346
2180,6.12308445009557e-05,0.47824415006093435
2181,6.1017187084547455e-05,0.47824023422199846
2182,6.077529475489283e-05,0.47824278501858847
2183,6.058363633196416e-05,0.4782459377640002
2184,6.031613374043808e-05,0.4782464863941672
2185,6.0095853764452696e-05,0.4782463104893774
2186,5.99005989959214e-05,0.4782461467463231
2187,5.967236077277644e-05,0.4782494682890662
2188,5.948281705700116e-05,0.4782497111919992
2189,5.923525610662348e-05,0.4782536259756248
2190,5.8981292075821784e-05,0.47825665986169547
2191,5.8798873921016007e-05,0.47825706489334785
2192,5.8607091729443184e-05,0.4782604766012313
2193,5.837525102787011e-05,0.47825642517555306
2194,5.8169669510769834e-05,0.47825279321185976
2195,5.795014747049383e-05,0.47824974642009044
2196,5.771840611038407e-05,0.47824248077945125
2197,5.751649619417762e-05,0.4782443532194587
2198,5.728477117536754e-05,0.47824211712098214
2199,5.706793071641096e-05,0.47824294958263946
2200,5.684149153643998e-05,0.4782450161469588
2201,5.6620100218261305e-05,0.4782479567816135
2202,5.642516782573686e-05,0.47824841858082084
2203,5.623905682250609e-05,0.47824908627442214
2204,5.6055931468574924e-05,0.47824623938376853
2205,5.586225720887619e-05,0.47824424513171865
2206,5.564042096924424e-05,0.47824556478792674
2207,5.541367188064047e-05,0.4782464554756233
2208,5.521678588975431e-05,0.47824585614841575
2209,5.501854170986297e-05,0.4782428213132958
2210,5.480506809171816e-05,0.4782412304067001
2211,5.461240072369269e-05,0.47823849934140117
2212,5.4405303188274506e-05,0.47823224700646605
2213,5.419741941590726e-05,0.4782333686608827
2214,5.4008059071516364e-05,0.4782272177477231
2215,5.381815472053726e-05,0.4782253472000114
2216,5.360583377279681e-05,0.47822467385896794
2217,5.3428293674822474e-05,0.4782276514902554
2218,5.3228152662053266e-05,0.4782257471459233
2219,5.301143804946534e-05,0.47822730149470843
2220,5.282332750222137e-05,0.47822795109951727
2221,5.2612691077012196e-05,0.4782287348886075
2222,5.243068790374278e-05,0.47823333239313887
2223,5.2234882901961266e-05,0.47823565746485264
2224,5.205344796944496e-05,0.47823278653750434
2225,5.182527328724796e-05,0.47823420530098953
2226,5.162767890798155e-05,0.4782327839513791
2227,5.143619143888725e-05,0.47823406961461085
2228,5.121606541019591e-05,0.4782371415609092
2229,5.103583707578892e-05,0.47823644673359883
2230,5.083707100599545e-05,0.47823178692634144
2231,5.0643512091968584e-05,0.47822782161146055
2232,5.045383583867457e-05,0.478229438578978
2233,5.026653944044243e-05,0.47822950010288623
2234,5.0095613253737675e-05,0.4782288870135114
2235,4.991259143875933e-05,0.4782300289800046
2236,4.9725002430446716e-05,0.478228555764756
2237,4.9543022253608424e-05,0.4782250211930572
2238,4.934623618181049e-05,0.47822614309987954
2239,4.9148921929153974e-05,0.478231623266941
2240,4.897960422725324e-05,0.4782333740571749
2241,4.879427725646749e-05,0.4782361155993492
2242,4.86181102277063e-05,0.47823568455365983
2243,4.845460574958802e-05,0.4782314151280859
2244,4.828067002805989e-05,0.4782351417416155
2245,4.810360504502654e-05,0.47823678111376605
2246,4.794389962536975e-05,0.47823792624964084
2247,4.776878111813059e-05,0.4782354331707403
2248,4.757112082218387e-05,0.4782348997760149
2249,4.737034624183602e-05,0.47823575423089226
2250,4.7191685131334854e-05,0.4782327753056117
2251,4.7008549630619996e-05,0.47823474511374553
2252,4.681707427074645e-05,0.4782330079486345
2253,4.662378905135803e-05,0.4782314309121938
2254,4.6453524408981785e-05,0.47823285599834386
2255,4.6273317050094026e-05,0.4782342202402368
2256,4.6083203984103825e-05,0.4782358112388689
2257,4.5913364887431894e-05,0.4782386791229322
2258,4.5764991877577486e-05,0.47823836411087084
2259,4.5591887066486534e-05,0.4782360001280456
2260,4.542656905242763e-05,0.4782343974012568
2261,4.52683453762862e-05,0.47823069696132725
2262,4.505841103034536e-05,0.47822906113946256
2263,4.4878300012738176e-05,0.4782266626316494
2264,4.472598417733745e-05,0.47822517609653453
2265,4.458049338664261e-05,0.47822408211828266
2266,4.441723137192146e-05,0.478222912008478
2267,4.4245361192826395e-05,0.4782218010612277
2268,4.408853996732423e-05,0.4782205273116723
2269,4.39424884940206e-05,0.47821589771811673
2270,4.3782023921999515e-05,0.4782140434632674
2271,4.364764256374829e-05,0.4782116602885042
2272,4.346751387169455e-05,0.47821402510803285
2273,4.3329992736261534e-05,0.47821096712972694
2274,4.316917509183299e-05,0.4782102884274698
2275,4.3034140195547596e-05,0.47821324008929156
2276,4.288462075506839e-05,0.4782147601368833
2277,4.2738947844446475e-05,0.4782123091203965
2278,4.2589614466638746e-05,0.4782108114553721
2279,4.243800554314419e-05,0.4782084576972737
2280,4.2265940219907514e-05,0.47820748452951206
2281,4.212380284575743e-05,0.47820815868074323
2282,4.196217330327094e-05,0.47821126839393396
2283,4.179775739096901e-05,0.4782095896216234
2284,4.1659671839519336e-05,0.47820981101007876
2285,4.148713335898158e-05,0.4782089282338371
2286,4.132318714687142e-05,0.4782087117117289
2287,4.116722721660471e-05,0.4782089004307093
2288,4.1012099062540004e-05,0.478209509917967
2289,4.08600459681162e-05,0.4782095692329216
2290,4.0697242245105486e-05,0.47820291803453013
2291,4.0544076038678185e-05,0.4782004250913227
2292,4.041378119417288e-05,0.4781975563764522
2293,4.0240858945955934e-05,0.478196447077068
2294,4.010677983702717e-05,0.47819520466848603
2295,3.996873721477767e-05,0.47819626748624
2296,3.98185738265368e-05,0.4781964136232254
2297,3.96843490506144e-05,0.47819642698801823
2298,3.954633970243944e-05,0.47819708372963426
2299,3.940045778318364e-05,0.4781975051363661
2300,3.926476060535828e-05,0.4782010770297467
2301,3.910930312039924e-05,0.4782013291153039
2302,3.896440337934778e-05,0.4782013531368712
2303,3.8833884715970635e-05,0.4782026210981109
2304,3.866971605221668e-05,0.47820267811792133
2305,3.8517366931363377e-05,0.47820050614754234
2306,3.8384969858749915e-05,0.4781974459936568
2307,3.825286820019588e-05,0.4781979549853187
2308,3.809764582100156e-05,0.47820124105694023
2309,3.7943899836659516e-05,0.47820353607295457
2310,3.7825847318495266e-05,0.4782005952090271
2311,3.76737972785363e-05,0.47820291545317845
2312,3.75181392034791e-05,0.47820388482691206
2313,3.7379041091031276e-05,0.4782035353031317
2314,3.722195190942206e-05,0.47820404707715475
2315,3.706306200494023e-05,0.478203069296828
2316,3.6929761794473936e-05,0.4782032978034694
2317,3.680442158055388e-05,0.47820021636909826
2318,3.667873230777389e-05,0.47819674780745824
2319,3.655416435583735e-05,0.4781977782925205
2320,3.64312586556608e-05,0.4781952617415346
2321,3.630221090142291e-05,0.4781972991906877
2322,3.616092449922593e-05,0.47819424098375435
2323,3.6039706817368643e-05,0.4781944418923218
2324,3.5895970076216446e-05,0.47819489173516017
2325,3.576366645407591e-05,0.47819527934741024
2326,3.562565390877213e-05,0.4781953291125429
2327,3.54850682508712e-05,0.47819628315795026
2328,3.536356068663348e-05,0.47819512301560524
2329,3.523421838713166e-05,0.4781921465009867
2330,3.510402833944753e-05,0.47819116613347
2331,3.4981790238800425e-05,0.4781877116341994
2332,3.487297636308176e-05,0.4781868213049984
2333,3.4752380602356653e-05,0.4781888932697438
2334,3.462976172832513e-05,0.47819034501064
2335,3.450233462109295e-05,0.4781877295989439
2336,3.439070731079815e-05,0.4781889222753863
2337,3.4268632356275813e-05,0.4781934280448791
2338,3.414513699677484e-05,0.4781924505602791
2339,3.402608571533277e-05,0.4781951514100686
2340,3.389372790116399e-05,0.4781958547322055
2341,3.37701914946205e-05,0.47819586348271625
2342,3.365117207743946e-05,0.4781972301172043
2343,3.352281096945794e-05,0.47819481039672995
2344,3.3409013611688414e-05,0.4781942990449684
2345,3.328339335108258e-05,0.47819848698430406
2346,3.3164896660430695e-05,0.47819925751091985
2347,3.3034540577327275e-05,0.47819976403711345
2348,3.292813790017864e-05,0.4782004893925289
2349,3.280523876122067e-05,0.47819884548349595
2350,3.268425735223417e-05,0.47819920878313005
2351,3.255817703149025e-05,0.47820106193047
2352,3.2421818322490696e-05,0.47819900380278807
2353,3.230193151059633e-05,0.4781964663241413
2354,3.2168768290503754e-05,0.47819500149154265
2355,3.205978652710852e-05,0.47819347607352725
2356,3.193991857341838e-05,0.478193213574263
2357,3.1817246188665717e-05,0.47818940809339444
2358,3.1713409821774674e-05,0.4781909963169349
2359,3.157854925171515e-05,0.47818715634403786
2360,3.1476767790972336e-05,0.4781881751601506
2361,3.134597695229133e-05,0.47818506892991275
2362,3.123565612078523e-05,0.47818460559162324
2363,3.113976055089112e-05,0.4781853881855743
2364,3.1024062254368395e-05,0.4781852028430343
2365,3.09127856623071e-05,0.4781856833478003
2366,3.081049609804382e-05,0.4781846898225464
2367,3.071551239714105e-05,0.47818751004294074
2368,3.0599314043531044e-05,0.47818558535989275
2369,3.049963717787551e-05,0.47818699753858257
2370,3.0372964924727387e-05,0.4781858038303434
2371,3.024274452411766e-05,0.4781841948551652
2372,3.0130704951293383e-05,0.478183593500678
2373,3.00280549128531e-05,0.4781824624303678
2374,2.9913321790271868e-05,0.47817898306290324
2375,2.9798659179598413e-05,0.4781810371996795
2376,2.969377483591141e-05,0.4781819899440679
2377,2.9590696102845196e-05,0.4781812207955392
2378,2.9476809777874513e-05,0.47817965033102755
2379,2.9360999098363025e-05,0.4781793957448454
2380,2.923983656940448e-05,0.4781821930103873
2381,2.911752831484555e-05,0.47818016948853703
2382,2.901699938335963e-05,0.4781829035360558
2383,2.8915394435769325e-05,0.4781839311162625
2384,2.8814616678038067e-05,0.4781830411478965
2385,2.870037352920679e-05,0.47818317763201296
2386,2.8584083486525886e-05,0.47818260340156626
2387,2.849306664700752e-05,0.4781826518291236
2388,2.8399194488091e-05,0.4781826192711294
2389,2.828892575776796e-05,0.478183245407827
2390,2.8187987470228575e-05,0.4781833983803699
2391,2.8078736149320993e-05,0.4781816360818099
2392,2.7970119910068675e-05,0.4781826254998
2393,2.7877090529011104e-05,0.4781807886325477
2394,2.778028521390897e-05,0.4781785455024687
2395,2.7681327993047423e-05,0.47817705654770204
2396,2.7586022896322845e-05,0.4781774451235999
2397,2.7474713875652797e-05,0.478175070170238
2398,2.7364176926722135e-05,0.47817492315032073
2399,2.725939008791122e-05,0.4781738513998089
2400,2.715589264505821e-05,0.47817142717416034
2401,2.7046936806104422e-05,0.47817331363446125
2402,2.694699657390084e-05,0.47817324432676694
2403,2.684824180068888e-05,0.47817378591519993
2404,2.6756138723917444e-05,0.47817064381328145
2405,2.6662123959918264e-05,0.47817334929206695
2406,2.6564952570196125e-05,0.4781758462825739
2407,2.6462549927176688e-05,0.4781754208456236
2408,2.6364848700742636e-05,0.4781733715128058
2409,2.626622962691307e-05,0.47817200798372067
2410,2.6160894304428133e-05,0.4781706771918176
2411,2.6076156032605807e-05,0.4781706393561722
2412,2.5978655005478026e-05,0.4781690307697132
2413,2.5889808368868553e-05,0.4781702006461238
2414,2.580053715381205e-05,0.4781678494002169
2415,2.5717647066066606e-05,0.47816878528502393
2416,2.5632826368158202e-05,0.4781702611021791
2417,2.55510684663615e-05,0.4781696973636886
2418,2.544724963381378e-05,0.47817049804977296
2419,2.5352255700766818e-05,0.4781719095178536
2420,2.5251775814534542e-05,0.47817272527969246
2421,2.515663508818133e-05,0.47817153484854247
2422,2.508042815594616e-05,0.47817232084998146
2423,2.4984218244452993e-05,0.47817025802368374
2424,2.4885179451059826e-05,0.47816937602177517
2425,2.4809462095212727e-05,0.4781671138695363
2426,2.4713774736486036e-05,0.4781649626855131
2427,2.4623457493721066e-05,0.47816331225888986
2428,2.4528790813371262e-05,0.4781642058733688
2429,2.4437628895883863e-05,0.4781611741885864
2430,2.4353985168403807e-05,0.47816241992678743
2431,2.426254991066549e-05,0.47816454223849114
2432,2.4159580984152535e-05,0.47816323152315204
2433,2.4061756338365028e-05,0.47816424936449703
2434,2.3976457927591776e-05,0.47816170695123206
2435,2.3894994111451085e-05,0.47816378391777686
2436,2.38177255819989e-05,0.4781651602245353
2437,2.3743962281020525e-05,0.47816581738107033
2438,2.365654474916596e-05,0.4781630630526422
2439,2.3575238307725625e-05,0.47816256079663166
2440,2.3490038061717034e-05,0.47816177273709437
2441,2.341412321381701e-05,0.47815946741492027
2442,2.3335209894851563e-05,0.4781571927250809
2443,2.3238966582840663e-05,0.4781589266181907
2444,2.3155330924608582e-05,0.4781578307464656
2445,2.306377923363018e-05,0.47815670866657567
2446,2.2976468215862303e-05,0.47815843172391237
2447,2.2883139928484863e-05,0.478158140061469
2448,2.279699168282396e-05,0.47816002466027774
2449,2.2719724573979935e-05,0.47816030355659483
2450,2.2640585085591196e-05,0.4781626296937446
2451,2.2556790170338366e-05,0.47816267643429256
2452,2.2471442408275405e-05,0.47816378253519587
2453,2.2399856140584642e-05,0.4781643547980222
2454,2.2313727458900774e-05,0.4781638353914663
2455,2.2230289936132874e-05,0.4781591206032528
2456,2.214833272671637e-05,0.478156083411376
2457,2.2074695532333665e-05,0.4781561141461878
2458,2.1991808406625177e-05,0.47815655573329086
2459,2.190934889031089e-05,0.4781594479723079
2460,2.183180173988785e-05,0.4781603694516271
2461,2.173825981419097e-05,0.4781584640340527
2462,2.1667816148898224e-05,0.47816015163785286
2463,2.1580111263001393e-05,0.4781611187876214
2464,2.1499740204768493e-05,0.4781595741153807
2465,2.143071084234083e-05,0.4781582522823777
2466,2.134887735308544e-05,0.4781581317079509
2467,2.1276664252866427e-05,0.4781564432168986
2468,2.119318349053765e-05,0.4781569215127783
2469,2.1120432095665344e-05,0.47815577267520826
2470,2.1049880657362028e-05,0.47815652803250036
2471,2.098089503199056e-05,0.4781555179327123
2472,2.0908767085245005e-05,0.4781567689007405
2473,2.0841250101127077e-05,0.4781522209018179
2474,2.0771660484182454e-05,0.47815208197818315
2475,2.0689186017446595e-05,0.4781509079861653
2476,2.0629246965337664e-05,0.47815239026934603
2477,2.055518657147525e-05,0.4781509832471202
2478,2.0471719779433888e-05,0.47815383011080154
2479,2.0397046667589648e-05,0.47815434194425804
2480,2.0329960083321873e-05,0.4781553811557504
2481,2.0251748542701703e-05,0.4781545969056813
2482,2.0176530401838564e-05,0.47815428283094463
2483,2.0103095683075856e-05,0.47815350000823986
2484,2.003011298033182e-05,0.47815380923253303
2485,1.9946962088132826e-05,0.4781530302250168
2486,1.9870709518890697e-05,0.4781518693856328
2487,1.979711872879696e-05,0.47815627503664015
2488,1.9721621814932718e-05,0.47815535525268316
2489,1.9651503133112262e-05,0.4781525167862898
2490,1.9570896340247607e-05,0.4781500564165643
2491,1.949670947672167e-05,0.4781531152968416
2492,1.9414406479282888e-05,0.4781527662994745
2493,1.9335257387809973e-05,0.47815411668661884
2494,1.9259532296972714e-05,0.47815248268844346
2495,1.9197802829795522e-05,0.4781499565289677
2496,1.9138355257108533e-05,0.47815056490207675
2497,1.9065612926354105e-05,0.4781510526835943
2498,1.8994449264995518e-05,0.47815516408437025
2499,1.8921231351543507e-05,0.4781584660787541
2500,1.8861308942144624e-05,0.4781563245418512
2501,1.879713143333896e-05,0.4781567620404968
2502,1.8717075220498776e-05,0.47815807438797875
2503,1.8647875650966165e-05,0.4781559163610525
2504,1.857997859935002e-05,0.47815515079722265
2505,1.8513346305451492e-05,0.47815682678495686
2506,1.8434653107265535e-05,0.47815775169380037
2507,1.8371110027397028e-05,0.47815750985094213
2508,1.8300632207774732e-05,0.47815810990720004
2509,1.8237657344966662e-05,0.47815596587026266
2510,1.8169581810866806e-05,0.4781552940121724
2511,1.8103078537409922e-05,0.4781556349045646
2512,1.80302422566122e-05,0.47815553223532575
2513,1.7960717161025214e-05,0.4781573098501986
2514,1.7897407773265873e-05,0.47815833235783095
2515,1.783163382467888e-05,0.47816044358101956
2516,1.7769217139654583e-05,0.47815977393550085
2517,1.7703447113586636e-05,0.4781603866012485
2518,1.763527228544034e-05,0.4781628854122413
2519,1.75748600617442e-05,0.4781639809022436
2520,1.7513166793425364e-05,0.47816608346476847
2521,1.7459147221643422e-05,0.47816717841846307
2522,1.7396536725982056e-05,0.47816713073533357
2523,1.733316270052778e-05,0.4781686548999409
2524,1.7278173373015833e-05,0.47816873725872766
2525,1.7223654356331674e-05,0.47816944626177577
2526,1.7151594274609935e-05,0.47817091103185777
2527,1.7085677933453298e-05,0.4781727428784856
2528,1.7025173707325078e-05,0.4781729890011561
2529,1.6962170352885743e-05,0.4781709470615959
2530,1.690636771358753e-05,0.4781724786786775
2531,1.684413529257363e-05,0.4781725275900469
2532,1.6783495031647766e-05,0.4781729504833197
2533,1.6716910036568364e-05,0.47817238494991043
2534,1.6650189930777548e-05,0.478169170194229
2535,1.658780123967902e-05,0.4781673987444824
2536,1.652521065162132e-05,0.47816667894499393
2537,1.6471717809772e-05,0.478168645908934
2538,1.641016579080425e-05,0.478168786829587
2539,1.6348445330121134e-05,0.4781673962277902
2540,1.6280157602053038e-05,0.4781688290465399
2541,1.621846778992763e-05,0.47816682105375596
2542,1.6158064393356045e-05,0.4781667386327799
2543,1.6102065651398698e-05,0.47816579958444394
2544,1.605211499329895e-05,0.4781660030064711
2545,1.5995198556774282e-05,0.47816696671736547
2546,1.5933983807257605e-05,0.47816698973482996
2547,1.5872828910150225e-05,0.47816592579806017
2548,1.5808539835402825e-05,0.4781661256074275
2549,1.5751403340307783e-05,0.4781653034408447
2550,1.5699709220000805e-05,0.47816453096841327
2551,1.564819809661497e-05,0.4781643802347043
2552,1.5585774033429265e-05,0.47816404376992333
2553,1.5533564653731363e-05,0.47816388823377015
2554,1.547923168243862e-05,0.47816359320671403
2555,1.5419485683645217e-05,0.47816113471771576
2556,1.5362758335022967e-05,0.47816286021815474
2557,1.52999913674577e-05,0.4781621678820154
2558,1.5245263931752078e-05,0.47816281065640964
2559,1.5197232013023145e-05,0.47816321829509645
2560,1.5146417384167505e-05,0.47816322127644695
2561,1.5097779509438643e-05,0.4781614931259477
2562,1.5037914543702382e-05,0.47816181380936534
2563,1.498320805247619e-05,0.4781622156390951
2564,1.4931485546695159e-05,0.4781596705522315
2565,1.4883782871333335e-05,0.47815736025969297
2566,1.4831558193314881e-05,0.4781590022098382
2567,1.4778849348312784e-05,0.47816020500478956
2568,1.4719880473875886e-05,0.47816099322950845
2569,1.4661121484697431e-05,0.47816246737436263
2570,1.4608459089748101e-05,0.47816300675299006
2571,1.4556193153446538e-05,0.478164730751754
2572,1.4499810060923304e-05,0.47816648663090955
2573,1.4450486236283566e-05,0.47816679197154344
2574,1.440394529947585e-05,0.47816717076078835
2575,1.4354460939663917e-05,0.47816799095881546
2576,1.4302886492480192e-05,0.47816869382278826
2577,1.4241807342082039e-05,0.4781685362733644
2578,1.4188584703332444e-05,0.4781671716850166
2579,1.4132936167433607e-05,0.47816817308613285
2580,1.4086912688423917e-05,0.47816808212008866
2581,1.4033900342533345e-05,0.4781670086527776
2582,1.3986787513321401e-05,0.4781672912851457
2583,1.3931058390726816e-05,0.47816692913553593
2584,1.3880158523078422e-05,0.47816698119237044
2585,1.3831863770479376e-05,0.47816433980951534
2586,1.3778586968580426e-05,0.4781653502250428
2587,1.3725979355982458e-05,0.4781657209751039
2588,1.3675668473502196e-05,0.4781677557882699
2589,1.3624337183436197e-05,0.4781666368260364
2590,1.357499809262046e-05,0.47816742501231824
2591,1.3525179129799998e-05,0.4781660929499751
2592,1.3478217460035809e-05,0.47816628110552706
2593,1.3421460351786612e-05,0.4781672475584026
2594,1.3379295035102349e-05,0.4781658518196149
2595,1.3335102830441851e-05,0.47816499463279305
