epoch,train_loss,val_loss
1,0.9725941912809121,0.9816203095577433
2,0.9427314434859443,0.9544769246587822
3,0.9159154325075098,0.9284794283355036
4,0.8945353948408704,0.908375162859124
5,0.8746507317519447,0.8881672988909209
6,0.8560626212027532,0.8710812791688214
7,0.8372705026993644,0.8538888051497486
8,0.8197182557655446,0.8356466791407882
9,0.8049158769114191,0.8221751248171858
10,0.7903099269894822,0.8078111812908039
11,0.7773944913028861,0.7951742989954345
12,0.7656607202479413,0.7833532342447718
13,0.7553023837160993,0.7738096913734617
14,0.7460806584090294,0.7657690806160438
15,0.7358527923993013,0.7565020139199516
16,0.7274261436539531,0.7482386767580265
17,0.7187295598639891,0.739880708964427
18,0.7111029287470697,0.7320667317935874
19,0.7038147138863516,0.7258221089350221
20,0.6965302906937328,0.7191927499357269
21,0.6897216000483958,0.71249012401558
22,0.6836324722168594,0.7065173399580001
23,0.6777281605734945,0.7008278453649076
24,0.6724220761754345,0.6959141226105893
25,0.667146688235823,0.6922171730680662
26,0.66237584344808,0.6879055218354443
27,0.6572314327543703,0.6828545380664385
28,0.6527070069804288,0.6784855958654522
29,0.6483610734490944,0.6742048472376817
30,0.6448500191868907,0.6712879916058547
31,0.6411570694708093,0.6679730389078162
32,0.6373459023760691,0.6640144553059425
33,0.6335020238668988,0.6612995113058696
34,0.629961841758423,0.6582939275026267
35,0.6274166044216787,0.6561458410365926
36,0.6245699965483448,0.6541683776034372
37,0.6215093062485088,0.6518781200314102
38,0.6184173587311255,0.6491304076575879
39,0.6147582839822296,0.6459768607208809
40,0.6118729572473859,0.6435143757586183
41,0.6080964427432568,0.6393546682751778
42,0.6053336096106239,0.6375120538972427
43,0.6027072718415387,0.6349059713697047
44,0.5996182228190227,0.6321501117913466
45,0.5972575987519201,0.6300094051709986
46,0.5944004155446259,0.6270872799296924
47,0.5920984636492874,0.6247734693633582
48,0.5893140141092318,0.6219477425521027
49,0.5870686463094208,0.620737567067961
50,0.5847363001566825,0.6195667324552364
51,0.5826480148146069,0.6178999895141668
52,0.5799226615579535,0.6156719022157084
53,0.5775639380474813,0.6142532095797297
54,0.5759125314807891,0.612628937457773
55,0.5738887780730815,0.6107858412929337
56,0.5712601683061883,0.6088770188626734
57,0.5695669549041754,0.6077571871017733
58,0.5675350546348448,0.6065419652952801
59,0.565758269851118,0.605639191920613
60,0.5640812526924702,0.6044693204355158
61,0.5622974061268756,0.6033785987750476
62,0.5606014854741717,0.6020756407075183
63,0.5589274932257188,0.6008621077593105
64,0.5572206607523553,0.5995521640280582
65,0.5556520931079503,0.5981661022905357
66,0.5541022314357045,0.5974184438769156
67,0.5523461736886581,0.5962696430062456
68,0.5507532361267606,0.5957497515092383
69,0.5494486122824297,0.5951044951415619
70,0.5478955294038159,0.5940567475046437
71,0.5462289664092483,0.5924559319345032
72,0.5445886669673561,0.59121765540154
73,0.5429602680819094,0.5900402435872862
74,0.5416150490869752,0.5886307840670644
75,0.5401559256601214,0.5878588592467562
76,0.5387787881542476,0.5869650519526758
77,0.5373418471318622,0.5859342800105534
78,0.5361361044789789,0.5851743140360454
79,0.534833932072938,0.5837757722380083
80,0.5333620956074435,0.5825893728373507
81,0.5320313731520886,0.5813289404902278
82,0.5305603595103906,0.5798426345289643
83,0.5293415400270552,0.5796865656254602
84,0.5281619208099726,0.5786967632229131
85,0.5267772395289436,0.577430882239438
86,0.5259167367107714,0.5768580504398324
87,0.5249151689436132,0.5764664095492007
88,0.5235235654176137,0.5757830985049813
89,0.5220828400372252,0.5749497343237214
90,0.5210656639846264,0.5740710694961023
91,0.5202203759224293,0.5738178529706938
92,0.5192280570125904,0.573116611618002
93,0.5183102911372836,0.5727716134870682
94,0.5163540357914594,0.5715796718607781
95,0.5148232221123699,0.5706127358745783
96,0.5135852977722195,0.5697607673175592
97,0.5122514691247114,0.5690366638462185
98,0.510971453883249,0.5686249335834317
99,0.5100800079463388,0.5684749497524553
100,0.5092134884069893,0.5680043986611638
101,0.5083376472490664,0.567749431280321
102,0.507262010524108,0.5670693370015637
103,0.5060692028897804,0.5656852196699356
104,0.5053538881933429,0.5655153907782569
105,0.5044624819494997,0.5650138056309095
106,0.5035111800306268,0.5646003821165348
107,0.5024445900015129,0.5635167017936741
108,0.501549664277823,0.5630588484973359
109,0.4996511299349481,0.5617556247310637
110,0.49842744609791695,0.5611214251322789
111,0.4973091269929982,0.5598829048262918
112,0.4964244934485736,0.5593378065945874
113,0.4951419695777052,0.5577327191422347
114,0.49434486912425984,0.5580340125764869
115,0.49295625497246903,0.5567030116876724
116,0.4922302251835494,0.55599254053278
117,0.4911350875424818,0.5547043664295841
118,0.49039371712232604,0.5541469110430902
119,0.48969939709146565,0.5540274486448723
120,0.4890001688771859,0.5536053735786689
121,0.4877322412766031,0.5526154947456977
122,0.4866771514484569,0.5519094156336911
123,0.48582891830424046,0.5516983914787821
124,0.4847472007740799,0.5513035287804474
125,0.48389270438404847,0.5507619910498199
126,0.4831692314961585,0.5506016182517582
127,0.4823440629428158,0.5499790840669248
128,0.48151317565656754,0.5494832193781443
129,0.48055502271861056,0.5487863595515096
130,0.4796858037797217,0.5481664225233831
131,0.4790293329621224,0.5478925746988347
132,0.47805282758745576,0.5473663618334519
133,0.47723283120199117,0.5466841890961475
134,0.47651107399460385,0.5461003255446232
135,0.4757811224427204,0.5455674227133585
136,0.474658798400075,0.5448516631540984
137,0.47374083699140496,0.5443594868204557
138,0.47273549212365323,0.5438767560321082
139,0.47193812782503486,0.5431992684159453
140,0.4710151477039896,0.5428096164586721
141,0.47024830092308967,0.5425118950597045
142,0.4695377544448633,0.5421986529680967
143,0.46854485673894775,0.5410626548349722
144,0.4678997259514337,0.5409178430905857
145,0.4671890189239014,0.5408135441615276
146,0.4664061093169372,0.5403039378890999
147,0.4656825256463697,0.5402188486069948
148,0.4646868619028687,0.5400881093961839
149,0.46408831956508945,0.5399819882437465
150,0.46301095192498387,0.5388029138457986
151,0.4619130251692164,0.5379977460511075
152,0.4613137973545426,0.538075100412678
153,0.46066212862894224,0.5377113004284414
154,0.4601080980080248,0.5373668658422172
155,0.459405724313418,0.5370588798602062
156,0.4584854138991403,0.5367096509450905
157,0.4573861821291211,0.5357347495073368
158,0.4566790653545541,0.5353352728522411
159,0.455753843265793,0.5346977407069666
160,0.4548845435402052,0.5342911719384887
161,0.45416422383036525,0.5337669099317296
162,0.4532527150297143,0.5332184784111302
163,0.4524441934914542,0.5327057804919758
164,0.4516893970755745,0.5324309004573191
165,0.45098811741717415,0.5321322616149962
166,0.4502248140324913,0.5317813023092555
167,0.44957964082378454,0.5314729766952502
168,0.44878546806112746,0.5314304862835769
169,0.4481768467442511,0.5313519897355699
170,0.4476855406197061,0.5314031447309314
171,0.4471581552937446,0.5311214362133597
172,0.4464689240750647,0.5309757549342022
173,0.4456360855202749,0.5302276708199557
174,0.4450449641027078,0.5298625075031831
175,0.4442954033890551,0.5297930020930147
176,0.4437882748295136,0.5295307881481162
177,0.44303141364428894,0.5289132649409086
178,0.44254177389661764,0.5287443973401761
179,0.44200707553941326,0.5286421391559687
180,0.4413908165556965,0.5283898019219149
181,0.4408387517330355,0.5283226485587558
182,0.44018216824716483,0.5282251166579469
183,0.4395236313990468,0.5279709576393589
184,0.4389991791311763,0.5279614276144263
185,0.4383078111508569,0.5275212431527133
186,0.4378354387223365,0.527385433089009
187,0.43732551632769917,0.5269855427221037
188,0.43667806744140497,0.5266206625283705
189,0.43609880214616525,0.5260890654084464
190,0.43542647625206743,0.5257740881110665
191,0.4350221607165145,0.5255539082736257
192,0.4344320401574223,0.525149399080052
193,0.43402389154280857,0.5248618052748034
194,0.43316628265924884,0.5242169366432092
195,0.43251133434874406,0.5242463756910487
196,0.4317885081071407,0.5235073313404325
197,0.43080709407622103,0.5226327516155427
198,0.43022107201834364,0.5226283551298551
199,0.4294952874497205,0.5220103206413811
200,0.4288677039563753,0.5217914238544771
201,0.42829856896465024,0.5214198980712602
202,0.4273442643741547,0.5210121162694237
203,0.4266955792984339,0.5209387596622532
204,0.42591448148357686,0.5203990014482912
205,0.4250871533316094,0.519890666994651
206,0.4240879475636338,0.5195760088013546
207,0.4234744533672454,0.518911331276231
208,0.42288177902425117,0.5183535547102217
209,0.42226772541078567,0.5179768106874466
210,0.4216913598943364,0.5175109987915228
211,0.42128046525398044,0.5173232542205547
212,0.4207842184213453,0.5172704765480034
213,0.4199705121921706,0.5166350596827467
214,0.4194077437868559,0.5163092294436267
215,0.41884004677539766,0.5157309935580676
216,0.4182717009270388,0.5155097722134429
217,0.4174919299683754,0.5149349097881577
218,0.4170408720706874,0.5149972351647581
219,0.4165325039857959,0.5149419630992924
220,0.41595202055256053,0.5150443438567701
221,0.4155225544214762,0.5150757767466655
222,0.4147754087202399,0.5141160455836338
223,0.4140548314779256,0.5136738751952006
224,0.41360034019172287,0.5135176398571414
225,0.41303470587313446,0.5130257831837749
226,0.4123126120284422,0.5126599209470046
227,0.41132020927367485,0.5117583007519547
228,0.4108565156929425,0.5115835274259654
229,0.41019328971234587,0.5112405984492937
230,0.4094737849115965,0.5108543102534735
231,0.40901247059922535,0.5107193554799426
232,0.4084108802269042,0.5104836904677608
233,0.40773472930986987,0.5103854159131727
234,0.4068553980110328,0.5099196639210346
235,0.40636496249906645,0.5095400544621094
236,0.40584836826452686,0.5090727343937302
237,0.4053140662505739,0.5088130482349995
238,0.4048604074280333,0.5085715529593121
239,0.4041871663623843,0.5080724358228854
240,0.40360420111459994,0.507866264945274
241,0.40304456008046224,0.5074933899390278
242,0.4023640244170738,0.5071022413984512
243,0.40184210724575814,0.5066162558843945
244,0.4010153685064452,0.5057976727935124
245,0.40057205178275634,0.5056225362902572
246,0.40017822291223876,0.5056413589146237
247,0.3997593931471115,0.5055872154060977
248,0.3992605871420853,0.5052940174391478
249,0.39878395264703,0.5050227566248278
250,0.39825266725244857,0.5047774571365499
251,0.3976910904137365,0.5045492597450991
252,0.39715037213657095,0.5041493012882107
253,0.3967089468185419,0.5042018003604763
254,0.396190125633373,0.5038510700624143
255,0.3955734019444894,0.5035767063037592
256,0.3950676301991929,0.5033554241720412
257,0.39453973724645935,0.502929860414475
258,0.39417327796253954,0.5028494795085214
259,0.39346524978295544,0.50228136819327
260,0.3928324392472174,0.5018178338050885
261,0.39235889282837655,0.5017052877151306
262,0.3920395240703805,0.5016612323593509
263,0.391550341490809,0.5017252709046146
264,0.39089826078079637,0.50123714284591
265,0.39044943394618004,0.5012839666924934
266,0.38996254852215717,0.5013296116543633
267,0.38948774493173893,0.5012841438743167
268,0.38883538764323333,0.5007519239139635
269,0.38805326315961874,0.5001094582148209
270,0.3876241052887688,0.5000422709715437
271,0.3871506550925063,0.5000330944717413
272,0.38671506848084447,0.49973349614660323
273,0.3863585988388347,0.4996573176608686
274,0.3860486986452603,0.49962004874077726
275,0.3855082077113304,0.4990766954474883
276,0.38500561747144707,0.4989407073874832
277,0.3845038907281782,0.4987068928669419
278,0.3839323984071392,0.49853509874989554
279,0.38331230277840156,0.49841581030239557
280,0.3828918930087612,0.4980913294498862
281,0.3824348196964923,0.49803727416694704
282,0.3818379975349913,0.49773488534296123
283,0.381288799582992,0.49740332218584427
284,0.3807747927290349,0.4970186730931923
285,0.3802912308624761,0.4968880124452618
286,0.37993665218117983,0.49672139902467044
287,0.37936469976468984,0.4966311909609432
288,0.3789713286553364,0.4963239237679787
289,0.37835712475898403,0.49590876267375583
290,0.3779677394939164,0.49564944436201946
291,0.3775400832850531,0.4955387097433893
292,0.37713765992527637,0.49521895612593475
293,0.3763471153343285,0.49474210739481783
294,0.37598592905599,0.49456456169123275
295,0.3755549889362675,0.4946657393394024
296,0.3751949759819563,0.4944417623632484
297,0.3748639655186107,0.49439549070266126
298,0.3743904264867008,0.49428326709535775
299,0.3736155784267532,0.49394433791731307
300,0.3731435865178789,0.49351840520541995
301,0.37245380595644284,0.49282619745051537
302,0.37205318113166397,0.4925191978331151
303,0.3716282411842022,0.4922881631897512
304,0.3712571388322045,0.492151379069191
305,0.3708919160858571,0.49202408118479674
306,0.370398130966445,0.4917874668616125
307,0.36977474230837226,0.49153485496527644
308,0.3693118339581963,0.49138286667653985
309,0.3688202284686586,0.49102382485778134
310,0.36820807484078627,0.49085627676893323
311,0.3676458584990211,0.4906970769826784
312,0.36716355180786225,0.4903243521716528
313,0.36665137106108503,0.4902555847082423
314,0.3661701611878055,0.48975785243821296
315,0.36573508958014345,0.48948250238114976
316,0.36531931481854396,0.48930743344027117
317,0.3649572595643888,0.4891718678315365
318,0.3645295642832445,0.48913900121519016
319,0.3638938355128002,0.48898617323036764
320,0.3635361738292891,0.488800429121366
321,0.3631576205343231,0.48846734238131456
322,0.3626806068102897,0.4884577928995824
323,0.36230004100435026,0.488221212510872
324,0.36179761599434135,0.4876124028547529
325,0.3614403267543833,0.4875557382825279
326,0.3607336776508669,0.4870788280482618
327,0.36027449525400623,0.486994686225935
328,0.3598355408822927,0.4865592409829996
329,0.3593831137535058,0.4864471455159748
330,0.3590332585777438,0.4864859187736934
331,0.3585861281519203,0.4864428007715435
332,0.35808076777710324,0.486194580566446
333,0.3576470304014516,0.4859935543647634
334,0.35704621539046577,0.48561407322653416
335,0.3565996279377699,0.48533888313635376
336,0.3562359851639612,0.4852519902589693
337,0.3557838435537658,0.4849811661837778
338,0.3553963987573793,0.4850552497723231
339,0.3549639403047939,0.48491946543876013
340,0.3544932270396243,0.4846330880285174
341,0.35410761638859717,0.4846063751907411
342,0.3536245151745395,0.48430605563120704
343,0.3532782018279324,0.48406503162655595
344,0.35283882480165046,0.4839188387918692
345,0.3525189084701159,0.4838365251475699
346,0.3520738760841986,0.48354084928639124
347,0.35164889423489815,0.4833073486340506
348,0.35135011459918714,0.48336410774382793
349,0.3509059047871365,0.4832705688465114
350,0.35034978168603603,0.4828397268045434
351,0.350046183567092,0.4827182820477892
352,0.34967946790690146,0.48246089548274784
353,0.34915570710229843,0.48209300281691414
354,0.3488477789892793,0.4821917945312213
355,0.3486084950459931,0.48218949895198804
356,0.3482450309363687,0.48207839396878793
357,0.3478495146312753,0.481835850416767
358,0.3475140129466497,0.4816717913859998
359,0.34713117830844287,0.48139230212784145
360,0.34679601762240647,0.4813056195159745
361,0.3464659950312414,0.4810967720126157
362,0.34610050182339247,0.4809050683155027
363,0.34576097815965295,0.48076642809640435
364,0.34541970332607363,0.48080612692449315
365,0.34515055050652643,0.4808491800883564
366,0.34489704594967663,0.48078568595858096
367,0.3446172189010834,0.4808158128297648
368,0.34418634263555525,0.48064202684241275
369,0.3437682149393535,0.4803228570879034
370,0.3434868131535974,0.48040811737644645
371,0.3430638000473355,0.4802434840815108
372,0.34263810410116474,0.4798747337803414
373,0.342279565516847,0.47985794867843484
374,0.34203353884777465,0.47972883663380483
375,0.34169651532324646,0.479373122442826
376,0.3412523304593281,0.47922325520326015
377,0.34096586758674946,0.47900470861906425
378,0.34071233516361077,0.4789462972246616
379,0.34037072637630345,0.4788279599860138
380,0.3398041848307537,0.478612541339355
381,0.3393770752181244,0.4783680827420226
382,0.33914809111996363,0.4782983674692151
383,0.33873512982487164,0.47809247659751314
384,0.3383619743260231,0.47798860185637054
385,0.3379061504623999,0.4778551932423313
386,0.33759061362666626,0.47771882568390767
387,0.3371941939434379,0.47766546700898843
388,0.33683180944561397,0.4773451934390804
389,0.33621783647807413,0.47689123228464936
390,0.33587490593507563,0.47672951885354725
391,0.3355316554619729,0.4765257594834924
392,0.33523510767045706,0.4762747719439601
393,0.33493102749676534,0.4762332458333838
394,0.3345456079823479,0.4759228427202049
395,0.3342072801741004,0.47582509555842256
396,0.3339033236039358,0.47573363880997804
397,0.3335315402480566,0.4756062773856371
398,0.33317649808228267,0.4755218732533569
399,0.3327428492897481,0.4752075576785498
400,0.33242446904378703,0.4751870187673924
401,0.331996585585912,0.4749288904288421
402,0.3317257833812541,0.475069993288301
403,0.33149387530034863,0.4751726055373005
404,0.3311673960877238,0.4750276680168226
405,0.3307344555383718,0.4747560921502139
406,0.330361209380674,0.47470586673305737
407,0.3300073731098989,0.4747624580444049
408,0.32967563732965866,0.47479725720649746
409,0.32930420924355436,0.4744928080940946
410,0.32903307328746734,0.4742675855783118
411,0.3286726240825583,0.4742086284460219
412,0.32832490169869283,0.47405209809699395
413,0.3280484908722743,0.47399284399774233
414,0.3276325723461762,0.4735970367927646
415,0.3272873499794831,0.4733616987487454
416,0.32682206228377153,0.4730099451031602
417,0.3263071782681815,0.47278999331926624
418,0.32610983402614296,0.4726971097198529
419,0.32568980066842185,0.4720292360047447
420,0.3253208123654552,0.47197694105839355
421,0.32505539202268785,0.47203051421146824
422,0.32471252954141905,0.4717790043242962
423,0.32441018313299425,0.4714824023866955
424,0.3240457283359217,0.47121909459221833
425,0.32378272500950417,0.4712619587531593
426,0.3234943887043858,0.47114698201692806
427,0.3231944419181902,0.4710780383175674
428,0.32286784773805877,0.47101106365075224
429,0.3225500202340416,0.4709412766365724
430,0.3221707908801819,0.47080324341589846
431,0.3217840767508837,0.4705121010171599
432,0.32151724065548326,0.4704635547551164
433,0.3211664104033791,0.4703534493357691
434,0.3209006621557014,0.4703720101860708
435,0.3206131526191207,0.4702750299208321
436,0.3204069946234396,0.4700926904687314
437,0.32013388760412875,0.4699437755980577
438,0.31978113537766995,0.46964450730923973
439,0.3194194230953396,0.46934763830445025
440,0.31906626960340906,0.4691492104308556
441,0.3188146141227795,0.4688722249939448
442,0.31839781955844143,0.4684483838899309
443,0.31815077068266717,0.46851172516275286
444,0.31783029205760377,0.46836670729146246
445,0.31753696824175387,0.4682188147656455
446,0.317223055359681,0.4681648171069174
447,0.3168750799518945,0.4682345936084823
448,0.3165942659132117,0.46815785633505136
449,0.31624928102909056,0.46782448969224105
450,0.3159355495315536,0.46778533131257377
451,0.31562343047658314,0.467764687319935
452,0.31523248700487916,0.46736111285158527
453,0.314836715079041,0.46723596245808846
454,0.3145533100451052,0.4672608876698576
455,0.3142404058131757,0.4670431607459241
456,0.3139946963997417,0.46687706211134944
457,0.3137337600154896,0.4667456500495644
458,0.31344701449582796,0.46671477395933236
459,0.313238834154996,0.4667187684735184
460,0.31295691263753195,0.46661688455360445
461,0.3127077775662972,0.46648895836360815
462,0.3125109080237959,0.4664515422561786
463,0.31218126279016395,0.46626210616564534
464,0.31184915861259527,0.4662193565202332
465,0.311605565104195,0.4658909924520187
466,0.31142197848434267,0.4660092847799334
467,0.3110812964077158,0.4658313435241338
468,0.3107918090196925,0.4657571432476422
469,0.31052385378472197,0.46576729890407337
470,0.31023072402039936,0.4656181911398806
471,0.30973922452084074,0.46521671308173457
472,0.3094232874391868,0.4653255104034607
473,0.30908499307693343,0.4650201541472663
474,0.30885525063241553,0.46481025370357304
475,0.30860785799907514,0.46461216189439386
476,0.30836003308676524,0.4644720903796176
477,0.30805322163618504,0.46430449790427214
478,0.30777642988322457,0.4643249429818255
479,0.3075579018863657,0.4642463935899048
480,0.3071863870769322,0.46382641515949624
481,0.3068508493343256,0.4637847731876185
482,0.3065376153217361,0.46364099094664324
483,0.30622129687696387,0.46337953343764887
484,0.3059140580386632,0.4632370369141471
485,0.3056656407825743,0.4631754772984127
486,0.3053532578167948,0.4628228536456925
487,0.3049904377630102,0.4626686004522518
488,0.3047209260418603,0.4624849524113844
489,0.30439323065957513,0.4622580603786185
490,0.30408160543803725,0.4621038446513667
491,0.30378890881209863,0.46245257928598804
492,0.3035892996985523,0.46237646860704257
493,0.3032881276186897,0.46242323896948495
494,0.3030240481785678,0.46231206276799625
495,0.3027510247879799,0.46211298712856086
496,0.3025097198244078,0.46204695571002313
497,0.3022114053800063,0.4618410385938169
498,0.30186654324952045,0.4616204778024502
499,0.301605926153821,0.46135325618660783
500,0.30127981594066794,0.46129881440871473
501,0.3010425544826354,0.4611480618305414
502,0.30080894926574175,0.46091161301739
503,0.3005779962152554,0.4609238621262763
504,0.300300071635864,0.46071450575377415
505,0.2999497756268912,0.46070064359457746
506,0.299735715455174,0.4608133972825317
507,0.29946198863476625,0.46089087778771276
508,0.29922627982533023,0.46087223917188486
509,0.2989528014262951,0.4607428315325187
510,0.29845652446944565,0.4601318954809718
511,0.2982406198504565,0.46004847873666327
512,0.2981089585803404,0.4600417873064115
513,0.2978762260505692,0.46005572098367303
514,0.29761351860196006,0.45989615215860447
515,0.29733011525321973,0.45985319119763163
516,0.29715526189813174,0.45980168806522337
517,0.2969126370100841,0.45970209786089733
518,0.2966100852598222,0.45959678914193014
519,0.29635331066685844,0.4595469232759902
520,0.29619001602494605,0.45945764728978095
521,0.2958134802230723,0.4591602344104191
522,0.2955277558752064,0.4590606681120689
523,0.2952154168477318,0.45886681302526433
524,0.2949710086956139,0.4588363728914378
525,0.2946764266862629,0.45873552039677695
526,0.2944009967140332,0.4587548929717722
527,0.2942252595410103,0.458777294450161
528,0.29399716778526014,0.45874552476561076
529,0.2938049606127021,0.4585616281089732
530,0.293467710548051,0.4583172363591221
531,0.29321740564060794,0.45813350025800853
532,0.2929119946529766,0.45796726376327546
533,0.29270928898051574,0.4579026241414187
534,0.2924012283985241,0.45758079218923875
535,0.29201013250072255,0.4571812138885307
536,0.2916813692844237,0.4567820638171331
537,0.29139044183410734,0.4566216215432615
538,0.2912181126021753,0.45651161177443716
539,0.290884682850794,0.45625517900701534
540,0.29057939975742425,0.45591702409994694
541,0.290293152399829,0.4557781593763201
542,0.2899763914618362,0.4556791143063576
543,0.2897423339927565,0.45555554953153166
544,0.2895023842066769,0.45562847443610466
545,0.2892574169627562,0.45553999926991645
546,0.2889974183550689,0.45538741194699234
547,0.28877001198970187,0.4552662260482612
548,0.28854489029942026,0.4552773358622005
549,0.2882603083419175,0.4549522755511547
550,0.28796053895403195,0.4549604034421585
551,0.2875223497601309,0.4547970301781389
552,0.28728558203613075,0.4548416064238481
553,0.2869617486086455,0.4547842995999641
554,0.28670122082759464,0.4546739584613851
555,0.2864737931636588,0.45453586703079685
556,0.2862252133351424,0.454472540707907
557,0.2859367702132013,0.454342776306984
558,0.28571804782530486,0.45444502629343964
559,0.28548360160053754,0.45439322696906465
560,0.28523812324528236,0.45416483703130467
561,0.2848784943409978,0.45396825908431143
562,0.2846159156809015,0.45368235754364145
563,0.2843889034541761,0.45365973788284486
564,0.28419197384434036,0.45361950517733113
565,0.2840144869043071,0.4536159878355121
566,0.28379274168019375,0.4537568228829656
567,0.2835813219173212,0.4536590732634916
568,0.2833232312820871,0.4535921584940576
569,0.28313854810328215,0.4536603915730562
570,0.282869324502675,0.4535099510969306
571,0.2826733637834483,0.453569095899965
572,0.2824727381586686,0.4535175527330171
573,0.2821474268499494,0.45337554171668587
574,0.2819473546069638,0.45314222947861454
575,0.28168126956152056,0.45315733951085124
576,0.28149156449960644,0.45318923996276644
577,0.2811501467744277,0.45324277602203467
578,0.2808467904890475,0.4531202528610831
579,0.280557926628345,0.45297098608526054
580,0.2803692831071087,0.4529783395848618
581,0.2801191129020338,0.45270081294504183
582,0.279895042697916,0.45278103097541955
583,0.27963770842909663,0.4525571867076307
584,0.27928517939409603,0.4522808655431088
585,0.2790190732278125,0.4522382964644111
586,0.2787299274730256,0.45229093510731216
587,0.27843717402213225,0.4521683379868922
588,0.2782619913905411,0.4519285326753322
589,0.27795514833185947,0.4518039217336978
590,0.27767395456015326,0.45177617539818143
591,0.27745728918735607,0.4518720338015642
592,0.27723649528527317,0.45179412059258706
593,0.2769428132091984,0.4517939612046692
594,0.2766835213235655,0.45177138829577296
595,0.2764825700670727,0.4517601895055659
596,0.27623954813125134,0.4516702183707055
597,0.2760212544927214,0.45167611703214966
598,0.27575246833413136,0.4514636303414415
599,0.2755742365363472,0.4514697147229971
600,0.27537538580344084,0.4514245926909438
601,0.2751442492832418,0.4513688682497247
602,0.274932077026001,0.4513194045985189
603,0.274692779469795,0.4511139073347943
604,0.2744223277640761,0.451101250500493
605,0.27424989180427833,0.4510737619818712
606,0.27401452682640953,0.45098975018787313
607,0.2736551955801606,0.45052163046996174
608,0.27342860695888216,0.45024717973562794
609,0.2732378961684578,0.4501879218196938
610,0.2730908562839992,0.45016394625704326
611,0.2729176688871797,0.4500992904944768
612,0.2726516960749069,0.45004597483304104
613,0.2723647335659327,0.4498602336151296
614,0.27215933219198896,0.4496889790903992
615,0.27189612326277984,0.4494234956839161
616,0.271698951867108,0.4494368245876106
617,0.2715109905193883,0.44936720091470383
618,0.27132734305144146,0.4492845937896024
619,0.271011960424735,0.44927230241696947
620,0.27077805687507484,0.4492393393668637
621,0.2706131134097186,0.44912368763829824
622,0.2704397759971044,0.4490092197418711
623,0.27022423744346863,0.4487917906890274
624,0.2700406828423642,0.44868132569007774
625,0.26981418843450583,0.44867991580804273
626,0.26956727452597506,0.4486001529821649
627,0.26934127048883993,0.44863161675419233
628,0.26915340302793106,0.4485138142428876
629,0.26890804789678274,0.44843450633334325
630,0.2686835836697396,0.4483467910046872
631,0.2684769665401111,0.44824849095030944
632,0.2681835551509396,0.44798984381415846
633,0.2679341427842935,0.4477884792871778
634,0.2677163077208549,0.4477021978391686
635,0.26748353600223257,0.44752291449886183
636,0.26730887933854547,0.4476512881897634
637,0.26712622688297405,0.44764047471300145
638,0.2669169786859307,0.44768180810914054
639,0.26677425729660587,0.4476083417357607
640,0.2665623698176144,0.44757035922641814
641,0.2663724484599393,0.4474000698869312
642,0.26623068108375836,0.4474620348101952
643,0.26603082794909966,0.4473303634681675
644,0.265768955107253,0.4472724806913703
645,0.26548419610706864,0.44718053024337223
646,0.26525848812950276,0.44698763959204796
647,0.26501563864088035,0.44693315177547505
648,0.26482314170628407,0.44689148854711025
649,0.2646525726164496,0.4469469024708959
650,0.26442951368252116,0.44691137039467776
651,0.26420516761111673,0.44701227812329114
652,0.26404244039106517,0.446967696675239
653,0.2638900723824835,0.4468924319221339
654,0.2637516163215776,0.44688756515721567
655,0.2635344065731239,0.4468442844321963
656,0.26324026779956594,0.4465250764462934
657,0.26303996825786014,0.44651272153363536
658,0.2628107230743429,0.44649126100849795
659,0.26263744483472246,0.44661457054167725
660,0.26245346003263215,0.44661334933998686
661,0.2621186460294662,0.4463175320120728
662,0.26189126710959126,0.4462124808973012
663,0.2616745438287707,0.44604082707770953
664,0.2615015133704877,0.44595955871010173
665,0.2613498762328107,0.44594159293805824
666,0.2611508137447908,0.44586752246380035
667,0.260917840210734,0.4457739651207051
668,0.2607542556163018,0.44573654090795267
669,0.26053102671449024,0.44579052096905114
670,0.2602984941774221,0.4455541660931372
671,0.2600265397886479,0.4455279797752572
672,0.25982171471999355,0.445388496303081
673,0.2596477470437211,0.44531545978165626
674,0.2592224476053198,0.4451647150280462
675,0.2589921211321514,0.44484600708380717
676,0.2587844358979395,0.4449006473207617
677,0.25866387976133354,0.44484425105286746
678,0.2585339106567941,0.44477750425599516
679,0.25832393796525854,0.44460333323540624
680,0.2580583212203092,0.44428451055548907
681,0.2578627841840725,0.4441860123733891
682,0.2577169019569419,0.4441464748767087
683,0.25747168454247854,0.4440165241277006
684,0.2572846336770287,0.44392706775440854
685,0.2571376526714974,0.44381232190779313
686,0.25700667315022147,0.4436737045911971
687,0.2568309174952761,0.4436402311452213
688,0.2566254644467793,0.44361717215017427
689,0.2564412985352712,0.44335881455982873
690,0.25620275013178456,0.4432873575566934
691,0.25599919468804916,0.44325401417490407
692,0.2558255904465276,0.44315945491272213
693,0.25563898826007986,0.4431870722304422
694,0.25545496891595876,0.4432451459194389
695,0.25528412008763257,0.4432952891382794
696,0.2551135861167001,0.4432516286544092
697,0.25491206954357387,0.4431083169771754
698,0.2547197241327584,0.44295598037040534
699,0.2545334496620541,0.4429717822868834
700,0.2543502675915502,0.44297358101421985
701,0.25422142705686385,0.44297289751476776
702,0.254019928513711,0.4430947078506343
703,0.2538624488277179,0.4429372991235631
704,0.2536997828220061,0.4428954333265165
705,0.2534414008461807,0.4427541248329881
706,0.25330994452673194,0.4427864145670901
707,0.25312227169012746,0.44270011796547437
708,0.25293986298372984,0.4427093759343449
709,0.25271539559922807,0.4426032699091529
710,0.25252310682479134,0.4426277133236962
711,0.25230269251459037,0.44254245868904984
712,0.2520872447031117,0.4424878352832808
713,0.25191594012254886,0.44245478746289785
714,0.2517183542115006,0.4423435094367777
715,0.25150846091143597,0.44234343852363733
716,0.2513394924405123,0.4421135763987073
717,0.2511039664470093,0.4418078179789454
718,0.25090894365278626,0.44175327835839917
719,0.25075917076013,0.44170553731001005
720,0.2505390000227655,0.44176340007811155
721,0.25037468989527634,0.4417208699495244
722,0.2501701863745587,0.4416603805444523
723,0.24996096647018679,0.44149439870300006
724,0.24980331810197942,0.4413842286658606
725,0.24963867094767167,0.44145063099506066
726,0.24947410805615464,0.44145624687991897
727,0.24928871075538497,0.44121247217574705
728,0.2490083066543987,0.44094121814471404
729,0.248849745602837,0.44088029113961785
730,0.24865687748915724,0.44082707440589813
731,0.2484340123029201,0.4407321232833962
732,0.24829954484862155,0.440624963668582
733,0.24807494980023115,0.44050505074972457
734,0.24790251098111543,0.4404792282480069
735,0.24771471398007436,0.44040299300438057
736,0.24753079356822116,0.4404486416351845
737,0.24741804443141172,0.44044192345432764
738,0.24717746200718332,0.4403962880693523
739,0.24697935856504058,0.4404053506826277
740,0.24672952058505518,0.44029335165003464
741,0.2465327551209386,0.440367879321738
742,0.2463542823031134,0.4403560662545639
743,0.24610925871295247,0.44027060826669845
744,0.24588684449840711,0.4402285172647899
745,0.24573927347092764,0.4402407504909933
746,0.24560708780328572,0.4402673575328296
747,0.2454858772411819,0.4401683268887784
748,0.24526892375445616,0.4400502429555182
749,0.24506478115322528,0.4399216711925701
750,0.24494591144815378,0.44006195003278803
751,0.24478398931730114,0.44014034687638576
752,0.24463472459930427,0.44026039196412803
753,0.2444711528477763,0.4401756491532225
754,0.2442987030328861,0.4402715363276844
755,0.24410327466979745,0.4401749618737213
756,0.2439125599689929,0.4401576975685045
757,0.24372096550186714,0.4401206053619997
758,0.24351528643385006,0.4399892506989499
759,0.2433657589749864,0.43996079140397415
760,0.24319312344040914,0.43987230397564636
761,0.24304515232367524,0.43984037453602665
762,0.2428252320840864,0.4398300479835211
763,0.24267466566453516,0.4396967876666929
764,0.2425097924007867,0.4394964645544822
765,0.24234480776961595,0.4395584603397861
766,0.24215031847976154,0.4394234967061214
767,0.24195878115005195,0.43947628829437796
768,0.24180777204742365,0.4394765791464495
769,0.24162683760499992,0.43954066073964354
770,0.24149640927330748,0.439423587821788
771,0.2413324892909742,0.4393325961632727
772,0.24112070125352034,0.439136254857578
773,0.24100390450520062,0.43912525111670603
774,0.24086896683675646,0.43915265881219817
775,0.24068349640874456,0.4393457565297259
776,0.24054489190130313,0.4392537474195429
777,0.24039508308380073,0.43919253191420915
778,0.24016393816781778,0.4391182137252308
779,0.2399051600029891,0.43893234208726983
780,0.23975085923799852,0.4389025188153866
781,0.23955208771708983,0.43881235804871666
782,0.23940023196911303,0.4386697248804345
783,0.2392471877320551,0.43881483166136664
784,0.23910659453853522,0.4387832340608951
785,0.2389625685297567,0.43892468326609024
786,0.2388147912697783,0.43886789101214085
787,0.2386698996729192,0.4388812967450352
788,0.23846527969307713,0.4388066853036448
789,0.23825563484115536,0.4386895273799608
790,0.23810777427158641,0.43872082718858246
791,0.2379143882135284,0.4385456063543526
792,0.2377224784278014,0.43837730065902825
793,0.23755042868067658,0.4383352667716927
794,0.23738417717031746,0.43841977094280987
795,0.2372097370664576,0.4384564410986387
796,0.23701963651871674,0.4383720711947765
797,0.23687832719755703,0.43816005481063225
798,0.23667416820560108,0.4381351002264049
799,0.23651388736604545,0.4382063233066557
800,0.2363602479875277,0.43811163156259486
801,0.23621035617051456,0.43794650182437306
802,0.236091297439847,0.437846919804582
803,0.23593693163648446,0.4376723964099272
804,0.23576685170185668,0.4374016127652798
805,0.23561936196148975,0.43725550622882425
806,0.235484666127386,0.437293798845267
807,0.23527495790364383,0.43725045113641897
808,0.23510525592744907,0.4372441253321885
809,0.2349644455446149,0.437354578065999
810,0.23480703072595274,0.43726669551251274
811,0.23464683534243125,0.4372527910264788
812,0.23452910586364495,0.43710080237356425
813,0.23439939559799908,0.4371330421652327
814,0.2341825166334191,0.4369959890503366
815,0.23400086747005766,0.4369328547022892
816,0.23388348594172656,0.43692741178038874
817,0.23373444316582184,0.43698821526490905
818,0.2335626722135388,0.4368914568423642
819,0.23344449598770908,0.43689112873984254
820,0.23330174985030305,0.4367331126684981
821,0.2331253252753155,0.4366797970208864
822,0.23292707575410043,0.4365693209238074
823,0.2327375669147286,0.4365957605452024
824,0.23256030911294195,0.4364314454619811
825,0.23238876609144218,0.436545173893337
826,0.2322214724460183,0.4364829729101943
827,0.232044368035776,0.436428334259927
828,0.2319050665775039,0.43654457184244
829,0.23177580613944188,0.43652263754687193
830,0.23157887347584416,0.4363621965604712
831,0.2314838796730817,0.4364397689376318
832,0.23136036689926748,0.4364726699654551
833,0.23117623073372306,0.43614741776662314
834,0.23103101298279655,0.43600671917393613
835,0.23081043784886632,0.43585024251054355
836,0.23062422422651332,0.4358214270004109
837,0.23051181881232138,0.4357062324466185
838,0.23034656065948472,0.4357078249264792
839,0.2301713101763189,0.4357436973045449
840,0.23005519829707305,0.4358105867495828
841,0.2299358009356254,0.4357733846687921
842,0.22973587811447646,0.4357966511699754
843,0.22959161517428076,0.43588298293895184
844,0.22940112640483842,0.4358991349152032
845,0.22925336770212196,0.4358798583429521
846,0.22912107209264643,0.4358725257700053
847,0.22897746225200521,0.4357163909073295
848,0.22880736022895323,0.4355660008694056
849,0.228536523840744,0.43519245641039594
850,0.22840290161045146,0.4351316012653334
851,0.2282208398419558,0.434991403496254
852,0.22807102232904386,0.4348951000241146
853,0.22791973045682284,0.4348718353029986
854,0.2277721551297742,0.43494264074460287
855,0.22766172623939082,0.43488050017232843
856,0.22749636580609692,0.43482138793310254
857,0.2272902765177466,0.43471104224804097
858,0.22710446477918755,0.434556749270262
859,0.22692399583371245,0.4345371444688165
860,0.2267298773849974,0.4343368827856524
861,0.22655208281836106,0.434253461498421
862,0.22640911855906545,0.4343365083547176
863,0.226280047869097,0.4342372367933162
864,0.22614665189423405,0.43416714801791845
865,0.22602647880871407,0.43414623564688126
866,0.22585137951020404,0.4339319389954308
867,0.22566104942137635,0.4338202516966901
868,0.22548058369494753,0.43375563741451834
869,0.22538864043046433,0.43363891422509654
870,0.22522472508645153,0.4336491644201913
871,0.2249615346696409,0.4335677216343948
872,0.22476539529391348,0.43359087553047015
873,0.22456723981903184,0.43351241669208473
874,0.224423272631805,0.4334543258038098
875,0.22432775154580195,0.4334699643741506
876,0.22420235822832152,0.43340259632425376
877,0.2239445184044684,0.4333043408576167
878,0.2237867055746764,0.43328869416223825
879,0.22364520987315192,0.43326806642372967
880,0.22347935514406544,0.4331248755838471
881,0.22330116707730538,0.43320024207387564
882,0.22314672040530642,0.4331029455806782
883,0.2230475537886377,0.433072416744267
884,0.2228961530132643,0.4329652457442073
885,0.22273778158837462,0.4329630810087722
886,0.22262577946817536,0.43287410198366705
887,0.22245690961337275,0.43293621606177957
888,0.22232325478088685,0.43290926757331
889,0.22218358641884342,0.43285665565910075
890,0.22204660895955405,0.4327335709477044
891,0.22190898856728178,0.4328704199338171
892,0.22176811016132442,0.4328756811291935
893,0.22158977421631829,0.4326573379329597
894,0.22148177819950365,0.432601679784606
895,0.22136513595035204,0.43253963023234415
896,0.22122740389211795,0.4324662569986735
897,0.22110430457946717,0.432395161437597
898,0.22092623829942049,0.43226360122264074
899,0.22076659272196417,0.432279304484499
900,0.22063370375538474,0.4323037616085724
901,0.22050930801479465,0.4321858204314895
902,0.220409013257321,0.43218658895844553
903,0.22028334672656988,0.43228199435638986
904,0.22017625425826667,0.4322803615869702
905,0.22004316370940852,0.4320956200098926
906,0.21992419046071254,0.4322461429093876
907,0.21971754250717115,0.43222362616117954
908,0.21957601052190032,0.4323094919796849
909,0.21938097428036146,0.43239253975598574
910,0.2192100526771024,0.43238580737867466
911,0.21910562727011113,0.4322965516055303
912,0.2189574757213057,0.43217876088640156
913,0.21881225072947444,0.4320261098214498
914,0.21865708063665712,0.43204530643718775
915,0.2185585326728927,0.4320673419534886
916,0.2184114639519005,0.43202849148546807
917,0.21823708618725812,0.43210823631930156
918,0.21808118998202866,0.43207489336119853
919,0.21792990878455298,0.431979596190393
920,0.21779725456027552,0.431875503247825
921,0.21759660768110392,0.43176544234865627
922,0.21747255390975212,0.431686214701088
923,0.21732445324398572,0.43155852812822876
924,0.2171598108106735,0.4315108161081014
925,0.21699637543822473,0.4314397618719605
926,0.21685030969587837,0.4313619101106972
927,0.2167389866093346,0.43145168777664794
928,0.21659077753718295,0.43159271039074076
929,0.21645434741232603,0.43160190186118474
930,0.21632274071515883,0.43165393126441404
931,0.21619834809374444,0.4316199429473676
932,0.2160190308508414,0.4315644646814812
933,0.21587823667584982,0.43133573391787194
934,0.2157023425215458,0.4311775263970186
935,0.21556436015503957,0.43111432328203275
936,0.21544421229592936,0.43111493242452553
937,0.2152754803227787,0.430920303381517
938,0.21511772330321494,0.4309177054165711
939,0.21500155840783228,0.43094497862200226
940,0.2148829654311131,0.4308959017674999
941,0.21478153311164813,0.430816994666037
942,0.21465048353872854,0.4307726947457725
943,0.21453558932963612,0.4306440733997815
944,0.21442049196433502,0.43056886475655837
945,0.21428959903644224,0.43046315699908866
946,0.2141289269048592,0.43048423950522197
947,0.21397648061431399,0.43042473429799066
948,0.21381015979078433,0.43033369538711336
949,0.2137131232761593,0.43025316648616113
950,0.2135947751319835,0.4303761234412623
951,0.2134710610508174,0.4303333981520254
952,0.2133435791688796,0.4303246199253068
953,0.21320618928231275,0.43026017885208107
954,0.21309463551490843,0.4301097249041735
955,0.2129786053612094,0.4300742321047039
956,0.21280093319358911,0.43002393768800296
957,0.21266079258742462,0.4299626070768957
958,0.2125155167940534,0.4298870094629138
959,0.2123738872181462,0.4298178545180819
960,0.2122408229148256,0.429775502315704
961,0.21214820413487184,0.4296788957384847
962,0.2120275649125487,0.4295812042842303
963,0.21185796131292767,0.4295958261255692
964,0.21172024279111962,0.42963531735969335
965,0.21161102219524427,0.4296467103653143
966,0.21149311775617793,0.42958716208069386
967,0.2113635685750015,0.4294851181694007
968,0.21119122948104463,0.42918046554919326
969,0.21105715154222882,0.42915285458806934
970,0.21091197705832854,0.42923002990926495
971,0.210798052246377,0.42916438031087545
972,0.21065862855818962,0.4291726930282113
973,0.21051927974995735,0.4291764245569215
974,0.21037962100981975,0.42907946845490086
975,0.21023287168424967,0.429026257609028
976,0.21009565733489316,0.4289875470169384
977,0.21000022552746567,0.42892662871176357
978,0.20988122052421573,0.4288595032182508
979,0.20974701756777406,0.4288775823960833
980,0.20960155973130162,0.4287912552925547
981,0.20940594810573226,0.42885753418911093
982,0.20928492559536907,0.42892223574330696
983,0.20915022065861083,0.4289389834919759
984,0.2090275219886677,0.42882411897655015
985,0.20891340581832088,0.4288346589558966
986,0.20876762854359923,0.4287160527285319
987,0.20865282072569838,0.4286926483567643
988,0.20853037798868596,0.42872093944084
989,0.20837401526290994,0.4285823626001028
990,0.20827789411360395,0.4285240831334684
991,0.20817034494268177,0.42847125464147556
992,0.20803179160518376,0.4284856696894928
993,0.20784395984199083,0.42823014690037264
994,0.20772025803050118,0.42822380151464035
995,0.20759292852118544,0.428151533457774
996,0.20747029740580777,0.42804264895489885
997,0.20731589824901056,0.4280841024428793
998,0.2071924072097944,0.42805702801349055
999,0.20706467178721158,0.4279899069780825
1000,0.20693323026021399,0.4278650126380055
1001,0.20677590065064047,0.4277096578035969
1002,0.20664045081394353,0.42766239178284116
1003,0.20654367643792218,0.4276601126453103
1004,0.20644831598360283,0.42769612011909686
1005,0.20630887940621612,0.4278700983998777
1006,0.20613193337998514,0.4275904526945926
1007,0.20600664502159294,0.4275961119239282
1008,0.20589453512101302,0.42746849355664557
1009,0.2057731630801544,0.4274752715685862
1010,0.205641842078515,0.42739306089278833
1011,0.2055013973961184,0.42738883720508675
1012,0.20537008766824572,0.4273196258035483
1013,0.20523397361313045,0.42735562522424614
1014,0.20513743820260885,0.4273757612900399
1015,0.20501510980781038,0.4273170599846041
1016,0.20490188224677722,0.42730660170191953
1017,0.20473723929784055,0.4271706937709988
1018,0.20457066993576267,0.4271960215788667
1019,0.2044317432872171,0.42710532351783387
1020,0.20431243023610382,0.4271519052188121
1021,0.20418470531330798,0.4270995433031504
1022,0.20407036464165285,0.4270893286436677
1023,0.2039574731552244,0.4269736865073273
1024,0.20379798897650872,0.4268534997454097
1025,0.2036710118315165,0.4270227918809522
1026,0.20355312330073766,0.4270219858196662
1027,0.20345313034155443,0.4270132423179559
1028,0.20334910102125472,0.42707410447009425
1029,0.2032031514051254,0.42692827709977144
1030,0.2030884554872462,0.4269687799220395
1031,0.2029533096923418,0.42696272331648377
1032,0.20281688002181664,0.42697662786824
1033,0.2027102937991153,0.4270714259125295
1034,0.20262603100155457,0.4269560971924515
1035,0.20250846933344657,0.42685926019183285
1036,0.20238351656644935,0.42668007203010067
1037,0.2022913198153144,0.4267775628170077
1038,0.20212460365574722,0.42672694651337034
1039,0.20198856651050665,0.42669106600820955
1040,0.2018787652962078,0.42664317574371136
1041,0.20177368355212966,0.4266708045056838
1042,0.20168975642184586,0.4265829228021093
1043,0.2015212742779976,0.42646057675589866
1044,0.20142094657256218,0.4264694961597052
1045,0.20131482918677074,0.42651766351136167
1046,0.2011455298104319,0.42647214012882384
1047,0.20104325184274013,0.4264549930044796
1048,0.20089824465582454,0.4263340142867265
1049,0.20076913786875303,0.42637563555678404
1050,0.20066326398417497,0.42634972779925717
1051,0.20050869660900678,0.42630789152126297
1052,0.2003986852429735,0.42635946672958064
1053,0.20028549924895164,0.426380901650679
1054,0.20015674296355782,0.42644802432769446
1055,0.20002613457301183,0.4265143750774934
1056,0.19988799643273863,0.42646488893848056
1057,0.1996868678261844,0.42618213703726165
1058,0.19956872058475747,0.42616822548646366
1059,0.19943919687216344,0.4261297943610771
1060,0.19930786032476508,0.42611953446557116
1061,0.19916549861966548,0.42613537038700877
1062,0.19906022918050928,0.42616501873066814
1063,0.1989533410796508,0.42608286859424727
1064,0.1988311429373893,0.4259864215043202
1065,0.19870257365191232,0.42599414237019634
1066,0.19860401387991664,0.42588327499424733
1067,0.19851029373177467,0.4258951403285831
1068,0.1984220365120482,0.42583552911143163
1069,0.1983117920587598,0.4257631862513237
1070,0.1982057572133455,0.4257868285153328
1071,0.1981165835674204,0.4257847923564107
1072,0.19798959171176592,0.42582025435022713
1073,0.1978854814864593,0.4257132805875062
1074,0.19773647239912764,0.4256226463724465
1075,0.19762592792938766,0.42557839511854145
1076,0.19748941589771485,0.42553047741214095
1077,0.19734254796253414,0.42549177043926073
1078,0.19721827003662415,0.4254357989969627
1079,0.19708807284415902,0.42519546166694683
1080,0.19699713215685363,0.425243048587461
1081,0.19689059938171738,0.42506386210035957
1082,0.19677157404684487,0.4251103582177596
1083,0.19666748466515557,0.42497938406857705
1084,0.19656618265616815,0.42512402072337757
1085,0.19645251120183968,0.42506663141848533
1086,0.19634004705481203,0.4250155374367602
1087,0.1962059076036733,0.4249806434223164
1088,0.1961060899530302,0.4249461799814913
1089,0.19600783950818407,0.42493269277755696
1090,0.1958983058711377,0.4249479033421166
1091,0.19578256348131426,0.425007867096538
1092,0.19568242311742068,0.42494654484462524
1093,0.19558515910511454,0.42498579576546675
1094,0.1954850161255853,0.42498245735394075
1095,0.19538301753044876,0.42503609414299137
1096,0.1952869663976611,0.4250172522981661
1097,0.1951846668428027,0.42485843009132107
1098,0.19505567231613713,0.42485481788503926
1099,0.19496589167433703,0.42481316127849106
1100,0.19484938175855576,0.42467336821842394
1101,0.19475122848448137,0.4246751968054606
1102,0.19463889303776272,0.4246376204834172
1103,0.1945417438938464,0.42467707689875395
1104,0.19443697529555737,0.4245547738894931
1105,0.1943455524532602,0.4245894158688227
1106,0.19423980997057505,0.42450043855861797
1107,0.19411236003229795,0.424392347297472
1108,0.19401814001068146,0.42431357124690716
1109,0.19392110871905857,0.4242679214075984
1110,0.19383285328169086,0.4240958724256126
1111,0.19369423455883564,0.4240838646755088
1112,0.19359795187619375,0.42390523681194625
1113,0.19346876402903493,0.4239133793538167
1114,0.19335855244849837,0.42376757890325417
1115,0.19325811509072768,0.42376478696917025
1116,0.19316481934433538,0.4237237779291851
1117,0.19303557065420693,0.42368693675183844
1118,0.19295129736182862,0.4236806211078024
1119,0.19284543220773018,0.4237248487939031
1120,0.19275342518771219,0.4237097399853925
1121,0.19264818767425884,0.42357175254617924
1122,0.19255339042703462,0.42351528055133336
1123,0.1923970696442184,0.4235467531791983
1124,0.1923096778268988,0.4235383535972755
1125,0.1922325446149887,0.4234714022044226
1126,0.19212878844799122,0.42352397182269935
1127,0.19198679392832066,0.4234998424580475
1128,0.19187852604926578,0.4235482926526109
1129,0.19177369670585423,0.4236199620693304
1130,0.19165142178274525,0.4236673893795772
1131,0.19153883307378186,0.42362063435503156
1132,0.191436582365285,0.42358732486527867
1133,0.19136354760619492,0.42359695784492735
1134,0.19127400691937196,0.42360980248023594
1135,0.19118207431679674,0.42367729681655386
1136,0.1910632169401101,0.4236612382503835
1137,0.19094106736072403,0.4237402146845401
1138,0.1908535331136163,0.4238627645020198
1139,0.19073602612632995,0.42394299851467554
1140,0.1906536925996349,0.4239191515499279
1141,0.19054960238303995,0.4240155429864047
1142,0.19046628502300497,0.42405873961529245
1143,0.1903437055714952,0.4240147808244323
1144,0.1902235988617785,0.4239566015867589
1145,0.19011053139982254,0.42384431170722875
1146,0.19001588440538492,0.423801715538745
1147,0.18989800389993883,0.4236503818034844
1148,0.18976902749090913,0.42375291145708355
1149,0.18968661236070236,0.4236913794359899
1150,0.1896093804976774,0.4237018912635794
1151,0.18953305204146353,0.42363765605864095
1152,0.1894331468915183,0.4236469093257269
1153,0.18930604705917156,0.42354120873187945
1154,0.18921838897170715,0.4236290514487525
1155,0.1891301697934934,0.4236494688260116
1156,0.18903973590447432,0.4235743343813718
1157,0.18892236738978235,0.423573006253636
1158,0.18882833522987494,0.42363307823889423
1159,0.18871090647564803,0.42355899567844646
1160,0.18857772866289188,0.4235601277394509
1161,0.18843731779080383,0.4233734340400312
1162,0.18834126066703702,0.42325922049282966
1163,0.18826071207430486,0.4232206712308738
1164,0.18817060174508607,0.42317752792478286
1165,0.1880907563353514,0.4231146127033744
1166,0.18799577526286174,0.4231251160788377
1167,0.1879035542064189,0.42325390444089045
1168,0.18778961624246804,0.4232038437434571
1169,0.18769314035998533,0.42312467092632183
1170,0.187581822227169,0.4230940898043544
1171,0.18750401179425807,0.4229987373363338
1172,0.18738581514573036,0.42307662282303016
1173,0.18728020393411718,0.4231109223755079
1174,0.18717241048637207,0.4231433322066937
1175,0.1870991697479094,0.4231064399256908
1176,0.18699977859353997,0.423163822962073
1177,0.18687391701235703,0.4232122927386513
1178,0.18677719972745238,0.42317923986056805
1179,0.1866760514864001,0.4231762463038924
1180,0.186576645878834,0.42307689024393125
1181,0.1864842321500576,0.4230139360760434
1182,0.18637613988903867,0.4229995951304961
1183,0.18624433914136884,0.4228526801297836
1184,0.18617513942748498,0.4229382944929961
1185,0.18609267419012948,0.4228787685267289
1186,0.18598547255386247,0.4228663776040316
1187,0.1858792079415314,0.4229011658662182
1188,0.1857754971484344,0.4229660124912445
1189,0.18563662257186145,0.4228970501422195
1190,0.1855577250748751,0.4229327701688729
1191,0.185446978272373,0.42279596830493393
1192,0.185300327661793,0.4227208771518599
1193,0.18519710696295416,0.42279811440904647
1194,0.1850850777884472,0.4227102415477245
1195,0.18499097803674175,0.4226188852984896
1196,0.18485545028820505,0.4224981460006862
1197,0.1847715924798697,0.4224953024959093
1198,0.18469602254442427,0.4224960966807354
1199,0.1845865215122377,0.4224874159469376
1200,0.18447951601408372,0.42246802557909885
1201,0.18436238819769424,0.42245569666817073
1202,0.1842878165435546,0.4223987230601231
1203,0.18418518445655105,0.42228335671431877
1204,0.1840975998737822,0.422271941628411
1205,0.18403413397860294,0.4222510003661624
1206,0.1839471369293292,0.42232987401132577
1207,0.18385493314891257,0.4222623094205685
1208,0.1837648710777274,0.4222742536743348
1209,0.18368104386804224,0.4222831667615838
1210,0.1835916443884841,0.4222139345642468
1211,0.1834981310719022,0.42213265490383217
1212,0.18338660885450164,0.42209737350180493
1213,0.18326826536276344,0.4220644064862632
1214,0.1832034249957097,0.42216735566579316
1215,0.183095312937519,0.4222599671843526
1216,0.18299869271567035,0.42226440566924245
1217,0.18289870981751274,0.42212441884868823
1218,0.18281678312232966,0.42210964178751526
1219,0.18275635210353924,0.422173068869693
1220,0.1826566744576846,0.4221174996934436
1221,0.18254767634720578,0.42202919735087363
1222,0.1824620868914193,0.42200075659035097
1223,0.182378406846652,0.4219494680953223
1224,0.18228268244924978,0.4218502239117027
1225,0.1822005117424634,0.4217942658553211
1226,0.182119201346609,0.42177029373588876
1227,0.1820021754863283,0.42179189449533294
1228,0.1819038796615265,0.4217460268524816
1229,0.1817862281576736,0.42173585520617324
1230,0.18167386849685646,0.4216713291549172
1231,0.1815924603837008,0.4217170632712508
1232,0.1815099370048459,0.4216353849983237
1233,0.18142558608184292,0.42173175704640414
1234,0.1813343651519784,0.42175512124741255
1235,0.18124506848017796,0.42168685811239026
1236,0.1811332482285433,0.421711565281752
1237,0.18106795478952348,0.4216994866960979
1238,0.18097621833926616,0.42171593328141127
1239,0.18087961898444735,0.42172641954447676
1240,0.1807434258599013,0.4218051807750684
1241,0.1806399335137473,0.4218341604044723
1242,0.18052030341506708,0.4217063722674605
1243,0.18044780041123074,0.42164402286502045
1244,0.1803768157158789,0.42162454170256036
1245,0.1802970275290833,0.4216880888417609
1246,0.18018938734070417,0.4215973047322572
1247,0.18007956673075948,0.4216156119280269
1248,0.17997527486857043,0.4215474045960786
1249,0.1798787626179258,0.42155574294490744
1250,0.17978248796340707,0.4214146914173937
1251,0.17966024106001877,0.42151396010119574
1252,0.17953195102874422,0.4214556973872806
1253,0.17943404200294086,0.4214079597706947
1254,0.17933484141495315,0.4214343828219183
1255,0.17925304825700905,0.42143791673509534
1256,0.1791718945424781,0.42141289439102675
1257,0.17908884478899198,0.4214136815137654
1258,0.17901029085447714,0.4214166433636174
1259,0.17891916554665474,0.42129999946386953
1260,0.17882964588293807,0.4212121575564376
1261,0.178679308021728,0.42123572390558534
1262,0.17858649704198898,0.4212295360185212
1263,0.17850847225991143,0.4211906436980242
1264,0.178417960994194,0.42121177305857777
1265,0.17828607882917136,0.4211459340004804
1266,0.1781989937366678,0.4211221719670483
1267,0.17806348492743765,0.4211437335183103
1268,0.17799068770932935,0.4210947805118163
1269,0.1778983430623571,0.4211612882342981
1270,0.17783091512597574,0.42120057150207596
1271,0.17772823387550937,0.42108970870057166
1272,0.17763574809469396,0.42100678382224477
1273,0.17755915853538742,0.4210076935934496
1274,0.1774659194878674,0.4209647765879595
1275,0.17737744236839595,0.4209426445922807
1276,0.17727780421779854,0.4209083278534858
1277,0.17718613153045443,0.4209429428449053
1278,0.17709636473181736,0.4209742577740083
1279,0.17700922646135892,0.420980081926586
1280,0.1769194682071176,0.4209290671844444
1281,0.17684069107106296,0.4209581317170337
1282,0.17672812409066532,0.4209552985146504
1283,0.17664253948551542,0.42098871476410943
1284,0.17656449684174585,0.4210391488969483
1285,0.1764774190381415,0.42106265556314965
1286,0.17640629385216017,0.42114592235349146
1287,0.17631907661650467,0.4210803590892059
1288,0.17623347769777695,0.4210804922737411
1289,0.17610585250814298,0.42093567251922476
1290,0.176026409165618,0.42092912541826505
1291,0.17592678078707644,0.4208472066104002
1292,0.1758368821657625,0.42083020782082997
1293,0.17573254095314556,0.4207936930790122
1294,0.17564601081927098,0.4207480390014242
1295,0.17556676407568655,0.4207555347385097
1296,0.17545517740393285,0.42065364751759243
1297,0.17536426368369493,0.4206449668612482
1298,0.17528784937947173,0.4206544781185155
1299,0.17523184134584968,0.4206236126739998
1300,0.17516529528885208,0.4205844890192184
1301,0.17508589089642898,0.4207005531259827
1302,0.174995716839867,0.4206787668033508
1303,0.17490478187061764,0.42050365532761386
1304,0.1748219687622156,0.42056020740718647
1305,0.17475612820747277,0.4205887448835246
1306,0.1746678019611191,0.4205320672594916
1307,0.17459369006348255,0.4204350047905864
1308,0.17452774597311768,0.42050284877080885
1309,0.17445135747500828,0.42038626490499226
1310,0.1743568662258433,0.42044844344122967
1311,0.17427168872359475,0.4204047045998874
1312,0.17414640627203778,0.420369056467163
1313,0.17406016792628495,0.42031426492817764
1314,0.17398841228100442,0.4203353776307212
1315,0.1739113330266483,0.42030176580620393
1316,0.17380331776240196,0.42035517218832963
1317,0.17371668122616502,0.42044550721916807
1318,0.1736234983051752,0.42038200931375475
1319,0.17352370534982434,0.42030515328345425
1320,0.17342240072266807,0.42034863266426165
1321,0.17329305279330268,0.4203550966981477
1322,0.17321274812934495,0.42030853551694475
1323,0.17313761381068424,0.42021739625019505
1324,0.1730519247057701,0.42015533645161646
1325,0.17295993958285047,0.42010130784315347
1326,0.17286273199295168,0.41996413073835237
1327,0.1727402641612823,0.41989281339668794
1328,0.17265931787598196,0.419943842379995
1329,0.17257555995344925,0.4199683236628662
1330,0.17251001739989252,0.41994248778465265
1331,0.1724279539958775,0.4197878972076072
1332,0.1723360399738056,0.41958036670814897
1333,0.17226287072612573,0.41961078990079204
1334,0.1721618610526051,0.4194770815530435
1335,0.17205242673749185,0.4194296370225176
1336,0.1719292247935456,0.41946759116186483
1337,0.17184805613402487,0.4193670138766976
1338,0.17175086341574822,0.4194772912785977
1339,0.17169067210636932,0.41937707961979076
1340,0.17159950390213674,0.41930189217640246
1341,0.17151328574000635,0.4192476213898217
1342,0.17141064401435224,0.41921393525358625
1343,0.17132410484353885,0.4192543743320533
1344,0.17122684431979973,0.419172903194178
1345,0.1711126671839084,0.4191275184704129
1346,0.17105198918793663,0.4191962537130237
1347,0.17098915660000882,0.41923277494927264
1348,0.1708916848863819,0.4191700295891289
1349,0.17081055707419446,0.419148168619134
1350,0.17068719113612119,0.4190563361130272
1351,0.17062035592664385,0.41910746524248993
1352,0.17051510130419895,0.4191758021045505
1353,0.17044732776807095,0.41929191168880997
1354,0.17035591445582166,0.41921583649682226
1355,0.17024715831554751,0.4190716280948508
1356,0.17016580134474546,0.4190520920598068
1357,0.17010108087786788,0.41901232988521186
1358,0.17004540171513105,0.4188769960719967
1359,0.1699661703797366,0.4188869566389107
1360,0.16987320831876124,0.4189654797911577
1361,0.16979175122795623,0.4189178867433655
1362,0.1696736356536347,0.41875568428167564
1363,0.16959218386769295,0.4187102060795957
1364,0.16950805654095805,0.41861506500744083
1365,0.16942174233765053,0.41852651122719936
1366,0.16936135739312488,0.4185052759927553
1367,0.169279768669389,0.4184796344305466
1368,0.1691876486667758,0.4184537213605341
1369,0.16905958479848998,0.4183617476311299
1370,0.16898025819823348,0.4182665150043384
1371,0.16888747188256392,0.4183580480128142
1372,0.16882435550278024,0.4183516427662133
1373,0.16873543400902027,0.4182375732979352
1374,0.16865959803948474,0.4182246529372083
1375,0.16858011148838195,0.41810581261081764
1376,0.16843741812028767,0.4179970184422112
1377,0.16835247564506026,0.41797296893220415
1378,0.1682502895497901,0.4180924264863368
1379,0.16818254309265282,0.4181463532910111
1380,0.16810910765748455,0.418127195145373
1381,0.16801222051856762,0.41799704146233574
1382,0.16791136593584932,0.4179503899197532
1383,0.16785140639365195,0.41801469273707736
1384,0.1677593583519084,0.41799779004737386
1385,0.1676753056393204,0.4179769079240868
1386,0.16759916122714735,0.4178965739882175
1387,0.16751545420020464,0.41787068561311913
1388,0.16742907096857337,0.41789811480271405
1389,0.1673260512310943,0.41788085175370665
1390,0.16725131845293398,0.41795913803773366
1391,0.16716648611284207,0.4180092445043822
1392,0.16707785695536406,0.4179267271118606
1393,0.16698876269786325,0.4178480032509089
1394,0.16690325221756655,0.41783607912002196
1395,0.16682753002709724,0.41782198776101714
1396,0.16676121420070353,0.4177812957753074
1397,0.16669942690297232,0.41778324032632974
1398,0.16660791420243898,0.41777201024085925
1399,0.1665431562102715,0.4178004425335925
1400,0.16645034049573373,0.4177971541884907
1401,0.16638255724704198,0.4176960798470773
1402,0.16631061458003998,0.41772528741744996
1403,0.166211377716747,0.41780544490693416
1404,0.16613627717056723,0.41780909403199284
1405,0.16605782764651383,0.41779896919444404
1406,0.16597216942890924,0.4177472051585095
1407,0.16586158675180807,0.4177099877142945
1408,0.16578942158480744,0.41772455505499095
1409,0.16571286238663266,0.4177161850372656
1410,0.16564092452614723,0.4176229534445812
1411,0.16553152690232523,0.41771155989953473
1412,0.1654651295161841,0.41768294476381446
1413,0.1653491443390678,0.41763999814646396
1414,0.16524129511285113,0.4175348112384321
1415,0.1651458214564017,0.41747785154595024
1416,0.16508513564249466,0.4175173352303073
1417,0.16499329877551247,0.41746407176626826
1418,0.164899461837527,0.417399903323923
1419,0.16482533902726956,0.4174504300744306
1420,0.16475702270921488,0.41737775467029686
1421,0.16468562085657928,0.41736227174386736
1422,0.16461460942701753,0.4173859092177045
1423,0.16452497671526345,0.4173679107247356
1424,0.16443849561947652,0.4173939338556138
1425,0.16437291412178764,0.41732913353754053
1426,0.16428415491885878,0.4172038066566121
1427,0.16421082790669494,0.41724006463484514
1428,0.16414767154904988,0.41719320389608666
1429,0.16405808313123738,0.4171265005656159
1430,0.16399256515279612,0.4171617807964662
1431,0.16392811064427215,0.417227273408816
1432,0.16385313738936738,0.41725875886119795
1433,0.16376143426523743,0.41719745656102736
1434,0.1636962905595717,0.4171890700159603
1435,0.16361300992981787,0.4171771558638482
1436,0.16352452314518023,0.4171687826371252
1437,0.16345011249822708,0.4172014584038944
1438,0.16337454889997052,0.41715029546946597
1439,0.1633062873420559,0.41718316922139836
1440,0.16322600206814622,0.41717463877623195
1441,0.16315493211787144,0.41713530693523254
1442,0.16309005324374096,0.4171171306025148
1443,0.1630279142284976,0.41704384728954064
1444,0.16295903914450738,0.4170009106597972
1445,0.16286246843969174,0.41697379941289714
1446,0.16278882948085507,0.41696846302452806
1447,0.1627000523130434,0.4169840701928649
1448,0.16264604737021807,0.41695048825974157
1449,0.1625781786301206,0.4169220928871435
1450,0.16250644760310587,0.4169554172471649
1451,0.16243187172768495,0.4169381544121861
1452,0.16235955192386542,0.41688543629558583
1453,0.1622825929757628,0.4168534893362492
1454,0.16219719031301683,0.4167340314569852
1455,0.16211955872358466,0.4167373513815602
1456,0.16204305520260168,0.41674327767984704
1457,0.1619768312122126,0.4167659223246476
1458,0.16189640623367307,0.41690091637425203
1459,0.16181299536609606,0.41690832701780584
1460,0.1617400843378382,0.4168987149967838
1461,0.1616662030609226,0.41685222673391314
1462,0.16158586687375398,0.41683177580556025
1463,0.16151527254838272,0.4169409899341892
1464,0.16145682021819707,0.4169635165533466
1465,0.16137048201128884,0.4169562454773964
1466,0.16131231979438587,0.41691683235458965
1467,0.16123597727265515,0.4169375738031203
1468,0.16117747432728732,0.4169225955322273
1469,0.16111389780160748,0.416864339309341
1470,0.16101745263393236,0.4168419463460734
1471,0.1609565008366985,0.41675351112347775
1472,0.16086052089850036,0.4167319072937703
1473,0.16078148175370274,0.4166688969587624
1474,0.16068590608332714,0.4166617087280462
1475,0.16060211715043393,0.4166735663455838
1476,0.1605317078353233,0.41670028749801
1477,0.1604632059978766,0.4166190243046319
1478,0.1603963423547467,0.4166889077348642
1479,0.16031258123050232,0.4167225905046671
1480,0.1602335178377797,0.4166077679419499
1481,0.16013102859561804,0.4166389034209388
1482,0.16003845003455333,0.41663921656022385
1483,0.15997394806209056,0.4167303673748655
1484,0.15989646963614657,0.4167212309316757
1485,0.15981224843372915,0.41672475864099173
1486,0.15972706058845187,0.4166966052635685
1487,0.15962012651306012,0.4166225153244494
1488,0.15952304443482557,0.4167331263302946
1489,0.15944068506631476,0.4166632057810146
1490,0.15934888475903639,0.41646040331472006
1491,0.15926596825560904,0.416415290750834
1492,0.15918020825406254,0.4164521972339843
1493,0.15911044168953548,0.4162576136845864
1494,0.15904074919241662,0.41622173676030205
1495,0.1589759729425218,0.41615646574803733
1496,0.15887731868318686,0.4161456435809668
1497,0.15881976823330127,0.41608444751501256
1498,0.1587116753202209,0.4159638858287734
1499,0.15864764895765568,0.41590685565982305
1500,0.15857544214955482,0.41591640667883295
1501,0.15848737823388032,0.41597569389226363
1502,0.15840664024711953,0.41607653714689746
1503,0.15832736719298113,0.41616721515499644
1504,0.15823325314280842,0.41612527458787135
1505,0.15814768554201916,0.4160089904184832
1506,0.15805806551974858,0.41600070593206445
1507,0.15796930040160156,0.415971122731789
1508,0.1579056833477473,0.4159200153460357
1509,0.1578112359330478,0.4157371457827538
1510,0.15772158336769976,0.4157024585836858
1511,0.15764309398860096,0.41572907147586996
1512,0.1575805585816615,0.41577188467242526
1513,0.15750664075034573,0.4157325248299024
1514,0.1574406233340033,0.41579302450150996
1515,0.15735649819273181,0.41578114348138534
1516,0.15728700274017776,0.41571501799805005
1517,0.15718743084782053,0.415690444462579
1518,0.15713365636037366,0.4157904477542153
1519,0.15706802606635298,0.41573744226589976
1520,0.1570002960563011,0.4158353127272145
1521,0.15693529024648079,0.41583795505222515
1522,0.1568704847289014,0.4159203114233457
1523,0.15679714296731706,0.41588888775057875
1524,0.1567328084831503,0.41582667506526283
1525,0.1566574838382894,0.41585227415167847
1526,0.1565659306990813,0.4158224409951223
1527,0.15648286063804148,0.415740500747514
1528,0.15642105961516675,0.41568543697744753
1529,0.15632093097210334,0.4157415808619917
1530,0.1562419418448943,0.41566970301094214
1531,0.1561743902008799,0.41569164050599267
1532,0.15612388977497785,0.4156814539303665
1533,0.15603367086599831,0.4156703233214072
1534,0.15598186308133014,0.4157340622687055
1535,0.15590517526888442,0.41570813616181707
1536,0.15584980978050092,0.41567449271269236
1537,0.15580471763747614,0.4156206029920868
1538,0.15573746048579798,0.41564003636815156
1539,0.15563444357754513,0.41569447980503577
1540,0.15556805511463315,0.41561044640027156
1541,0.15550318538502597,0.41555833419711136
1542,0.15544791224833765,0.41547198150869835
1543,0.15536429797447843,0.4154677328421903
1544,0.15527957230270148,0.41542685268563684
1545,0.1552165904051053,0.41542575733756887
1546,0.15513645540932702,0.41543887794751133
1547,0.1550814236049855,0.41540762682107896
1548,0.15501440904815675,0.41538102386656045
1549,0.15496736391953794,0.4153293914366841
1550,0.154895338709636,0.41525086666095756
1551,0.15481436610638316,0.41526751449673505
1552,0.154759355386604,0.4152484394118996
1553,0.15469782907313054,0.41523052129029725
1554,0.15461641445780613,0.4151987991695069
1555,0.15453788368951016,0.4151295727213835
1556,0.1544778092218913,0.41513250055277445
1557,0.15435968951102788,0.4149705986188982
1558,0.15427601746294448,0.41490728509121205
1559,0.15419911931132574,0.41498801742406194
1560,0.15413222330624504,0.41500544925499894
1561,0.1540632162502197,0.4150821352873769
1562,0.15399116353589784,0.41505437980395227
1563,0.15392642597119388,0.41497297253647164
1564,0.15385030329295313,0.4149309330463439
1565,0.15379255812180176,0.41490414234355644
1566,0.1537368799834897,0.41476386317695246
1567,0.1536753159236469,0.41475275609877366
1568,0.15361829969605115,0.41484703118378385
1569,0.15354744531947964,0.41482199074981074
1570,0.1534745202142422,0.414762771241957
1571,0.15340649928564432,0.4148093761214617
1572,0.15332411617535496,0.4147367646431678
1573,0.1532437358711276,0.4146307159386414
1574,0.15316567571439493,0.4145085187564652
1575,0.1531192191962669,0.41446990384425464
1576,0.15303418810022199,0.41441972916894076
1577,0.15296244903166256,0.4142932043382026
1578,0.15290613232519562,0.4143089920206575
1579,0.15283573297848915,0.41422599999180676
1580,0.15277750104283894,0.41431426402183835
1581,0.15271607541256482,0.41429171377473184
1582,0.15262657231588939,0.4143027870391775
1583,0.15257251004410155,0.41450730585539236
1584,0.15250073404549808,0.41450874541205496
1585,0.15243146351796186,0.41448484748354864
1586,0.15236275592095846,0.41445732250403844
1587,0.15229302717955034,0.4144869773809327
1588,0.15220430598234586,0.4144834173170268
1589,0.15215084333422035,0.414473140831123
1590,0.15207712057457143,0.4144529604830131
1591,0.15199748489047482,0.4144259501268084
1592,0.15192499449185137,0.41445802501717083
1593,0.15185022283973504,0.4144325073574387
1594,0.15178167375027737,0.41449239039056496
1595,0.15172989610946822,0.41442801138451735
1596,0.15167302854357947,0.41438118123381773
1597,0.1516287627008201,0.41432534292628115
1598,0.15155149531023987,0.41430044580302705
1599,0.15148879776064786,0.41429617092005405
1600,0.1513927517159622,0.41437230457026436
1601,0.15132558745649358,0.4143509324628445
1602,0.15126134780291842,0.4144676047003731
1603,0.15119989591508814,0.41447903994664986
1604,0.15109524001560568,0.41448680356163115
1605,0.15102868486860463,0.41444072423558775
1606,0.1509571199678088,0.41442088261376436
1607,0.15091103199734848,0.41436788122290524
1608,0.15082755435217118,0.4143386890384842
1609,0.1507801497048553,0.41432461184704195
1610,0.15071265443022974,0.41416689712663274
1611,0.15063583432148286,0.41416538653364926
1612,0.15057880749730468,0.4141419380511746
1613,0.15051201673207276,0.41401836525221186
1614,0.15044936550945384,0.41411641189879306
1615,0.15040944341659473,0.4140553746670242
1616,0.15033826825037322,0.4139919670785703
1617,0.15027140455707952,0.4139123655998928
1618,0.15021008880899755,0.41390918940734295
1619,0.15015557331668306,0.4139053218941649
1620,0.1500919535595678,0.4140232244002103
1621,0.1500074752237768,0.41393345645166957
1622,0.1499248734898819,0.4138708764677227
1623,0.1498420023866454,0.4138348095369671
1624,0.14976683731247514,0.41371953988975885
1625,0.1497132904135513,0.41368038661158457
1626,0.14965135498732257,0.4136299054061991
1627,0.14958067458261493,0.413647341563152
1628,0.1495011790333432,0.41363911308793405
1629,0.14944626478530493,0.41365100786716125
1630,0.1493782843085156,0.41362552786858764
1631,0.1493108424008907,0.413721340052323
1632,0.1492344495542434,0.4136545553201568
1633,0.14916481396172085,0.41358662666367774
1634,0.1491018600918178,0.4136458507271497
1635,0.14904644597076386,0.4136367731759245
1636,0.14898460187366286,0.41359969145815073
1637,0.14891072514186773,0.41358504036052834
1638,0.1488226270140044,0.4135811112015747
1639,0.14876741151572231,0.4135412750455225
1640,0.14869053800011384,0.4135540083093753
1641,0.14862714293678203,0.41360151367162856
1642,0.14857040427465468,0.41358804979087777
1643,0.14852146550640813,0.4135423811479783
1644,0.1484568469955395,0.41348768569497196
1645,0.14839315356665506,0.41345994565917293
1646,0.14832928295480916,0.4135198633815056
1647,0.1482667741725312,0.41346302092994935
1648,0.14817715899915945,0.41339274646977037
1649,0.1481236635419502,0.41326890596374827
1650,0.14805079789149458,0.41321788449759655
1651,0.14798684675432103,0.4132365341066421
1652,0.14793809306759845,0.413335202298383
1653,0.14789375101182684,0.41330266699068635
1654,0.14784487727433637,0.4132913774414157
1655,0.1478081646504976,0.41328038936352646
1656,0.147736791953299,0.4133114786847589
1657,0.1476751646771232,0.4132322730630883
1658,0.14762007258914422,0.4132572182785654
1659,0.14755160054750657,0.4132882653974032
1660,0.14748312340367514,0.41327677449019423
1661,0.14741921734412644,0.4133711473446982
1662,0.14733575344178793,0.41325759083671704
1663,0.14727249848301568,0.4132532360521755
1664,0.14719718833477854,0.413232705700738
1665,0.14714928876735522,0.41325403651799536
1666,0.1470954409668574,0.41322760972230915
1667,0.14700863306127884,0.41329249110217353
1668,0.1469503851419211,0.4132525454544439
1669,0.14689128421421765,0.4132125102014987
1670,0.1468263375686756,0.41318364026083454
1671,0.14677280365823225,0.4132427302468212
1672,0.1466958335913347,0.41319200073216655
1673,0.1466334963111832,0.41315601092048676
1674,0.14656938368245045,0.41315796418139716
1675,0.14649657510185887,0.41312970781546177
1676,0.14644058152868059,0.41317183651798145
1677,0.14639467659354996,0.4131835560123481
1678,0.1463400396394798,0.41309037418369404
1679,0.14628611928986954,0.41310563741210177
1680,0.14622529597966508,0.41308088013946787
1681,0.14615650067479516,0.41303017464250047
1682,0.14609363412267035,0.4129503802917198
1683,0.1460545277001593,0.4129342051797915
1684,0.14598244398672458,0.41293677197968004
1685,0.1459072039807911,0.41288764510386256
1686,0.14584351462422157,0.41286347214462354
1687,0.14579142727262506,0.41285372321517205
1688,0.14573879469401607,0.41287202680307067
1689,0.1456786262714971,0.41289781486865845
1690,0.1456278904234789,0.4127633171323612
1691,0.1455704200197657,0.41280557369697046
1692,0.14549597884394067,0.4127238676085775
1693,0.14542021791489276,0.41272368299622303
1694,0.14536330033059092,0.4127039246623878
1695,0.1452925456708025,0.412651675881942
1696,0.14522361195139047,0.4126379201182886
1697,0.14514505520790874,0.41259612528619166
1698,0.145078931124215,0.4126101347953027
1699,0.14501502128938815,0.4126094638998431
1700,0.14495650796535636,0.4126343923289832
1701,0.1448845572975349,0.4125272355630856
1702,0.14481507157534557,0.41246657217686605
1703,0.14476500133958653,0.41244016884737716
1704,0.14471055929059146,0.41248357912674416
1705,0.1446566447345686,0.41251459492735393
1706,0.14459093578353063,0.41247308279787775
1707,0.14453116580678727,0.4124845928423747
1708,0.14446932427016454,0.41247985627266637
1709,0.14438582940816513,0.4125667209255036
1710,0.14433763028055704,0.41258627519508034
1711,0.14427913591703792,0.41254161963432706
1712,0.14421883043362646,0.4125538469153264
1713,0.1441549356479309,0.4125293357775857
1714,0.1440833762097783,0.4124632351646751
1715,0.14401381332954963,0.4124463531048501
1716,0.143959826142376,0.4124175693658855
1717,0.14391950149496335,0.4124137028750033
1718,0.14386597087551542,0.41240344747791635
1719,0.14380072920107542,0.412427911987053
1720,0.14373007727032064,0.412363003145185
1721,0.14366288156289084,0.41240318536369736
1722,0.14360445194118207,0.41243802457174317
1723,0.14353340137074638,0.4125317383570798
1724,0.14343762913483427,0.41254559595557216
1725,0.14339017436614593,0.4125230430671173
1726,0.14330831122539517,0.4124706012785557
1727,0.14326117055425794,0.412559473471521
1728,0.14320826117712068,0.4125100583579243
1729,0.14315328448604994,0.41242306772340054
1730,0.1430823623619242,0.41248429702137535
1731,0.14302093992778897,0.4124804843777966
1732,0.1429536288554461,0.41248088344934447
1733,0.14288898357125945,0.4124020695800546
1734,0.1428428239518376,0.4123871263749713
1735,0.14277349985243684,0.41224779362145214
1736,0.14267858062832683,0.412140054222002
1737,0.14263722323851385,0.4120922169864586
1738,0.14259242220086898,0.4121604729943201
1739,0.14252948216506103,0.41221642755439963
1740,0.14247379889085082,0.4121217482530761
1741,0.14241805584239633,0.41214418818351534
1742,0.14237383487544875,0.4121005010065253
1743,0.1423043520889962,0.4120888390307435
1744,0.14226063090937205,0.41220406499949225
1745,0.14220515914545068,0.41218284322554355
1746,0.14213086681013504,0.4121693043655816
1747,0.14206929397569693,0.41221354562977125
1748,0.14197066256007504,0.41223532632327137
1749,0.14189840121616484,0.41224882026240106
1750,0.14185097686199352,0.41219681424551324
1751,0.14179255565660628,0.41219693239016886
1752,0.14172883918426518,0.4121855968380536
1753,0.1416758529165389,0.4122082256031088
1754,0.14160750442807468,0.41229539408051824
1755,0.14154638217024662,0.412241941922683
1756,0.14148392377264932,0.41222852925763953
1757,0.14141775631551906,0.41225803870600775
1758,0.141347079871648,0.4122581200447073
1759,0.14129448372817066,0.4121616105733852
1760,0.14121651192313464,0.4121430776299916
1761,0.14114620658432556,0.4120821445243489
1762,0.14108609786013065,0.41205393150664665
1763,0.1410045038257371,0.4120968988159757
1764,0.14094518666281608,0.41212702278425317
1765,0.1408804718120701,0.4121732154459217
1766,0.14081009704919314,0.41215364442697716
1767,0.14076604799746179,0.4121477627674614
1768,0.1407194271934343,0.4121579545614205
1769,0.1406612237637952,0.41207845426808765
1770,0.14061696176946248,0.4120825094643788
1771,0.14055931627108467,0.41196728886082873
1772,0.14049671415531995,0.4119251159450227
1773,0.14043721993608882,0.41188174060379873
1774,0.1403894617226428,0.4118305752808656
1775,0.14030949087748656,0.41185130638265116
1776,0.1402653603530468,0.4118152828104815
1777,0.14021157271058235,0.411742568595231
1778,0.14013868946778618,0.4116615320070604
1779,0.14009437415497203,0.41160101507065966
1780,0.14004407043347203,0.41153478827136347
1781,0.1399847086065721,0.4114276276504658
1782,0.13993042943263492,0.4114168076259346
1783,0.13984677062513937,0.4113902029876813
1784,0.13980321160577044,0.4114117561091905
1785,0.13973926501666523,0.41141017631162824
1786,0.13968930893150322,0.4114482301454876
1787,0.13963507132483635,0.41139730720381906
1788,0.13957993769581767,0.4114236603126353
1789,0.13953137171566943,0.4115223214504167
1790,0.1394749984326389,0.41148805500268276
1791,0.1394291424623551,0.41151585418136527
1792,0.13938019070178254,0.41153248635449047
1793,0.13933382497462182,0.41150225341783675
1794,0.139269549536704,0.4114476773476449
1795,0.13922323305636022,0.41150132562418085
1796,0.13916517936661216,0.41151309679980236
1797,0.13909760895911918,0.4115666568653399
1798,0.13904920929187833,0.4116193527576759
1799,0.1389924589187114,0.41163158618231116
1800,0.138933676371007,0.4115806218763494
1801,0.13887983791204497,0.41157191204610183
1802,0.13882501914208129,0.4116006230162814
1803,0.1387709407429606,0.4114769630427184
1804,0.13871312329751037,0.41142196524651287
1805,0.13865080616375153,0.4113845225251168
1806,0.13859580085690812,0.4114085882927778
1807,0.13853691824978565,0.411366643020414
1808,0.13850187679347556,0.41149659510526454
1809,0.13844727234682788,0.4115341780280056
1810,0.1384041513089903,0.4114501300408759
1811,0.13834464382057665,0.4113581624002557
1812,0.13830299749998481,0.41131023461592475
1813,0.138242425957448,0.4113975053776427
1814,0.13819622433477435,0.4114019679119268
1815,0.13814790206598423,0.41136924813810255
1816,0.13808653305087212,0.4112353541842842
1817,0.13803131742576827,0.41127046294367453
1818,0.13797552839012786,0.4112068143923012
1819,0.13793413044250927,0.4111928434116251
1820,0.13786917798388515,0.41106706318933306
1821,0.1378135195699679,0.4111427447079373
1822,0.13777095614021131,0.41118384958180876
1823,0.13770758293655325,0.4112623867524472
1824,0.1376666988196824,0.4112148787278654
1825,0.1376202381481569,0.4111515645377364
1826,0.13756202249690394,0.4111637135150856
1827,0.13750815876393518,0.41109031165793253
1828,0.13745861687360586,0.4111077976729755
1829,0.13740160230669327,0.411059129175919
1830,0.13735592779790765,0.41111114927678477
1831,0.13730732781165592,0.41111481390797733
1832,0.1372685337270501,0.411136424578404
1833,0.13717680478437216,0.4112724643201994
1834,0.13712354252258144,0.41131147502842663
1835,0.13705690803377948,0.4113070031400368
1836,0.13700783645970027,0.41131467902146013
1837,0.13696710457837272,0.41135421368536285
1838,0.13690318329628756,0.41140895651461945
1839,0.13685835963765555,0.4113426514740838
1840,0.1367940700321506,0.4113336826874151
1841,0.13674761005519265,0.4113753941480305
1842,0.13669887782318182,0.41138211647606954
1843,0.13664053731655681,0.4113513188813314
1844,0.13658214951208905,0.411285039630365
1845,0.13653548135419988,0.4112040661539701
1846,0.13647037706478676,0.4112118980305664
1847,0.13640621523047433,0.4111038508292005
1848,0.13637149580436084,0.41110824640106286
1849,0.1363149375648176,0.4112121443915473
1850,0.13626979868218872,0.41117378948475103
1851,0.13621344384059003,0.41117553683082825
1852,0.13615679178193252,0.41103728685417584
1853,0.13611135781780978,0.4109978261685824
1854,0.1360683836314124,0.41095741273969083
1855,0.13601335890045266,0.41088868172211174
1856,0.13597099768625745,0.41088584020274593
1857,0.13591390155299923,0.41086917015755803
1858,0.13586566124843089,0.4109048695985084
1859,0.13580116464722938,0.41092268583757874
1860,0.13573602709448068,0.4109353494889297
1861,0.1356969262733017,0.41089693280209655
1862,0.13565279649067066,0.4108231914718328
1863,0.13560009654127272,0.4108749426510454
1864,0.13554380340178843,0.41085907131330246
1865,0.1354835589808913,0.4108255468811074
1866,0.13543262589717736,0.4107977825907668
1867,0.13539062833059154,0.4107500564487129
1868,0.13531845422745456,0.4107089866803211
1869,0.13526198345781712,0.4106670628188
1870,0.13521083997375455,0.41066876820410037
1871,0.1351653360351986,0.41067442603692395
1872,0.13511343808809378,0.410589283302261
1873,0.13508532186411443,0.410676729939188
1874,0.13503055074097595,0.4107143091867234
1875,0.13498630092339464,0.4107090794089651
1876,0.13493958893461835,0.4107984992487149
1877,0.1348849927347398,0.4107577792433491
1878,0.1348339514393377,0.4107676099643024
1879,0.13478067326764936,0.4107868365986671
1880,0.13472871790330262,0.4108167482873777
1881,0.1346910293033795,0.41082433503913846
1882,0.13463826474636312,0.41075303492491433
1883,0.1345875761229184,0.4106844099558947
1884,0.13450967388807367,0.41059499019089135
1885,0.13445755791059502,0.410674196382211
1886,0.13441699583483818,0.41060807049387854
1887,0.1343865358604675,0.4105239647075009
1888,0.1343281327152898,0.41052274575390507
1889,0.1342861216042237,0.41054887535991463
1890,0.1342282096910882,0.41056902799314443
1891,0.13416434760138515,0.4106459573478202
1892,0.13411730247627962,0.4106929854870619
1893,0.13406846616284893,0.41071166597436476
1894,0.1340356570849177,0.41069115075882007
1895,0.13397842659724687,0.41069610054651434
1896,0.13394020462710357,0.41063786365568
1897,0.13387817925592738,0.410603470399822
1898,0.13384248764253096,0.4106130109446066
1899,0.13377789373888957,0.4106988132537586
1900,0.13369238073806328,0.41069645822478207
1901,0.13364899489534177,0.4107300754102033
1902,0.13358779045634078,0.4107171214122289
1903,0.13354506874394007,0.4107059200442931
1904,0.13349841255103895,0.410701072763255
1905,0.13345846905684028,0.4107214450158019
1906,0.13340505245554632,0.4106967862900331
1907,0.13334497331496994,0.4106606299797298
1908,0.13328414954699222,0.41055460715339254
1909,0.13321939311287076,0.4104590275936191
1910,0.13317028783648835,0.41047449731913105
1911,0.13310275140686875,0.41049079777796726
1912,0.13302706681077284,0.4104828357416178
1913,0.13298625584889368,0.410488281761034
1914,0.13293967397491438,0.4105014933076033
1915,0.13288729465379495,0.41050518302190103
1916,0.13284184881198632,0.41044897850862716
1917,0.13277521653155339,0.4104467730800327
1918,0.13270812325364167,0.41046862758705116
1919,0.1326586167391754,0.4104600726850571
1920,0.13261797395678945,0.4104897836784599
1921,0.13254564512668854,0.41048257119047876
1922,0.13249474632552255,0.4104669376632958
1923,0.13245107816150656,0.41051480060604334
1924,0.13239247168190413,0.41047442353005936
1925,0.13235296849093475,0.4104618618022458
1926,0.13229650963145273,0.4103967319850402
1927,0.13225549176338117,0.41034795009711117
1928,0.13220054188537955,0.41030150271785143
1929,0.13213835783758263,0.4102726422111539
1930,0.13206254055954095,0.41030961679583366
1931,0.13200754685178284,0.41031796014240374
1932,0.13196354836569338,0.4104213645544253
1933,0.13190075832304157,0.4104084229871213
1934,0.131854680924295,0.4103524296841719
1935,0.13181779147985237,0.4103213939610069
1936,0.13176833752527228,0.41026335293812677
1937,0.13171625221420072,0.41024422280653183
1938,0.13167338211435775,0.41020426035926044
1939,0.13162299198097466,0.4102488881701047
1940,0.13158274230585337,0.41022019774897295
1941,0.13153422099203013,0.4101772776146317
1942,0.13147021338083592,0.41018889284750976
1943,0.13141656348796366,0.4101360672923903
1944,0.13137585884406164,0.41017924256764465
1945,0.131325373730781,0.4102162395327608
1946,0.13127646417376737,0.4101896638958127
1947,0.13121209276187154,0.4100921035212752
1948,0.13116168666620523,0.41013739345407885
1949,0.13110979678065296,0.41013403553075056
1950,0.13105166304467705,0.4100291506398743
1951,0.13098722677208569,0.4100126567735182
1952,0.1309217634425918,0.4100213255243049
1953,0.1308788877798784,0.40999298971610687
1954,0.13082118494085065,0.41003154041649637
1955,0.13076939652265365,0.41001417509360427
1956,0.13071609959430006,0.41004882961733363
1957,0.13067105014745564,0.4101707468794523
1958,0.13060822235012123,0.4102555507803932
1959,0.13055583172407245,0.41023688881098413
1960,0.1304998734527971,0.4102084769120574
1961,0.13045640896259703,0.4102641628502791
1962,0.13041716113038324,0.41021707590317696
1963,0.13034358967740475,0.4100986404280557
1964,0.1302963899938046,0.41003810539371033
1965,0.1302409288343023,0.41017088389776407
1966,0.13017248437449022,0.4101654552220769
1967,0.1301205365200891,0.41010390768960675
1968,0.13004373943909747,0.4100602819814596
1969,0.12999055597339762,0.41005290533239364
1970,0.129930927467538,0.4099676239808278
1971,0.12988850620985026,0.4099821801209039
1972,0.12983507951405746,0.4099173400959418
1973,0.12977908378011213,0.40994866986828454
1974,0.12972531173204935,0.40998225818707223
1975,0.12966007753355227,0.4099757181627912
1976,0.12959410078462072,0.4099992308935664
1977,0.12954137390831433,0.40996189520220255
1978,0.12949129833046696,0.40996941351777827
1979,0.1294422300948361,0.40999147044390194
1980,0.12940426328021096,0.41004282506055373
1981,0.12934874929782178,0.40995430792913246
1982,0.12931202729074423,0.41002917853490245
1983,0.12926580106408234,0.41014128249339055
1984,0.12920311588850866,0.4101506895488654
1985,0.12912243955719688,0.41011914854746545
1986,0.12907753091330182,0.41018756985859134
1987,0.1290357289545474,0.41008704558077913
1988,0.12897340091785817,0.4099850334951947
1989,0.12892689774997293,0.4099488828332539
1990,0.12888139285156447,0.41000174442477266
1991,0.12883786805219571,0.409951245238689
1992,0.12877470909978908,0.41001142507795846
1993,0.12873987517076954,0.41004157149133463
1994,0.12869157084388863,0.4100110125802734
1995,0.12864899300796667,0.4099519761610765
1996,0.12858117437563826,0.409965450627146
1997,0.12853812862137562,0.40992584731942483
1998,0.1284813114111779,0.4098275920962723
1999,0.1284379667447252,0.40979725058990063
2000,0.12839072076421496,0.40966216827104546
2001,0.12833994158376577,0.4096475400889786
2002,0.12828234881617753,0.4096626047624542
2003,0.1282503441007557,0.4097425404727143
2004,0.12821182141520862,0.40966698735001256
2005,0.12817139399482275,0.4095943395586332
2006,0.1281202230099193,0.40967866879023895
2007,0.12806243559603103,0.40968018429090525
2008,0.12801349136351473,0.40964081106726036
2009,0.12795189779804858,0.40959943538062055
2010,0.12790883413690596,0.40956296910570467
2011,0.1278607538237162,0.4095186280998194
2012,0.12781359114910676,0.40947287648774644
2013,0.12776358182307387,0.40942248866708425
2014,0.1277345922680044,0.4094684573886189
2015,0.12769021902436553,0.4093982081214127
2016,0.12765089323324424,0.4094219266797642
2017,0.12757928408572286,0.4093913358556146
2018,0.12754275395263542,0.4094245266574294
2019,0.12747311079798074,0.4094344167105254
2020,0.12741195539766098,0.4093791393352145
2021,0.1273573050919098,0.4093890554818037
2022,0.1272975221650433,0.4093450286450734
2023,0.12725570036696435,0.40933684591925995
2024,0.12720420561345774,0.4093676415872968
2025,0.12714909531613808,0.4093381622112345
2026,0.12710291867822426,0.4093924822759891
2027,0.12705912275553521,0.4094133416087217
2028,0.1270141697825076,0.40939748759354094
2029,0.12695143739179865,0.4093497898631254
2030,0.12688721972306236,0.40927604848925786
2031,0.1268466431822644,0.4093218724076908
2032,0.12679334446150442,0.40920137777949467
2033,0.12674381879452418,0.4091126726998189
2034,0.12669162252733884,0.4091865989607756
2035,0.12665214908721736,0.4091997568702089
2036,0.126597492876113,0.40911973935013235
2037,0.12655120731939057,0.40912806338267343
2038,0.12650187292307344,0.4091371375884406
2039,0.12645514270902686,0.409083490722558
2040,0.12641862659193018,0.40903574486723193
2041,0.1263701300548618,0.40897179868875844
2042,0.12631365972858924,0.4089103837274649
2043,0.1262677531342641,0.4088214684692754
2044,0.1262283094849653,0.40882103096872735
2045,0.12617363369077958,0.4087593456939544
2046,0.12612771747570953,0.4087423899751435
2047,0.12607809423649988,0.40871476297048376
2048,0.12603535823150425,0.4088002544709469
2049,0.12600476595096965,0.4087596938018762
2050,0.12595693241783618,0.40864907516743204
2051,0.12590722202608515,0.40865187767809324
2052,0.12586059996445104,0.4086359814406936
2053,0.12580803200271326,0.4087071715188729
2054,0.1257715477399202,0.40868526740519195
2055,0.12572461003311328,0.4086646676042752
2056,0.12567579904235493,0.40866064226795756
2057,0.12562596384975666,0.4086691494663485
2058,0.12557892230104403,0.40866016058009574
2059,0.12552867350812474,0.4086383287751629
2060,0.12548685038440252,0.4085555237176351
2061,0.1254346621229095,0.408444545551555
2062,0.12539762778541413,0.4084617719677803
2063,0.12534808018638482,0.4085269973826562
2064,0.12530201112681486,0.4085489342532799
2065,0.12525814168449437,0.40859440683341797
2066,0.12521379661811627,0.40867052558780737
2067,0.12516058507176597,0.40866336338522635
2068,0.12511366812507962,0.4085858258435232
2069,0.12507572750289422,0.4086091756464686
2070,0.1250340166426887,0.4086136135330207
2071,0.12498581035618027,0.40860683315921165
2072,0.12495183441755343,0.40866335602789533
2073,0.12490974631807301,0.4086000658931413
2074,0.1248548555064617,0.4085999169630583
2075,0.12477826542916629,0.4085638469962048
2076,0.12473740768673573,0.4085254763058858
2077,0.12468994694418642,0.4085002614973882
2078,0.12464862849471986,0.4085759812242776
2079,0.12459146812683718,0.40856821347837535
2080,0.12455002104554926,0.4086388509950824
2081,0.1245070112783563,0.40856648842467486
2082,0.12445870140215066,0.408501481143277
2083,0.12441454900305995,0.40849670282272943
2084,0.1243598064127509,0.40844868024870357
2085,0.1243200966307024,0.40850192553558606
2086,0.12427514732391734,0.4085049375795942
2087,0.12422399418999182,0.40845128314368934
2088,0.1241757500715181,0.40846473571846836
2089,0.12411569562808071,0.4084531336347731
2090,0.12407708926837348,0.4084826577081684
2091,0.12403317662446696,0.4084253048872685
2092,0.1239927509286079,0.408397179931536
2093,0.12395136687095533,0.4084425814076143
2094,0.12390045053364444,0.4085763926973297
2095,0.1238605567445438,0.4085704950182208
2096,0.12380625363626364,0.40848872626692856
2097,0.12374475968894084,0.4084818282493238
2098,0.12369801249502121,0.4083596895753648
2099,0.12365614322305998,0.40838514342230287
2100,0.12359717410466686,0.4083891038615755
2101,0.12355110502010475,0.4084260423188087
2102,0.12350139240000664,0.4083538992167646
2103,0.12345615523668053,0.4083628982608697
2104,0.12342150830491401,0.4083451397910917
2105,0.12337926013428392,0.40842488504770547
2106,0.12333750632150167,0.4084303331468688
2107,0.12329879166920975,0.4084093241729292
2108,0.12324099773639417,0.40831246453241854
2109,0.12319476417581685,0.4083400289066812
2110,0.12314118083854805,0.408320653143008
2111,0.12308199024956978,0.4082691335955126
2112,0.12303381574973109,0.40830113200072576
2113,0.1229865773973736,0.40827910593228767
2114,0.1229549698313472,0.40823058505429416
2115,0.12291553553199495,0.4082946549737806
2116,0.12287980422244557,0.408281024244717
2117,0.12283443758774987,0.4082172513931987
2118,0.12279249624093576,0.4081927144623664
2119,0.12275318072254468,0.40813520436664386
2120,0.12270918921161854,0.40821026368391555
2121,0.12265926955395962,0.408154447985313
2122,0.12261407931672562,0.4081345976962468
2123,0.12257543976041141,0.40815814969577324
2124,0.12254225510795703,0.4082458683324289
2125,0.12249736483341477,0.40831723762628414
2126,0.12244743234251466,0.4082852933510258
2127,0.122406457206535,0.40825699803386656
2128,0.12235256026880226,0.40822708812472197
2129,0.12229895478921515,0.4081894015839263
2130,0.12225472141944779,0.4081795523047908
2131,0.12220862961773876,0.4081207395231341
2132,0.12217522650411732,0.408208012716125
2133,0.1221336164737054,0.4082459397260236
2134,0.12209693499760738,0.4082035322362244
2135,0.12202932924876335,0.4081362502512534
2136,0.1219832112296584,0.4081347435537986
2137,0.12193241416856881,0.4081489130661683
2138,0.12189061579330919,0.4082101434060021
2139,0.12184988830150657,0.4082338206318265
2140,0.12179081856559858,0.40825577880400704
2141,0.12174429309810547,0.4081915034605092
2142,0.1217169762336441,0.40822827278985047
2143,0.12167044854946993,0.4082405588926419
2144,0.12162494566505715,0.4081546734487493
2145,0.12158535203239001,0.40807173517933576
2146,0.12154679457113621,0.40802271287475317
2147,0.1215069753039618,0.40811075611506886
2148,0.1214505630666981,0.40804693562507377
2149,0.12140829077998784,0.4080413235825776
2150,0.12136106152914003,0.40792338951569435
2151,0.12131427282284944,0.40789581300777805
2152,0.12128116375828639,0.4079250710658508
2153,0.12124448375226364,0.4078671583641986
2154,0.12120806572053351,0.40790567527810323
2155,0.12116185528690368,0.4080115449040174
2156,0.1211192504265275,0.4079915448644062
2157,0.1210687536464962,0.4080510435890324
2158,0.12102744087946207,0.4080768557405841
2159,0.12099208754828579,0.4080605116629685
2160,0.12096166399400515,0.40805072250859925
2161,0.12091049075699567,0.4079775399414676
2162,0.12085359972869027,0.4079906618284068
2163,0.12080147073971075,0.40796604200748504
2164,0.12074961431807799,0.40804104925215273
2165,0.12071746629601092,0.4081379913941793
2166,0.12067105280073719,0.4081298386327517
2167,0.12062900149921381,0.4081585124303901
2168,0.12057753772619723,0.40812936751160617
2169,0.1205310941179999,0.40818440218019797
2170,0.12048356169946003,0.40822265031214205
2171,0.12043948129193639,0.4082803563244292
2172,0.12039087704347436,0.40832343967640095
2173,0.12032814448255452,0.40832893983817736
2174,0.1202912495742408,0.40835385190993473
2175,0.12024048174336174,0.4083061011667714
2176,0.12020417299189363,0.40826751624598295
2177,0.12015049676659335,0.408195781052444
2178,0.12011173433482607,0.4081342693203636
2179,0.1200503597934966,0.40802674766063424
2180,0.1200012735629496,0.40802443999007126
2181,0.11996593382866087,0.4080753957970138
2182,0.11993647223650042,0.40806277090291915
2183,0.11989031887069475,0.40805145833336776
2184,0.1198448159653307,0.40802486445659863
2185,0.11981020849127481,0.4079659302283321
2186,0.11978572828723481,0.40806526674776666
2187,0.119754853646218,0.4081349463924307
2188,0.11970833511921296,0.4081490435590298
2189,0.11967814041866938,0.4081123373193412
2190,0.11963007333239459,0.40813341480231086
2191,0.11958699569782974,0.40821171794307193
2192,0.11954825274922952,0.4082666782116475
2193,0.11950957858863023,0.40823470034310977
2194,0.11947958387195101,0.40828631925284176
2195,0.11943707030505368,0.4083101005858278
2196,0.11938444657882565,0.40827350334131646
2197,0.11934518741286605,0.40818866138650023
2198,0.11931329010348841,0.40815122503610635
2199,0.11926267872356339,0.4081675976229668
2200,0.11923441047238897,0.40812543173749366
2201,0.11919500005022063,0.4081576028508602
2202,0.11915923235552686,0.4081665464164101
2203,0.1191174141982711,0.40810541412594603
2204,0.11907615987458185,0.408114867121465
2205,0.11902341638722383,0.40812569580437097
2206,0.11897847545962194,0.4081603245769478
2207,0.11893199179212041,0.40809904685389203
2208,0.11890024788203206,0.4080884132841125
2209,0.1188650683349591,0.40809073885958047
2210,0.11881595889356324,0.4080989006850462
2211,0.11877293869334184,0.4080625449096309
2212,0.11872985991634205,0.4080580280565319
2213,0.1186930085372564,0.4079785413877737
2214,0.11863536032316323,0.40795117763252864
2215,0.11859283991049477,0.4078983532556367
2216,0.11854905173969799,0.4078335089114215
2217,0.11850674013132696,0.4078014578453886
2218,0.11845553911125745,0.40778801463992337
2219,0.11840892631388973,0.40775233368631564
2220,0.11836776636408655,0.40779318536106535
2221,0.11833116241258852,0.407827325008322
2222,0.11829036925532063,0.4078662082938484
2223,0.1182457826369774,0.4077673205584421
2224,0.11820907673853896,0.4077720923508873
2225,0.11817995661669145,0.4076989789201482
2226,0.1181337404279751,0.4076848088617528
2227,0.11809689021394089,0.40765610395960855
2228,0.11805968511932592,0.4075984746558031
2229,0.1180055132304054,0.4075475571857159
2230,0.11796549310011492,0.407514168521612
2231,0.11792320437820436,0.40750886745533504
2232,0.11788393470888348,0.4074640926558999
2233,0.11784800111051708,0.4074297248246063
2234,0.11780520186692525,0.4074926157931806
2235,0.11776685722264608,0.4075240151013696
2236,0.11771994031501484,0.40749175555552836
2237,0.11768369362079165,0.4074639574820455
2238,0.11765050537658653,0.40747928314157283
2239,0.11760536335364195,0.40752573646012985
2240,0.11757178110837337,0.40757380588065845
2241,0.1175307475773181,0.40760302209341204
2242,0.1174914228797738,0.4075864130165388
2243,0.11744330291084268,0.40756460009828394
2244,0.11740620416554874,0.4074876445044175
2245,0.11735969755117201,0.4074803830195083
2246,0.11732924440793184,0.4075017537539513
2247,0.11727107344312994,0.407546063634735
2248,0.11723930996761928,0.40749731384921517
2249,0.11720702165795747,0.40755428587166775
2250,0.1171631800831055,0.4075815851555094
2251,0.11713607778218252,0.40766971814492176
2252,0.11709421456305985,0.40765433710272064
2253,0.11706254187921705,0.4076152084755626
2254,0.11700475264272987,0.40765342599719134
2255,0.11696874269056264,0.40762969437456664
2256,0.11694617928023655,0.4076015006009491
2257,0.11689919768458128,0.4076509990295035
2258,0.11686233074485192,0.4076921585449698
2259,0.11682088894735619,0.4076141666513006
2260,0.11676509146321329,0.40756271890855117
2261,0.11671074190441627,0.40760486740433044
2262,0.11667613541712346,0.4076000770082619
2263,0.11663030002897982,0.40769711792459123
2264,0.11660003187073915,0.407704489930473
2265,0.11655277002916421,0.4077255700698472
2266,0.11651429259111674,0.40774398817428065
2267,0.11648275932099632,0.4077519344711345
2268,0.11643417200504684,0.40769676544040157
2269,0.11639714069449528,0.40772185849075926
2270,0.11637029324677915,0.4076673848585614
2271,0.11632816277016353,0.407681479669533
2272,0.11628651430300535,0.4076669367329453
2273,0.11624048033471536,0.4076632369184634
2274,0.11620850024521644,0.40770130912719266
2275,0.1161701803300678,0.4076946020011198
2276,0.1161403029300561,0.4076955001785745
2277,0.11609066856673741,0.40776321973151086
2278,0.11603868880497346,0.4078351826629654
2279,0.11599527245202203,0.40780614626616374
2280,0.11596164515325648,0.4078523082960708
2281,0.11592726628085974,0.4078588989285292
2282,0.11589625880699404,0.4079078778179769
2283,0.11586589089123514,0.4079236076265327
2284,0.11582538318667075,0.407937648255363
2285,0.11578228637566237,0.4078730598267786
2286,0.11574674222106779,0.4078372085839224
2287,0.11571081448347276,0.40785149313150393
2288,0.11567969482685685,0.4078624375450125
2289,0.11564492280842949,0.4078722872994415
2290,0.11559895256166593,0.40795816090390485
2291,0.11556292013225293,0.40796706244635167
2292,0.11551448153341973,0.40794243547184844
2293,0.11548413845274608,0.40796691451027284
2294,0.11544191623081823,0.40791868378655727
2295,0.11540157205408047,0.4079306182138958
2296,0.11536238938567155,0.40789349965580546
2297,0.11531914677385144,0.4079028618686581
2298,0.11528318677090553,0.4078865898450148
2299,0.11522728134451742,0.407709314580485
2300,0.11517771178669642,0.40767469618457375
2301,0.11514138826919394,0.40766037333007926
2302,0.11509416764418892,0.4076181906092179
2303,0.11504983067204212,0.407599758444404
2304,0.11500151383898127,0.40756882790492666
2305,0.11495897741299818,0.40757801588443654
2306,0.11491443738499532,0.4074769104383633
2307,0.11486505250417671,0.40746671476107815
2308,0.11482398888537566,0.407441091924917
2309,0.11478394041499204,0.4074812977297287
2310,0.11475020887727722,0.4075313204464731
2311,0.11471992989094175,0.4075130424700571
2312,0.11469135832907121,0.4075358298334623
2313,0.1146564145110869,0.40746415191592655
2314,0.1145862149677108,0.40750716305768125
2315,0.1145363923943582,0.4075334287330985
2316,0.11450216835369403,0.40745082698463
2317,0.11445628684150877,0.4074696657571989
2318,0.11441870198490363,0.4074527136552696
2319,0.11438798372355828,0.4074943032212891
2320,0.11434635359426816,0.4074132322298509
2321,0.1143027673039604,0.4073489432187894
2322,0.11426613562496567,0.40730118809020344
2323,0.11423258184202408,0.40739619353613205
2324,0.11419714588850415,0.4073694997547389
2325,0.11414393239524621,0.40729123615303026
2326,0.11410012161868348,0.40731225300253515
2327,0.11407014925151251,0.4073781201048672
2328,0.11402772829733408,0.4073677848508797
2329,0.11400887668726316,0.407416412360384
2330,0.1139774002128009,0.4074482318556322
2331,0.11393741019793095,0.40748164443395546
2332,0.11390276459774547,0.4075040287107921
2333,0.11386693612009044,0.40753638551281396
2334,0.11383077278573209,0.40757029595453664
2335,0.11376921250291301,0.40753651426178833
2336,0.11371777906622552,0.40740689620441034
2337,0.11368490571041286,0.4073085233445702
2338,0.11364919583529537,0.407230043021293
2339,0.11360535809053772,0.40719634855555714
2340,0.11356770100462309,0.4072754465235178
2341,0.11353477180484622,0.4072324914476842
2342,0.11349919005618157,0.4071754308957347
2343,0.11346580420493887,0.40721863623054216
2344,0.113427149610408,0.4072516949849561
2345,0.11339282898147243,0.4072945872202792
2346,0.11335960366603794,0.40723889157485066
2347,0.11332927219578347,0.4072609359077478
2348,0.11329240842772617,0.4072793482394647
2349,0.11324772089487656,0.4072696751856705
2350,0.11321454076920201,0.4072788751935866
2351,0.11318296806504875,0.40733095631574845
2352,0.11313929793540912,0.4072610637604224
2353,0.11309801127125131,0.4073115166704988
2354,0.11305656711535142,0.40730747591167826
2355,0.11300597076059764,0.40726078727434806
2356,0.11296530015289401,0.40730736362196657
2357,0.11293253121841017,0.40732988509274953
2358,0.1128866675803675,0.4073411369809966
2359,0.1128564443939069,0.40733135937852
2360,0.11281194716773978,0.40731993388903687
2361,0.11277891821983765,0.4072430500911041
2362,0.11273345678577523,0.40721690677493555
2363,0.11269849651168319,0.40719264174259073
2364,0.11265703683102934,0.40721840457738934
2365,0.11259976755186357,0.4071333575467693
2366,0.11255278138004267,0.4071590858134956
2367,0.11251289534676918,0.40716367967829986
2368,0.11246203212688288,0.4071349898611152
2369,0.1124220991937757,0.40714193979645313
2370,0.11238685212425542,0.40712497187440677
2371,0.11234761167604573,0.40721328340923607
2372,0.1123111268625432,0.4072555674041317
2373,0.11227861226284509,0.40723566032597314
2374,0.11224428251307017,0.4072268146643815
2375,0.11220669993324345,0.4072015647127211
2376,0.11216773330985061,0.4072094786103653
2377,0.11213019332847028,0.407237326290196
2378,0.11208687710375108,0.40716575160572444
2379,0.11204579257358094,0.4071894140641343
2380,0.11201252745447406,0.40725252212309165
2381,0.11197864595106932,0.4072743984753207
2382,0.11193393751500547,0.4072273551584431
2383,0.11189067953999812,0.40720916889180864
2384,0.11185835620405891,0.40719740871397997
2385,0.1118173281346834,0.40716135432688777
2386,0.11178659974981532,0.40722008413834704
2387,0.11175791760771926,0.4073046334462183
2388,0.11171297979287315,0.40718913398280293
2389,0.1116728256246884,0.407144615064401
2390,0.11163095781993893,0.4071586942322111
2391,0.11159221574511557,0.40718676036924834
2392,0.1115482595014012,0.40712507405708936
2393,0.11151319689991297,0.4071871837014824
2394,0.11147747822722222,0.40723444602205794
2395,0.11143718947023848,0.4072735054466174
2396,0.11140858298488854,0.4072328357175347
2397,0.11137332822112199,0.40723311436550735
2398,0.11134146096515028,0.40717818224828484
2399,0.11131049259574576,0.4071940588204131
2400,0.11128247537461079,0.4072549751930074
2401,0.11124251293466861,0.40728644893874855
2402,0.11120539528664408,0.4072340451365914
2403,0.11116481170678537,0.40722184957295443
2404,0.11113903721814782,0.40724906940011274
2405,0.11110357961103598,0.4072572288511801
2406,0.11106859931222594,0.40722117391193297
2407,0.11103500151773887,0.40721339552309815
2408,0.1109953858742627,0.4071757868152765
2409,0.11096254890181606,0.40718605328277
2410,0.11092994814206944,0.4072312224968703
2411,0.11089938451968054,0.4072232039773781
2412,0.11086676535765075,0.40730327198972144
2413,0.11081950723937099,0.40733553643610326
2414,0.1107892436751035,0.40734255283629095
2415,0.11073945151454266,0.40731066714916464
2416,0.11070655992636963,0.40729013203812225
2417,0.11067508191401579,0.4072738742545414
2418,0.11063016963419542,0.4073378618220565
2419,0.11060017966741237,0.4073043580506727
2420,0.11056183119221599,0.40736506877543593
2421,0.11053038343810376,0.4073730833940076
2422,0.11049774781184114,0.4074146208299411
2423,0.11045525449846263,0.40743445585825483
2424,0.11041166279986118,0.40746472600168937
2425,0.11037871576654708,0.4074826587610791
2426,0.11033418893827075,0.4073755157044548
2427,0.11030494774332103,0.407299776557832
2428,0.11027584424831716,0.40736809264424306
2429,0.11024963763136811,0.4073089287152295
2430,0.11020952520158535,0.40736021362468694
2431,0.11017357214202053,0.4072935774036172
2432,0.1101444944030658,0.4072408287347308
2433,0.11011484319275051,0.40727794455204896
2434,0.11008789357716169,0.40725209706145454
2435,0.11004439299889093,0.40733763242855103
2436,0.11000264872905342,0.4073314725007862
2437,0.1099628976859659,0.4073048042286102
2438,0.10993572342095077,0.40733093659706343
2439,0.10989775530490466,0.4073702806889129
2440,0.10985732992124336,0.40743193100068564
2441,0.10982650744115785,0.40746049178841404
2442,0.10978941689164666,0.40757690061335616
2443,0.10976293787108536,0.40765790801834634
2444,0.1097241008684587,0.40771938685858444
2445,0.10968809825691922,0.4077178308187954
2446,0.10965997074069177,0.4078135537009488
2447,0.10961855151645043,0.4077857808587174
2448,0.10958978130763884,0.40768167896355767
2449,0.10955468216376318,0.40764509420309614
2450,0.10952083225622615,0.4076812295167573
2451,0.10948276681085775,0.40765882309999085
2452,0.10944541052878315,0.407664458755826
2453,0.10940868983466542,0.4076614916243687
2454,0.1093782862493275,0.40767725922892195
2455,0.10932937226850616,0.40766459802641575
2456,0.10928533102792967,0.40761797649975834
2457,0.10924782002597701,0.40756543397485273
2458,0.10920769403662889,0.4075026467267402
2459,0.10917538125300656,0.4075245040180947
2460,0.10913727920473944,0.40754853492379095
2461,0.10910022241163059,0.4075575623477568
2462,0.10906964190504036,0.4076311244475873
2463,0.10903284381135994,0.40758800112764726
2464,0.10899482695755655,0.4075987421098454
2465,0.10896280631841256,0.4076071162661319
2466,0.10892588597151226,0.4076647006131271
2467,0.10889530312573378,0.4076349369615474
2468,0.1088673096263371,0.40764928804416645
2469,0.10882368718919912,0.4076529633362251
2470,0.10878913043232165,0.40767325701752866
