epoch,train_loss,val_loss
1,0.9662133228558107,0.9776830280589275
2,0.934276686039228,0.9513131520592809
3,0.9044833948817075,0.9253373880220654
4,0.8782452334309827,0.902000157257821
5,0.8541105763783932,0.8802827593302314
6,0.8309520095314517,0.8601426448966755
7,0.8064781994384052,0.8378680955896061
8,0.7859054146882494,0.8204392694402232
9,0.7655666667230536,0.8037246950424235
10,0.7479594777231532,0.790065166304621
11,0.7309091152341668,0.7756056478745106
12,0.7155261632067998,0.7635121668919147
13,0.6999362114964598,0.7500107335489357
14,0.6864848986770623,0.7394570777794089
15,0.6734168243769688,0.7286086046160182
16,0.6609304811630116,0.7184254526968605
17,0.6487572909012731,0.7088988235666662
18,0.6365958622970036,0.6980973121195024
19,0.6268304153980545,0.6914103658890681
20,0.6158389249922321,0.6840431257217958
21,0.6064025723103189,0.6770460240184127
22,0.597336275129339,0.6696295081794337
23,0.5880714660238727,0.663047904097295
24,0.5801341894742098,0.6575571703906555
25,0.5722174235232916,0.6516473353411064
26,0.5652633475149574,0.6477657752841922
27,0.5567374158636704,0.6409453742058493
28,0.5500921946837898,0.6367418047906754
29,0.5426659622662611,0.6318726895344267
30,0.5368234986401539,0.6290196963994946
31,0.5301852853596157,0.6254928761901345
32,0.5236452966065996,0.6210362474843755
33,0.5177329234583802,0.6176243144452969
34,0.5120464836494397,0.6137960162235797
35,0.50579596982442,0.6097272339543024
36,0.5002362205673905,0.6063119129135662
37,0.4953973547296643,0.6044385920197285
38,0.4903352234711821,0.6016171154775786
39,0.48536149548208063,0.5991964928378609
40,0.4802594647500932,0.596175445595787
41,0.4754572930857093,0.5946311905242702
42,0.470489714623158,0.5914359529556035
43,0.466226788057982,0.5902960419125168
44,0.46181650392741136,0.5872514328899889
45,0.45712129475441043,0.585380382230432
46,0.4526457271565436,0.5829036555314678
47,0.44865816676052267,0.5805375448158638
48,0.44463179368835487,0.5784914125376142
49,0.44050524506713473,0.5768580505198
50,0.4368203494836591,0.5753242844165698
51,0.43303036562892816,0.5740879107267085
52,0.42918703878029585,0.5723239056020003
53,0.4256815934732685,0.5714810377199145
54,0.42182136514156304,0.5692778447338807
55,0.418289439641866,0.5676778880722292
56,0.41444547734677906,0.5658784433457185
57,0.41105399247837476,0.5640283130093735
58,0.4075312878082247,0.562551014253845
59,0.4041820155865515,0.561698100704805
60,0.40087424833806357,0.560776922844681
61,0.3974827770261464,0.5595058712980372
62,0.3944127449253652,0.5585073413772954
63,0.3911318413508884,0.5567171361362322
64,0.3880657267395215,0.5555157443215903
65,0.38507234029819826,0.5554330284458225
66,0.3822644198491075,0.5547749294686305
67,0.3793047749785365,0.5533673115722008
68,0.3763785485268863,0.5526805470319921
69,0.3734831769685566,0.5513724983005149
70,0.37068095639451176,0.5504958397368781
71,0.3679727665533995,0.5492653045069221
72,0.36498739630315163,0.5476341688934171
73,0.361815328850581,0.5461649333918424
74,0.3587573960676888,0.5448739298095455
75,0.3561834491971281,0.543643014345918
76,0.3534670923242926,0.5423348688854098
77,0.35087061694167326,0.5415970900654958
78,0.34818837524456503,0.5404930638305403
79,0.34557636627647387,0.5394445688016773
80,0.34293081161734634,0.5385816728913617
81,0.3405287575474744,0.5377914396013164
82,0.3378379830303705,0.5360437065363481
83,0.3353249575070746,0.5357024443717537
84,0.3329256347681166,0.5348357201245315
85,0.33041956356024055,0.5342616713292988
86,0.32789521787221426,0.5335673735209538
87,0.3255415009214548,0.533482160346976
88,0.3229364236873894,0.5322519912158907
89,0.32064014444024674,0.530860414150395
90,0.3181272163215927,0.529756163498814
91,0.3158849650821289,0.5289525012032444
92,0.31370797245591114,0.5281888535420086
93,0.3115596266655155,0.527991882542204
94,0.30945043032997305,0.5271099881705344
95,0.3071853135067957,0.5267473999220185
96,0.3050849790889645,0.5264323502898861
97,0.3031452304912052,0.525934324364439
98,0.30084487478529265,0.5251260641763431
99,0.29879621795330646,0.5242241688434592
100,0.2965644629997517,0.5237639078169747
101,0.2945465491347651,0.5228015585850773
102,0.29260485838227884,0.5219470334681521
103,0.29045589409579986,0.521493022957823
104,0.2886039691743605,0.5208986049176779
105,0.2865631086987118,0.5203027294441396
106,0.2846540696166287,0.5200839290900551
107,0.28273398860708787,0.5192750147418196
108,0.2807758652027129,0.5189368602741008
109,0.2788397355565372,0.5179521437220267
110,0.27686749547489387,0.5175586185126458
111,0.2747853943118699,0.516431777415155
112,0.27294210219371384,0.5159598889386727
113,0.2711236798097984,0.5155276274881712
114,0.2693562277685358,0.5148099021382488
115,0.2674869988441315,0.5139343459495609
116,0.26575611351413553,0.5130823797114296
117,0.264095388847294,0.5130653743485367
118,0.2623583379081149,0.5123759078625638
119,0.26056032131716256,0.5116942004633621
120,0.25882994724140024,0.5110429569784086
121,0.2570821439651235,0.51039426689527
122,0.2553896895827929,0.5100693129571643
123,0.2538034952402181,0.5098711007205003
124,0.2520750752394979,0.5094183814590241
125,0.2503512255753966,0.5082933768458759
126,0.24881800122391048,0.507915656536214
127,0.24724293776064626,0.5079065173670229
128,0.24573860129022446,0.5074571771886862
129,0.24407366083841198,0.5068808552192123
130,0.24246685578417254,0.5065535677810518
131,0.24095312430717625,0.5060585662198258
132,0.23948010628403457,0.5061324203224558
133,0.23796088850240052,0.5053850105297669
134,0.23645688335665302,0.5050529233305123
135,0.23496338034618536,0.5046394020428263
136,0.23349823924118118,0.5040276649420129
137,0.23208847175027303,0.5031168492072977
138,0.23048266479326213,0.5019367738453953
139,0.22905924009241055,0.5011574883706833
140,0.22751191329109557,0.5007803506913376
141,0.22611207812355777,0.5005703698788395
142,0.22470491267685425,0.500056855950122
143,0.22325029721781894,0.49937566703465786
144,0.2219409226850801,0.49891688269307577
145,0.22058829462240465,0.49874230142753906
146,0.21914025532453552,0.4979358633926129
147,0.21781661040187872,0.49747560732350093
148,0.216460475552193,0.49736223278687886
149,0.2150767819199863,0.49698661487580975
150,0.2136792247679388,0.49657349347247753
151,0.21223187304690325,0.49597465016373793
152,0.21091239429180844,0.4951574577100522
153,0.20956735943275995,0.49517376616012065
154,0.20829499284863506,0.4947799109021648
155,0.2070833186434951,0.4942580175033619
156,0.20570933704712746,0.49374178251413875
157,0.20453705023610855,0.4935052052343825
158,0.20332710336738205,0.4938157268214522
159,0.2019507248817768,0.4928303943514285
160,0.20072142745468274,0.4921433082630023
161,0.19944314936600413,0.49222483746729034
162,0.19833715907821278,0.4919008782443984
163,0.19715328615402183,0.4918253670950819
164,0.19596746751993166,0.49119241348332005
165,0.19478808894141805,0.4907515293905874
166,0.19353479221000458,0.4905733812197626
167,0.19237920575329454,0.4905601007421763
168,0.19123725083840287,0.49015431839087087
169,0.19013591079243675,0.4897008289817938
170,0.18893818495865036,0.48956401152472345
171,0.1878297041033241,0.4893033144549973
172,0.18672234126850254,0.48956173380285334
173,0.18554997396349338,0.4893169552955872
174,0.18435828948934938,0.48921988267659317
175,0.18326767854625048,0.48889524566626713
176,0.18218975993152528,0.48854878877807684
177,0.18109239995915505,0.48802712259713366
178,0.1799981163518663,0.48762008334398355
179,0.17893205562900688,0.48735678628695056
180,0.17784710202818305,0.486784235529244
181,0.17680061757279128,0.48671128609104164
182,0.17570866446835523,0.486253063137376
183,0.17463069683124202,0.48606559707312297
184,0.1735622926672967,0.48561318250887375
185,0.17247690573668445,0.48541515233834076
186,0.17157781376028766,0.4851106343049439
187,0.17058485092545286,0.48465865903790745
188,0.1695766405397904,0.4843737259442452
189,0.16865252842077216,0.4839109620955592
190,0.16760323882788464,0.4835103619059977
191,0.16661827762533435,0.4828627720336864
192,0.16560429294556547,0.48247070642727674
193,0.1646260342760711,0.48235782292958274
194,0.1636831596576069,0.4819355079790994
195,0.1627805438909227,0.4816041485257048
196,0.16182912475157774,0.481062446481802
197,0.16094011979619752,0.48053188548830755
198,0.15996521792560914,0.48027176391169174
199,0.15912793293189567,0.4802034515155081
200,0.1581688212717049,0.4800139917287447
201,0.15721245802123002,0.47973563806834985
202,0.1562638175181667,0.4795436539383669
203,0.15539703695741713,0.4791493573264225
204,0.15459475093663053,0.4790423686762492
205,0.1537180800913301,0.4791331088333049
206,0.1528295021487312,0.47905434106700384
207,0.15201290149116972,0.4791141177977013
208,0.1511842796779645,0.4792444138984881
209,0.15038708608186638,0.4790245623032355
210,0.14955139938592962,0.47871845486335546
211,0.14867367774455365,0.47860978284763434
212,0.14780203287849664,0.4781801120172098
213,0.14703456356279915,0.4780704966737327
214,0.14619178481565462,0.477785772094251
215,0.14536595898465848,0.4774492209808638
216,0.14449079539477533,0.47726048211174527
217,0.14368816063834852,0.4770592642694233
218,0.14286252062582563,0.4769622231907066
219,0.14206550457307382,0.4770137264061869
220,0.1412872614881177,0.4767341035768964
221,0.14049883148188275,0.47607506386457804
222,0.13972219786685658,0.4756716057494373
223,0.13898869658722351,0.4751403411038314
224,0.1382696305517162,0.47488125556441385
225,0.13746341275385981,0.474559751256658
226,0.13678881102589005,0.4744433759551551
227,0.13604510831002556,0.47438640905305757
228,0.13527416771453987,0.4740542176059766
229,0.1344890931785222,0.4737876933927171
230,0.13374215980255422,0.47355714931956155
231,0.1330005577956739,0.47311655849350215
232,0.1322062561799065,0.4730264698698478
233,0.13151165191335332,0.4728322998477681
234,0.13081119218748802,0.4729746886571037
235,0.1300648380490194,0.47279706705036334
236,0.1293746703027882,0.47268864631770574
237,0.12866027130218122,0.4724226633629197
238,0.12797282665164883,0.4723997771232989
239,0.12729885863037876,0.47244395227856045
240,0.12658083450183535,0.4724143253082338
241,0.12590401543483357,0.4720287062482929
242,0.1251686669882891,0.4718603779969956
243,0.12449151282180472,0.4716680378429189
244,0.12384120091217161,0.47137539750647417
245,0.12320199268030488,0.47132921746398654
246,0.12254829301137336,0.47105686513130157
247,0.12188047468643716,0.47100959090174765
248,0.12119043664218684,0.4704911878421805
249,0.12049798020213633,0.470266656712299
250,0.11981956731112227,0.46991936105955345
251,0.11919103579010895,0.4699084765644732
252,0.1185435817602725,0.4696899322466187
253,0.1178976937991663,0.4692880916836218
254,0.11724018681380177,0.46916162120527266
255,0.11653796573457458,0.4688989350246007
256,0.11593005526083995,0.4685620799400065
257,0.1152953057627976,0.4684331729695859
258,0.11463655972333966,0.46837560633466424
259,0.11396073984190876,0.4681943952713869
260,0.11331712976013097,0.4679891957071296
261,0.11268938564843295,0.46780753818479404
262,0.11204159500851613,0.4676804243603394
263,0.11147918647394864,0.46749400248470846
264,0.11087151065129605,0.4673774979775731
265,0.11028075194848688,0.46707827369060545
266,0.109683218661577,0.46680711168998745
267,0.10910985047401171,0.4668702560489851
268,0.10849681436903533,0.4667427929017215
269,0.10792569122195243,0.46656243065922437
270,0.10732429118094806,0.4663362849830426
271,0.10677337030388404,0.466477898422089
272,0.10618841037902765,0.46645845080181764
273,0.10564262012921473,0.4664180083554132
274,0.10513102634163188,0.4663134810202439
275,0.10452783450384294,0.4661257888737781
276,0.10395354703800236,0.46618088113315614
277,0.10342063764156541,0.4659430262954388
278,0.1028428786778181,0.4657566196168641
279,0.10229522276362699,0.4654568097367882
280,0.10178483288442391,0.4656978464347371
281,0.10122910849867503,0.46554257670944604
282,0.10070872129073621,0.465472802311717
283,0.10018157769750273,0.46553935022655624
284,0.09967469306687957,0.4655172848560624
285,0.09914233199621172,0.46532711377504093
286,0.09866581828353871,0.46530676479172256
287,0.09817367474964726,0.4652481365771519
288,0.09767800124063315,0.4651659817590347
289,0.09713707781377945,0.46510593026970526
290,0.09661178849123324,0.46497111164307114
291,0.09614453617240394,0.4648804186848799
292,0.09568220481528524,0.4645970665021044
293,0.09518694401698852,0.4644145637861556
294,0.0946918203101371,0.46451266550221415
295,0.09421170405062575,0.4646038862203874
296,0.09370675311369937,0.46456583783455435
297,0.09325501837512226,0.46448193971780544
298,0.09278808913900179,0.4641877469645883
299,0.09228307157648259,0.4642025039814568
300,0.09182310448699733,0.46401019562973816
301,0.0913974270505547,0.46397817305613487
302,0.09090941607759995,0.46393917924258027
303,0.09044098487042644,0.4637983285637915
304,0.08995568654337122,0.4636645605518623
305,0.08947544028325544,0.4634493831741127
306,0.08900285999535569,0.4634524853695507
307,0.08853371617609929,0.4633653360501794
308,0.0880919515373885,0.46326279949575405
309,0.08765638603083488,0.4629954180545332
310,0.08721063149501525,0.4630730656437854
311,0.08671822488113186,0.4628260139572885
312,0.08633620678515355,0.4626880611358754
313,0.08589435817075933,0.4627298127205711
314,0.08544684940564502,0.46255600593673724
315,0.08498649600079657,0.4623575403388403
316,0.08456032249181691,0.4621924673840242
317,0.08410187663965527,0.46207796570900095
318,0.0836970156283555,0.46193595484962197
319,0.08327625301192826,0.461812807896326
320,0.08287257965740516,0.461756712609615
321,0.0824358875068326,0.4617751581968545
322,0.08195877198245219,0.4616441220945709
323,0.08154671521616363,0.4612727640809536
324,0.08116582665908963,0.46132548546838487
325,0.0807350995886542,0.46121545314015266
326,0.08031044267593983,0.4608718968263786
327,0.07990264452707524,0.4607719717528569
328,0.07950790157264113,0.4607095689398679
329,0.07908550347651028,0.4607310138561492
330,0.07869205545410254,0.46077692821310245
331,0.07830544898620698,0.46065425982246266
332,0.07789143819678751,0.4606315471771912
333,0.07751902766477017,0.4605412324776868
334,0.07714871429790551,0.460805241134394
335,0.0767464217457813,0.46085801264369786
336,0.0763398109278308,0.4606624896242881
337,0.07594912900919787,0.46058272185740345
338,0.07556243143012367,0.4608884593034109
339,0.07518324310396178,0.46079644005288295
340,0.07477071547640995,0.46069763644194306
341,0.07439109494398992,0.46072946371540174
342,0.074022893244048,0.4606816047058034
343,0.07364227739244998,0.460535328106187
344,0.07327148942652047,0.4604445541878496
345,0.07289418333420848,0.46037928916264903
346,0.07253435846695039,0.46043951452402554
347,0.07217919732336084,0.46037593075033983
348,0.0718310277536157,0.4603031360054411
349,0.07150011360338064,0.46053377811805246
350,0.07113046755828759,0.46046940033422334
351,0.07078843506352694,0.46027804828487623
352,0.07044111061530219,0.46033394034792624
353,0.07006034193508565,0.46023660898489815
354,0.06968718960691365,0.4601960645188948
355,0.0693223747068947,0.46029562425100995
356,0.06896146457843282,0.4602497953975875
357,0.06861622233093276,0.4601616272501068
358,0.06830257466390156,0.46016371274870543
359,0.06796053017928086,0.46026126603930256
360,0.06763164203063789,0.46022791438659877
361,0.06728987654149954,0.46013787962908603
362,0.06692881907494087,0.4600767215350671
363,0.06663046862013919,0.459913956749989
364,0.06630614778800648,0.4599249477690124
365,0.06597545677433495,0.45990206325101884
366,0.06567635468897864,0.45982482124529017
367,0.06534516876777546,0.45980871907313814
368,0.06504427532984088,0.4599519606677309
369,0.06471713940024469,0.45970558750023655
370,0.06438537629483339,0.4596094414202492
371,0.06406404770560246,0.45957755653219123
372,0.06376250688399415,0.4595494137406898
373,0.06344499082407676,0.45951976220264307
374,0.06312687647406932,0.45941118604251324
375,0.06283798538021494,0.4594387138562462
376,0.06253034512539749,0.45939307162946125
377,0.062214038738279014,0.4594094417793212
378,0.06190044487812314,0.45927758234591837
379,0.06162593127390636,0.45931491007800973
380,0.06130558828289825,0.4593961087061185
381,0.06100324539365402,0.4593434943851856
382,0.06069261532601882,0.4593264617616227
383,0.06038782952833603,0.45923993922976764
384,0.06011078365917829,0.45908044116900193
385,0.05978238078534764,0.45917641559427064
386,0.059498694687335436,0.4591456073560642
387,0.05919858762406714,0.45922121606317917
388,0.058912136471139694,0.4593007780629938
389,0.058640038581456624,0.45920323759921855
390,0.058365780138681704,0.4592759824454132
391,0.058082742860206,0.45927965863507436
392,0.05778621795949761,0.4590540286394357
393,0.05752025143261951,0.4590339099497704
394,0.05724624628619066,0.45894286348333174
395,0.05696121152488884,0.45880848596704055
396,0.0566799747756829,0.4589127355489084
397,0.05641884812941182,0.4588324386226957
398,0.0561742825357815,0.4588073653398382
399,0.055892391192471566,0.4588956488941027
400,0.05559772764795778,0.45862230112735974
401,0.05534394558268745,0.4584435366793885
402,0.05510257662220896,0.4584604695300744
403,0.054843930815795555,0.45843574141541543
404,0.054567682893668944,0.458293232531847
405,0.054317590592946254,0.45825630809240137
406,0.05403302791692303,0.45821269463684416
407,0.05378628522712128,0.4580256071835893
408,0.05354230938481419,0.4579293960306398
409,0.053289630420806505,0.4578159858868192
410,0.053032513442817654,0.45780534915422383
411,0.05277507691718054,0.45781457349165267
412,0.05250767242131585,0.45764308934289805
413,0.052265586301429544,0.45750870953276007
414,0.051995196680794394,0.45732160190872506
415,0.05173043182892243,0.4571786390837484
416,0.05149873756284406,0.4572243609514979
417,0.051243519267792206,0.45710466787888054
418,0.050989842043903,0.4570380860246511
419,0.05074445930412589,0.4569415914754567
420,0.050512531736543874,0.45700146218024446
421,0.05024140004583439,0.4568847117684523
422,0.05000149221986295,0.4569301781760652
423,0.04974438514896826,0.4567407019837118
424,0.04950837785014554,0.45666908932886047
425,0.049286262934110384,0.4565532751801687
426,0.049052975953372685,0.4564374690267507
427,0.048802580691023244,0.45633123635360867
428,0.04859671966262004,0.45638173001896554
429,0.04837648880104285,0.45627509819746614
430,0.04812924132487364,0.4560652606892784
431,0.04788103869589049,0.4561199265423041
432,0.047648080258239855,0.45597453975428537
433,0.047419358343959044,0.45585184057111905
434,0.047179017531760195,0.4558927136805908
435,0.04693766137754669,0.4559304158285463
436,0.0466975281648834,0.45575524916943155
437,0.04648727960548532,0.4556671336377097
438,0.04626034982255391,0.45557913168098724
439,0.046049430939426046,0.45553900883912224
440,0.04581958856997657,0.45532560848409714
441,0.04559730812644028,0.4552794485278652
442,0.04537798180207596,0.45514316036105557
443,0.04515819492368724,0.4551659212089093
444,0.0449610299116769,0.4550780631766367
445,0.04476615487203027,0.4550074858699295
446,0.04455723227000095,0.45490958103201307
447,0.044347936860453435,0.454818475103692
448,0.04411595937560912,0.4548402762785383
449,0.043885628391963354,0.45479076090591725
450,0.0436835694874671,0.45462634423951875
451,0.04347492654369366,0.4546696578016626
452,0.04327280256047158,0.4547286264062178
453,0.04306404645979596,0.4545482504426654
454,0.04285641268034945,0.454525003395419
455,0.0426599690646551,0.4544052740756459
456,0.04246925521064188,0.4542666314281565
457,0.04226782165528051,0.4542159565879809
458,0.042072296534547714,0.4541175027299049
459,0.04186856509646863,0.45406467962856273
460,0.04167563201170111,0.45403446813691584
461,0.04148046698594987,0.4540323197702577
462,0.04127887845046667,0.45393222219774626
463,0.041077547392309524,0.45388099191749853
464,0.040869993419453805,0.45382018687876474
465,0.04065877162314718,0.4536929082099135
466,0.04046722278178581,0.4538245168143269
467,0.040278572066862355,0.45389757301643735
468,0.040084853853086945,0.45382774828703404
469,0.039878478166325664,0.4536596284607886
470,0.039701628874485,0.4535618668772792
471,0.03951811354167495,0.45355573143236994
472,0.039332489468438654,0.4534773961886662
473,0.039134816119043556,0.45357415410526614
474,0.03894616327226889,0.45349843469442325
475,0.03877887044274724,0.45346399747540106
476,0.038587782963787086,0.4533796224811569
477,0.038387681448003634,0.45343973278308386
478,0.03821129154896876,0.45349231408160173
479,0.038032777698355225,0.4535534495844393
480,0.03785733693910378,0.45368356996507014
481,0.0376693646210098,0.45371748343662965
482,0.0374912138323332,0.4536225618160348
483,0.03730695479883641,0.4536468675171155
484,0.03712588666991106,0.45359161762075617
485,0.03694932229561496,0.45363208478401434
486,0.03678465185117283,0.4535570302338341
487,0.0366113939226289,0.4534744365150185
488,0.036442154277014874,0.45358506664260717
489,0.03627087722428288,0.45344680374457036
490,0.036102513193726433,0.45350676208876084
491,0.035938647770833894,0.45338075333541167
492,0.03577411502094816,0.45334715025659494
493,0.03562465475308577,0.4532696807137257
494,0.035459042447256346,0.4533837246289116
495,0.035290989956328754,0.4533908816116698
496,0.03511223351003522,0.45330283384591835
497,0.0349632614021199,0.45328830544994003
498,0.03480192043944334,0.453200216452889
499,0.034633009582381545,0.45312265918069466
500,0.03446883576728288,0.4530500288178627
501,0.03430527872446453,0.45313236728056044
502,0.03414131706377724,0.4529876121182717
503,0.0339958367258293,0.45305163822466715
504,0.033823139453032156,0.4528399072904811
505,0.03366226670542181,0.4527529844148321
506,0.03350421812806184,0.4527084539204362
507,0.03333709713676684,0.45253788391687405
508,0.0331665650231306,0.4525446573186092
509,0.03299918495989232,0.45244991483680186
510,0.03284301413388968,0.45232889702006446
511,0.03266883493594647,0.4521792386198917
512,0.03251733152349557,0.45217438092832946
513,0.03237304529633932,0.4522164523311781
514,0.032224445778280215,0.45226782117627073
515,0.0320861647310802,0.4522636397461581
516,0.03194724983060407,0.4522598128078197
517,0.03179438306529555,0.45233902419695093
518,0.031644152593329804,0.45242682005383106
519,0.031491667865734874,0.45230833643679086
520,0.03134857005754941,0.4522870499289785
521,0.031210226117943298,0.45224183536566304
522,0.031077341032878788,0.4521312723073576
523,0.030940211728996164,0.4521355223096982
524,0.030800418061856762,0.4522331754960932
525,0.030662505543453514,0.4521409288859819
526,0.030512266017662763,0.45205015105522595
527,0.030364651749939242,0.4520885245988107
528,0.030227833360859498,0.4520632093410507
529,0.03009524302357858,0.4521485698907907
530,0.029967201589239018,0.45208954637914817
531,0.02983724112899014,0.4521094267394002
532,0.029689382436316983,0.4520588659811247
533,0.029530677396099266,0.45208139944949904
534,0.029381561647429832,0.45203686748525657
535,0.029253388769798754,0.45197754865930206
536,0.029118809437446755,0.4520060259936006
537,0.028998137307354257,0.4519137688371026
538,0.02887832381084591,0.4517748027474192
539,0.02876269528594563,0.4518285909474214
540,0.028639786584624807,0.4518805530677072
541,0.028510977895923897,0.4519411133039776
542,0.028379732077710617,0.45186019592705373
543,0.02823921734605798,0.45186083038148445
544,0.028119930886734406,0.45184999682732346
545,0.027992740500459596,0.45185554060792965
546,0.02785945912425904,0.4519441315289103
547,0.027730380874006307,0.4519402338691588
548,0.02760681510966393,0.45208225699646637
549,0.02749197539462751,0.4519908214029907
550,0.027360507923785877,0.45202665963408034
551,0.027240685929137254,0.45191555291289454
552,0.027113392774120802,0.45192454415234334
553,0.02699880066170722,0.45188301512816964
554,0.026865010361066786,0.4520171370260635
555,0.026736247890815995,0.45194758709319055
556,0.026616468941010128,0.45192909846291557
557,0.02648735480368676,0.4519687744256651
558,0.026364100788159938,0.45190806649938836
559,0.02624901421430872,0.45191050485798173
560,0.026132343558236588,0.45191375040228593
561,0.026027080096618856,0.4518924040280393
562,0.025921136608564196,0.4518134771336126
563,0.025811438702024167,0.45173932764432767
564,0.0256958980565844,0.4515791134529138
565,0.025585626278770673,0.451569390209599
566,0.02547102966957524,0.45158248639707915
567,0.025342007844804653,0.4515355567096017
568,0.025217875834466028,0.45152911375050997
569,0.025087473061625006,0.45154463471094075
570,0.024967400577571155,0.4514584951735593
571,0.024845859682721898,0.45147276568237954
572,0.024729607148915787,0.45145166752944316
573,0.024602377187819234,0.45139736873344477
574,0.02447844982798891,0.4513355223378282
575,0.024373196390093516,0.4513357717704796
576,0.024259829985202142,0.45130955145684215
577,0.024151472668464666,0.4512343402837499
578,0.02403879000858885,0.4511710430472517
579,0.023924121763274252,0.45114659033370075
580,0.023820587702411317,0.45124366877692995
581,0.023719051489584357,0.4512085274614105
582,0.023610087771495848,0.4511945173823324
583,0.023503730341556478,0.45118214718518795
584,0.023390223756801866,0.45119094058756665
585,0.023280247713125073,0.45114327509125485
586,0.023167945544836317,0.4510858973292301
587,0.023067039705769173,0.45117288483623946
588,0.02295702180967327,0.45114906852151443
589,0.022868618175042897,0.4511575958808605
590,0.02277412388709063,0.45111089143146355
591,0.022666806686758988,0.45112419870057335
592,0.022559961174472565,0.450999064209832
593,0.022455008800939636,0.4510814865005396
594,0.022347574209867348,0.4510878272672525
595,0.02224952420454238,0.45103380851890906
596,0.022156682671768773,0.45102177657058545
597,0.02206489226253411,0.4509477895755855
598,0.021971252089557247,0.4508784695696289
599,0.021871820107941017,0.45084361726997063
600,0.021777423275107448,0.45077056106924684
601,0.021678676463905384,0.45075926683062656
602,0.02157901325553258,0.4507101958954086
603,0.021490508597623113,0.4507200508189225
604,0.02138537388331344,0.45068108835975557
605,0.021289204696513797,0.4506186066687968
606,0.02119940869405271,0.45058172342278385
607,0.02111334746981713,0.45052164493576097
608,0.021014493435508527,0.4505251541631323
609,0.020918738959792828,0.4505118547510931
610,0.02082015033515546,0.4505617715876007
611,0.020725573093009476,0.4505169760137333
612,0.02062733172868768,0.4504271727077074
613,0.020539843306251634,0.45047892824956326
614,0.020441559918810685,0.45035071872150756
615,0.02035001227740723,0.4503820956944377
616,0.020256770377034064,0.45040664826539556
617,0.020164947803451932,0.450441400602321
618,0.020075451939843888,0.4504001144252122
619,0.019985709094902056,0.4503625402850957
620,0.019897404515202558,0.45033127560592817
621,0.01980816075468256,0.4502795771806375
622,0.019725551454765747,0.4503011699448666
623,0.019639853892198203,0.45018532385355375
624,0.01955397931313914,0.45019034034581423
625,0.019465619707818394,0.4502220617828817
626,0.019379027272118522,0.4501914961513365
627,0.01929214441832877,0.4501281536225651
628,0.019199163892409613,0.45010018277821434
629,0.019113012598505497,0.4500264329090392
630,0.019023210905237925,0.44991757797615334
631,0.018946652622170858,0.44990960666782404
632,0.01886210273248377,0.44984515216848076
633,0.01877811714226839,0.44983695744933083
634,0.0186930253290026,0.44986959307659163
635,0.018605977179536562,0.44992244063530273
636,0.01852140706589015,0.44989902168471174
637,0.01843355004246954,0.4499079024086475
638,0.018346415490573705,0.4499228435201957
639,0.018264230583722126,0.449986357617049
640,0.018187958957767137,0.44988499561919776
641,0.018104926322237713,0.44986393646458683
642,0.018018700125088556,0.44988140484615546
643,0.01793724229062129,0.4499068487345077
644,0.01785052217114071,0.44988868084669414
645,0.01777350410926066,0.44986898607563397
646,0.01769750864501766,0.4498530899156786
647,0.017623581968978813,0.4498254041316943
648,0.017543514077683058,0.44986887726063723
649,0.017465760199975817,0.44984603789892935
650,0.017385883495561433,0.4498575689603161
651,0.017308836750726368,0.44985188267820436
652,0.017233123290258324,0.4498493470306523
653,0.017157030514490048,0.4498268658267855
654,0.017082833984683972,0.44971737316747773
655,0.017013129553718566,0.44970517980314156
656,0.016929510357200143,0.4496094187832775
657,0.01685273985760529,0.44959289382539463
658,0.016782461295091276,0.4495962085786363
659,0.016712627508364223,0.4495478391329794
660,0.016643611777962593,0.44957121694935426
661,0.016573846527444702,0.4495028669465995
662,0.01650288656884363,0.4494117571342829
663,0.01642264223293938,0.4493507686542074
664,0.016344882796154665,0.4492466774309951
665,0.016280316902040085,0.4492663605307333
666,0.016204590697010766,0.4492902685066036
667,0.016132538586702005,0.44927029134643626
668,0.016063234137304323,0.44932509282196076
669,0.015990684247618535,0.4493461190660008
670,0.015913568303870692,0.4492728074780955
671,0.015837787008480684,0.44925177089848944
672,0.01575830796521019,0.4490667583804767
673,0.015688681993274493,0.44905918307289244
674,0.015620680171572683,0.4490770875189423
675,0.01555676400701463,0.44901980208511344
676,0.015481348605932435,0.44899601663809413
677,0.015404382407961853,0.4490323775086924
678,0.015335197400755935,0.44903701753549174
679,0.01526108154604445,0.44898588978908927
680,0.01519940710281034,0.4489804170280579
681,0.015122077666294956,0.4489338915866632
682,0.015055577641594535,0.44893742435523026
683,0.014996878008474226,0.4489645060721788
684,0.014920447186755288,0.44900089065535104
685,0.014853725133161334,0.44898336449980825
686,0.01478787845325807,0.4489801526926358
687,0.01473149328499544,0.4490105666663376
688,0.01467112092874113,0.44898807555174985
689,0.014603842126536835,0.4489477797693213
690,0.014537649760486037,0.4490256597626584
691,0.014473879564507934,0.4489947930683348
692,0.014408920259102759,0.4489501302283558
693,0.014349991813348265,0.4488645782209592
694,0.01428934184378616,0.4488227154393954
695,0.014235368213079053,0.44881820033229186
696,0.014174635018106625,0.44880053851792107
697,0.01411202136759416,0.44873024409573126
698,0.01404634231794277,0.4486890927049842
699,0.013985718390750126,0.4486205910980478
700,0.013923415223825597,0.44865527444964814
701,0.013869762199099871,0.4486522721510464
702,0.013812587547894214,0.448675782544104
703,0.013744550428883149,0.448562371783036
704,0.013683327258242171,0.4485872443568396
705,0.013624791905331423,0.4485542121489962
706,0.01356330631727678,0.4485141466676687
707,0.013501397849721559,0.4484574955526744
708,0.01343922411539066,0.4483540950369107
709,0.013378394528976174,0.44840826055491245
710,0.01331606558503852,0.4483713391790304
711,0.013262162215204116,0.4483502270505884
712,0.013209726430604979,0.44828630475296466
713,0.013146369713371091,0.44819333921685206
714,0.013083197404796134,0.4482248093991693
715,0.013023601764309325,0.44821287948224803
716,0.012963365962764812,0.4481103571934686
717,0.012907711769746763,0.44811771956096386
718,0.012856847161850326,0.44803654141868743
719,0.012802806725426977,0.4480620382047392
720,0.01274491766155773,0.4480721165940052
721,0.012692224843962362,0.44807172577027377
722,0.012638433963870327,0.44810379226687735
723,0.012576565578015233,0.44800563459083814
724,0.012513104829230438,0.44798077133829756
725,0.012454657402676097,0.44797471399341193
726,0.012397048967890905,0.44798658862253465
727,0.012339292810952113,0.4479926179838101
728,0.012282353225848837,0.44792638920862315
729,0.012227983886487511,0.4479185121372598
730,0.012170567411342427,0.44796368810363324
731,0.01212287536794653,0.44793812670573036
732,0.012072192628620979,0.44793085604983635
733,0.012020511561356672,0.44791495581530794
734,0.01196703089095934,0.4479558143882562
735,0.011913712783976982,0.4480028555972664
736,0.01186114935681195,0.4480821822275236
737,0.011810407645627732,0.4480255809784501
738,0.011765980766491319,0.4480096568380871
739,0.011713233811528128,0.448030850113521
740,0.011661466309826308,0.44798071888944657
741,0.011607302894292203,0.4479332398364837
742,0.01155853675364051,0.4479559918280881
743,0.011512024455763192,0.44800001502220943
744,0.01145959963787051,0.44800654237035903
745,0.011415149586192665,0.4479509699436646
746,0.011367252501678804,0.4479501028889657
747,0.011314725420199666,0.44790573170927805
748,0.01126949998379213,0.4478916298084213
749,0.011221719530714876,0.44790897004826197
750,0.011164783763967514,0.447916840206857
751,0.011117852863942455,0.4478789406699137
752,0.011070910364015307,0.4478390586935888
753,0.011014729402458737,0.44783146780837324
754,0.010967212764454523,0.44790109833065894
755,0.010918408008068,0.4478853488477551
756,0.010868037456289103,0.4477879089374412
757,0.010826029529244297,0.44774178884147187
758,0.010774164312029771,0.4477654205125658
759,0.010730119375128262,0.447812858881335
760,0.010684586875411852,0.44777612510778536
761,0.01064073147132832,0.44775890240405136
762,0.010593257031875932,0.4477756684597425
763,0.01055281987188219,0.44777901534014486
764,0.010501895618181826,0.44780599418727834
765,0.010450838647767717,0.4477853002019486
766,0.010403034661975598,0.44781809974789594
767,0.010358939022043654,0.4477710260767306
768,0.010317274433149861,0.4477918595626128
769,0.010272716735616217,0.4478074610075868
770,0.010230499736575955,0.447807227014011
771,0.010183613023112001,0.44778986518099345
772,0.01013547937360974,0.44775374070580837
773,0.010092441489421846,0.4477521221869465
774,0.01004276133494348,0.44771805715014423
775,0.010001188475865789,0.44772776825102134
776,0.009952369495417203,0.44775906813744004
777,0.009910623816893843,0.44776759557259277
778,0.00986802926805956,0.44775379875372223
779,0.009823902666146855,0.4476821545290549
780,0.0097784817149644,0.44762634486285896
781,0.00973987532009766,0.44762909646917354
782,0.009693688709961033,0.44767531840547253
783,0.009649450295025907,0.4476544467927555
784,0.00960924354882047,0.44763300138884965
785,0.009568980821376345,0.447661369986185
786,0.00952747419779306,0.44770207476215895
787,0.009488228224906026,0.4476832411389442
788,0.009448040743289223,0.4476933420242716
789,0.009409074517625331,0.4476616546462626
790,0.009366219326371402,0.4476064802167066
791,0.009323260063591576,0.4476187300589084
792,0.009280483814261362,0.4476177301873911
793,0.009239166671438771,0.44758201142196335
794,0.00919862496970149,0.44757062154396454
795,0.009158638606123816,0.4476017960484891
796,0.009124598838752905,0.4475696190391349
797,0.009085137540553297,0.4475884560000959
798,0.009043389884515111,0.4475265503164084
799,0.009004029146054481,0.44749387160687143
800,0.008965754095914857,0.4474562166396901
801,0.00893371880246791,0.4474389085233407
802,0.008892316561799679,0.4474227530449136
803,0.008855793511198124,0.44739266067699157
804,0.008817228149029698,0.4473848608243874
805,0.00877799703911995,0.44741331462017886
806,0.008740758998605824,0.447394670498608
807,0.008701840529092956,0.44737495002205263
808,0.008666562342908246,0.4473064675671085
809,0.008627883888611125,0.44733099029253753
810,0.008591195462706657,0.4472758866550652
811,0.008552950028649205,0.4472822125353204
812,0.008513808768670592,0.44725921799611024
813,0.008475564378586967,0.4472307128969811
814,0.008431673892267132,0.44717670053605685
815,0.008395056211572313,0.44712393466304234
816,0.008359588345019875,0.4471618025253321
817,0.008321149856030729,0.44709942940609027
818,0.008285497366445606,0.4470552425726957
819,0.008251528387755423,0.44705129593704496
820,0.008219808172683578,0.44703851430985286
821,0.008182995391970704,0.44698206171308136
822,0.008148144700032514,0.44699740643351343
823,0.008115440779557491,0.44694607934672337
824,0.008083477656796404,0.44696095318860485
825,0.008045689719956475,0.4470253163811626
826,0.008008917650652998,0.4470141679760657
827,0.00797203314844882,0.4469349876919065
828,0.007939611002444582,0.446935869045605
829,0.00790339223117685,0.44695278332159527
830,0.007868533359452867,0.4469896166605559
831,0.00783526255131694,0.44699838405814074
832,0.007797548310535174,0.44701353586192266
833,0.00776177388090841,0.44704909657299524
834,0.007729923914169823,0.44704684944927875
835,0.0076957910700348135,0.44706784812783
836,0.007661629304350877,0.44712166491210964
837,0.00763029087462748,0.447107891418608
838,0.00759589063094839,0.4471465427951885
839,0.007563268304976985,0.44710665303539127
840,0.007529075665471628,0.4470459416675003
841,0.007497859670889776,0.4470322628366926
842,0.007465058982332536,0.4469887744699947
843,0.007434637409486822,0.4470085481584612
844,0.007400615422160751,0.44698326363856444
845,0.007369196061488098,0.4469756155123773
846,0.007337265953717885,0.44693197276808505
847,0.00730384128525435,0.44688510082684857
848,0.007270333566452572,0.4468489272438453
849,0.007235027967407664,0.44681804516948526
850,0.0072036809650074364,0.44684955207848975
851,0.007169242328279451,0.4468523872587367
852,0.007138452455494694,0.4468554737611312
853,0.007110453484927377,0.44685855305269523
854,0.007078545947942072,0.44684214152063484
855,0.00704833053311447,0.446846986418557
856,0.007017484069046232,0.4468623317546306
857,0.006986235101192727,0.4468328177453831
858,0.00695502181088742,0.4468173977635991
859,0.006927447224659392,0.44679450913630214
860,0.006898563294491937,0.44677244377567177
861,0.006869756649519597,0.44675216626739217
862,0.006839573492864405,0.44674949930968416
863,0.006813342930585303,0.44680181761908977
864,0.006784217522573367,0.44685523285607404
865,0.00675239017777218,0.44683185294489436
866,0.006725806807388622,0.44679213144522517
867,0.006692346082480474,0.44680251495382717
868,0.006659822024180609,0.44677808834928173
869,0.006630296367683523,0.4468389360454012
870,0.006602047561109177,0.4468698389244709
871,0.00657050855533862,0.44685848590697197
872,0.0065395570540708724,0.4468918298792203
873,0.0065134845405964165,0.44693583055100666
874,0.006482703228815929,0.44692864405944305
875,0.00645764763112295,0.4469374691712353
876,0.006427070868621968,0.4469815471810358
877,0.006398622936043259,0.4469695337944215
878,0.006370176252961185,0.4469773143507861
879,0.006340449462009939,0.44691778973808965
880,0.00631316331970038,0.44696309634313913
881,0.00628850380539301,0.4469703779670223
882,0.006261991005878578,0.44692056850786605
883,0.006238988051622151,0.44689936903857735
884,0.006212812612184559,0.44689555150035554
885,0.0061862442442364,0.44690803244285815
886,0.006157783037956874,0.4469151794767568
887,0.006132790350701713,0.44688314867608336
888,0.006102447919551557,0.44684644342935775
889,0.006075587912935361,0.44685996374101644
890,0.0060470220637844,0.4468871034362025
891,0.006019840879586656,0.4468813735917382
892,0.0059916966194258564,0.4468010352985212
893,0.005964179303678813,0.44675706052698233
894,0.005937172918296028,0.44672197314814127
895,0.005910513478806443,0.4467092309972142
896,0.005883448085061097,0.446740164050576
897,0.005859233072546871,0.4467657142660868
898,0.005834186244025858,0.44679062539840075
899,0.005810552056533275,0.4467825593013302
900,0.005788197866592511,0.44679051047123397
901,0.005762056983506882,0.44676293161816705
902,0.005740707608888361,0.44672629491022886
903,0.0057156540456263245,0.4466926110489696
904,0.005691691634043879,0.4466938828359117
905,0.005668168965975743,0.44672383961735657
906,0.005643802455244077,0.44674984676778834
907,0.0056209910957514915,0.4467615392982659
908,0.005594332349010031,0.4467504523602316
909,0.005570461802517148,0.4467714706669628
910,0.005547226867118863,0.446743251247221
911,0.005528384824497526,0.44674258928440236
912,0.0055072715392148214,0.4467437470449312
913,0.0054840872824958,0.44674043917155837
914,0.0054605436325229455,0.4466905729226621
915,0.0054387845605000425,0.44667257761325163
916,0.005417375061303761,0.4466344034054792
917,0.005394668710431341,0.4466134344051722
918,0.005373686418927676,0.4465700324508058
919,0.0053467355727979575,0.44659085737184334
920,0.005322149810855409,0.44653982738161413
921,0.005299576306143452,0.4465292347499418
922,0.0052764727381108935,0.4465313846131414
923,0.005253351167642889,0.4464894705052281
924,0.005226715664432838,0.4465090975782466
925,0.005204442313628902,0.44655635259474535
926,0.005183496977676598,0.44655895873577417
927,0.005162018197826186,0.4465473523592861
928,0.005141381006357664,0.44653696387104913
929,0.005119064088822754,0.44654712237524974
930,0.005095885241654251,0.4465532731810696
931,0.0050706816479843715,0.44654626699855
932,0.005049741414581444,0.4465678588860623
933,0.005025737876099086,0.4465729843764538
934,0.005003797492397402,0.44656579912320815
935,0.004981259163918767,0.44656970927414147
936,0.004961908590007404,0.4465345887470645
937,0.004941526304226231,0.44652908840454025
938,0.004918374414520284,0.44654125458188265
939,0.004899204539565229,0.44654642511905923
940,0.004877625899719396,0.44656717683010244
941,0.004857033244158567,0.4465809422120348
942,0.004837271503875,0.44657759587525553
943,0.004817536938868001,0.44654999353771746
944,0.004797855929688215,0.4465859645069586
945,0.004777026944667134,0.4465889370042193
946,0.004757791715854507,0.4465396547259516
947,0.004736353398380006,0.4465427307595275
948,0.004718934550454465,0.44654867090935435
949,0.004696588653275893,0.44655046583811336
950,0.004677414320012586,0.4465719729757141
951,0.004658434659531377,0.4465136264413204
952,0.004637327375887575,0.4464921638696757
953,0.00461827286124517,0.44646905627870836
954,0.0045980969991372585,0.44639802072123913
955,0.004579537022953624,0.44637653465771737
956,0.004560923560829331,0.44636263945369614
957,0.004542165335929014,0.4463290457215389
958,0.00452348879416802,0.4463424593817913
959,0.004505261537630735,0.44635232946415887
960,0.004487548530710198,0.4463591667130888
961,0.004466396941118127,0.4463792269171356
962,0.004446449875770434,0.446312372965269
963,0.004427667273474724,0.4462938826154726
964,0.0044094393305778,0.44627282474420604
965,0.004390251118362189,0.4463250671453551
966,0.004369456802706766,0.4463284130834088
967,0.004351136048173793,0.4463026381675986
968,0.0043322054480462715,0.4463003429698422
969,0.004312224647508204,0.44626943884568354
970,0.004293955782050038,0.44628216132144033
971,0.004275927234523049,0.4463284407967456
972,0.004258699742793438,0.44629014080621504
973,0.0042407902079930745,0.4463215701188218
974,0.004223705501896806,0.4462919900515704
975,0.0042037846230822086,0.4463046874462549
976,0.004186591249834028,0.4463264114798137
977,0.004168570872027276,0.44632449719256695
978,0.004152127222395269,0.4463022766864275
979,0.004134435431148155,0.44627037652750046
980,0.0041162338473768965,0.4462534782952845
981,0.004099579681098601,0.4462365945141134
982,0.004083747698729693,0.44626214265324143
983,0.004065551020678324,0.44623617053835535
984,0.004047812917762193,0.44623754132068005
985,0.004031189613027645,0.44620813291182987
986,0.004011726667632081,0.4461933536611306
987,0.003994963108391326,0.4461981582625584
988,0.003978522890824796,0.44617814132521416
989,0.003963701653692391,0.4461951320856154
990,0.00394828998161186,0.44621606434974476
991,0.003932833206677467,0.446228407160679
992,0.003914182817632427,0.4462082978118956
993,0.0038986364193779534,0.446196649280176
994,0.0038835995030306186,0.44620845980985524
995,0.003865497411774205,0.44619888535820484
996,0.003847472652793242,0.446207625419442
997,0.0038300078631890735,0.4461897802486989
998,0.0038148238175419367,0.446192201054283
999,0.0037980510800550873,0.44621026703668143
1000,0.0037817357690442437,0.446195030759753
1001,0.0037662478034351495,0.4462210753871118
1002,0.0037514765941232767,0.44620077021740023
1003,0.0037340645504517675,0.44620336370752683
1004,0.0037184066099099525,0.4462150090864024
1005,0.003702940259548328,0.44619495257293634
1006,0.0036860750193728315,0.4461748061965511
1007,0.00367030256143658,0.44621101353539877
1008,0.0036544847464466137,0.44621288389100155
1009,0.0036398679958116,0.44621163414562487
1010,0.0036248472103115213,0.44621220733906497
1011,0.0036087536342451062,0.44624601187569135
1012,0.003592018203796275,0.4462723218447373
1013,0.00357669052452311,0.44629458871273997
1014,0.003561095657420597,0.44630794052780093
1015,0.0035448465573453872,0.44629321055701987
1016,0.0035305128663333366,0.4462955344009404
1017,0.0035154792882407947,0.44627378759674846
1018,0.0035013733934187758,0.4463010010419504
1019,0.0034871736107798972,0.44627007031394844
1020,0.0034728318250002157,0.4463075686475991
1021,0.003458145752120827,0.4462928755087221
1022,0.0034436639281487146,0.4462874726322281
1023,0.003428746287249974,0.4462785118600331
1024,0.0034126267918189886,0.44629385151308276
1025,0.0033993173805723334,0.44627490466298037
1026,0.003385668875000858,0.44627912924527074
1027,0.003370744661889563,0.4462955081534284
1028,0.003355035738853498,0.4462602813286067
1029,0.003341769601678312,0.44623665972219834
1030,0.0033285685533854443,0.44624675074974973
1031,0.0033141475779768677,0.4462488682850712
1032,0.003300662150510489,0.4462413938320467
1033,0.0032863019904177137,0.44623570534979495
1034,0.003272337932737222,0.446217082877364
1035,0.003258228638441244,0.44621007549699665
1036,0.0032452227987992102,0.4462108595930341
1037,0.00323058737556333,0.4461500178625256
1038,0.003216291748935771,0.4461426596211737
1039,0.00320347717677415,0.4461664902449838
1040,0.00318932223650504,0.4461548908969772
1041,0.0031751050633388868,0.44612485089994025
1042,0.0031610606784447143,0.4461474387544315
1043,0.0031488082342270712,0.4461817448149995
1044,0.0031355716912989016,0.44619438171543535
1045,0.0031210604769764927,0.4461986709861048
1046,0.003107228957738788,0.44616592034724323
1047,0.0030945571276833578,0.4461460423930392
1048,0.0030824904813700573,0.44614046868251966
1049,0.003069005028875223,0.44612804753393387
1050,0.0030551185119280307,0.4461290049704801
1051,0.0030416130325192506,0.44614762093169535
1052,0.0030285110529618344,0.44612018454241137
1053,0.003016769800217205,0.44615151799008707
1054,0.0030026393584489408,0.4461771140276865
1055,0.0029882438254723205,0.4461489528535666
1056,0.002975631280091319,0.4461452744793039
1057,0.0029617662984886494,0.4461359469441776
1058,0.0029488193747800105,0.44616011430471897
1059,0.002937052416098293,0.44614689536804913
1060,0.0029243982044441113,0.4461217877232203
1061,0.0029125849086790766,0.4460942730886786
1062,0.0029012410192585008,0.44611177262903673
1063,0.002890860579012126,0.4460766741583231
1064,0.00287976580371202,0.44610286255256193
1065,0.002868210301200113,0.4460888196141996
1066,0.002858072170808931,0.44607551693300435
1067,0.002845345175961747,0.4460489405668988
1068,0.002833711623386568,0.44603778770569413
1069,0.0028218370253563154,0.4460187726200067
1070,0.0028111762197923548,0.44600181089228175
1071,0.0028003746002243065,0.445983697876254
1072,0.0027871625393292615,0.4459535183086202
1073,0.0027754576502981992,0.44594681831260524
1074,0.0027652446958231275,0.44595650722063646
1075,0.00275274663371371,0.4459679095656544
1076,0.002741631090691416,0.4459381744724022
1077,0.0027297872234421797,0.4458943778301396
1078,0.002717559184609741,0.44586505780726676
1079,0.002704426818009374,0.44588235703244117
1080,0.0026930689774165976,0.44588026642826006
1081,0.00268252991608497,0.44584614781918486
1082,0.002670888849383734,0.4458478143013707
1083,0.002659274163674986,0.44582317244595315
1084,0.002648360335693415,0.4458120826293012
1085,0.0026363780073826648,0.4458217965954502
1086,0.0026251588365570015,0.44578970247245037
1087,0.0026151604590373264,0.44575890600439594
1088,0.00260490947601524,0.4457615503195993
1089,0.0025946949904704164,0.4457941426010882
1090,0.002583965130973181,0.44579575847134056
1091,0.0025731497255196308,0.44579712108396763
1092,0.002562842176093344,0.445789329767688
1093,0.002552753489963811,0.44579479906811226
1094,0.0025427056319598505,0.44578913926582336
1095,0.0025316249952063922,0.4457698756312403
1096,0.0025208429041034684,0.4457340494138623
1097,0.0025102973750549887,0.44571778799496375
1098,0.002498929436147933,0.4457139067513919
1099,0.002488759695269915,0.44572133162874944
1100,0.0024785436040406375,0.44571114652311256
1101,0.002469137513063927,0.44569967543999195
1102,0.0024598262514192774,0.4456793364319354
1103,0.0024497051196223827,0.44564244276713794
1104,0.0024382107459756963,0.44562194619534257
1105,0.0024290312036505876,0.44562421567822297
1106,0.0024180981968055086,0.4456381613564111
1107,0.002408246011884184,0.4456148653558387
1108,0.002397690624886753,0.4456009870092195
1109,0.0023862505244332008,0.44561250007425063
1110,0.0023772860160980866,0.4456183340901821
1111,0.0023678811141626802,0.4456085771075289
1112,0.0023572718380724363,0.44563210625267624
1113,0.002346875755461186,0.4456400303670253
1114,0.0023379510611049713,0.445650879324151
1115,0.00232745712844146,0.4456294092506793
1116,0.0023187283118112157,0.4456258517431869
1117,0.002309329426437131,0.44565465809142973
1118,0.0022993572864994194,0.44563017681526884
1119,0.002289703020351527,0.44563096311417677
1120,0.002280297510514052,0.4456193113234309
1121,0.0022699101319032288,0.44562319068395406
1122,0.00226109207003884,0.44564724802308225
1123,0.002250788475776026,0.4456527526136059
1124,0.0022419238647647167,0.4456485000938336
1125,0.0022327222802951386,0.4456335631061332
1126,0.0022232465551694624,0.44561685184931227
1127,0.002214752180781883,0.44560483110379867
1128,0.002205499569785515,0.4455934621799265
1129,0.0021969312992593847,0.4455776235021613
1130,0.0021882321280296173,0.44561741386075093
1131,0.002179570493721482,0.4455986029515798
1132,0.0021705052177410145,0.44561051844695604
1133,0.0021610800547270195,0.445582332139318
1134,0.0021505895709932276,0.44558356389228476
1135,0.002142019777517376,0.4455771990018884
1136,0.0021314140954873982,0.4455390155487396
1137,0.0021227978493595944,0.44552352621237074
1138,0.0021143222677115934,0.4455056339569114
1139,0.0021047802457533015,0.445512204705682
1140,0.002096832973022536,0.44552404732618545
1141,0.0020888817973983235,0.44551609346939564
1142,0.0020804514845403355,0.44552429191014986
1143,0.0020725171828101015,0.44551778893726784
1144,0.002063961043914913,0.4455215799993675
1145,0.002055870978018954,0.4455106137029316
1146,0.0020481938466361755,0.4455108090327527
1147,0.00204011566163484,0.445450912481771
1148,0.002031717053142141,0.44544768947324076
1149,0.002023596336549498,0.4454578655915351
1150,0.002014415507773331,0.4454467108160716
1151,0.002006494354153276,0.44544001571876723
1152,0.0019983201386968514,0.44545102855427265
1153,0.001989104481759234,0.44545823596096146
1154,0.0019812416532680524,0.4454701794215915
1155,0.0019727978215656216,0.44544097666924826
1156,0.00196358768341675,0.4454432535556012
1157,0.0019552521663440156,0.4454651898810747
1158,0.0019462014106231957,0.44542647517413636
1159,0.0019380128926688369,0.4454302345934681
1160,0.0019309887230282087,0.44544490315748253
1161,0.0019227583200168619,0.44540430260063973
1162,0.0019153247459329321,0.44539653364831644
1163,0.0019085666145024645,0.44540730395124917
1164,0.0019002496478085623,0.44539922769240053
1165,0.001892818539553441,0.44540723874638627
1166,0.0018849931290446827,0.4454101482834595
1167,0.001876784327706403,0.4454178543489066
1168,0.0018688759167613607,0.445428749382764
1169,0.0018603369757450932,0.44542420681893097
1170,0.0018533992581235164,0.44542823789045194
1171,0.0018454470510184601,0.44540110486291024
1172,0.001836413028389586,0.4454162667273732
1173,0.0018284473297688504,0.4454204248966701
1174,0.0018212087934755255,0.44540885010191555
1175,0.0018124076689746782,0.44540356002907655
1176,0.0018047091557795174,0.4454071306914957
1177,0.0017970210036852272,0.4453871457561909
1178,0.0017888165983667257,0.4453737585269876
1179,0.00178177347037948,0.44536765527571553
1180,0.0017747865357282838,0.4453757777929721
1181,0.0017664680985522868,0.4453483156946247
1182,0.00175954822702071,0.44533686140480233
1183,0.001751637137965555,0.4453485895485877
1184,0.0017440895030361304,0.44537048008490665
1185,0.0017371363461935788,0.4453449990929152
1186,0.0017289332519436927,0.4453411930040274
1187,0.001722683748968325,0.4453321289379592
1188,0.0017155701074454315,0.4453112127408168
1189,0.001709056138189196,0.44529547803232883
1190,0.0017017890978895025,0.445286372021368
1191,0.001695603545771062,0.44526951915379
1192,0.0016884799175132263,0.4452715519594262
1193,0.0016805394121012745,0.4452562369546665
1194,0.001673799247363826,0.44522793555143453
1195,0.0016669576531467565,0.4452335642804718
1196,0.0016602077149460524,0.44524715502520334
1197,0.0016534883952664006,0.4452567441079226
1198,0.0016474378479168716,0.44525933564176867
1199,0.0016410238541890215,0.4452520517196268
1200,0.001633600210466212,0.44522845646930115
1201,0.001626416936020053,0.4452451231406829
1202,0.001619532201783033,0.4452498523970625
1203,0.0016125272454117117,0.4452354705653177
1204,0.0016056464368658955,0.4452158097975502
1205,0.0015987843029803318,0.44519552543357155
1206,0.0015923823556927656,0.4451829298115797
1207,0.0015858241123521822,0.44518819312711555
1208,0.001579632228386159,0.44517083948608016
1209,0.0015729625489434725,0.4451741884104806
1210,0.0015673245881903624,0.4451637705706963
1211,0.0015610324145206062,0.44518094512406153
1212,0.0015542551050699203,0.4451598950626081
1213,0.0015474315621445405,0.44517179548179764
1214,0.0015413632136438002,0.4451823368024653
1215,0.0015342667855651581,0.4451920105345236
1216,0.0015281892694639233,0.4451767345888021
1217,0.0015220793462691552,0.4451746555372735
1218,0.001515402169638201,0.4451581425393447
1219,0.001509328565621577,0.4451504155302394
1220,0.001502232431923952,0.44515449851446703
1221,0.0014958783641124157,0.4451320482938312
1222,0.0014897830631467694,0.4451257053681381
1223,0.0014835154511426353,0.44512886750254116
1224,0.0014785513183828015,0.44510617011509934
1225,0.0014720479753143935,0.44508604905544813
1226,0.0014659983338482336,0.4450932464956531
1227,0.0014599179995019823,0.4450812334433477
1228,0.0014542341585521644,0.445067577138719
1229,0.0014489041233686085,0.44503421277210775
1230,0.0014429992482472898,0.44504796775378686
1231,0.0014371041118030191,0.4450363363354932
1232,0.0014311524998067283,0.4450453351179835
1233,0.0014252104127937418,0.4450372121769195
1234,0.0014198156678698205,0.44502537812414056
1235,0.0014145764168590454,0.4450208930966162
1236,0.0014087387441667938,0.4450086026293665
1237,0.0014029990334942118,0.445015409385693
1238,0.0013972159515917215,0.4450270427094922
1239,0.0013918358163020614,0.4450128007061147
1240,0.0013868622273395426,0.44499386634423943
1241,0.0013814584651607729,0.44497651532869326
1242,0.0013755541163273728,0.44497736522646364
1243,0.0013698895895322802,0.44496939268544855
1244,0.0013639698891740435,0.4449689100153753
1245,0.0013586629983445057,0.444974356074153
1246,0.001352843861000268,0.4449729237566363
1247,0.001346769739820479,0.4449813381361931
1248,0.0013408183657642363,0.44498675339026084
1249,0.0013356045214429676,0.44497408400941035
1250,0.0013298586923265337,0.44499669403500763
1251,0.0013248999796894511,0.4450079827852532
1252,0.001319152335235307,0.4450034740627077
1253,0.0013134110391900097,0.44498648077635694
1254,0.0013088013533582928,0.44498014682919185
1255,0.0013042768040771222,0.44497940409275427
1256,0.0012989458461411102,0.4449895782213316
1257,0.0012933896586823951,0.4449807233037809
1258,0.0012876227260244441,0.4449774235511642
1259,0.0012815198645002273,0.4449810622674842
1260,0.0012764095031628385,0.44497913282951074
1261,0.00127178485221575,0.4449828261662976
1262,0.0012662057347218084,0.445001383538377
1263,0.001260482827332719,0.4450055068868954
1264,0.0012551099130687457,0.4449947885668784
1265,0.0012499267785791722,0.44497504372815405
1266,0.0012451712833920258,0.4449827622903169
1267,0.0012397879954838828,0.4449828012808061
1268,0.0012344614524037179,0.44498065094351463
1269,0.0012299534565905375,0.4449972526997347
1270,0.001224379548106399,0.44499740772831414
1271,0.0012194688292841095,0.4449885643254084
1272,0.0012144921913173452,0.4449912809603562
1273,0.0012097708010380627,0.4449932220512781
1274,0.001204990634202834,0.444990395504304
1275,0.0011998836190263748,0.44500461789132073
1276,0.0011949169740036604,0.4449885757778973
1277,0.0011901208354700304,0.4449930233121685
1278,0.0011859468258702092,0.444988006146207
1279,0.0011816301009628621,0.4449888782798963
1280,0.0011769158541402678,0.4449995538895756
1281,0.0011718013518548236,0.445005302056166
1282,0.0011666224274594487,0.44498229654740223
1283,0.0011621798520224415,0.4449772566773848
1284,0.0011567095646830739,0.444974523898906
1285,0.001152188258433086,0.44498789691015583
1286,0.001147669841751749,0.4449853989124141
1287,0.0011428593341849212,0.4449847966553729
1288,0.0011380919864086585,0.4449805684102788
1289,0.0011333651991994912,0.44494895558080794
1290,0.00112859421872498,0.4449489009395469
1291,0.0011241156146858267,0.4449512324101854
1292,0.0011197404056054491,0.4449498591588472
1293,0.0011149876685539587,0.44496038446635805
1294,0.001110372819904109,0.4449564913266922
1295,0.0011060381431486853,0.444959161089229
1296,0.001101648349827366,0.44494276099939883
1297,0.0010977389496110996,0.4449376865665437
1298,0.001093462128873508,0.44492669867207374
1299,0.0010890891825658178,0.44492617061328754
1300,0.0010843777690949612,0.4449021794858671
1301,0.001080056214600225,0.4449103216932151
1302,0.0010758557913838228,0.44491558989993346
1303,0.0010718410428710516,0.4449100765336534
1304,0.001067656270996864,0.44491851729198995
1305,0.001063663078133425,0.444910016165419
1306,0.0010591315152566404,0.4449258679197789
1307,0.0010544888326500547,0.44491542110203613
1308,0.0010501322742668066,0.44492388224756946
1309,0.001045563463720116,0.4449256886978087
1310,0.0010407635343216174,0.4449067739899941
1311,0.0010367108132914719,0.44490696562152193
1312,0.001032559658276607,0.4449099560824512
1313,0.0010279076961159823,0.4449042148201801
1314,0.0010241087272458238,0.44489020737422286
1315,0.0010201939963813832,0.4448933621460817
1316,0.0010159709461542848,0.4448880162964689
1317,0.0010120552658491133,0.4449024257947502
1318,0.0010077036992471966,0.44490497508949634
1319,0.0010035029018734493,0.44489492233568495
1320,0.0009997223796207435,0.44488993168913105
1321,0.0009955198918806295,0.4448968551220278
1322,0.0009912241463393206,0.44488560545178535
1323,0.0009867609329183625,0.44488679714004115
1324,0.0009827401932752016,0.444883576114418
1325,0.0009787421753030315,0.44486634067479713
1326,0.00097473251095911,0.4448813041751995
1327,0.0009708636846556197,0.44486716887842775
1328,0.0009668444319613703,0.44487389285504914
1329,0.0009629549964673235,0.4448626718091732
1330,0.0009596766218638429,0.4448565412975727
1331,0.0009555126672603476,0.4448462347070531
1332,0.0009513936373376055,0.4448426154349711
1333,0.0009478206879414485,0.4448449021824956
1334,0.0009436112769813257,0.44484060234462885
1335,0.0009397899870298584,0.4448680953753729
1336,0.0009356930700375826,0.44488110340455983
1337,0.0009322343322992491,0.44486339967361993
1338,0.000928805988684416,0.4448777680939276
1339,0.0009251822334644313,0.44488388805918205
1340,0.000921284729922732,0.44490435316661364
1341,0.000917315623156943,0.4448971883375532
1342,0.0009134183718261356,0.4448991225095889
1343,0.0009097468252111864,0.4449187592371237
1344,0.000905930141658029,0.4449182777038749
1345,0.0009024714369716714,0.444907092860492
1346,0.0008988281279555358,0.4449117475003466
1347,0.000894756917264735,0.44490264860121326
1348,0.0008909508331820603,0.44491611432422334
1349,0.0008876190364016959,0.44490304199307207
1350,0.0008845477699831004,0.4449131968361013
1351,0.0008807563762753489,0.44491583118496364
1352,0.0008774954441743534,0.4449128958012834
1353,0.0008738933352667141,0.44492228668642547
1354,0.0008706524770681215,0.4449206506859146
1355,0.000867051676896203,0.44491682266736343
1356,0.0008630690433372387,0.44488421122809707
1357,0.0008599280014848098,0.44489184794744346
1358,0.0008560211172891759,0.4448958851257432
1359,0.0008524066693779146,0.4448932123757021
1360,0.0008485441947748668,0.4448908797692088
1361,0.000845092542730205,0.4448846493546056
1362,0.0008419905080983692,0.4448978168730842
1363,0.000838260454326955,0.4448955595276882
1364,0.0008350176839656828,0.44490253515537764
1365,0.0008314184815853085,0.44489513283741283
1366,0.0008275436772750402,0.444920852841617
1367,0.0008238843626288803,0.4449148972817132
1368,0.0008201238374141407,0.4449024463971167
1369,0.0008166841686345269,0.444905639416755
1370,0.0008128087633094576,0.44489392153953883
1371,0.0008097237478268503,0.4448861958736194
1372,0.0008062182948252482,0.4448844438034247
1373,0.0008033782327977357,0.444882229546643
1374,0.0008001910117884343,0.4448659092585165
1375,0.000796889056537932,0.44484886557631986
1376,0.0007938290316475164,0.444820771025244
1377,0.0007906419440450465,0.44482492055021045
1378,0.00078799415321632,0.44482134239458826
1379,0.000784659532697839,0.44482215337310615
1380,0.0007815474904771158,0.4448375489666474
1381,0.0007784027579423089,0.44484384797279564
1382,0.0007750017288759573,0.4448464559355962
1383,0.0007717819226794293,0.4448240125630782
1384,0.0007686706528470492,0.4448140757338661
1385,0.0007653522875812707,0.4448251680337287
1386,0.0007622707320950068,0.4448132164429292
1387,0.0007591111813855115,0.4448120290422677
1388,0.0007558450221666902,0.4448195324449701
1389,0.0007527589611319976,0.4448289693653723
1390,0.0007499202463847088,0.4448430093313462
1391,0.0007464918406084131,0.4448417674155208
1392,0.000743341776315395,0.44483710102971724
1393,0.0007405467797274566,0.44483244892598317
1394,0.0007379197751528158,0.44482460214775177
1395,0.0007348994629345186,0.4448274715130739
1396,0.0007317284260686911,0.4448202653165512
1397,0.0007286393795930781,0.44481305075934835
1398,0.0007258233805216046,0.44480364557085805
1399,0.000722775347449905,0.44479048276691485
1400,0.0007198126310868209,0.4447794884776848
1401,0.0007168423096666445,0.44478231772547855
1402,0.0007135327346620819,0.44477243155519786
1403,0.0007106898408690125,0.4447784200729309
1404,0.0007076499742076611,0.4447730871927328
1405,0.0007047042951592683,0.4447865538179776
1406,0.0007019274155125139,0.4447849154674656
1407,0.0006990313868464036,0.44477839858127743
1408,0.0006961114881351821,0.4447721265848888
1409,0.0006929465306622703,0.4447858692714138
1410,0.0006903011720685647,0.4447799814703719
1411,0.0006875822405143043,0.444775126410234
1412,0.000684302425518512,0.44477239685369646
1413,0.0006813115192214034,0.4447712052253739
1414,0.0006780775846834188,0.44477584833740724
1415,0.0006754668900658509,0.4447702211421835
1416,0.0006727036509754252,0.44476658080303344
1417,0.0006702758973238727,0.4447542055627319
1418,0.0006674829867253215,0.44474645300679955
1419,0.0006646947327418047,0.44475530441206196
1420,0.0006622481897452864,0.44474001944698865
1421,0.0006597800522332502,0.44472912317096863
1422,0.0006571364471249086,0.4447310248427538
1423,0.0006545928638339314,0.44474419515741176
1424,0.000651876040218403,0.4447550354413087
1425,0.0006494434054376527,0.44474959742193576
1426,0.0006467462955699713,0.44475556845075226
1427,0.0006439791664032798,0.44473813408327256
1428,0.0006413433695203988,0.44473886637514853
1429,0.0006384625245925234,0.44473507440685967
1430,0.000636184018757945,0.44473852307510164
1431,0.00063367575428982,0.44473302572548773
1432,0.0006310364375596605,0.4447325748785526
1433,0.0006282954532495727,0.44472625645830555
1434,0.0006254718050131602,0.4447248559709723
1435,0.0006229285650183266,0.4447473797587796
1436,0.0006201701978446393,0.444727131088835
1437,0.0006174631481873707,0.44471065525004033
1438,0.0006148785175166183,0.4446982669586387
1439,0.0006121350586816691,0.4447019053991667
1440,0.0006095049551732092,0.44470187585719967
1441,0.0006068501484321412,0.4446980236631348
1442,0.0006045691298813894,0.4447036780512945
1443,0.0006020031563584245,0.44471029914831184
1444,0.0005997016512516993,0.44468523488061085
1445,0.0005972999467536371,0.4446833603227796
1446,0.0005945387366280536,0.4446917395911244
1447,0.0005921123753713528,0.4446915791141885
1448,0.0005895378182341197,0.4446915489283847
1449,0.0005871135621300866,0.444703242238291
1450,0.0005846732496442032,0.44470960467719317
1451,0.0005819672943568838,0.4446973001404511
1452,0.0005793113842184808,0.4446856960802128
1453,0.0005771055032473535,0.4446851241542665
1454,0.000574670404475366,0.44467951367140374
1455,0.0005725037094581498,0.4446872225837174
1456,0.0005702042343524079,0.4446797015772786
1457,0.0005680021536986923,0.44468437411938394
1458,0.000565449820350072,0.4446628263861787
1459,0.0005631820463941404,0.44465944123992257
1460,0.0005607684844041478,0.44466184044866586
1461,0.0005583310073843805,0.4446556557735643
1462,0.000556135599840198,0.4446379921076195
1463,0.0005540150453475464,0.4446408172874394
1464,0.0005517614585424769,0.4446267650561384
1465,0.0005493200048843005,0.4446082349460397
1466,0.0005471718812165976,0.4446052793224036
1467,0.00054496730528933,0.44459483134512634
1468,0.0005427256939167133,0.44460679653044316
1469,0.0005404988370465162,0.44460950480306644
1470,0.0005380665881562301,0.4446008541497178
1471,0.0005355475092960325,0.4445892981371153
1472,0.0005333288301501007,0.44459487517695534
1473,0.0005312505382813819,0.44460235785620816
1474,0.0005289080415348516,0.44458778381467967
1475,0.0005269627256062269,0.4445874201316547
1476,0.0005250437598035153,0.44460101615667225
1477,0.0005227458447799653,0.44460193312123913
1478,0.0005207214862859306,0.4446022023142276
1479,0.0005184960520983067,0.4445929232271269
1480,0.0005165775575013507,0.4445943549308617
1481,0.0005143876568339124,0.44459775455066564
1482,0.0005124413220644136,0.4445820902250814
1483,0.0005104191520278924,0.4445825338066147
1484,0.0005084962085366492,0.4445861624547349
1485,0.0005062153961121012,0.4445933242757352
1486,0.0005041138605811665,0.4446008437614373
1487,0.0005020149216058374,0.44460426938431596
1488,0.0005000465376926468,0.4446108776854178
1489,0.0004981997328289937,0.444599732404945
1490,0.0004962611526612112,0.4445995555491888
1491,0.0004943106805852406,0.444604867582101
1492,0.0004922502877293966,0.44460413266935606
1493,0.0004902935837176642,0.4446125045192126
1494,0.0004882950678556852,0.4446087041029001
1495,0.00048629872867857546,0.44461013274627154
1496,0.0004843004824639069,0.444604380168301
1497,0.00048236440861403767,0.444610420951925
1498,0.00048012063204654136,0.44461869936582615
1499,0.0004782267005823042,0.44461485109535837
1500,0.00047650096646275947,0.4446061361236654
1501,0.00047461347444240575,0.44460752206362364
1502,0.0004728068383161156,0.44461680013337507
1503,0.0004708579101549648,0.44462523777350604
1504,0.00046887849390248075,0.44462504665188674
1505,0.0004671908454689578,0.4446244882856652
1506,0.000465040724842033,0.44462762856780425
1507,0.0004628798983224219,0.44462912611162575
1508,0.00046111010683858006,0.4446394342571299
1509,0.0004591826745252731,0.44462055388536464
1510,0.00045749202260003625,0.44460856635479945
1511,0.00045573788944825794,0.44460440543650437
1512,0.0004541427638341323,0.44460161209548504
1513,0.0004524732627423813,0.4445830088303949
1514,0.00045066301896922725,0.44456223459363015
1515,0.00044878005100928623,0.4445690458708405
1516,0.0004470274917904704,0.4445620147925123
1517,0.00044480981177744393,0.4445626055828072
1518,0.0004430436188954821,0.44455643168673625
1519,0.00044118902337435565,0.4445499660812035
1520,0.0004395207424545239,0.4445512769393955
1521,0.00043752455320188015,0.44454962451275
1522,0.0004358499297427059,0.44455310677806076
1523,0.0004344589785782526,0.4445377933977577
1524,0.0004325567741079022,0.444546798374393
1525,0.00043093715235524897,0.4445436533837508
1526,0.0004287402328483218,0.4445449157514345
1527,0.00042688500847636393,0.44454333056812695
1528,0.00042518225346587293,0.4445380428761096
1529,0.00042344899772944864,0.44453478195313667
1530,0.0004216662724799049,0.4445260355964247
1531,0.00041990545894632104,0.4445256953950925
1532,0.0004181028552012535,0.4445245311776532
1533,0.00041669661591806843,0.4445245558627978
1534,0.0004150608622332701,0.44451682559899747
1535,0.0004133339840184262,0.444513852430099
1536,0.0004117417665763504,0.44450929726108407
1537,0.0004101629652463195,0.4445222709988188
1538,0.0004084702719639978,0.44451684334402813
1539,0.00040678423026396457,0.44452152770459796
1540,0.0004054185056737417,0.44452190897306526
1541,0.0004037302724125393,0.4445235881146738
1542,0.0004021727771737775,0.4445189842469091
1543,0.0004004402694512311,0.44451618606437165
1544,0.0003988144409283521,0.44451600104950173
1545,0.0003971409364781213,0.4445117584479076
1546,0.00039563896448372294,0.4445021025106782
1547,0.00039398553091176335,0.44450124310122263
1548,0.0003926238887463488,0.44449965791120666
1549,0.0003912365209938516,0.4445068426612166
1550,0.0003897634101123928,0.4445140864327248
1551,0.00038815748759325926,0.4445144401292099
1552,0.00038663992460255536,0.4445188874344748
1553,0.0003850456428694172,0.44451092153014754
1554,0.0003835163781274348,0.44451584250346926
1555,0.0003819501421329843,0.44452059417182604
1556,0.00038034292221421427,0.44452344385210807
1557,0.0003789867959641394,0.4445232917456775
1558,0.00037757784105549064,0.44451427257654064
1559,0.00037609479586678447,0.44452195806351297
1560,0.0003746420400524343,0.4445268013416493
1561,0.00037322013705309956,0.4445184103536679
1562,0.0003715703355283378,0.4445184020231206
1563,0.00037000337153913815,0.44451094447385214
1564,0.0003685579129316893,0.44450856097007
1565,0.00036696155440454773,0.44450961938658745
1566,0.00036547029566562903,0.4445077443355316
1567,0.0003642541226315444,0.4445067398100597
1568,0.00036294072096410343,0.44450469073911336
1569,0.0003615739074054465,0.44449861127742396
1570,0.00036003571440894414,0.4445005328501967
1571,0.0003586450613648182,0.44450854056442846
1572,0.0003571285382175464,0.4444957254391375
1573,0.0003557228520120329,0.44449543489483107
1574,0.000354183873725491,0.4444840810717263
1575,0.00035259078642324517,0.44448317897203743
1576,0.00035141147926223064,0.4444893261868085
1577,0.0003500547581796063,0.44447847079750724
1578,0.00034859372720098423,0.4444806436727048
1579,0.00034702113572841287,0.4444973657573807
1580,0.0003456159279786733,0.44449260194675894
1581,0.0003442782357521976,0.4445026032203677
1582,0.00034292206106372917,0.4444939202908933
1583,0.0003415920691835565,0.4444841381875495
1584,0.00034017827920446695,0.4444915321771397
1585,0.0003387152452734774,0.44448941863469305
1586,0.0003373522038187802,0.44448385566415655
1587,0.00033611836163595355,0.44447912258390465
1588,0.0003347338870258857,0.44446999728275716
1589,0.0003335033571512617,0.44446771320133815
1590,0.0003322358100278614,0.4444643191052958
1591,0.0003309082158568094,0.44447133118550675
1592,0.00032950393004342214,0.4444709563229902
1593,0.0003282093154050819,0.44446941183557703
1594,0.0003268137292883824,0.44447517782334794
1595,0.0003254284727853294,0.4444771167073758
1596,0.00032412280853238144,0.4444784565115905
1597,0.0003226930880110255,0.4444653994944583
1598,0.0003214325769789163,0.44446046472426043
1599,0.0003201217593257826,0.44446712260580645
1600,0.00031902285285246424,0.4444702590421933
1601,0.0003176385417759577,0.44446320933995603
1602,0.00031634550549470485,0.44446325984397367
1603,0.00031502222586760666,0.4444641001998056
1604,0.00031362086114778526,0.44446114651026214
1605,0.0003123632974516418,0.44445705471920705
1606,0.00031097604802192197,0.44445993680170315
1607,0.00030979667550958635,0.44445397633578015
1608,0.0003085782339798845,0.44444948618837266
1609,0.00030721714039502214,0.4444479275075968
1610,0.00030581866959103704,0.44445073396694024
1611,0.00030465971815977073,0.44446182326737976
1612,0.00030338378713210484,0.44446300467699096
1613,0.00030228455372024955,0.44446294198367897
1614,0.00030109604648990924,0.4444548563120804
1615,0.00029991598824087974,0.4444588609547481
1616,0.00029860945070572987,0.44445952186885335
1617,0.00029737890811634335,0.444447657492077
1618,0.00029631410968000737,0.44445824327666017
1619,0.0002951046594681242,0.4444592882854968
1620,0.0002940505853793914,0.4444539868380681
1621,0.0002929490072749851,0.4444650792649174
1622,0.00029187400370432647,0.4444664920392345
1623,0.00029062160821232346,0.44446335352383187
1624,0.00028952827131692736,0.44445828557214323
1625,0.000288231628100877,0.44445695488323894
1626,0.00028705666036771586,0.44444483217247027
1627,0.0002860101122862305,0.4444457788865105
1628,0.0002850514825086617,0.4444438214726407
1629,0.0002839883845134137,0.4444375847462808
1630,0.0002829152631630611,0.4444454131608447
1631,0.0002817455980225332,0.444438830568215
1632,0.00028062159328275425,0.4444325692145185
1633,0.00027961372449610504,0.4444228020366146
1634,0.0002784622140829772,0.4444239623097504
1635,0.00027735665744302795,0.44442318326986524
1636,0.00027610003426474424,0.4444133601984209
1637,0.00027498316630770114,0.44440279300107677
1638,0.00027397802703679617,0.44440165215025995
1639,0.0002728752695917735,0.4443972835996691
1640,0.0002718706127138342,0.4443950816301857
1641,0.00027072966208496383,0.44440375403517834
1642,0.00026964333140883475,0.44440146976498035
1643,0.0002684900977363034,0.4444049091378455
1644,0.00026751504449103457,0.44441208798840687
1645,0.0002665082558803739,0.4444109345067431
1646,0.00026536494880952116,0.4444110833152307
1647,0.0002643706504693841,0.44441528095678146
1648,0.0002633551430221516,0.4444075241596924
1649,0.00026224651154659794,0.4444110348098321
1650,0.00026122280669837176,0.444420523670245
1651,0.000260113840294989,0.44442667262894997
1652,0.00025907000151004423,0.4444197339645422
1653,0.0002579038915941525,0.44441774105861037
1654,0.00025689014896693976,0.4444187024004128
1655,0.00025584626497069946,0.44441735744041555
1656,0.0002547560162319107,0.44441542816784996
1657,0.0002537954833432889,0.4444156256544626
1658,0.000252825470102373,0.4444139630942076
1659,0.00025175713588412147,0.4444139692029041
1660,0.0002509034851716718,0.4444157090340376
1661,0.0002500583788148307,0.4444173564597596
1662,0.0002490348821794118,0.44441118389898454
1663,0.0002480267758650355,0.4444124904251468
1664,0.0002470346292521228,0.4444110925766408
1665,0.00024592451817439343,0.4444080177529774
1666,0.00024480049604856685,0.4444035283926748
1667,0.00024376808309226015,0.4443992374498047
1668,0.00024280066730532782,0.44439573302502505
1669,0.00024176487559008855,0.44440404571334885
1670,0.0002408401164451572,0.44440723686315853
1671,0.0002398137134990763,0.44439163123313574
1672,0.00023880660995252015,0.44438621344670387
1673,0.00023776874495569722,0.44438451870233653
1674,0.00023677798127881986,0.4443832096091771
1675,0.00023582108469897374,0.44437579584192427
1676,0.00023491590060911217,0.4443733266599454
1677,0.00023402204701253312,0.44437184909432326
1678,0.0002331284606994815,0.4443757907395847
1679,0.0002322242477639131,0.44438145250846495
1680,0.000231199656412501,0.4443825321664328
1681,0.0002303062273704366,0.4443863044530711
1682,0.00022942567406387417,0.4443854659208661
1683,0.00022862171104868622,0.44438698195605586
1684,0.00022772477053027934,0.4443823066381961
1685,0.00022673051848200803,0.4443766526146921
1686,0.00022586914675099017,0.44437718404189197
1687,0.00022494062297825638,0.44437170881017496
1688,0.00022397403550285266,0.4443738225985483
1689,0.0002231257196114636,0.44437310415201775
1690,0.00022222480306107652,0.444378876909104
1691,0.00022141440073141018,0.4443760577106129
1692,0.0002205330922174338,0.44437269346849056
1693,0.00021970535158041484,0.44436184566849185
1694,0.0002188947488305499,0.44436671364112135
1695,0.0002179801837867415,0.44436024875049474
1696,0.00021702212712014588,0.44436149386142837
1697,0.00021611125926532091,0.44436534450018644
1698,0.0002151894697186905,0.44436828227570213
1699,0.00021423297507787211,0.44437156363465663
1700,0.00021345275662768695,0.4443578828909407
1701,0.00021260698753990662,0.44435634597920537
1702,0.00021179786012481505,0.44435442901314925
1703,0.00021093671128235848,0.4443457881887402
1704,0.00021007391380694496,0.44434461506395345
1705,0.00020919649506671953,0.44434416670759
1706,0.00020826889342434742,0.44435009977221496
1707,0.00020753581264559774,0.44434727061066726
1708,0.00020682393699401297,0.4443507791355593
1709,0.00020599469247197612,0.4443510666984041
1710,0.00020523938533952406,0.4443488752385397
1711,0.00020433012076067586,0.4443441883278216
1712,0.00020347626841563454,0.4443388788695961
1713,0.00020271634831797386,0.4443383687226946
1714,0.00020187959699133893,0.44433704454062484
1715,0.00020113168163616012,0.44433895045993005
1716,0.00020048090719149592,0.4443378479767979
1717,0.00019964652838857857,0.444331192926511
1718,0.0001988317304806452,0.4443339970556652
1719,0.00019801047656972694,0.4443370807646163
1720,0.0001972428528481374,0.44434521154276435
1721,0.00019645240443124583,0.4443484507652354
1722,0.00019558612982972543,0.4443587724567558
1723,0.00019484120824920338,0.4443550049798565
1724,0.0001940155523879988,0.444362941549095
1725,0.00019326684184288668,0.4443632964757819
1726,0.000192508495867235,0.4443658206499982
1727,0.0001917138059651884,0.4443640629622129
1728,0.0001909887051350142,0.4443685787119029
1729,0.000190285465266275,0.444368294671689
1730,0.0001894075717221536,0.44437702419633923
1731,0.00018866503583081864,0.44437165626301994
1732,0.0001878630348489445,0.44437084453505016
1733,0.00018715706953637514,0.4443680416073439
1734,0.00018639870925952397,0.44436799905391183
1735,0.0001855912740159234,0.4443608421343724
1736,0.00018486549488306523,0.4443671451811527
1737,0.0001841876005956316,0.4443664348580383
1738,0.00018343540265635113,0.44437591457108
1739,0.0001826409120927854,0.4443722814836644
1740,0.0001819263104269996,0.44436939428099487
1741,0.0001811552799593364,0.4443739185162667
1742,0.0001804728096305089,0.44437616474665087
1743,0.000179789060406901,0.4443770741366717
1744,0.00017903401179170382,0.44437960921333974
1745,0.00017820315119924677,0.4443810619316976
1746,0.00017744880086305442,0.4443779865044711
1747,0.00017683576725377898,0.4443822457932831
1748,0.00017613617234741563,0.44437876734540016
1749,0.00017541481694452623,0.44438245979982827
1750,0.0001747567799231913,0.44438186734020946
1751,0.00017401373605119714,0.444380771087644
1752,0.0001733442729939955,0.44438078634739464
1753,0.00017257863477134606,0.4443816558836977
1754,0.0001719439698946181,0.4443821750804443
1755,0.000171187594289106,0.4443840566980026
1756,0.0001704655842028071,0.4443786379954454
1757,0.00016983573502771837,0.4443722614119305
1758,0.00016911168182344569,0.4443674083737471
1759,0.00016841900742449052,0.44437176048806365
1760,0.0001677340601741495,0.44437337135586735
1761,0.00016700803119186329,0.4443733249153553
1762,0.0001662407121740818,0.44436837236279825
1763,0.00016555947731509526,0.4443652366350234
1764,0.0001648518853198949,0.444365364741355
1765,0.00016422942336864624,0.44437285642977514
1766,0.00016355083659102976,0.4443700784951833
1767,0.0001629000682090114,0.4443717093821585
1768,0.00016221949578796232,0.4443751865181539
1769,0.00016152502707921936,0.44438427425018395
1770,0.00016090075014601134,0.44438133291722437
1771,0.0001602773569661574,0.4443798381869847
1772,0.00015959062803894687,0.4443856676241511
1773,0.00015894839583744015,0.44437835426299377
1774,0.00015827830050494594,0.4443807444944021
1775,0.0001576639777050749,0.44438417722073276
1776,0.00015704541635644108,0.4443848992326589
1777,0.0001564269533849193,0.444384066890656
1778,0.00015579343513806535,0.44437806336323193
1779,0.00015518031189267826,0.4443788724384012
1780,0.00015459118976719118,0.44437801207766614
1781,0.00015395749372690414,0.4443724879351112
1782,0.00015333643690347917,0.44437389211951844
1783,0.00015273052586469918,0.4443713104244552
1784,0.00015212385273208757,0.44436200672879606
1785,0.0001515112342311409,0.44435894236537465
1786,0.00015097174351607967,0.4443572900011632
1787,0.00015037851863322472,0.44435491764479806
1788,0.00014988015061561982,0.44435032080940534
1789,0.0001493142385850915,0.4443532399645807
1790,0.00014874319693284528,0.4443470375961875
1791,0.00014815883382410976,0.4443432468787374
1792,0.00014759776167462088,0.4443434492888874
1793,0.00014704581995483642,0.44434137729000706
1794,0.00014660013679063764,0.4443451713795592
1795,0.00014603507621518,0.44434823257174993
1796,0.00014547137741357518,0.44434374960025386
1797,0.0001449080498925604,0.44434137008899854
1798,0.00014426606819182175,0.4443445316250802
1799,0.00014370648409733997,0.44434300532272164
1800,0.00014317912872950495,0.4443422996819858
1801,0.00014264200178189324,0.44434233455684957
1802,0.0001420984870145137,0.4443335115513663
1803,0.00014149493830129808,0.44433017415886944
1804,0.000140910535940644,0.4443379950057107
1805,0.00014034157860967804,0.44433349327083704
1806,0.00013979823678371054,0.4443358551132392
1807,0.00013933445038219662,0.4443351004330968
1808,0.00013877668544484649,0.44434227048414476
1809,0.00013830011135388773,0.4443390332587881
1810,0.0001377087971138085,0.4443331323355556
1811,0.0001371523993435771,0.44433091988517
1812,0.00013657965081651042,0.4443325314507273
1813,0.00013605188431818906,0.44433140349597083
1814,0.00013552054851040867,0.4443249543883326
1815,0.00013501573033228328,0.444322556476692
1816,0.00013442218571566863,0.4443211659035212
1817,0.00013389583064952348,0.44431184785231753
1818,0.00013339408655182607,0.44430404345097646
1819,0.0001329068550710162,0.44430884401918097
1820,0.00013239343131038928,0.4443058275573091
1821,0.00013183634386490734,0.44430355348091727
1822,0.0001312666998612402,0.44430295317062124
1823,0.0001307404697188573,0.44431094079424455
1824,0.0001302714770629949,0.44430874369686607
1825,0.0001297701304315433,0.44430840091056245
1826,0.00012927062067191302,0.4443125215862995
1827,0.00012878345281650997,0.44431030263545224
1828,0.0001282402967528107,0.44431422143097454
1829,0.0001277149904370625,0.444310577964655
1830,0.00012722271539513953,0.44431080551946306
1831,0.00012671863990689416,0.444307581402193
1832,0.00012620806813972294,0.44430942889164093
1833,0.0001256796831842998,0.44431427252007927
1834,0.0001252195410372499,0.44431438133300927
1835,0.00012472728902553185,0.44431151280658593
1836,0.0001242336787715963,0.44431022564673056
1837,0.00012372223558321195,0.4443058575989016
1838,0.00012321446794817393,0.44430622034288375
1839,0.00012270609554196617,0.44430373578449545
1840,0.0001222073344405301,0.4443049824599172
1841,0.00012177567470478588,0.4443020285676657
1842,0.00012130316892870521,0.44430001102265326
1843,0.000120847117304921,0.4442996288936321
1844,0.00012040763199850755,0.44429973271909157
1845,0.00011992341955574905,0.44429590782999157
1846,0.0001195044300698208,0.44429165655154884
1847,0.00011906326071251592,0.4442916655875435
1848,0.00011863356856021157,0.4442957378455563
1849,0.0001181720528285947,0.4442825291696454
1850,0.0001177761197338511,0.4442863780175427
1851,0.00011727446273708074,0.44428497075509576
1852,0.0001168088894519659,0.44428281616226883
1853,0.00011639088925683645,0.4442801553005436
1854,0.00011589736203764003,0.44427967999279844
1855,0.00011542399205370238,0.44428478265278065
1856,0.00011493997593203018,0.4442840249299226
1857,0.00011450963129340846,0.44427663817118773
1858,0.00011408557607820917,0.4442765421279122
1859,0.0001136345605046973,0.4442709970925907
1860,0.00011314998631614219,0.44426856579215124
1861,0.00011262985390484608,0.4442694417641542
1862,0.00011216591700773175,0.4442646675532088
1863,0.00011170389124231402,0.4442634782228497
1864,0.00011119726503371753,0.4442659250958856
1865,0.00011074485574396656,0.44426673486714513
1866,0.00011034103375514838,0.4442618280781256
1867,0.00010986490733944346,0.4442644329861495
1868,0.00010941413102027198,0.4442612023867336
1869,0.0001089486001375267,0.4442620741997289
1870,0.00010858036837018264,0.44426100275504715
1871,0.00010813116033577244,0.44425891146008584
1872,0.0001077220774514464,0.4442580184687501
1873,0.00010733851059405932,0.444257287672007
1874,0.00010696309911612138,0.444254635423098
1875,0.00010654951894357703,0.4442570212196622
1876,0.0001061413349930653,0.44425390795103176
1877,0.00010569062421948909,0.444254428219607
1878,0.00010521575536522903,0.44425551738841307
1879,0.00010482720093411263,0.4442528971175253
1880,0.00010441238123023654,0.4442481604067058
1881,0.00010406183414867567,0.44425154499561414
1882,0.00010365276206633221,0.4442586456406489
1883,0.00010326911567086358,0.4442643893605719
1884,0.00010281948502648665,0.44426491861675865
1885,0.00010242182264467462,0.4442609328379514
1886,0.00010195442822767688,0.4442572041767284
1887,0.00010153793490683519,0.4442576805400017
1888,0.00010111026904264343,0.4442561606440186
1889,0.00010071806456568949,0.4442546767271754
1890,0.00010031064076651341,0.44425193289787746
1891,9.988995349117594e-05,0.4442456457464548
1892,9.943004448953566e-05,0.44424030191604086
1893,9.905113083499312e-05,0.4442430791256043
1894,9.864964390349267e-05,0.44424338206141356
1895,9.825635208622548e-05,0.44423990595256607
1896,9.78900205669984e-05,0.444237913579588
1897,9.75118875724337e-05,0.4442345282082775
1898,9.7128891619927e-05,0.44423161075679285
1899,9.67211821400245e-05,0.44422832926702654
1900,9.629831863681419e-05,0.44422591370971104
1901,9.5960044392102e-05,0.44422165232453253
1902,9.554941301829051e-05,0.4442221795436968
1903,9.51582325769604e-05,0.4442213446719794
1904,9.473364371186214e-05,0.4442260786681354
1905,9.436350860147196e-05,0.44422489144124716
1906,9.39496530418699e-05,0.4442216261915423
1907,9.360368323941496e-05,0.4442262126033754
1908,9.32646729124241e-05,0.4442291435485815
1909,9.285978448442318e-05,0.4442306113408958
1910,9.246085148136676e-05,0.44422366094413385
1911,9.210698041713196e-05,0.44422363971512163
1912,9.170454664693063e-05,0.44422196591363117
1913,9.13676595374405e-05,0.44422370142190376
1914,9.101995904608143e-05,0.44422535373132754
1915,9.067443055738198e-05,0.44422555395892893
1916,9.032168122066559e-05,0.4442283870649504
1917,8.992285222605486e-05,0.4442274370415779
1918,8.956216886427988e-05,0.44422453322035615
1919,8.919788164788048e-05,0.44423046567897423
1920,8.879863612550486e-05,0.44422975261714115
1921,8.847999347510015e-05,0.4442258818092689
1922,8.816134158382923e-05,0.44422743550396593
1923,8.783028302048706e-05,0.4442285951249867
1924,8.749920412010442e-05,0.44422836575937813
1925,8.716039084960347e-05,0.44422350179403575
1926,8.678677321130346e-05,0.4442249013206287
1927,8.645386298536486e-05,0.44422749238390186
1928,8.609164468010311e-05,0.4442270864070274
1929,8.57572052972875e-05,0.4442311260421298
1930,8.538737754875578e-05,0.4442336650997787
1931,8.503434384908587e-05,0.44423469416621425
1932,8.470937256259765e-05,0.4442377909975528
1933,8.435974801431069e-05,0.4442370136875252
1934,8.407183472920502e-05,0.44423080299490997
1935,8.376859936364643e-05,0.4442335198063167
1936,8.347275191873043e-05,0.4442349894146934
1937,8.315179849835478e-05,0.44423250378572093
1938,8.278599529276383e-05,0.44423272959474774
1939,8.246876734016233e-05,0.44423462290337795
1940,8.216647020408151e-05,0.4442341359744984
1941,8.182797523878423e-05,0.44423512351595373
1942,8.149290939521542e-05,0.4442344508718198
1943,8.122113896591461e-05,0.4442374117453074
1944,8.09569115278157e-05,0.44423801284505465
1945,8.061730702633421e-05,0.4442394350780581
1946,8.027239036545561e-05,0.4442379348369043
1947,7.992754230427006e-05,0.44424009930514324
1948,7.958808776097745e-05,0.4442403170736649
1949,7.92581087725899e-05,0.4442335266480432
1950,7.893684522764524e-05,0.44423354976909724
1951,7.864363146515587e-05,0.4442319330585227
1952,7.83421135193567e-05,0.4442269575514213
1953,7.804002093327663e-05,0.4442292053642338
1954,7.776992600188096e-05,0.4442217308119736
1955,7.748312764065937e-05,0.44421560906422314
1956,7.714901750606038e-05,0.4442108806063362
1957,7.681879368261782e-05,0.444206179238069
1958,7.649010569697539e-05,0.44420191112892915
1959,7.615876999992912e-05,0.44420542026803456
1960,7.585031845527157e-05,0.4442120038399983
1961,7.552056460342323e-05,0.4442163956263482
1962,7.525150067533787e-05,0.44421415828241245
1963,7.497190230547046e-05,0.4442132362356911
1964,7.467214479072163e-05,0.44420791808925686
1965,7.440244326569383e-05,0.4442084935190569
1966,7.413534347966739e-05,0.4442069570623934
1967,7.383084942084646e-05,0.4442074957755496
1968,7.353640244016281e-05,0.4442093960841223
1969,7.324832276063727e-05,0.4442055927911356
1970,7.297188671317042e-05,0.4442011170152584
1971,7.269643792207715e-05,0.4441992874021976
1972,7.245111894246578e-05,0.4441987601434588
1973,7.214451729636245e-05,0.4442040029670345
1974,7.187388824575575e-05,0.44420114043389636
1975,7.160315480638177e-05,0.44420151044395706
1976,7.133189202183828e-05,0.44420167011160716
1977,7.107408723173799e-05,0.44420088368171423
1978,7.079226830987438e-05,0.44419805116298344
1979,7.04801372368581e-05,0.44419807175435133
1980,7.018441734823285e-05,0.4441945827891885
1981,6.9915977858709e-05,0.4441953863209592
1982,6.964253842828669e-05,0.4441954044500175
1983,6.934212800506481e-05,0.44419013367472227
1984,6.90626495848098e-05,0.44418679118084037
1985,6.880307690581791e-05,0.4441865720451603
1986,6.853375558263505e-05,0.4441881593726028
1987,6.824472571833184e-05,0.4441819312720126
1988,6.798903823540761e-05,0.4441839968290656
1989,6.772026518447283e-05,0.44418911660147004
1990,6.747013751847546e-05,0.4441867063586667
1991,6.721778475598866e-05,0.4441881959048961
1992,6.693460184617986e-05,0.4441853530410209
1993,6.669705227029997e-05,0.44418490424527024
1994,6.644119413192176e-05,0.44419124377784613
1995,6.618369310871142e-05,0.44418924584019615
1996,6.592986487914227e-05,0.4441872433240167
1997,6.565187550924203e-05,0.44418509336172207
1998,6.538644139918451e-05,0.4441859026736387
1999,6.51185029142692e-05,0.4441852948593248
2000,6.4880104240465e-05,0.4441868514989143
2001,6.463018178134175e-05,0.44419115862715763
2002,6.435742886259657e-05,0.4441916455066981
2003,6.411750833182411e-05,0.44419080890140866
2004,6.388211863821756e-05,0.44418735015330285
2005,6.362285055927672e-05,0.44418803071550644
2006,6.337744657841186e-05,0.4441868806225074
2007,6.311171081623835e-05,0.44418207508060864
2008,6.282136798352397e-05,0.4441819164844222
2009,6.257827784632219e-05,0.444180836039193
2010,6.232662512059895e-05,0.4441807103965665
2011,6.210397696476649e-05,0.44417791719047117
2012,6.184225367237664e-05,0.4441765082011722
2013,6.16085998854144e-05,0.4441747429134913
2014,6.139465189960797e-05,0.4441754601115077
2015,6.114825742594782e-05,0.44417432955927255
2016,6.0923703889434714e-05,0.4441732741858895
2017,6.067480709862292e-05,0.444172957471792
2018,6.040791653548486e-05,0.4441751430087268
2019,6.017462660678597e-05,0.44417706710149746
2020,5.995389455754595e-05,0.4441766236082997
2021,5.974160254435347e-05,0.4441813562919006
2022,5.952365316875015e-05,0.44418245841609677
2023,5.929821928761442e-05,0.44418324199764814
2024,5.9074024293205276e-05,0.4441846469586165
2025,5.883427372274391e-05,0.4441796400650319
2026,5.8593807565979664e-05,0.44417884374166056
2027,5.8370530820767765e-05,0.4441831473446356
2028,5.815104284512068e-05,0.4441835489950317
2029,5.79186385792471e-05,0.44418658170235736
2030,5.769023524235213e-05,0.44418504914895346
2031,5.746956443749643e-05,0.4441824845974128
2032,5.725035568970129e-05,0.44418016695079543
2033,5.704749691160051e-05,0.4441808372738629
2034,5.683460916254823e-05,0.4441793376804698
2035,5.661331494321036e-05,0.4441762151708367
2036,5.640662622447701e-05,0.4441754605709331
2037,5.620129845200761e-05,0.4441752380251979
2038,5.5961615754345585e-05,0.4441746277693401
2039,5.5769907438478886e-05,0.44417700289360074
2040,5.554162559438837e-05,0.44417458751924616
2041,5.53269251518345e-05,0.44417466601218075
2042,5.511894069519768e-05,0.44417700827586354
2043,5.492234546458057e-05,0.44417923076039834
2044,5.469693621833936e-05,0.44418051684346255
2045,5.4486897472938915e-05,0.444179813019193
2046,5.427094103284002e-05,0.4441729463920216
2047,5.40692051765032e-05,0.4441722341100187
2048,5.38701264186981e-05,0.4441722190373041
2049,5.364990911223573e-05,0.4441742426261097
2050,5.343915517104054e-05,0.44417200985549493
2051,5.3228795767079916e-05,0.4441716953397925
2052,5.298790784220396e-05,0.4441679551977854
2053,5.279671577977737e-05,0.44416502800767715
2054,5.257764813686436e-05,0.4441625088003648
2055,5.2366463834009836e-05,0.44416394125030645
2056,5.214648840598927e-05,0.4441630109661755
2057,5.194276444710513e-05,0.44416224183482855
2058,5.17674718015367e-05,0.44416352892892386
2059,5.1565947979638024e-05,0.4441622605437266
2060,5.136106731637242e-05,0.4441616176239205
2061,5.119992351404679e-05,0.4441599241526923
2062,5.099777261216812e-05,0.4441606720864706
2063,5.078067690135761e-05,0.4441576350493454
2064,5.059279730597474e-05,0.44415488680092335
2065,5.038745241751499e-05,0.4441608299822028
2066,5.0197091451039145e-05,0.44415475487129763
2067,5.000104208526712e-05,0.44414961902566524
2068,4.9786420896570364e-05,0.4441479814756134
2069,4.960330195494018e-05,0.44414352123461676
2070,4.940482205031607e-05,0.44414120593745493
2071,4.92056258789247e-05,0.4441412434983631
2072,4.903363217766563e-05,0.4441442388580448
2073,4.882671923452052e-05,0.44414297985394474
2074,4.864459448896939e-05,0.4441428289753435
2075,4.8455042634205874e-05,0.4441429580516078
2076,4.824977952327499e-05,0.44414269873210094
2077,4.805223567496449e-05,0.4441478896692469
2078,4.78734550211053e-05,0.44414596118726124
2079,4.7671699125011834e-05,0.44414428687720275
2080,4.74622350951577e-05,0.44414451337759264
2081,4.7264043589712074e-05,0.44414613528301805
2082,4.707227622166345e-05,0.4441484891456766
2083,4.6889959770555204e-05,0.4441491227264943
2084,4.669909175483032e-05,0.4441489944034209
2085,4.653383188790401e-05,0.44415173010689246
2086,4.6363598677491726e-05,0.4441519941904937
2087,4.619966263336077e-05,0.4441492545835922
2088,4.605012913994916e-05,0.4441480592281091
2089,4.58697476227145e-05,0.44414752248859735
2090,4.5679360917924535e-05,0.4441490575644865
2091,4.5503985199221806e-05,0.44414960569061473
2092,4.531853135773455e-05,0.4441514022841019
2093,4.5141591816715616e-05,0.4441482541152939
2094,4.4971457290213854e-05,0.44414877851978496
2095,4.4782152494577606e-05,0.4441508785913068
2096,4.4613643887108306e-05,0.4441512044470984
2097,4.442386304841636e-05,0.44414634301109485
2098,4.4252400597231706e-05,0.4441481234541093
2099,4.4079610268337223e-05,0.44414241156059664
2100,4.390200299064112e-05,0.4441414417054565
2101,4.371624235678508e-05,0.4441360228093852
2102,4.3553967282307096e-05,0.44413642291844846
2103,4.3371539887062243e-05,0.44413756611112404
2104,4.3210206320845785e-05,0.4441375504254617
2105,4.3022996573516265e-05,0.4441391909462847
2106,4.286275716245232e-05,0.44414154620969626
2107,4.271381844936063e-05,0.4441354536209562
2108,4.254222192286545e-05,0.44413593122224093
2109,4.2387336915851106e-05,0.4441351926690808
2110,4.220508298982249e-05,0.4441334623042451
2111,4.204810050291934e-05,0.4441305859904467
2112,4.188173078686192e-05,0.4441324928051553
2113,4.171672123175298e-05,0.4441324098246262
2114,4.156120069930502e-05,0.4441311835199309
2115,4.139223126578944e-05,0.4441292059162776
2116,4.122048337795859e-05,0.44413031193572344
2117,4.10650408104877e-05,0.4441278956301309
2118,4.089877657345628e-05,0.44413399058711145
2119,4.072354397108638e-05,0.4441378299778489
2120,4.056025420905953e-05,0.44413822508747597
2121,4.041981924008579e-05,0.44413443550473825
2122,4.02567772767345e-05,0.4441363261595395
2123,4.008404023118381e-05,0.4441342269433512
2124,3.9940783321426665e-05,0.4441339663218311
2125,3.977376162785786e-05,0.44413710541864654
2126,3.961324743107761e-05,0.44413333411201983
2127,3.943806953842653e-05,0.44413522363686814
2128,3.92772827988166e-05,0.4441336573276799
2129,3.911603310373719e-05,0.44413393801962947
2130,3.89782125606343e-05,0.4441339578942972
2131,3.881642594791016e-05,0.4441322451633323
2132,3.86611834414071e-05,0.4441325305269207
2133,3.847673629128606e-05,0.4441321156559952
2134,3.8333825917899976e-05,0.4441299620397355
2135,3.819416509823806e-05,0.44412713254043035
2136,3.8044945716710886e-05,0.44412468509479663
2137,3.79184642675408e-05,0.4441202211606686
2138,3.778930237350313e-05,0.44412030336588
2139,3.7631300209336766e-05,0.4441211864947238
2140,3.7493025762965554e-05,0.44412083864148166
2141,3.733191141100638e-05,0.4441191415226237
2142,3.720060134676774e-05,0.44412114449472645
2143,3.7079051378506974e-05,0.44412148604999274
2144,3.6916355196058435e-05,0.4441220730371392
2145,3.677295577777323e-05,0.4441191416037588
2146,3.663623501711371e-05,0.444119069453089
2147,3.645943955482006e-05,0.4441171681923936
2148,3.632967622934527e-05,0.4441188802637481
2149,3.616004119155915e-05,0.4441159058586053
2150,3.60316587118e-05,0.4441174615983059
2151,3.587774242882868e-05,0.4441183577803791
2152,3.5745567295908326e-05,0.44412167025074767
2153,3.560786289091642e-05,0.44411996825173883
2154,3.546986026529391e-05,0.4441167728695261
2155,3.5335490202262374e-05,0.44411620924545575
2156,3.520427895590505e-05,0.44411570820200574
2157,3.506646784452644e-05,0.44411507459569927
2158,3.492847837868597e-05,0.44411387342239655
2159,3.4783661470792625e-05,0.4441185212443804
2160,3.465742365474906e-05,0.44411932716306834
2161,3.452625078750874e-05,0.44411960157707975
2162,3.44064796423151e-05,0.4441217696449278
2163,3.42818269547393e-05,0.4441226194207121
2164,3.414266552731742e-05,0.44411846597483945
2165,3.401546790516958e-05,0.4441165179059336
2166,3.388430416417551e-05,0.444114449011067
2167,3.3743247523112635e-05,0.44411406893130084
2168,3.359700377134523e-05,0.44411839468651737
2169,3.345779329817041e-05,0.4441201429335376
2170,3.331232287027079e-05,0.4441231990999043
2171,3.32005595966725e-05,0.44412395311681785
2172,3.307499874772395e-05,0.444123795960602
2173,3.295609757080848e-05,0.4441263859960458
2174,3.2821147505506185e-05,0.44412562920365295
2175,3.2707119871467174e-05,0.4441258077333101
2176,3.257359144761831e-05,0.4441237787151682
2177,3.246606328353255e-05,0.44412522276636046
2178,3.233587542173057e-05,0.4441233255815139
2179,3.220844449278521e-05,0.44412229520598856
2180,3.2087494537013756e-05,0.44411847915792974
2181,3.195862853111409e-05,0.4441176859087801
2182,3.184223318745472e-05,0.44411776118354845
2183,3.1705534810926395e-05,0.44411521884815036
2184,3.158413687566927e-05,0.44411307119108384
2185,3.146477769293179e-05,0.44411578775900784
2186,3.134983566341091e-05,0.44411286040020165
2187,3.1228425485032556e-05,0.4441158435707471
2188,3.11191980536158e-05,0.44411699031238605
2189,3.0995001302096015e-05,0.44411833945171497
2190,3.0874922552257586e-05,0.44411979281378783
2191,3.0757209962543076e-05,0.44411744045271756
2192,3.0637312464242094e-05,0.4441140637123845
2193,3.0512080178275835e-05,0.4441135007915301
2194,3.040271977685457e-05,0.4441125995966919
2195,3.027671804450214e-05,0.44411463624255876
2196,3.015640453187832e-05,0.44411577609331515
2197,3.0039390146086517e-05,0.4441169998565945
2198,2.99191710522101e-05,0.44412116739454366
2199,2.9796142815733344e-05,0.44411965558103966
2200,2.9681526594013877e-05,0.4441174860621422
2201,2.9569500397473706e-05,0.4441166605909056
2202,2.9443232607673106e-05,0.44411542561022116
2203,2.933301670318534e-05,0.4441169970604521
2204,2.9224535355352754e-05,0.444119864769468
2205,2.9112560542563458e-05,0.4441222807904474
2206,2.8995645087822528e-05,0.4441219946642586
2207,2.8886601394197575e-05,0.4441207419682863
2208,2.878494351387465e-05,0.4441220976577448
2209,2.8683656484290994e-05,0.44412306165943144
2210,2.8564364822844057e-05,0.4441240202829268
2211,2.8442797892818947e-05,0.44412406302170493
2212,2.8335463953194587e-05,0.44412639775594637
2213,2.8224757372902105e-05,0.44412531924108034
2214,2.8094120851664375e-05,0.44412438581591007
2215,2.798434685777059e-05,0.4441238466906441
2216,2.786797793579644e-05,0.4441239556984746
2217,2.7772347056906862e-05,0.44412357554788423
2218,2.766469398728979e-05,0.4441235464454824
2219,2.7553435390811788e-05,0.44412265702186965
2220,2.7452225087524148e-05,0.44412187434787687
2221,2.732661585640658e-05,0.44411918371643566
2222,2.7228261031743547e-05,0.4441199978639082
2223,2.7123472546994178e-05,0.4441181394806898
2224,2.701714991904324e-05,0.44412027725566344
2225,2.690768236233828e-05,0.44412325723486645
2226,2.6814172549966165e-05,0.4441262676858063
2227,2.670995109751514e-05,0.44412582413956414
2228,2.6601871579360464e-05,0.44412413501901327
2229,2.649677470283322e-05,0.4441257001961121
2230,2.6405315608583524e-05,0.4441227424910807
2231,2.63061611059751e-05,0.4441236328571127
2232,2.6216501691504862e-05,0.4441246350585109
2233,2.6123769921081846e-05,0.4441227252862124
2234,2.6015900676991177e-05,0.44412097960980906
2235,2.5924569962818913e-05,0.44412165352253896
2236,2.5824427890069634e-05,0.4441207553106232
2237,2.5727235157708982e-05,0.4441195311324044
2238,2.5627925425244523e-05,0.44412315994555013
2239,2.553458328630594e-05,0.4441234150510687
2240,2.5432063439871462e-05,0.4441235453061497
2241,2.5340502023090296e-05,0.44412096098985115
2242,2.524119288143019e-05,0.4441199209024874
2243,2.514915726629647e-05,0.44411767302534194
2244,2.5060531003800494e-05,0.4441187107553109
2245,2.49744885502437e-05,0.4441181278260658
2246,2.4891523239586024e-05,0.4441136781993127
2247,2.4784563095760306e-05,0.4441123676977673
2248,2.4700482570864024e-05,0.4441099528280453
2249,2.4604046806278217e-05,0.44411165978639555
2250,2.449636023833032e-05,0.44411188448416034
2251,2.4416574373110195e-05,0.44411037712764345
2252,2.432892524344851e-05,0.4441100398603143
2253,2.4239926108060275e-05,0.4441106071270204
2254,2.4137346812939034e-05,0.4441124710881236
2255,2.4036294222373395e-05,0.44411267014165
2256,2.39441879531713e-05,0.44411287761542906
2257,2.385102252209727e-05,0.4441117976095604
2258,2.3758131745109744e-05,0.44411154057238034
2259,2.3673034055541697e-05,0.44411201392422767
2260,2.3574912225592317e-05,0.44411068903090267
2261,2.348362155238762e-05,0.4441131682094587
2262,2.3393256209808233e-05,0.44411000351555247
2263,2.3311129754300855e-05,0.44411092114468725
2264,2.320821886518952e-05,0.44411241149521435
2265,2.3117283889958937e-05,0.4441125790637962
2266,2.3034248942392982e-05,0.44411077882159067
2267,2.2948891822922407e-05,0.44411237010063687
2268,2.2866845107052797e-05,0.44411370678796586
2269,2.27753167014435e-05,0.44411626298254525
2270,2.2686829513278514e-05,0.4441152015480227
2271,2.2610641971020328e-05,0.44411575094189565
2272,2.2524712830599086e-05,0.4441158125020314
2273,2.243760497756938e-05,0.44411448945303317
2274,2.23491114790255e-05,0.444112996517328
2275,2.227435859407972e-05,0.44411281993881196
2276,2.2186746819128665e-05,0.4441110867732957
2277,2.2096746573021018e-05,0.44410854110678394
2278,2.2016825924943157e-05,0.4441101216905116
2279,2.1928987597964238e-05,0.4441112361720677
2280,2.184758992020909e-05,0.4441122291569938
2281,2.17630872983815e-05,0.44411100490619004
2282,2.1684750279876965e-05,0.44411117883535584
2283,2.1605454709320402e-05,0.44411196596402647
2284,2.1523071778523897e-05,0.44410971709782376
2285,2.1443416782247293e-05,0.4441121312159937
2286,2.1362160798343678e-05,0.44411045530731025
2287,2.1269736432745845e-05,0.4441124828070256
2288,2.1187191330025495e-05,0.44411161777655733
2289,2.110194138320032e-05,0.44411222466207734
2290,2.1016090996717136e-05,0.4441109526166145
2291,2.0925171802950522e-05,0.44411097745946343
2292,2.0836610174516594e-05,0.44411152180181795
2293,2.0753711043424175e-05,0.4441120980238563
2294,2.065926682742013e-05,0.444109732308893
2295,2.057320760128731e-05,0.4441083175205397
2296,2.049563520724323e-05,0.4441088521614559
2297,2.043233848190718e-05,0.44410769873384065
2298,2.0363677678891713e-05,0.44410808166207555
2299,2.0284654633226846e-05,0.4441071971347255
2300,2.020865172882356e-05,0.4441090172791678
2301,2.012959070900862e-05,0.44410823254841136
2302,2.0056656928630637e-05,0.44410888488167144
2303,1.9994022622338222e-05,0.4441090283865368
2304,1.9918428536552955e-05,0.44410599654639377
2305,1.9844468471400265e-05,0.44410549095685514
2306,1.9761968374136984e-05,0.44410428923455586
2307,1.969230621885227e-05,0.4441026252701798
2308,1.9612370157973257e-05,0.44410045310083474
2309,1.9538658017877757e-05,0.4441025957409728
2310,1.9463790906520716e-05,0.444103391916701
2311,1.9378555294537714e-05,0.4441024810801783
2312,1.9302962346391028e-05,0.44410299175755064
2313,1.922560685276472e-05,0.44410108575418744
2314,1.9159056598488355e-05,0.4441017589987726
2315,1.9082025045597433e-05,0.44410069704868316
2316,1.900327808540157e-05,0.44409946573665604
2317,1.8934887771563963e-05,0.4441005670009948
2318,1.8867780648622135e-05,0.44410555944230845
2319,1.879543451251147e-05,0.4441022032828826
2320,1.8725578141630142e-05,0.4441019086435014
2321,1.8665543172189974e-05,0.4441014944967017
2322,1.85991753229698e-05,0.4441001429699873
2323,1.8524994688307982e-05,0.4441014654816771
2324,1.8440675171052946e-05,0.4441016590721347
2325,1.8375633731714986e-05,0.4441003362146519
2326,1.8300483668197857e-05,0.44410114945714096
2327,1.8224700845064123e-05,0.44409855577223517
2328,1.815838288040701e-05,0.44409820100178066
2329,1.8096500018188703e-05,0.4440987670881487
2330,1.802699824846972e-05,0.44409845097678347
2331,1.7949744135647463e-05,0.44410084172118036
2332,1.7887576416385716e-05,0.44410647536436004
2333,1.780921342954732e-05,0.44410290798952534
2334,1.773815985844776e-05,0.44410145297479153
2335,1.7666589605898542e-05,0.4441034875793705
2336,1.760187839519245e-05,0.44410373728414737
2337,1.7531603052080754e-05,0.4441039653467149
2338,1.7464326326074887e-05,0.444103075823472
2339,1.7391371906848555e-05,0.4441027484238188
2340,1.7328231165496905e-05,0.4441041327075967
2341,1.7263487781332094e-05,0.44410087367740536
2342,1.7194823906479745e-05,0.44410091660948464
2343,1.713111651230623e-05,0.4441009116528585
2344,1.706374588551091e-05,0.4441002966788083
2345,1.6993566459996763e-05,0.4441025954722122
2346,1.6926935554379738e-05,0.4441015835326353
2347,1.6861998009641935e-05,0.44410004212087323
2348,1.680144467204683e-05,0.44410046521525975
2349,1.673601953968495e-05,0.4441013021254759
2350,1.6666008104676346e-05,0.44410117144718875
2351,1.6597333138068198e-05,0.44410120786038526
2352,1.6530689853846813e-05,0.4441000430030699
2353,1.645418027178314e-05,0.4440995170203497
2354,1.639626355087658e-05,0.444101646911448
2355,1.633217991015588e-05,0.4441011560704768
2356,1.6269381808612602e-05,0.44410199655690663
2357,1.6201761300592407e-05,0.4441022709885257
2358,1.6133106218036245e-05,0.44410327448770504
2359,1.6082809038911277e-05,0.4441036982824643
2360,1.600658204061871e-05,0.4441026808340334
2361,1.5941876462917887e-05,0.44410378212686014
2362,1.587985104882963e-05,0.4441032099786048
2363,1.5814800806631908e-05,0.44410293277776725
2364,1.57556653387079e-05,0.4441038255863076
2365,1.5698491031624325e-05,0.44410297183619557
2366,1.5639131077609874e-05,0.44410186879181496
2367,1.5586619524107114e-05,0.4441019235628781
2368,1.5521467122572847e-05,0.4441008013765756
2369,1.5465081754172173e-05,0.44409994499911787
2370,1.5400532062470205e-05,0.4440992401391136
2371,1.5338795186377466e-05,0.4440980706847088
2372,1.5273210934572083e-05,0.44409946573201065
2373,1.5205415398912331e-05,0.4440975810959166
2374,1.5148596500512475e-05,0.4440983405757492
2375,1.5098484344220868e-05,0.4440982213935142
2376,1.5033134749635088e-05,0.44409696465627047
2377,1.4982200430460453e-05,0.44409580084098116
2378,1.4924605381890101e-05,0.44409423490818617
2379,1.4864420770049386e-05,0.4440945445669499
2380,1.4807738425801202e-05,0.4440955286720447
2381,1.4751532806312042e-05,0.4440972526047557
2382,1.4693410860211487e-05,0.4441013314412969
2383,1.4639545012621913e-05,0.4441012342722007
2384,1.4585159717965662e-05,0.44410267387372404
2385,1.4524456289219841e-05,0.4441028390600968
2386,1.4472361271117229e-05,0.4441013779313788
2387,1.4420374957438754e-05,0.44410278971374295
2388,1.4366414542592211e-05,0.4441018151765719
2389,1.4305129124004721e-05,0.44410043222456863
2390,1.4244996431478142e-05,0.44410093049595634
2391,1.4195196428222895e-05,0.44410234319272407
2392,1.412865560258846e-05,0.4441015325717086
2393,1.4078044716798352e-05,0.44410077636199136
2394,1.4029382306879675e-05,0.4441020225867002
2395,1.3971455654393427e-05,0.44410076513593233
2396,1.3917235106179753e-05,0.4441011595497563
2397,1.386997610766691e-05,0.44410101987735295
2398,1.3816154208329526e-05,0.44409963299184363
2399,1.3769138713587273e-05,0.44409947438552044
2400,1.3714425139505102e-05,0.44410045818519733
2401,1.3659513365831786e-05,0.4440989808644431
2402,1.3599786451829971e-05,0.444101137996458
2403,1.3551890003628183e-05,0.4441003376285246
2404,1.3495371478610246e-05,0.4441002312664946
2405,1.343986772363771e-05,0.44410137774635006
2406,1.3389561053001221e-05,0.4441034273405733
2407,1.3342613186637603e-05,0.4441024761048647
2408,1.329417954268679e-05,0.4441001645920989
2409,1.3243930445886886e-05,0.44409974450030326
2410,1.3191176810880257e-05,0.44409896686895817
2411,1.3140181308258245e-05,0.4440971639784042
2412,1.3090229541407115e-05,0.4440986674953376
2413,1.3039563184749146e-05,0.4441013999075708
2414,1.29976618996761e-05,0.4441006311441739
2415,1.2949649162258498e-05,0.44410050290473013
2416,1.2898416389174496e-05,0.4440993791152876
2417,1.2841349649341532e-05,0.4440972433105268
2418,1.2795339021889282e-05,0.4440965261280428
2419,1.2752669401783195e-05,0.4440976673858657
2420,1.2699194622182855e-05,0.444097965931092
2421,1.2655820798227903e-05,0.44409836042753176
2422,1.2602085507172481e-05,0.44409879633868604
2423,1.2557311555920194e-05,0.4440976515247599
2424,1.2507410937641865e-05,0.4440942407202415
2425,1.2459793803680322e-05,0.4440949043207827
2426,1.2414206116908543e-05,0.44409575120495726
2427,1.236943003217651e-05,0.44409568613750855
2428,1.2323714586247332e-05,0.4440930817162256
2429,1.2277243980050613e-05,0.44409357902469815
2430,1.223757761470457e-05,0.44409341900480986
2431,1.2193462943863842e-05,0.44409483167785824
2432,1.2140642957015571e-05,0.4440933948858655
2433,1.2094803755826594e-05,0.4440915562271957
2434,1.2047367052572186e-05,0.4440926470997569
2435,1.200471616734296e-05,0.44409325442370745
2436,1.1956480142211536e-05,0.4440933143714869
2437,1.191049848182434e-05,0.44409211702478163
2438,1.1864584361165173e-05,0.4440924360509035
2439,1.1820555102440048e-05,0.4440918423495697
2440,1.1783720217958713e-05,0.44409378443303155
2441,1.1737712389974844e-05,0.444093661737819
2442,1.169318904784507e-05,0.44409293710191816
2443,1.1649730344455096e-05,0.44409113520752963
2444,1.161148065140495e-05,0.44409119390304475
2445,1.1564251593041874e-05,0.4440896111210243
2446,1.1527581019457339e-05,0.4440890129119039
2447,1.1489709858127301e-05,0.44408612711141626
2448,1.1443468109166246e-05,0.44408557968123546
2449,1.1394907212006683e-05,0.44408883826088597
2450,1.1355751218165075e-05,0.444086626308468
2451,1.1312430986328856e-05,0.4440866564866618
2452,1.1271172114406651e-05,0.44408413169539085
2453,1.1226855996980318e-05,0.44408431443846735
2454,1.1181101783489147e-05,0.44408474892707717
2455,1.1141462435494517e-05,0.44408447506428006
2456,1.1096346280314444e-05,0.44408536991958586
2457,1.1054780100169996e-05,0.44408674964321826
2458,1.1018235327103902e-05,0.4440878540571836
2459,1.0979074105762189e-05,0.4440871459652948
2460,1.0936419209052617e-05,0.4440850032419183
2461,1.0890184762272331e-05,0.4440857363644988
2462,1.0845676029181128e-05,0.4440879499831467
2463,1.0804640533694063e-05,0.4440859955226674
2464,1.0761690132954366e-05,0.4440863317728713
2465,1.072173530162717e-05,0.44408704297770224
2466,1.0681762156347023e-05,0.44408759969646217
2467,1.0638055086023895e-05,0.4440869010358871
2468,1.0597558285994896e-05,0.44408593936592095
2469,1.0557279821290272e-05,0.4440862037669033
2470,1.0516059283479302e-05,0.4440848650143818
2471,1.0470497803662337e-05,0.4440840439715592
2472,1.0430589677139417e-05,0.4440837143641683
2473,1.0394830207134981e-05,0.44408445168221516
2474,1.0354577687725297e-05,0.44408333073667916
2475,1.031764097487214e-05,0.4440808388076249
2476,1.0279411420691272e-05,0.44408003578033317
2477,1.0233276560652699e-05,0.44407829226322754
2478,1.0195277170328858e-05,0.4440771046680801
2479,1.015111107337596e-05,0.44407923764989715
2480,1.0113127564030402e-05,0.444079358157882
2481,1.0073796269443502e-05,0.44407955026035734
2482,1.0035613734662495e-05,0.4440814106329155
2483,9.99857578708839e-06,0.4440813733040434
2484,9.956673109519156e-06,0.44408089920223526
2485,9.91454925858326e-06,0.4440814027687145
2486,9.877006784276602e-06,0.4440816378780247
2487,9.841287547685505e-06,0.4440813133301138
2488,9.803870090626822e-06,0.44407907520936424
2489,9.761201196499008e-06,0.44407867978447785
2490,9.719436211429682e-06,0.44408046556694064
2491,9.679447937385074e-06,0.44407935144768684
2492,9.637356227110819e-06,0.4440806665747466
2493,9.597904527980855e-06,0.4440799785547815
2494,9.56306923546067e-06,0.44408182666101914
2495,9.528841198386309e-06,0.4440844708550573
2496,9.487695417350372e-06,0.4440826251618263
2497,9.449350474160219e-06,0.4440820211307879
2498,9.417376247926662e-06,0.4440830781212834
2499,9.38581853792992e-06,0.444081903439737
2500,9.3536595980893e-06,0.444080952477148
2501,9.316751985187897e-06,0.44407920442961957
2502,9.281705628735359e-06,0.4440776020248184
2503,9.243041144536088e-06,0.4440778318151672
2504,9.207403758056503e-06,0.4440768424224134
2505,9.168418856257608e-06,0.44407845663741885
2506,9.13066697061832e-06,0.44407920662934597
2507,9.096383893470333e-06,0.44407881016291684
2508,9.059335503869877e-06,0.44407871458588677
2509,9.023484247339325e-06,0.4440789355333561
2510,8.995636273839644e-06,0.4440784360770943
2511,8.962538088918983e-06,0.4440776522772095
2512,8.927093882199652e-06,0.44407647828894303
2513,8.8980248750501e-06,0.44407432622669074
2514,8.866227469217449e-06,0.4440743566620656
2515,8.830621640423094e-06,0.4440727595272399
2516,8.796306948058108e-06,0.4440731698913177
2517,8.76212130225161e-06,0.4440730635183521
2518,8.730125235140835e-06,0.44407289181015874
2519,8.697357400150438e-06,0.44407176630385115
2520,8.663824003958675e-06,0.44407123248925845
2521,8.629323304088008e-06,0.4440728626795896
2522,8.591143419325459e-06,0.44407224822908775
2523,8.553789672342664e-06,0.44407188958345634
2524,8.522338610267223e-06,0.4440725323078852
2525,8.49264247197375e-06,0.4440724462878269
2526,8.45912028116776e-06,0.44407323474784605
2527,8.428413566782694e-06,0.44407276455448924
2528,8.394016572227456e-06,0.4440717764486442
2529,8.357752272672086e-06,0.44407279852589626
2530,8.327548455129753e-06,0.44407262713160284
2531,8.297412721383364e-06,0.44407426986072274
2532,8.260194286733322e-06,0.44407353339576017
2533,8.233682453087759e-06,0.4440731691793442
2534,8.205082576028902e-06,0.44407337346444004
2535,8.171937851840627e-06,0.4440716294737898
2536,8.13885738621331e-06,0.4440726260147187
2537,8.108589234683359e-06,0.4440713870773956
2538,8.072807402798005e-06,0.44407320266943456
2539,8.043912480245225e-06,0.44407244687143865
2540,8.010650812437732e-06,0.44407113719392116
2541,7.982281859018698e-06,0.4440715649264602
2542,7.953505826022278e-06,0.44407105722433404
2543,7.926796070392755e-06,0.4440710076147281
2544,7.894454602331022e-06,0.4440704421952082
2545,7.862182192477114e-06,0.4440703867483885
2546,7.835612414978722e-06,0.44407071220395716
2547,7.80783977710589e-06,0.4440690779852685
2548,7.774540215237263e-06,0.44406918913652316
2549,7.74619280176509e-06,0.44406780133280277
2550,7.713713793926549e-06,0.44406834636071507
2551,7.677669516043242e-06,0.4440686918386862
2552,7.653196673218165e-06,0.4440690435758416
2553,7.6242671453076565e-06,0.44407099183265486
2554,7.596483676126656e-06,0.4440722474653786
2555,7.5628928896085305e-06,0.44407094201784475
2556,7.535063121322387e-06,0.44407057617053325
2557,7.505202787178345e-06,0.4440710398461468
2558,7.475007919343074e-06,0.4440716396667705
2559,7.446328231170616e-06,0.44407253719910283
2560,7.417073691079359e-06,0.444072075264664
2561,7.3899262970424086e-06,0.44407232164964333
2562,7.363552522028886e-06,0.44407252429579924
2563,7.332583143553235e-06,0.444071418675112
2564,7.306171567173595e-06,0.444071325686883
2565,7.276837457983329e-06,0.44407067396514993
2566,7.246204844022605e-06,0.44407086881938296
2567,7.222797925208175e-06,0.44407130129513456
2568,7.196882534511574e-06,0.44407252513441364
2569,7.169686405806338e-06,0.44407267386894744
2570,7.1414233129431905e-06,0.4440730066501971
2571,7.111392477648075e-06,0.44407229622728744
2572,7.083321099381033e-06,0.44407197540608556
2573,7.0610200312545946e-06,0.4440719305973116
2574,7.035561692549313e-06,0.44407264877096064
2575,7.008266917550367e-06,0.44407352104875625
2576,6.981702180888946e-06,0.4440740297883954
2577,6.955032005845164e-06,0.44407469276682016
2578,6.925472185828696e-06,0.44407720560212266
2579,6.90074193407308e-06,0.4440766516784482
2580,6.875577500823076e-06,0.4440763616419212
2581,6.847594609310675e-06,0.44407446995210165
2582,6.820368516743052e-06,0.444074237555627
2583,6.797024851364649e-06,0.444073267676506
2584,6.769802555954156e-06,0.4440719456165147
2585,6.744694227997597e-06,0.4440720416417832
2586,6.71867493916407e-06,0.44407115507609113
2587,6.6889806758449816e-06,0.44406960842130894
2588,6.668169229507455e-06,0.44406864583174804
2589,6.643317753946289e-06,0.44406897551044683
2590,6.6165245804363455e-06,0.4440690180773508
2591,6.589935663423687e-06,0.44406867223816365
2592,6.5631973505283445e-06,0.4440703241109788
2593,6.539840628299874e-06,0.44407080395685167
2594,6.5163551729194945e-06,0.44407031656257506
2595,6.4928104025666525e-06,0.4440701938884481
2596,6.466437744155442e-06,0.44407095825962306
2597,6.443488617709234e-06,0.44407048806405436
2598,6.418372648107809e-06,0.4440698986775496
2599,6.396001008155422e-06,0.44407019462924696
2600,6.370548622841694e-06,0.4440689082514896
2601,6.344316825538255e-06,0.4440686599709826
2602,6.322961298385448e-06,0.4440679467641734
2603,6.298015390673299e-06,0.44406860058509606
2604,6.273015385024422e-06,0.4440691751124069
2605,6.247503165736162e-06,0.4440686496457645
2606,6.225532327874953e-06,0.44406771704341474
2607,6.201020057248913e-06,0.44406784359942797
2608,6.1796489356942115e-06,0.44406887777777554
2609,6.155652166600346e-06,0.4440673391411328
2610,6.130044825592125e-06,0.4440665703165146
2611,6.107276939749318e-06,0.44406601389471195
2612,6.082101394723285e-06,0.444065534766382
2613,6.060235376478827e-06,0.4440658261491294
2614,6.032520300140981e-06,0.4440655687898752
2615,6.009272438427547e-06,0.4440660549663106
2616,5.985263710940203e-06,0.44406701877258575
2617,5.963045992172627e-06,0.4440672547652587
2618,5.936839396082566e-06,0.4440650892557145
2619,5.9169431541833594e-06,0.4440655494643801
2620,5.893577130316722e-06,0.4440655694774273
2621,5.871495823816867e-06,0.44406671414526744
2622,5.8487753746601195e-06,0.4440669901074972
2623,5.827687545878003e-06,0.44406718950228824
2624,5.801833756747932e-06,0.44406890826794526
2625,5.777490867692728e-06,0.4440696416492466
2626,5.756897563246448e-06,0.4440710990094322
2627,5.737258394072395e-06,0.44407140857311
2628,5.714817490724677e-06,0.44407065293828063
2629,5.6907708396240714e-06,0.44406948982580424
2630,5.66863955294962e-06,0.4440693548150518
2631,5.647560367219104e-06,0.44406945500077594
2632,5.628418638795113e-06,0.44406774125222936
2633,5.6079842637628494e-06,0.444068276294569
2634,5.5868071871795044e-06,0.4440679406384691
2635,5.56900026990643e-06,0.44406822047494704
2636,5.549002487792945e-06,0.44406797254754155
2637,5.530067555535207e-06,0.44406918253157557
2638,5.51038216638849e-06,0.44406951210498496
2639,5.490267930752427e-06,0.4440693686198353
2640,5.4692351238781814e-06,0.4440696406521745
2641,5.4491236454434965e-06,0.44406839594400666
2642,5.430385953902908e-06,0.44406882918414736
2643,5.410252852248982e-06,0.4440687693874116
2644,5.391920957035528e-06,0.4440685661273003
2645,5.367522777496097e-06,0.4440680474854305
2646,5.3458014447556655e-06,0.44406658327756854
2647,5.325656922531684e-06,0.44406700834260804
2648,5.307184802192209e-06,0.44406697734687944
2649,5.284622075810357e-06,0.44406812799617873
2650,5.266582545393351e-06,0.44406861439158574
2651,5.246081301131843e-06,0.44406817566796314
2652,5.226929245025034e-06,0.4440677829619161
2653,5.208692018011112e-06,0.4440694556071037
2654,5.1892089104355415e-06,0.4440697820479406
2655,5.170087276255811e-06,0.444069248172562
2656,5.14847862384496e-06,0.44406912625947936
2657,5.128024285888045e-06,0.4440692354927883
2658,5.110395556820828e-06,0.44407001300346755
2659,5.091028448888662e-06,0.444070218093928
2660,5.075489134986221e-06,0.4440702979099101
2661,5.05531705764744e-06,0.4440695899500758
2662,5.036664895434637e-06,0.4440693208122506
2663,5.020532151367374e-06,0.4440695772945403
2664,5.001910356739993e-06,0.44406929599658534
2665,4.981838178230396e-06,0.4440687891995706
2666,4.961232893275135e-06,0.44406871197487696
2667,4.940184673526514e-06,0.44406720093307633
2668,4.921402596544446e-06,0.44406713467641407
2669,4.90223010760635e-06,0.4440670065343932
2670,4.884260598673235e-06,0.44406798576345147
2671,4.8635948423338886e-06,0.4440687142559431
2672,4.846283797980614e-06,0.44406786135890153
2673,4.827104160925428e-06,0.44406868886037676
2674,4.806364378163373e-06,0.4440705727990458
2675,4.788323900084975e-06,0.4440702193750777
2676,4.771910100143007e-06,0.4440703626251306
2677,4.75576250296813e-06,0.44407103727415836
2678,4.737528034190419e-06,0.4440705506003142
2679,4.721174302046983e-06,0.444071024517003
2680,4.702246712843793e-06,0.444069851519687
2681,4.685040473567481e-06,0.4440690042361252
2682,4.668618576536202e-06,0.4440705402626317
2683,4.650113251592137e-06,0.44407086868419937
2684,4.6313096260307126e-06,0.4440709316605365
2685,4.613522096781885e-06,0.4440711077293505
2686,4.595178588993319e-06,0.44407208302199414
2687,4.577356418883769e-06,0.4440716777037344
2688,4.556905653718344e-06,0.444072492200887
2689,4.539292398594799e-06,0.4440725929802616
2690,4.520896253759197e-06,0.44407198642340723
2691,4.5038829325432595e-06,0.44407217243200453
2692,4.487708511271502e-06,0.44407231428907556
2693,4.469818284113638e-06,0.44407127721205464
2694,4.45324629770166e-06,0.44407067453917065
2695,4.435328505982223e-06,0.4440709597270299
2696,4.419287377635942e-06,0.44407154829167694
2697,4.40169341810358e-06,0.44407186604506166
2698,4.382927166874327e-06,0.44407395374659153
2699,4.367857766437713e-06,0.44407347529940366
2700,4.349992112284899e-06,0.44407308685412566
2701,4.3343433142613405e-06,0.4440725910754057
2702,4.317310411979609e-06,0.44407296502973437
2703,4.302001672783743e-06,0.44407249159191337
2704,4.2869441569207876e-06,0.4440741158902226
2705,4.269944837430557e-06,0.444074833042337
2706,4.252460802436765e-06,0.44407544954854294
2707,4.234963496086734e-06,0.4440767352282576
2708,4.217718519739724e-06,0.44407836032231973
2709,4.200515382773911e-06,0.4440782845396226
2710,4.185832804828086e-06,0.4440768394325356
2711,4.1719067692038445e-06,0.4440765654621174
2712,4.154760427458031e-06,0.4440758513946074
2713,4.1381036731113725e-06,0.44407692810715005
2714,4.122879032667288e-06,0.4440766601218963
2715,4.105438257250683e-06,0.4440771107332533
2716,4.0895017748494125e-06,0.4440761642718083
2717,4.072282925173646e-06,0.4440761898002515
2718,4.058783533778879e-06,0.44407661569018636
