epoch,train_loss,val_loss
1,0.9727109763531663,0.9842550014388584
2,0.9471243494755063,0.9603590389765956
3,0.9219798211612068,0.9373225015174609
4,0.9012486236182536,0.9190642804661018
5,0.8784202371118597,0.8985484431567703
6,0.858648628715047,0.881754382953786
7,0.8396933509238258,0.8655593836030774
8,0.8224280754801904,0.85083694942595
9,0.8062151980857337,0.8375679696794149
10,0.7910706173472993,0.8252848087396113
11,0.7766327994663492,0.8133133642254783
12,0.7624873952065616,0.8014702659245685
13,0.7492734493174538,0.791597882355473
14,0.7371151475776149,0.7815935310134269
15,0.7251993903886939,0.7723772637461485
16,0.7132500365731284,0.7626073791027742
17,0.7026926414269284,0.7555952344672257
18,0.6930223212677068,0.7482669881843961
19,0.6823941006102452,0.7400271392409381
20,0.6735489176710289,0.7341225208370249
21,0.6641997296636527,0.7279538300228484
22,0.6558161615158119,0.7232978935977946
23,0.6475842822093238,0.7167364454671957
24,0.6397011258701139,0.7120675212634061
25,0.6325892701844563,0.7077028852695018
26,0.6256261260613429,0.703044044963255
27,0.6186315340764719,0.6988106172989732
28,0.6120730898376676,0.6968926218785426
29,0.6051653812155341,0.6920912390391003
30,0.5983413903137581,0.6860709353333072
31,0.5925860064889671,0.6823039982075322
32,0.5866849767084845,0.6786452035809406
33,0.5806272213657204,0.6762750783948512
34,0.5757664067251747,0.6735311033773651
35,0.5702023323960997,0.6702816835073381
36,0.5647571712938351,0.6673094130272301
37,0.5597522275873228,0.6639757140517445
38,0.5550245265653923,0.6623232500357277
39,0.5498162156533865,0.6592978783787207
40,0.5450126905507201,0.6568400436306205
41,0.5402600186265692,0.6549304214346986
42,0.5356114561528796,0.6532709370738287
43,0.5313344842883879,0.6517414021942427
44,0.526921741179526,0.6497447269869309
45,0.5223573217824077,0.6477781901898416
46,0.5177351891922263,0.6462401266503923
47,0.5134070739587058,0.6444056642972565
48,0.5093585206329704,0.6423084514755728
49,0.5051556435290364,0.6414204573836246
50,0.5008155461829933,0.6396775389926636
51,0.49658202588248657,0.6379353658539421
52,0.4927213753549996,0.6361818544673112
53,0.4890969907386162,0.6350601910447666
54,0.48558277834137525,0.6333251481284927
55,0.4815962214275232,0.6313807753529097
56,0.4779226173313614,0.6299955898118513
57,0.47405338771070876,0.6281998403306356
58,0.47075958045836475,0.6278318326868338
59,0.4674158345030885,0.6268187042225511
60,0.46392979818906904,0.6255753862136111
61,0.4604154835700336,0.6242543004139381
62,0.457223981176858,0.6227703000163459
63,0.4541003031657756,0.6215151415409582
64,0.4505325603486099,0.6203164150452637
65,0.4472977697268223,0.6190930288577
66,0.443767427844845,0.616729390702443
67,0.44059095831670403,0.615352737152938
68,0.437451669690956,0.6148150585471204
69,0.43471740580365864,0.6145642465301476
70,0.43188660036995463,0.6137209897622252
71,0.4287555041411572,0.6125074879876096
72,0.42590779137294127,0.6114884129650466
73,0.42300094736422245,0.611279289696971
74,0.42017689517132206,0.6102441245844133
75,0.41740450097068077,0.6096061865690443
76,0.41454564564449037,0.608466615955634
77,0.4118254198841325,0.6073600462793896
78,0.4090647511194778,0.6063555481817425
79,0.4064271349344195,0.6053272018149687
80,0.4036972014558674,0.6051209159612589
81,0.40109357155395126,0.6045898663839102
82,0.3983639359746936,0.6033507962396816
83,0.39595561922393796,0.6026802142368473
84,0.39341506495073875,0.6014787089031973
85,0.39101201332384516,0.6011593941223409
86,0.3886188766020427,0.6007730865828617
87,0.3861431849980201,0.5996554895161212
88,0.38353334638282455,0.5995036957111803
89,0.38094459761929056,0.5984274536146402
90,0.37839865543633106,0.5968804325626246
91,0.37590015615702893,0.596064508807517
92,0.3735749453621993,0.5949284223330829
93,0.3711452202558055,0.5940189184080954
94,0.36881022421943516,0.5937313556994662
95,0.36625226610788725,0.593049232559407
96,0.3640019049153035,0.5923899521100431
97,0.3616097272103211,0.5917969436800539
98,0.35925665235393955,0.590688547317494
99,0.3570961563448836,0.5905232751131859
100,0.3547668106004197,0.5899722311118194
101,0.3526454486745818,0.5894988933341911
102,0.350567388734725,0.589184392146938
103,0.34816926906906076,0.5889986724343248
104,0.3459692450095204,0.5886906912185877
105,0.3439543205223688,0.5882500198980665
106,0.3418970467192998,0.5878589137455851
107,0.3397318964883495,0.5870448757551965
108,0.3375180527519433,0.5858115876454564
109,0.3355091410535189,0.5851659928902494
110,0.3334887036509789,0.5847007585747287
111,0.331413243404386,0.5840047873269382
112,0.32938469367328127,0.5838140273351053
113,0.32741201780346163,0.5835270591717887
114,0.32544927828307435,0.5831020436738483
115,0.32348536657604465,0.583078348574801
116,0.32164415463610024,0.5824140619690281
117,0.3198740977982927,0.581900119612804
118,0.3180843768440692,0.5813582509193453
119,0.31620578000134153,0.5812630654625299
120,0.3142314174959905,0.5803179402176784
121,0.3124919978649694,0.5802622886287725
122,0.3106510823391749,0.5800673022548564
123,0.30881257515567395,0.5799814813309998
124,0.30700508819121586,0.5795761862619341
125,0.30517295404606226,0.5793671325127386
126,0.3033899119989768,0.5784721187409347
127,0.3016923653487259,0.5778771325346821
128,0.29984967196681594,0.5771321012565223
129,0.2981119801283099,0.5769744955580342
130,0.2962744231157325,0.5762125125680453
131,0.29459435211751667,0.5761831498350146
132,0.2927410582949965,0.5753855325639867
133,0.2911696593764481,0.5748043541261483
134,0.2894343606581067,0.5743627656870494
135,0.287881445690294,0.5742442719017634
136,0.28618567097393904,0.5737567205311095
137,0.2844493145816313,0.5729315892464886
138,0.28287509995815036,0.5727316197314151
139,0.28127302015883504,0.5727530995508026
140,0.27971816541319827,0.572245743636572
141,0.2781234319653373,0.5719528847440933
142,0.2764711581501936,0.5714029002556082
143,0.27488097721418076,0.571100116649085
144,0.2733503388061627,0.5706646164453586
145,0.27160441673700425,0.5704450653815428
146,0.2700701674020526,0.5704275001198247
147,0.26855271646548884,0.5704725156692978
148,0.26703894871885087,0.5704009206475187
149,0.26553326023731283,0.5699680248181145
150,0.2640868501422324,0.569597418239226
151,0.2625259346050055,0.5691800619927103
152,0.2610945013213667,0.5687398618145248
153,0.2596708628060716,0.5684493422642453
154,0.2583295369876012,0.5683235285612958
155,0.25684770370925475,0.5683091822391118
156,0.255477957758278,0.5676892742154032
157,0.25409829257453703,0.5672437503678188
158,0.25262672856957263,0.5670750666043468
159,0.25118373170287167,0.5667762265798041
160,0.24977301548055855,0.5668767817511328
161,0.24848441530651288,0.5667104073927646
162,0.24709904300713273,0.5665141355181477
163,0.24561267655622354,0.5661839204738824
164,0.24437592166330252,0.5660755664999269
165,0.2431341442452861,0.5666325989722046
166,0.241763871895041,0.5663983142744728
167,0.24052443067725754,0.5664131148389769
168,0.23912877972216653,0.5657013684388364
169,0.23785869216173428,0.5655912960665107
170,0.23660203800539983,0.5654730940554875
171,0.23540158852741272,0.5649779328838855
172,0.23409358048734483,0.5649398527233097
173,0.23286335853846876,0.564766357141416
174,0.231568439235612,0.5646468478429806
175,0.23037218088727734,0.5643561600800061
176,0.22904660640989696,0.5641724109756104
177,0.22779538657935072,0.563974451726697
178,0.22658801141410226,0.5638163664773593
179,0.22536198881595076,0.56358395226624
180,0.22413038473808874,0.5633161108885653
181,0.222974849624448,0.5631158614210984
182,0.2217336124761719,0.5630967909574685
183,0.22046879879230502,0.5625694958044477
184,0.2193282800842585,0.5624411105102565
185,0.21827388958018337,0.5623314932498787
186,0.2171177290704903,0.5620534610576857
187,0.21589611590375565,0.5616613689350008
188,0.21472063409873351,0.5614200975493139
189,0.21355587296465073,0.5611417481330062
190,0.21239698037138277,0.560898368079678
191,0.21123588203204616,0.5606927829478145
192,0.21000712636126986,0.5606123435067609
193,0.20890826503670756,0.5604452887757616
194,0.20780594987281015,0.5600554711253137
195,0.20680154074518078,0.5598496938538688
196,0.20572417012545013,0.5594956911489415
197,0.2046785811980485,0.5592303313097561
198,0.20361601315670042,0.5591144099818401
199,0.2026068994013898,0.5584425627331837
200,0.2015806178951186,0.558224239870808
201,0.20050979995008714,0.5579953504040482
202,0.19955476805168154,0.5577008734844356
203,0.198498415579527,0.5576785571554661
204,0.19755452907791168,0.5576920964917078
205,0.19656894342368128,0.5576324837749984
206,0.1955478922097167,0.557532610926209
207,0.19445469871867851,0.5570525753192875
208,0.19348744088470973,0.5567147182489802
209,0.19246331991713833,0.556353991731233
210,0.19153946039883452,0.5563729072504338
211,0.19055381067027885,0.5562815999674654
212,0.1895953132511842,0.556370866752549
213,0.18863518879944008,0.5562756734614871
214,0.18773692481176799,0.5555402431699556
215,0.18666963390382194,0.5551364520563804
216,0.18575017837141417,0.5546568520773695
217,0.1848939209563325,0.5543727818545667
218,0.18394371455230554,0.5541024558402189
219,0.1829862371042839,0.5543515066133992
220,0.18206438784237766,0.5544363986694268
221,0.18113246230924213,0.5542820046669147
222,0.1801944909345591,0.5544727113611714
223,0.17929826657074246,0.5542107415080778
224,0.17837579872741469,0.5540171942459818
225,0.17746392183801105,0.5537333161844663
226,0.17654236996763373,0.5533453768763502
227,0.17566811216773356,0.5528979082710263
228,0.174695216866036,0.5527307509445202
229,0.17382853986366048,0.5528734008126398
230,0.17295518635705276,0.5525094488356376
231,0.17215198177859395,0.5521835717524121
232,0.17129048246968806,0.5522091750366257
233,0.17051445953014152,0.5520421127388786
234,0.16960963011435043,0.5518789137800815
235,0.16872512816200116,0.5518314004269977
236,0.16797084661793746,0.5513699050870254
237,0.16715839495107304,0.5514790138909333
238,0.16635225864073713,0.5512694370724389
239,0.16560328720044923,0.5513520199296166
240,0.16480993414066203,0.5514429761981458
241,0.1639983643123353,0.551451041297767
242,0.16320062572030122,0.551524034997837
243,0.16238059357701506,0.5517950623150439
244,0.16160235637116546,0.5518871405922267
245,0.1608238125068115,0.5517115811319633
246,0.1600225328588086,0.5514472313728827
247,0.15922187032588964,0.5512540346946432
248,0.15841655210796438,0.5511055886321514
249,0.157654357788923,0.5508998974569047
250,0.15680681844373281,0.5504576019615227
251,0.156043258983131,0.5501903832232325
252,0.15531369688794172,0.5498495267505829
253,0.15449816855950763,0.5498711874287635
254,0.1537479735102644,0.5496386485772807
255,0.1530277563399544,0.5495194434822489
256,0.15233315756407256,0.5492225746125007
257,0.15169412956873798,0.5490687978614281
258,0.1509347252147096,0.5488279665850821
259,0.1501449533683848,0.5488044273964714
260,0.14936540216027996,0.5486509408501211
261,0.14865768120818987,0.5487944055523296
262,0.14800375040690614,0.5487904020140862
263,0.14725051434848568,0.5487555964518018
264,0.14659182097339685,0.5486047973078308
265,0.14593884186314615,0.548675860703659
266,0.14520894954552238,0.5486747122384771
267,0.14453859143371503,0.5489084699745633
268,0.1438833658782084,0.5487082943005208
269,0.1431502550151383,0.5487347760246063
270,0.1424245829007695,0.5487233296914701
271,0.1417494374107528,0.5485731386266952
272,0.1410568873723442,0.548715842828995
273,0.14033022980135004,0.5485840600315174
274,0.13965101605845562,0.5485033058806016
275,0.1389637806595193,0.5485115922397568
276,0.1383139569950272,0.5485723809566867
277,0.13760690764260625,0.548590728139432
278,0.13686851781283005,0.5484851165026963
279,0.1362154108845948,0.5484567135933661
280,0.13550860012822366,0.5480721033092029
281,0.13481368398314075,0.5477148487681456
282,0.13414486936255085,0.5474470053755577
283,0.13353132836302917,0.5472720909894966
284,0.13291562687738176,0.5471405508137895
285,0.13228207863829694,0.5469992759540672
286,0.13172371668063454,0.5467911523166595
287,0.13112335708713346,0.5465812775558069
288,0.13052385836411765,0.5464492923556725
289,0.12990114407071252,0.5462850337871663
290,0.12932189299660343,0.5460741671521966
291,0.12869207956663617,0.5462059614541213
292,0.12812024018691137,0.5460796945966461
293,0.12752131550663814,0.5460585996587982
294,0.1268632775866172,0.5462619192604345
295,0.12626037327406242,0.5460786679485284
296,0.12561532256214483,0.5458911852635995
297,0.12505685707838793,0.5456067498158907
298,0.12444718771301871,0.5453695539015346
299,0.1237864019947037,0.5451252960487183
300,0.12318862904339596,0.5451432249792126
301,0.12261431458326992,0.5447728678076604
302,0.12201374437030497,0.5445401173511569
303,0.12142930202518569,0.54444274288227
304,0.12084682208577639,0.5442071184657965
305,0.12029707429742482,0.5444017755529738
306,0.1197256976239156,0.5440806784444784
307,0.11915777178547897,0.5437357204757751
308,0.11854408000209095,0.5437183577181697
309,0.11800096542234799,0.5437362144509199
310,0.11742507701944939,0.5436172951523824
311,0.11688304954727981,0.5435313925923959
312,0.1163464178665388,0.5434146777390362
313,0.11580948948673553,0.5431351234005417
314,0.11528055351944193,0.543052074783755
315,0.11474258364909731,0.5427714610102882
316,0.11416367386924237,0.5426876126320861
317,0.11360857617896232,0.5427083510761311
318,0.11311656971340277,0.5424747859073316
319,0.11256686674604195,0.542241318912912
320,0.11205801509070865,0.5420837011698121
321,0.1115718313579528,0.5419087061087468
322,0.11111903030889411,0.541598366909158
323,0.1106322785459814,0.5414638984594916
324,0.11013418209976569,0.5412719211460865
325,0.10965511624105571,0.5413002503593973
326,0.10913684333327192,0.5413810733659586
327,0.10866059932886908,0.5413307144911874
328,0.10809928522286562,0.5411901586318686
329,0.1075491592489386,0.5411202956313689
330,0.10701442761627727,0.5410511489344046
331,0.10653650889556283,0.5409819819887857
332,0.10601635634010764,0.5410352308745383
333,0.10550406110965396,0.5409465521899484
334,0.10499627786493977,0.5409604749856837
335,0.1044958132873744,0.5409244347054518
336,0.10398319559199427,0.5410607306160978
337,0.10346857732879006,0.5409456693295018
338,0.10297479803693824,0.5407756051886029
339,0.10246412621812097,0.5406807101695942
340,0.10199188452347234,0.5407055439273702
341,0.10149054913658533,0.5405051333502453
342,0.10104462959169186,0.540404793818367
343,0.10059616790419654,0.5403743162373448
344,0.10006686910990362,0.5402409062440117
345,0.09963563257498183,0.540258213419914
346,0.09919717012547262,0.5401946733715017
347,0.09872621990721048,0.5402411622890294
348,0.09827533375562003,0.5399201915573282
349,0.09785165016110649,0.5399605837766256
350,0.09742313919236982,0.5399576547667336
351,0.09697554606667244,0.539850734268969
352,0.09653106961791658,0.5394839592676052
353,0.09611467069282466,0.5395889158570591
354,0.09568468177345937,0.5395677662360899
355,0.09522901779544898,0.5394755494756461
356,0.09483087581994246,0.5395264347495324
357,0.09439696195263277,0.5393340118240507
358,0.09393211139311217,0.539485051315653
359,0.09347533790098905,0.5393480540314661
360,0.09305185862296658,0.5393948407845582
361,0.09258948646558131,0.539456923294929
362,0.0921203070472591,0.5393651374884602
363,0.0916523244778004,0.5392936239765213
364,0.09120038802943506,0.5393737528691428
365,0.0907979743817164,0.5390802202463486
366,0.09038648742133394,0.5388768392467981
367,0.08995277820504373,0.5388948329720218
368,0.08952405435998442,0.5385795547706603
369,0.0891042148296142,0.5384495525483534
370,0.08870617832036978,0.5384054137572066
371,0.0882569599328998,0.538362681791034
372,0.08782691961015204,0.5382676680683692
373,0.0874306410834735,0.5382027583652278
374,0.08708828612888425,0.5380568437585317
375,0.08667786417260435,0.5378002993172544
376,0.0863004379790917,0.538030564086901
377,0.08591572779871642,0.5381777546536025
378,0.08551837783952157,0.5380731814700173
379,0.08513415754820036,0.5380143242181281
380,0.0847378227656699,0.5380242912509092
381,0.0843313364191132,0.5381903473820261
382,0.08397455744963674,0.5379616865854434
383,0.0836012435182498,0.5379538333049958
384,0.08324108512337512,0.5376387829424403
385,0.08284776231436751,0.5376959287777026
386,0.08245015985251532,0.5376590644017435
387,0.08208334368724904,0.5376612767300457
388,0.08172848634976934,0.5375206884380562
389,0.08135778334088294,0.5373455480761927
390,0.08100314143726355,0.5374462722405525
391,0.08063580657552537,0.5374985162654872
392,0.08024036651303708,0.5374253961382716
393,0.0798794383190871,0.5371594114716174
394,0.07954638094805801,0.5369958209053967
395,0.07916525690663356,0.5367259911662791
396,0.07881499158846954,0.5367299614135853
397,0.07848476663204103,0.536758323649884
398,0.07811074768295159,0.5364921994346393
399,0.07774918118571664,0.5364852081072928
400,0.077400275401715,0.5364673742624351
401,0.07710033387891432,0.5365544406514586
402,0.07675677683267429,0.5366268840810566
403,0.07642465580392756,0.536643028867491
404,0.07606437510606907,0.5365665139504129
405,0.07572644510736926,0.5365569407538086
406,0.0754036489203385,0.5363184601075718
407,0.07508822073843545,0.5363392414945838
408,0.07475408913587468,0.5363445512240235
409,0.07440808614433374,0.5360719590038919
410,0.07407293476531877,0.535983122031481
411,0.07375071041462732,0.5361306216842094
412,0.0733797624300293,0.5361162291936563
413,0.07307451159544993,0.5360898991828359
414,0.07278165762551131,0.5358252081706293
415,0.07248562998068832,0.5358576919488325
416,0.07216199723222264,0.5359204366353872
417,0.07185847970974547,0.535842333484295
418,0.07155364347654773,0.5357832440269742
419,0.07123989538193706,0.5358149059123102
420,0.07090736755031639,0.5357048163865683
421,0.07060659016094756,0.5357059431041846
422,0.07030147951474285,0.5358095650578882
423,0.06998063080683231,0.5356946520945304
424,0.06968545400169303,0.535682492054945
425,0.06935761721467167,0.5355216562412336
426,0.06907543337845094,0.5356138473663308
427,0.06877868885777735,0.5356002734080627
428,0.0685168135543387,0.5354147749257822
429,0.06822346498364218,0.5355016381063118
430,0.067937503810943,0.5354126433356191
431,0.06767148856187671,0.5351782361445314
432,0.06734421542141959,0.5350024567891628
433,0.0670389165715496,0.5348390971071231
434,0.06677530529786642,0.5348007184394099
435,0.06648389546940404,0.5347719361269396
436,0.06621452845851328,0.5346613552290326
437,0.0659026003445734,0.53461912385168
438,0.06561633116407493,0.5344234524965026
439,0.06534179323752466,0.534337569663523
440,0.06505307765532038,0.5341239906545864
441,0.06476341059062458,0.5340802358362553
442,0.06450573223035128,0.5342035767284574
443,0.06421108724347209,0.5342551236258014
444,0.06391722660222696,0.5344572653293843
445,0.06363606513287691,0.5344278077781848
446,0.06336173694976337,0.5344102063599833
447,0.06309453740993662,0.5344015518864141
448,0.06279756022782358,0.5345521725701685
449,0.0625438464140685,0.5345627255180954
450,0.06225575890635724,0.5343868869988428
451,0.0619834061076465,0.5342107448015629
452,0.06171578074765096,0.534174372147491
453,0.061448382623157785,0.5340433089147372
454,0.06119333711386958,0.5340419848139113
455,0.06090799913093444,0.5340341451079205
456,0.06063508779896708,0.5340105643953089
457,0.060372149938568834,0.5340401595327484
458,0.06010172834750466,0.5339597196562355
459,0.059840854774315055,0.5339746625724369
460,0.05958679047321414,0.5339657714173426
461,0.05933661211872475,0.5340050774266074
462,0.05908282420217213,0.5339799601314222
463,0.05883495148978296,0.5337935086000994
464,0.05857906920732672,0.5338364612179647
465,0.05833731313085194,0.5338241483098026
466,0.0580751872192976,0.5338348920067646
467,0.05782115098626825,0.5338904926309697
468,0.05755355379427575,0.5337677111358026
469,0.05733745432947547,0.5337721611150085
470,0.05708784397168123,0.533907425732329
471,0.05684586099730763,0.5338712608825278
472,0.056597417747005635,0.5338916496251787
473,0.056340591177953904,0.5339500602088801
474,0.05610812711989164,0.5338291843087694
475,0.05586517468694883,0.5338865435012333
476,0.05561417895346482,0.5337698876802432
477,0.05532772911571323,0.5337810129669243
478,0.05508897962376772,0.5336608208375979
479,0.0548341502082434,0.5336426404610211
480,0.05462337576814782,0.5335361640213554
481,0.05436023688424676,0.5335539509245151
482,0.05413386286841189,0.5333721527369218
483,0.05389142487115939,0.5334303528007857
484,0.053639973624393565,0.533387404157098
485,0.05340957168962529,0.5333919336405718
486,0.05318547072303428,0.5331597371101513
487,0.05294625447042182,0.5330729032221382
488,0.0527329553428764,0.5329569790957968
489,0.052504490755203664,0.5329096390200397
490,0.052252094718679996,0.5329737216475142
491,0.05202999533040756,0.5329123771353844
492,0.05179441276909975,0.5327508775154213
493,0.051566532184465955,0.532738720111859
494,0.05137465785538686,0.5326114077026833
495,0.05112298650344576,0.5326884670711918
496,0.05091274235694743,0.5325949958809548
497,0.050700853551839696,0.5325048134515146
498,0.0504919780799186,0.5327262791811069
499,0.05027492908938286,0.5327756663873086
500,0.05006997113249668,0.5327614856251104
501,0.049872783218902504,0.5328005755639795
502,0.049662492018043194,0.5327524048691827
503,0.04943759535124824,0.5326696536063875
504,0.04922416160629053,0.5326627546861243
505,0.0490166441098666,0.5325025624872659
506,0.048808010643165145,0.5324100965574847
507,0.04857813512811066,0.5323184148840518
508,0.04838184800414174,0.5321991037366987
509,0.04817320262672981,0.5321576024207484
510,0.04797698706485197,0.5321579002266044
511,0.04778416089207496,0.5321408047198932
512,0.04758369683866529,0.5320496463176625
513,0.04738234586017307,0.5322236241634891
514,0.047184350161599366,0.5322943980493474
515,0.04698547498499213,0.5321974732767155
516,0.04678635726295267,0.5320868102913271
517,0.046590409482876655,0.5321056379799143
518,0.046382865760859676,0.5322059893670594
519,0.04618801532012799,0.5322402238132805
520,0.04599285297887243,0.5321842557737273
521,0.04577704289199411,0.5323154536614725
522,0.04555781608894302,0.5322096919977948
523,0.04536561014936745,0.5322215214869573
524,0.04516127907821051,0.5322347753931023
525,0.04498175157496419,0.5323309314744773
526,0.044769945393508266,0.5324849864833423
527,0.04456272880697039,0.5324125873135044
528,0.044377667965605896,0.532397685621811
529,0.0441739326463231,0.5323219426218047
530,0.043986598243793675,0.5322504774888355
531,0.043800465147783525,0.5321793667461869
532,0.04361608576983629,0.5320510616072438
533,0.043443053258066355,0.5320895310556925
534,0.043261475792052126,0.53206267431754
535,0.043058865989989405,0.5319728230484201
536,0.042888574622688816,0.5319639448184136
537,0.04269711703948697,0.531852731978394
538,0.04249168313025849,0.5319547455449837
539,0.04229678806309048,0.531942086027427
540,0.04211797688580329,0.5319100314141353
541,0.04194953116102851,0.5319157183838327
542,0.0417660258816529,0.531830837416966
543,0.04160248369952867,0.5317504346600324
544,0.04142794718001783,0.5316367863823428
545,0.04125735161154223,0.5316528266833427
546,0.04107439327785473,0.531629447235898
547,0.04090123117157575,0.5315844938691957
548,0.04072235184959917,0.5316060188050488
549,0.04055325615390176,0.5315781310845498
550,0.04036565577821707,0.5316533605607143
551,0.04018154431635964,0.5315092856095902
552,0.04001055314862042,0.5314387559648467
553,0.0398293685632574,0.5314703720164735
554,0.03965779408336813,0.5316152143604105
555,0.03948253152447979,0.5316795286711042
556,0.039303838474413995,0.5317330377517254
557,0.039143127129654884,0.5315300828298268
558,0.03897099585601676,0.5315714552236442
559,0.03882491938185763,0.5314503161523356
560,0.03865711400035761,0.5313579010917763
561,0.038480707791122316,0.531275603057307
562,0.03832564968435267,0.5313268977233486
563,0.038145558237574005,0.5313901158274452
564,0.03799092370599552,0.5313027930565157
565,0.03783357100888095,0.5313062085296764
566,0.0376645022055147,0.531341351661135
567,0.037499208468885305,0.531439565646243
568,0.03734869985773203,0.5314071799620869
569,0.03718788348422628,0.5313442763860139
570,0.03702118186575598,0.5312382714613495
571,0.036869271050537646,0.5312274377110684
572,0.03671302386335153,0.5312720687116176
573,0.03653889278468058,0.5312872814848022
574,0.03639426232037438,0.5313514825428848
575,0.03625473927971931,0.5312829435018678
576,0.036117034637919286,0.531403938035433
577,0.03597887894832151,0.5314140063656376
578,0.03581753143030868,0.5313288443635258
579,0.035682908109456075,0.5313213600602055
580,0.03552712515876731,0.531227015490711
581,0.03538657853257246,0.5311565243378433
582,0.03522587099235994,0.5311061069803187
583,0.035081165120839294,0.5311216971446322
584,0.03491853449838952,0.5309782748665217
585,0.034766995112273505,0.5309585935928643
586,0.034628076104262884,0.53101618061311
587,0.03449367575748023,0.5311178332752254
588,0.03436451471306869,0.5310496259518384
589,0.03421766211463145,0.5311245608762656
590,0.03406705333800538,0.5310974504207976
591,0.03391418328737127,0.5309887752496921
592,0.03376972653041916,0.5310303227155799
593,0.03361776756456377,0.5310624997712348
594,0.03348296010436489,0.530918674729019
595,0.033341584096251244,0.5309109194005005
596,0.03319265286159749,0.5309073634262698
597,0.033058403632529695,0.5309079388758235
598,0.03291622699794564,0.530806471222692
599,0.032762730052652914,0.530847212816114
600,0.03263748359181235,0.5307084667151218
601,0.03250943489978247,0.5307315301270824
602,0.032362253870177465,0.5306763354080202
603,0.032230286102587956,0.53080389215789
604,0.03210665161004649,0.5307430589894377
605,0.03195968866131926,0.5306273283527567
606,0.03182616152078371,0.5305813537713329
607,0.03168214327766184,0.5305427359890946
608,0.03155907510127268,0.5306725026688228
609,0.03141378972686746,0.5306132350046342
610,0.031283901228574496,0.530578260502578
611,0.031173283730385203,0.5305350332171682
612,0.03103614742354683,0.5305328471950046
613,0.03090110961389024,0.5305752803536048
614,0.030785888398192327,0.5305229003108511
615,0.030648194711701143,0.5304607659246292
616,0.030522150132263573,0.5303306525706075
617,0.030392952577230906,0.5303908500715373
618,0.030256386000154106,0.5303389519471597
619,0.030139369872356766,0.5304258256929516
620,0.030023288715081545,0.5304882251504789
621,0.029889409889366832,0.5303609886581989
622,0.02973703903647442,0.5302924342309402
623,0.02961853831690366,0.5303561593119815
624,0.029494272738299493,0.5303912837812621
625,0.02938843305052352,0.5304041112359758
626,0.02926578273717456,0.5303456866891944
627,0.0291447281848692,0.5302568965528348
628,0.029012627991529337,0.5302503767938453
629,0.028901281748281847,0.5302997610767808
630,0.028769586279735644,0.5303011256962243
631,0.02865533542960448,0.5303952077152173
632,0.028535870606877536,0.5303976912458622
633,0.02841360904558207,0.5303234775269559
634,0.028287316806965362,0.5302563197774998
635,0.028168159412029315,0.5302278047685536
636,0.02806789823951311,0.5302301604571944
637,0.02796120736240364,0.5301602546087676
638,0.027842103546142333,0.5301211542147879
639,0.027731453156478975,0.5300812040079999
640,0.027608093728067582,0.5300129866805824
641,0.027486836470145916,0.5298728602188947
642,0.02738350741694614,0.5298497901111735
643,0.02726619136741443,0.5298417891789894
644,0.02714020831439648,0.529771480942453
645,0.027031009455135757,0.5298270056446911
646,0.02691897726105852,0.5297640345327681
647,0.026801463642921422,0.529679598599829
648,0.026681603213696947,0.5295539135600296
649,0.0265730512670668,0.5294397709237173
650,0.026455489017999732,0.5295234669484622
651,0.026340166929924646,0.5293515404253883
652,0.026231480033629184,0.5293385532303608
653,0.026120510435268997,0.5293659200331489
654,0.02601827360344251,0.5294237238291642
655,0.025896142717915262,0.5293823840080008
656,0.025787406860224533,0.529314153883493
657,0.025679529765189016,0.5293471151252566
658,0.025558409846070832,0.5293707678036228
659,0.02545473330549777,0.5293138467086513
660,0.025357561662844322,0.5292834176028394
661,0.02525012313244905,0.5292435234364885
662,0.025152950391351455,0.529226444154984
663,0.025041152261151663,0.5292100956017959
664,0.024952920395709607,0.5291412019239167
665,0.024838753884851496,0.5290995143699461
666,0.024739172273207616,0.5290588480805233
667,0.02464426197198428,0.5291359450725439
668,0.024541685887356692,0.5290462507227403
669,0.024435179330288524,0.5290579030951006
670,0.024327077062478542,0.5289502166809681
671,0.02422553847087225,0.5289597310560389
672,0.024115899674686664,0.5288884255072276
673,0.024011579480830287,0.5288345535984412
674,0.023907302548428287,0.5287878320385276
675,0.023819800773366644,0.5287747441919896
676,0.023713043744212646,0.5287918967096726
677,0.023622280206341315,0.5287597490682405
678,0.023524406875271662,0.5287102739851931
679,0.023420150817230968,0.5286839750208095
680,0.02333331144672237,0.5287539205806356
681,0.02323345916595948,0.5288007478534648
682,0.02314198173266699,0.5288090625808421
683,0.02304940817597569,0.5287719094336057
684,0.02294819036381159,0.5287045555932741
685,0.0228415509069934,0.5285539059633693
686,0.022751325762811418,0.5286300431516253
687,0.022643456560070666,0.5285314567951369
688,0.022544342585020864,0.5285068050461226
689,0.02244353362801272,0.5284850840531454
690,0.022351862866385387,0.5283777347409427
691,0.022260253349076452,0.5283944904798811
692,0.022161398140420643,0.5283856365345102
693,0.02206326549829158,0.5283385689594217
694,0.02198414458427914,0.528357233745292
695,0.02189038689976078,0.5283256535753088
696,0.021799916165002257,0.5283119792699297
697,0.021717927269330924,0.5283332089547187
698,0.021637446702552757,0.5283835425134623
699,0.021549446169336947,0.5283579422969236
700,0.021446355480666496,0.5283097170729284
701,0.02135143341063032,0.5283134971254938
702,0.021264526428091506,0.5283275665903922
703,0.02117536484488352,0.528417033835379
704,0.021093906376937956,0.5283439249244444
705,0.0209958484729887,0.528340123806506
706,0.02090861753007042,0.5283312512071707
707,0.020814935512852028,0.5283126831988822
708,0.02072654812538445,0.5282567054149461
709,0.02063673708291343,0.5281957384676199
710,0.020555397579979706,0.528132341154632
711,0.02047497178825652,0.5281443013235919
712,0.020403124841691562,0.5280654065354999
713,0.02032860866287829,0.5280966310894588
714,0.02024478702531267,0.5281109991937092
715,0.02016234942941915,0.5281083022858906
716,0.020090571861552237,0.5281096564087754
717,0.020003869734546802,0.5281846395215981
718,0.019921185308256515,0.5281497719178987
719,0.01984307078570535,0.5281666255414355
720,0.01976102966171156,0.5281161789266408
721,0.019685852798365912,0.52812899010504
722,0.01959731680355906,0.52806903473308
723,0.019517475675727272,0.5280284700019585
724,0.01943129419888503,0.528045474083884
725,0.01934616885230586,0.5280812905999807
726,0.019272693467080812,0.5280931696571588
727,0.019187131429497586,0.5281027633957163
728,0.019093591965110752,0.528039058049023
729,0.019015549652286357,0.5279600052168196
730,0.018937137630379283,0.5279290374237312
731,0.01884970514248864,0.5279710084499104
732,0.01878077103642992,0.5279060709234651
733,0.0187147085931689,0.5278606838331933
734,0.01863863227150422,0.5278637657277595
735,0.018556456569199225,0.5278528873756775
736,0.01848049059244697,0.5279218421630025
737,0.01840856353748679,0.5279145167054815
738,0.018337596354141242,0.5278869361751325
739,0.018250002150136734,0.527919106345042
740,0.01817364119440794,0.5279633642892391
741,0.018103335538413097,0.5279636519190283
742,0.018029045947668645,0.5279488897758906
743,0.017958283068613995,0.5279124339977191
744,0.017892576105819943,0.527910087803749
745,0.017828952903245314,0.5278892873377871
746,0.017753960692107967,0.5278903964462286
747,0.017691711045315108,0.5278811010909328
748,0.017619626648867917,0.5277965263653127
749,0.017546535603672146,0.5277637860073459
750,0.017468883021206298,0.5277553292936497
751,0.017402466444146333,0.5276777065003976
752,0.017341486653414524,0.5276618652942625
753,0.017264167314372872,0.5276628645692124
754,0.017187308602544395,0.5275758362529421
755,0.017113420361501274,0.527570451340805
756,0.01705666082878758,0.5275646612513549
757,0.016986653174297973,0.5275353814080707
758,0.016915989665720343,0.5275245006215605
759,0.01684519167121708,0.5275297320178517
760,0.016778237456710095,0.5275558993733321
761,0.016707666536263426,0.527498424334769
762,0.016640613053681294,0.5274566419347925
763,0.016584790301481658,0.5274984857020145
764,0.016529270396116378,0.5275175231910691
765,0.01646094927938404,0.5273748682887766
766,0.01639821096720457,0.5274027940617402
767,0.01633522270322467,0.527400052837955
768,0.016271893557370777,0.5273852408587826
769,0.016215460496861907,0.5274091238273491
770,0.016151340346749518,0.5273045281163736
771,0.016087739534955882,0.5273255221831413
772,0.01601725902984641,0.5272363589133465
773,0.015950721342092234,0.5272383551423626
774,0.01588274029927747,0.5273665479428322
775,0.015822133661967205,0.5273773688067936
776,0.015750437443089547,0.5273943193778843
777,0.01569139083557038,0.5273269993557008
778,0.015630622608610572,0.5274147334747952
779,0.01556873512241455,0.5274022565861018
780,0.0155037842662516,0.5274435514162233
781,0.015444417693608476,0.5274565955948799
782,0.015375454359924618,0.52745749171965
783,0.015313013761730757,0.5274444844339254
784,0.01524367582482097,0.5274100444500719
785,0.015188772405750674,0.5274185238419516
786,0.01511801442617038,0.5273924329131887
787,0.015061324983851302,0.5274213428438561
788,0.014993442587032684,0.5273465345489404
789,0.014928739228470165,0.527321900635623
790,0.01486448187145725,0.5273400647277658
791,0.014798347579014761,0.5273011741754082
792,0.014743223043400798,0.5272806669330365
793,0.014684494743153644,0.527193306745219
794,0.014620734782897734,0.5271276360797662
795,0.014561110435667525,0.5271459435178991
796,0.014503034576342855,0.5271174001740402
797,0.014443942610205223,0.5271024675031959
798,0.014384090062102582,0.5271300335771542
799,0.01433238449989903,0.5270820314311759
800,0.014274441920865162,0.5270833086799094
801,0.01421296021296115,0.5270989333648384
802,0.014161760746234684,0.5271893187381608
803,0.014105322681997372,0.5271835692306955
804,0.0140512387701446,0.5271328955190333
805,0.013997700823660754,0.5270940626448442
806,0.013942360937599941,0.527123358446816
807,0.013885798688286323,0.5271122192867587
808,0.013819169960718369,0.5270557036553989
809,0.01376557901661406,0.5270103190477553
810,0.013711781761516611,0.5269690488415675
811,0.013654494931147478,0.5269096854280996
812,0.01360098451880076,0.526882758598698
813,0.013540594810378158,0.526782774537723
814,0.013484840941366786,0.5267289825899426
815,0.01342961419553484,0.5267538219563757
816,0.013380344788515821,0.5266836416955936
817,0.01332567896903895,0.5266711501146158
818,0.013274449538163017,0.5266701678306012
819,0.013212162405594025,0.5265871949143679
820,0.013158562986842273,0.5265898387063875
821,0.0131056559132903,0.5265458735749543
822,0.013048735733040195,0.5265121788361343
823,0.012993929564628652,0.5264884899816019
824,0.012939467978826577,0.5264760684407179
825,0.012878307239230294,0.5265010880095503
826,0.012826011550041995,0.5265150352941386
827,0.012769799658555426,0.5265406575294558
828,0.012716782489511752,0.5264688139341857
829,0.012660008204729657,0.5263981165907612
830,0.01260965020945637,0.5263970139958728
831,0.012563870345400982,0.5264407133745697
832,0.012513088983561389,0.5264207267498411
833,0.012465128327104882,0.5263826467734437
834,0.012410893035462322,0.5262967994159483
835,0.012364745297177012,0.5262432513841873
836,0.012315493167232433,0.5261410205380599
837,0.01226470825587719,0.5261332698443704
838,0.012218734472949968,0.5261454815548814
839,0.01217582677268336,0.5261463512545408
840,0.012124627612982627,0.5261726507058324
841,0.012077782113772695,0.526169222148788
842,0.012034521521664438,0.5261946933618027
843,0.011986614211646884,0.5262298634344841
844,0.011943534084708662,0.526248677695744
845,0.011893475862609417,0.52621967896465
846,0.011842954616313914,0.5261611466650626
847,0.011794775959523872,0.526113261077296
848,0.01174953762319614,0.5261476009271426
849,0.011695280587272235,0.5261204338790352
850,0.01164790010435476,0.5260611400961872
851,0.011604858231318875,0.5260634072842043
852,0.011557574250036251,0.5260210901557391
853,0.011508942871392635,0.5260299169775716
854,0.011460396302522751,0.5259862376903982
855,0.011415072588141971,0.5259602573569726
856,0.011370992853465187,0.5259113096288627
857,0.011326374023986507,0.525939979345405
858,0.011276269890563361,0.5259693934875245
859,0.011227424763607748,0.5259443453629068
860,0.011182639944432792,0.5260110258849621
861,0.011133063312966093,0.5259294417730455
862,0.011089283462600236,0.5260138267870985
863,0.011040894665843841,0.5260264767179127
864,0.010997159262540145,0.5260395492150515
865,0.010950914059790314,0.5259476777012998
866,0.010907172939211073,0.5259721113706334
867,0.010858158309780938,0.5259612469275452
868,0.010812576230688821,0.5258834724630939
869,0.010770903396967823,0.525872985251306
870,0.010728568916497403,0.525901381760893
871,0.010687147389641152,0.525909356805747
872,0.010644703057506961,0.5259538175143095
873,0.010601042213134041,0.5259204441845199
874,0.010559229119612193,0.5258246097751433
875,0.010522225984285259,0.5258337626281222
876,0.01047612550120271,0.5257899831174826
877,0.010431297035950686,0.5257558627022701
878,0.010389413334686152,0.5257547121007872
879,0.010346387792449695,0.5257287328580003
880,0.010304459936610513,0.525699652044023
881,0.010261446561471493,0.5256578041696435
882,0.010218339702663873,0.5256944827943372
883,0.010174613953301362,0.525683089144063
884,0.01013028403030777,0.5256443495293512
885,0.010091985107327592,0.5256797185175243
886,0.010048459975002349,0.525720099103081
887,0.010010552551289176,0.525690312048653
888,0.009970954735011452,0.5256126410719091
889,0.009933244146883595,0.525540077848584
890,0.009892751122076058,0.5254554368751361
891,0.009851168557010652,0.5253922268659963
892,0.009810362588080511,0.52531488810106
893,0.009764848068874272,0.5253810112215032
894,0.00972344198965863,0.5253574676875176
895,0.00968848415850931,0.5254273943752663
896,0.009648374713438783,0.52542451330276
897,0.009609082404827529,0.5254456142925608
898,0.009570281083290583,0.5254142647832988
899,0.009533549579889222,0.5253719398336406
900,0.009492550116431896,0.5253738023860787
901,0.009458818165564634,0.5253984813787587
902,0.009419170523970522,0.5254227760691411
903,0.009383328897048602,0.5254128775385625
904,0.009342255056591815,0.5253599096638963
905,0.009308904334768643,0.5253319272088489
906,0.009264341826991462,0.5252640365587788
907,0.009228741520474688,0.5252873961511304
908,0.00919237034530138,0.5252348893153737
909,0.009159797991872184,0.5251913864349891
910,0.009123272889040992,0.525217332105721
911,0.009090865270974685,0.5251724077611375
912,0.009054788501981013,0.5252003964033808
913,0.009016827934858052,0.5251430323541955
914,0.008980021793453554,0.5251392841967545
915,0.008945758333540091,0.525092355852248
916,0.00891381860241063,0.5250504807816738
917,0.008881320530589617,0.5249373186825149
918,0.008850320460729401,0.5249361761519109
919,0.008819331717433689,0.5249316851669936
920,0.008785364494423999,0.5249148491923002
921,0.00874978550770682,0.524951546373354
922,0.008713140991739688,0.5249512603127043
923,0.008680370432822847,0.5249827169730364
924,0.008646012585294169,0.5250155358168618
925,0.008611065300706449,0.525003490297872
926,0.008575929599960438,0.5250345869882999
927,0.008539281610613675,0.5251057415160517
928,0.00850893114474679,0.5251032735152643
929,0.008479346265998486,0.5250646837387761
930,0.008442386281623847,0.5250604380883167
931,0.00840715000066,0.5250797749981115
932,0.008373043424799897,0.5250925865235858
933,0.008342114398606944,0.5250364684014739
934,0.008308542434067931,0.5250512355434916
935,0.008277148103898775,0.5250764274406245
936,0.008247208708546679,0.5250811324426505
937,0.008208085940409188,0.5250139980168538
938,0.00817309493929969,0.525004976867812
939,0.008138876470992934,0.5250335004092097
940,0.00810401243187716,0.5250684581245476
941,0.008072312037750558,0.5250344680654935
942,0.008037750035064515,0.5250186955817124
943,0.008004100120901646,0.5249836150222591
944,0.007971710839918659,0.5249637118578558
945,0.00794517840129126,0.5249368365612427
946,0.007913658620281925,0.5249351264415187
947,0.007881144403438841,0.5249610569293096
948,0.00784711255628167,0.5249827462500433
949,0.00781833038624631,0.5250169565730213
950,0.0077840655447831844,0.5250598437244308
951,0.007754496796126739,0.524991889258071
952,0.007726352751165403,0.5249466352446582
953,0.007695503766150918,0.5249292751449454
954,0.007665697981151112,0.5249476386353344
955,0.007633707811688257,0.5249634738024821
956,0.0076030566652222215,0.5250072522229905
957,0.007573385362115652,0.5249691835043794
958,0.007545129859917033,0.5249507623692058
959,0.007516787944563714,0.5249568153181843
960,0.0074820328548748745,0.5249592078501538
961,0.007450701247988721,0.52497026179422
962,0.007418382243216053,0.5250288335520754
963,0.0073930767853913225,0.5250280582173359
964,0.007360780557998146,0.5250028875950781
965,0.007334391597907772,0.5250001921863084
966,0.007304476386850587,0.5249892638717459
967,0.007271938456302902,0.5249661913380148
968,0.007241213219715781,0.5249400603333153
969,0.007211461402098583,0.5249395473341386
970,0.007183747477225716,0.5249329595982343
971,0.007153964705970311,0.524979666946371
972,0.0071286002332438736,0.5249494465459773
973,0.00710283688868622,0.5249581783849124
974,0.007075913647480727,0.5250033565659279
975,0.007045547300447627,0.5249921021345874
976,0.007014218041930646,0.5249465661372275
977,0.006989367576998486,0.5249191023011107
978,0.006963762974295868,0.5249400497363653
979,0.006935257690670332,0.5249750416289655
980,0.006907345439433944,0.5249481588952322
981,0.006880816285908367,0.5249817896155969
982,0.006854422113086659,0.5249768105601801
983,0.006831400153261057,0.5249877547492798
984,0.006808341971008804,0.5249705915857985
985,0.006780230525687633,0.52501426348589
986,0.006756782052093399,0.5249738708006539
987,0.006727802924536963,0.5249321277476299
988,0.006701612783866724,0.5249520460858143
989,0.0066745589974191435,0.5249771852875034
990,0.006650527098566042,0.5249888829442165
991,0.0066225102510237025,0.5249708412447868
992,0.006596384983395465,0.5249733864117931
993,0.006572119432036081,0.524970719242824
994,0.006545885704220641,0.5249283476396137
995,0.006518711907078436,0.5249300679348454
996,0.006491683485604222,0.5248912506446141
997,0.006468416624497069,0.5248788020676125
998,0.006440411998242293,0.5248859840923749
999,0.006416570850355479,0.524904044467706
1000,0.0063915911307974044,0.5248654764659372
1001,0.00636508930071,0.5248347151230505
1002,0.006339787669173541,0.5248516341316254
1003,0.006313983065046812,0.5248767263883748
1004,0.006287233590435629,0.5248699050547607
1005,0.006261877619819436,0.5248905784278671
1006,0.006238250354321128,0.5249048377902833
1007,0.006217484793758556,0.5249192350848446
1008,0.006192439810282623,0.5249181104312103
1009,0.006167887136877162,0.5248841671244822
1010,0.0061443170926648956,0.5248388245685734
1011,0.0061188873923949776,0.5248596985431857
1012,0.00609359704171174,0.5248422431354157
1013,0.006068913189373777,0.5248006836704038
1014,0.006044225078580176,0.5247843156785998
1015,0.0060237047884767235,0.5247740958202853
1016,0.005999101385665979,0.5247826684059645
1017,0.005978293351821688,0.5247470288244938
1018,0.005956115351824141,0.5247350320104605
1019,0.005928357842298176,0.5246965189552324
1020,0.005906935146852096,0.524698416167215
1021,0.005885526167691035,0.5247296728671073
1022,0.005861406350018167,0.5247077591669496
1023,0.005835205104424125,0.524698926595791
1024,0.005812586776857927,0.524654607085332
1025,0.005792225991724422,0.5246604947494409
1026,0.005769705836072105,0.5246297603166891
1027,0.0057459408387435665,0.5246217711970783
1028,0.005721953854359204,0.5245804526676334
1029,0.005696838143681668,0.5246370823018061
1030,0.005672328476120949,0.5246288064042106
1031,0.00565179747871314,0.52463505807169
1032,0.0056262187836960496,0.5246055468370966
1033,0.005604985268472176,0.5246660370536601
1034,0.0055806022938525955,0.5246626734864004
1035,0.005557714922499929,0.5246770187785141
1036,0.005535168181361796,0.5246267205825513
1037,0.005517396637690593,0.5246147310549879
1038,0.005492678629554839,0.5245933388927597
1039,0.005469695551341522,0.524603277253087
1040,0.005447276874490873,0.5245955521800522
1041,0.005428231518279867,0.5245888469197387
1042,0.00540726599512216,0.5246000358939932
1043,0.005390379077801005,0.5246023377249182
1044,0.005370361077952034,0.5246380076265243
1045,0.005347216240194298,0.5245650440834365
1046,0.00532752475449699,0.5245747253649097
1047,0.0053082085509907565,0.524509901316768
1048,0.005288039453676992,0.5245303818836774
1049,0.005268000247748153,0.5245331944046893
1050,0.005249116100479424,0.5245418952676297
1051,0.005231080564944559,0.5245309251920144
1052,0.005209944615517977,0.5244911650667794
1053,0.005187066860363691,0.5244975660938611
1054,0.005168725733627235,0.5244758185267696
1055,0.0051474895784263935,0.5244264530969558
1056,0.005128462248592516,0.5244554596448309
1057,0.00510635006028161,0.5244750205239681
1058,0.005086217936132603,0.5245018368612515
1059,0.005066269667587309,0.5245067454580421
1060,0.005047038439417839,0.5245204300987376
1061,0.005027170604025457,0.5245770340447116
1062,0.005004187386441588,0.5246161074728103
1063,0.004984402314379459,0.5245458923881489
1064,0.00496349767236721,0.5245554801530597
1065,0.004941504682376206,0.5246153681602601
1066,0.0049219829185953735,0.5246008698757666
1067,0.004903796119609385,0.5246141933919124
1068,0.004884998576016955,0.524634964197071
1069,0.004867428604868768,0.5246416261925765
1070,0.0048504211656582585,0.5246715166429952
1071,0.0048345059942359846,0.5246567559615214
1072,0.004814186259690166,0.5246579120096191
1073,0.0047948068015976845,0.5246536567993075
1074,0.004778755372893917,0.5246325924664932
1075,0.004760884992072041,0.5246481928562514
1076,0.004740743930417887,0.5246567422354796
1077,0.004719709173515572,0.5246424096976167
1078,0.004703883087146925,0.5246703668474085
1079,0.004687545817992863,0.5246808723892256
1080,0.004670306997952682,0.524695220829337
1081,0.00465330105542048,0.5246647573894044
1082,0.004636258314369972,0.5246609960578201
1083,0.004618382675328413,0.5246837927595944
1084,0.004599398956496525,0.5247126488689473
1085,0.004580094216815495,0.524685199133738
1086,0.0045633844298368625,0.5246994633849666
1087,0.004545050108732223,0.5247183276156082
1088,0.0045270767993939014,0.5247117257700828
1089,0.00450833542163309,0.5247151650621384
1090,0.004489997322663224,0.5246638876606433
1091,0.004471231978935414,0.5247154684301584
1092,0.0044524759061932845,0.5246328062477774
1093,0.004435552363337044,0.524624526033969
1094,0.004415570451122507,0.5246130529116944
1095,0.0043962891844648005,0.5246058551373117
1096,0.004380076200269469,0.5246113928949281
1097,0.004363392068389375,0.5246006301453002
1098,0.004345129611533791,0.5246010038032277
1099,0.004327262117581435,0.5245970691898522
1100,0.004311387921937048,0.5246071672527685
1101,0.0042944367835871106,0.5246397546867763
1102,0.00427633635428858,0.5246485882149314
1103,0.004260430975209134,0.5246505615490241
1104,0.004243229016845951,0.5246445832207304
1105,0.004225752000969051,0.5246639804062109
1106,0.0042070481117703045,0.5246008383335427
1107,0.004189873666988985,0.524541355590633
1108,0.004175620760413001,0.5245293019593332
1109,0.004162014178995219,0.5245673079027493
1110,0.004145949487281081,0.5245816913180479
1111,0.004126825413742789,0.5246180885874205
1112,0.004110615031191865,0.5246314439677185
1113,0.004095538527880462,0.524640755537778
1114,0.004078321706328824,0.5245853233678122
1115,0.004063273809020513,0.5245929327515726
1116,0.0040470286386684465,0.5245762656774229
1117,0.004032833455929987,0.5246018665087836
1118,0.004015887675257019,0.524573748307128
1119,0.003998179395228578,0.5245751582863863
1120,0.003982928230589031,0.524569436663479
1121,0.003968174873036711,0.5246330227748579
1122,0.003951906935853677,0.5246300526466868
1123,0.003936506032482557,0.5246105779778528
1124,0.003920471760319965,0.5245828941657494
1125,0.00390460424762424,0.5245776704392194
1126,0.003888872655102614,0.5245758652096578
1127,0.0038705074193096526,0.5245318599784884
1128,0.0038544668764225807,0.5245388444684272
1129,0.0038405147694238564,0.524499834337444
1130,0.003827171822261413,0.5244821774642734
1131,0.003812125092735687,0.52449627153022
1132,0.0037966302859075754,0.524490327162623
1133,0.003782276728987683,0.5245002594770227
1134,0.0037671846150035514,0.5244812492543555
1135,0.0037524886553665956,0.5244866631393716
1136,0.0037363342408839304,0.5244347361195916
1137,0.0037198276371529777,0.5244282911095021
1138,0.0037052793690974433,0.5244434223759585
1139,0.0036890769652408333,0.5244649116743137
1140,0.0036740830818392483,0.5244397348214442
1141,0.003657923263173599,0.5244419151980743
1142,0.003644426936050657,0.5244350964964196
1143,0.0036309870852450354,0.5243958957979761
1144,0.0036172931540578604,0.524402844328257
1145,0.0036039636521449465,0.5244268300777186
1146,0.0035901910587155875,0.5244413114647907
1147,0.0035747940897835617,0.5244354154463302
1148,0.0035619411054540603,0.5244118532700841
1149,0.0035486768404866154,0.5244094754460726
1150,0.003537647146376802,0.5244022919039802
1151,0.003524261870684106,0.5243953468576279
1152,0.0035116619110002814,0.5244037669190315
1153,0.003500282789726784,0.524394097471966
1154,0.0034852721035866095,0.5243844425665263
1155,0.0034719296254046954,0.5244074557177785
1156,0.0034596419786527785,0.5244045195393355
1157,0.0034453970411918067,0.524407957438301
1158,0.0034309124394216817,0.5243933016359612
1159,0.0034172716784042823,0.5243877884017345
1160,0.0034052181012458557,0.5243789228663925
1161,0.0033904428204141793,0.5244039592858721
1162,0.0033777892342538867,0.52441746137518
1163,0.0033637655392798047,0.524377952861568
1164,0.0033486480030082877,0.5243558721560203
1165,0.0033353902099742317,0.5243635673504605
1166,0.003322600259843916,0.5243539335866537
1167,0.003308847424889111,0.5243378341658017
1168,0.003297288660339398,0.524325360624924
1169,0.003283924356056716,0.5243481461316762
1170,0.0032708704385208823,0.5243403964164501
1171,0.0032589994000995137,0.5243240617694132
1172,0.0032451045096272453,0.5243470034053619
1173,0.0032325233206283934,0.5243241045317015
1174,0.00322209199638519,0.5243273737255136
1175,0.003210505762284452,0.5243099046181026
1176,0.003198557725001072,0.5243460307329074
1177,0.0031850234324711617,0.5243763461590308
1178,0.0031727106481700368,0.524372508629012
1179,0.0031591303551071993,0.5243355282911011
1180,0.003147479646225551,0.5243407045648687
1181,0.0031367267331973976,0.5243192762936489
1182,0.003125369726840382,0.524313659736421
1183,0.003113561868140699,0.5243263885490047
1184,0.0031018057745875794,0.52429691883504
1185,0.003089102135639749,0.524316485280463
1186,0.003076841563689757,0.5243386320707158
1187,0.003064898136252854,0.5243364707196921
1188,0.0030521286828423893,0.5243444587813497
1189,0.0030411044442037695,0.524335082631466
1190,0.003029605520688204,0.5243385927921214
1191,0.003016796120680394,0.5243552296381006
1192,0.003005695098147041,0.5243675569306138
1193,0.0029948696433330264,0.5243713339700689
1194,0.0029844272683844813,0.5244066548446066
1195,0.0029731103397814657,0.5244279408561315
1196,0.00296225452836439,0.5243907085271516
1197,0.0029506000807968387,0.5243927079190333
1198,0.00293847227374719,0.5243936172409281
1199,0.0029263722304270125,0.5244081249729238
1200,0.0029141249941782867,0.5244645144725357
1201,0.002902842312399282,0.5244629325477307
1202,0.0028911737115366134,0.5244314334430651
1203,0.002880920763354736,0.5244231108450964
1204,0.002870846814806236,0.5243990936992606
1205,0.0028603529822360655,0.5243943029510545
1206,0.0028491327868777104,0.5243869610508065
1207,0.0028391292966758394,0.5243733387352368
1208,0.002827785627101862,0.5243533183225373
1209,0.002816883255339044,0.5243165375794031
1210,0.002806249618602201,0.524346665628932
1211,0.0027959708256649163,0.5243601622068317
1212,0.0027857756819062037,0.5243507013649293
1213,0.0027755902144334316,0.5243694764241852
1214,0.0027638143463394643,0.5243557351323267
1215,0.0027519640895637383,0.5243576669202947
1216,0.0027402750862455983,0.5243462312274784
1217,0.0027291007333534517,0.5243583488563919
1218,0.0027176533838372935,0.5243163635554297
1219,0.002707069256647063,0.5243125755891689
1220,0.0026954159160480703,0.5242799484364938
1221,0.0026846615707612456,0.5242839196643633
1222,0.0026729211589109924,0.5242555242439916
1223,0.0026601832956730034,0.5242674567240303
1224,0.0026504632586576505,0.5242414274771369
1225,0.0026396216052879105,0.5242654791475191
1226,0.0026299311611740496,0.5242498699866976
1227,0.0026207981993151912,0.5242340376927711
1228,0.002610170208721125,0.5242235233476794
1229,0.0025998168523877633,0.524218192538413
1230,0.002591244034018787,0.5242259029303349
1231,0.002581347448797618,0.5242077162956141
1232,0.0025718721478340425,0.5242425747927442
1233,0.0025621577114859507,0.5242723198905158
1234,0.0025518757816263516,0.5243194060343731
1235,0.0025415194376695533,0.5243361957781507
1236,0.0025319587491762696,0.5243314227860045
1237,0.00252355977925877,0.5243170962238813
1238,0.0025132631588230263,0.5242988715731258
1239,0.0025022523234085937,0.5242902875580909
1240,0.002494444003108698,0.5242711358551039
1241,0.0024862075932149882,0.5242535001076856
1242,0.0024763631579604374,0.5242356157972413
1243,0.0024660361904423915,0.5242570899895342
1244,0.002456974915605501,0.5242410279494354
1245,0.00244798900907002,0.5242151481635304
1246,0.0024396567670172714,0.5242378317693622
1247,0.0024304759627252234,0.5241993672724923
1248,0.0024211795152596846,0.5241816861423557
1249,0.0024119419553685667,0.5241970440866138
1250,0.0024025378079529014,0.5242051675840358
1251,0.002392563713573967,0.5242251385706946
1252,0.002383389480982305,0.5242127357022138
1253,0.002372782213324443,0.5241795393493048
1254,0.002362516504192371,0.5241789043653294
1255,0.0023535733013967876,0.5241466304444854
1256,0.0023442004439753984,0.5241113808210897
1257,0.002334901457825478,0.524121536870629
1258,0.0023244595649885937,0.5240841245911166
1259,0.0023159743253776018,0.5240939202553978
1260,0.002307059211606166,0.5241077744700678
1261,0.0022972264855823893,0.524068539018621
1262,0.002289003762804561,0.5240525482326396
1263,0.002279533972908116,0.524036653954806
1264,0.0022692836360037986,0.5240434239787289
1265,0.0022606917031835557,0.5240370213996329
1266,0.002252272146744966,0.5240231476772617
1267,0.0022424119213778114,0.5240265048096391
1268,0.0022347408962562253,0.5240405174840367
1269,0.0022266217320683944,0.5240232599284455
1270,0.002216861661776764,0.5240312681080376
1271,0.002208986202974764,0.5240487381974818
1272,0.0022006183430006527,0.5240575703860225
1273,0.00219176463349155,0.5240258485994186
1274,0.002184074218491771,0.5240157923384132
1275,0.002174789513613046,0.5240086858294907
1276,0.002166019056652185,0.5240274181623232
1277,0.002156471261715706,0.5240283134947752
1278,0.0021487105222936574,0.5240239164586793
1279,0.0021411117296917,0.5240675258599617
1280,0.0021331066078353837,0.524052443162113
1281,0.0021244347321114545,0.5240892991423489
1282,0.0021164339616166297,0.5240755454730528
1283,0.002108080726914114,0.5240749583813623
1284,0.002099640640154616,0.5240607217763631
1285,0.002091127311642563,0.5240433085538408
1286,0.00208220655773551,0.5240417628925439
1287,0.002075085178303866,0.5240266422106187
1288,0.0020677281018352304,0.5240351192654832
1289,0.0020587416157215126,0.5240473654390269
1290,0.002051447905880356,0.5240381094828581
1291,0.0020428267175091447,0.5240687835074128
1292,0.0020361125773969983,0.5240637913875075
1293,0.0020293655391236376,0.5240589033572316
1294,0.002020619405587434,0.5240486461459251
1295,0.002012915835501172,0.5240441502542281
1296,0.0020049455545494504,0.5240466568192466
1297,0.0019973279864289877,0.5240739719229293
1298,0.00198992299006518,0.5240743563098956
1299,0.001980809361965867,0.524072544163179
1300,0.0019724771674033206,0.5240602207792642
1301,0.0019659214387865035,0.5240577713247856
1302,0.0019590260018354723,0.5240483752603099
1303,0.001952678715129871,0.5240124479345363
1304,0.0019458217186354185,0.5240129957062237
1305,0.001938066331454201,0.5240182285842957
1306,0.001930820700087097,0.5240125910057642
1307,0.001922716534588234,0.5240313286482849
1308,0.0019146449581611109,0.5240233637572946
1309,0.0019080256627435274,0.5240287119096911
1310,0.0019012642394127654,0.5240305177566731
1311,0.0018940670658877338,0.5240357995454182
1312,0.0018865017337294297,0.5240288703276403
1313,0.0018798532017331542,0.52405500458945
1314,0.0018727264735688843,0.5240451237180798
1315,0.0018648383765676652,0.5240247787218332
1316,0.0018574913305134245,0.5240117685917269
1317,0.001850952773630031,0.5240125207356944
1318,0.0018435164257606562,0.5240268196647788
1319,0.0018372959134325643,0.5240066480852339
1320,0.0018302951695306252,0.5240151639042934
1321,0.0018238390578698943,0.5240146669984709
1322,0.0018167158223640419,0.5240017960731921
1323,0.0018094564257829268,0.5239977042458659
1324,0.0018020657322376302,0.5239954737031488
1325,0.0017955621565828098,0.5239829228363891
1326,0.0017879877044455128,0.5239975777156303
1327,0.0017814529908723729,0.5239734682660484
1328,0.0017751719500295007,0.5239895924125496
1329,0.0017680850156286969,0.5239919828196309
1330,0.0017616939518733412,0.5239725852040059
1331,0.0017558610696374877,0.5239645071888246
1332,0.0017482303653380416,0.5239648008808327
1333,0.0017418555592369164,0.5239476205494938
1334,0.0017355739820479586,0.5239378785726897
1335,0.0017293139071421148,0.5239380640648362
1336,0.001722903829427015,0.5239433262898958
1337,0.0017171638100775208,0.5239206980096794
1338,0.0017109588319330704,0.5239240305041571
1339,0.0017040439089616435,0.5239131338576537
1340,0.001697159422930959,0.5239184852605107
1341,0.0016906648982737817,0.5239061561395623
1342,0.0016846177289064125,0.5239246314388366
1343,0.0016784376478634392,0.5239296306227307
1344,0.0016717766802915794,0.5239455884958588
1345,0.0016652949004515437,0.5239743715809215
1346,0.001658882566738322,0.5239574922533021
1347,0.00165283543261317,0.5239720521472803
1348,0.0016464403058152584,0.5239812459197012
1349,0.0016400030431598003,0.5239553841559109
1350,0.0016346553320433124,0.5239590807814655
1351,0.001628190773769924,0.5239547847190547
1352,0.0016218549032337888,0.5239376965680219
1353,0.0016157337926583047,0.5239175404233626
1354,0.0016090285075208283,0.5239093963321526
1355,0.0016023416894609336,0.5238936007797962
1356,0.0015968690667639768,0.5239017804031789
1357,0.0015912551163492943,0.5239178542777544
1358,0.0015856400051882426,0.5239211404240365
1359,0.001580355782583548,0.5239193543400726
1360,0.0015748434895132694,0.523932738210268
1361,0.0015690241705218853,0.5239414830694684
1362,0.0015631914062257239,0.5239247375106078
1363,0.0015567115129552257,0.5239153761913824
1364,0.0015508250388990327,0.5239178567537951
1365,0.0015445724874898331,0.5239255550078199
1366,0.0015390402715121092,0.5239102349509883
1367,0.0015328396027866876,0.5239389673988936
1368,0.0015263151174230783,0.5239314516476699
1369,0.0015205659145176309,0.5239344729225114
1370,0.0015147985672527599,0.5239091221914649
1371,0.0015091285069651983,0.5239205959217483
1372,0.001502941432006383,0.5239071720544095
1373,0.0014971371912656524,0.52389361590373
1374,0.0014922730400891053,0.5239074598793321
1375,0.001487132977442991,0.5239133871788281
1376,0.0014809841290605288,0.5239177824852028
1377,0.0014749303324712284,0.523894271829847
1378,0.0014694715541641592,0.5239010999624798
1379,0.0014631099845090908,0.5238802747620582
1380,0.0014577466962970452,0.523866340359372
1381,0.0014525549958592432,0.5238821710461777
1382,0.0014473541362642014,0.5239225793085871
1383,0.0014418608312629104,0.5239027382004146
1384,0.0014360790450078003,0.5238805721091172
1385,0.0014309882825912874,0.5238886086135018
1386,0.0014255452151556295,0.5238864027725565
1387,0.0014195600818740005,0.5238657328202809
1388,0.0014140531335537533,0.5238580508015342
1389,0.0014091544201528853,0.5239013751886438
1390,0.001403864028351424,0.5239068929243023
1391,0.001398121165496162,0.5239095548738472
1392,0.001393142830344132,0.5238870897497584
1393,0.0013870976370438093,0.5238842042667599
1394,0.0013810133956185554,0.5238758044229725
1395,0.0013758585897563076,0.5238636462513498
1396,0.001370888112650215,0.5238596868107712
1397,0.0013656274665928706,0.5238458836181366
1398,0.0013603784701050883,0.523867364437333
1399,0.0013553726590355417,0.5238628010014688
1400,0.0013504312285209862,0.5238772621823602
1401,0.0013453975301023333,0.5238757502211007
1402,0.0013397358475247744,0.5238680662964305
1403,0.0013342616001380293,0.5238470487724154
1404,0.001330343686903423,0.5238645636421153
1405,0.001325463193015279,0.523869118906871
1406,0.0013203306963592205,0.5238659940159451
1407,0.0013147960851119334,0.5238464402943147
1408,0.0013103403035184809,0.5238512748979428
1409,0.001305956054457917,0.5238344780105082
1410,0.0013010711478274456,0.5238241418459462
1411,0.0012957302798400768,0.5238329131184911
1412,0.001290793598814674,0.5238253353349369
1413,0.0012860930375296503,0.5238132570532373
1414,0.0012810965759787378,0.5238175982633285
1415,0.0012761141065096358,0.5237984765261113
1416,0.001271642714121083,0.5238116302917308
1417,0.0012666299054880383,0.5238264793768616
1418,0.001261801449983133,0.5238321719818497
1419,0.0012571534044981535,0.5238438112957072
1420,0.0012519281807422046,0.5238296616749684
1421,0.001247511139695799,0.5238232099569338
1422,0.0012428368780205278,0.5238036883529135
1423,0.0012384203772443816,0.5238218576411949
1424,0.0012341908726204273,0.5238188730520154
1425,0.0012298768420253873,0.5238161117833258
1426,0.0012247749134046114,0.5238129080391297
1427,0.0012197402409015283,0.5238192552134864
1428,0.001215404021465915,0.5238073711357243
1429,0.0012109090199849272,0.5237965895841725
1430,0.0012067178631660078,0.5237981768208853
1431,0.0012018862383305256,0.5238126331135866
1432,0.0011976722027899683,0.5237824590726273
1433,0.0011935074967823164,0.5237851838437475
1434,0.0011886233077259716,0.5237854965112073
1435,0.0011845095233978908,0.5237978011575616
1436,0.001179899002899425,0.523770072635329
1437,0.001175485122082469,0.5237654035584902
1438,0.0011709192799122339,0.523754295241544
1439,0.0011661322312381765,0.5237526772744796
1440,0.001161842303119508,0.5237515359420937
1441,0.0011574506594243014,0.5237547632616485
1442,0.0011535485230367718,0.5237407809864175
1443,0.0011485306781445072,0.5237467522527063
1444,0.0011447471547525866,0.523747573829868
1445,0.0011409758700055956,0.523739404546589
1446,0.001136825946716112,0.5237388330772824
1447,0.0011321640979362598,0.5237437280046807
1448,0.0011281373146636562,0.5237418153858936
1449,0.0011243242868927087,0.5237239954981755
1450,0.0011198411508727057,0.5237395781730046
1451,0.001115912719875545,0.5237471162072156
1452,0.001111851220284297,0.5237311593996437
1453,0.0011076230463262103,0.5237275348015034
1454,0.0011030844599874633,0.5237270243286065
1455,0.001099139370343404,0.5237237663517904
1456,0.0010948727730999243,0.5236979461855759
1457,0.0010907139581664347,0.52367692305454
1458,0.0010866116878836425,0.5236765142347468
1459,0.0010821193869787959,0.5236692732932482
1460,0.001078099679506329,0.5236565090304137
1461,0.0010741489282718286,0.5236514215466516
1462,0.0010704385180111767,0.523653215956806
1463,0.0010661711297780582,0.5236643710317462
1464,0.001062612699814045,0.5236522452038559
1465,0.001058324264699821,0.5236522593666737
1466,0.0010546729223547006,0.5236528465786748
1467,0.0010508020165929783,0.5236542635445883
1468,0.0010467392429757353,0.5236516587160953
1469,0.001042959047666648,0.5236457122361298
1470,0.00103910613203722,0.5236257626416115
1471,0.0010351928445413523,0.5236391563708596
1472,0.0010314234151099526,0.5236417998115339
1473,0.0010273458790900308,0.5236636800890042
1474,0.0010235941997766434,0.523653920696958
1475,0.0010195705831599808,0.5236520569692983
1476,0.0010147732209690131,0.5236626647424433
1477,0.0010109795029060661,0.5236561063969363
1478,0.0010070731812152555,0.5236532010864348
1479,0.0010036264019481025,0.5236541506030113
1480,0.0010001725672163478,0.5236485672944463
1481,0.0009961798886193925,0.523650143177591
1482,0.0009928721906923448,0.523641345419774
1483,0.0009888780528819418,0.5236329101744653
1484,0.0009851404731662523,0.5236362056386594
1485,0.0009816906489797167,0.5236275807122773
1486,0.0009779784566829577,0.5236249808977681
1487,0.000974679017954836,0.5236172536346351
1488,0.0009710360838949552,0.523609635696151
1489,0.0009676698770526579,0.523613226164102
1490,0.0009641158746192395,0.5236162901585912
1491,0.0009606298704315759,0.5236066872488537
1492,0.0009571950071561166,0.5236023416924367
1493,0.0009538130354659547,0.523615419999905
1494,0.0009499179788570403,0.5236300567271747
1495,0.0009464216624413199,0.5236112072387671
1496,0.0009433450855814295,0.5236195940829174
1497,0.0009396687895106008,0.523623322482131
1498,0.0009354945228040619,0.5236314832371597
1499,0.0009320300169155303,0.5236286573569535
1500,0.0009285743024000356,0.5236434383017108
1501,0.0009250081827259578,0.523635213850314
1502,0.0009216300443976175,0.5236285844039434
1503,0.000917885472602938,0.523633940008785
1504,0.0009143433242765026,0.5236222970556945
1505,0.0009104277693753866,0.5236141841914194
1506,0.0009074075762771362,0.5236186171278032
1507,0.0009040923779458109,0.5236115513912816
1508,0.000900444574024784,0.5236218008043427
1509,0.0008972703635924764,0.5236192477109449
1510,0.0008938444242302564,0.5236241353535568
1511,0.0008906821918922403,0.5236206228010101
1512,0.000887413199292322,0.5236148755006597
1513,0.0008842945396490032,0.5236026935904848
1514,0.0008811386708470231,0.5235951330526253
1515,0.0008777006262171139,0.5235951194801612
1516,0.0008742047390545238,0.5235935146746228
1517,0.0008707665680976382,0.5235892885963794
1518,0.0008675331299002338,0.5235827073373
1519,0.0008642055527545691,0.5235803669323731
1520,0.0008610778982975523,0.5235608415148213
1521,0.0008580304385839155,0.5235512710734873
1522,0.0008550098821277988,0.5235611238180117
1523,0.0008520125445395234,0.5235477658494774
1524,0.0008488474868686631,0.5235444049468102
1525,0.0008459439179213867,0.5235548034146417
1526,0.0008432534224073549,0.523552487564321
1527,0.0008399114899485503,0.5235497009821625
1528,0.0008368647967503647,0.523551527920782
1529,0.0008332994130885385,0.5235455844448246
1530,0.0008301882675262754,0.523539678413142
1531,0.0008270980032704819,0.5235289900816652
1532,0.000824226860957236,0.5235275941514942
1533,0.0008211700981358027,0.5235410447260342
1534,0.0008185959639282652,0.5235261880576776
1535,0.0008159032534263304,0.5235269655684155
1536,0.0008123941257447436,0.5235133627554994
1537,0.0008089297167643221,0.5235037809812345
1538,0.0008059959123217312,0.5234969432457747
1539,0.0008032428233861954,0.5235035305098233
1540,0.0008000006322660011,0.5234987511597593
1541,0.0007972540618829221,0.5234874547564459
1542,0.0007944633342978728,0.5234750604856325
1543,0.0007916977255913024,0.523478189579603
1544,0.0007884705885513579,0.5234705425490875
1545,0.0007858084737774473,0.5234625947676111
1546,0.0007827181551289639,0.5234614081073019
1547,0.0007796338676125051,0.5234448598941889
1548,0.0007768808928138413,0.5234375491148437
1549,0.0007740742385021829,0.523421264837564
1550,0.0007712860829657609,0.5234125748752352
1551,0.0007686467403667005,0.5234040645051166
1552,0.000765691141425249,0.523405599770092
1553,0.0007625702293010693,0.5234052931646445
1554,0.0007597635488821357,0.5234010711669365
1555,0.0007572091774617219,0.5234098897897291
1556,0.0007543858395481143,0.523398489891363
1557,0.0007515913343731639,0.5233880381935657
1558,0.000748795381633241,0.5234009935713492
1559,0.0007460932485915382,0.5233779806025355
1560,0.0007433839532688943,0.5234019321221658
1561,0.0007406668084323585,0.5234012666478439
1562,0.0007379025210617756,0.5234029580244702
1563,0.0007352052581949709,0.5234092562139309
1564,0.0007323676909195081,0.5233965843846154
1565,0.0007294258976849706,0.5233850343475381
1566,0.0007267537804922236,0.523368358811039
1567,0.0007242685114835904,0.5233561549211524
1568,0.0007214548206485204,0.5233580275184123
1569,0.0007183688286207752,0.5233606945530365
1570,0.0007160957823758137,0.5233595475129669
1571,0.0007134183130183875,0.5233685272244589
1572,0.0007108531548277596,0.52336875369069
1573,0.000708581252094876,0.52335384274847
1574,0.0007061632873671135,0.5233599802533073
1575,0.0007036050670634095,0.5233502507882367
1576,0.0007012307993148168,0.523340555066622
1577,0.0006981181885329011,0.5233487872013765
1578,0.0006957968089401191,0.5233331086316646
1579,0.0006934107975451984,0.5233209929591297
1580,0.0006906231558939336,0.5233015666841666
1581,0.0006881618038415983,0.5233008396134535
1582,0.0006857495044117291,0.5232985292322606
1583,0.0006831652989458222,0.5233018233746586
1584,0.0006806321751784082,0.5233053198075059
1585,0.0006779406514468639,0.5232858346685881
1586,0.0006754616199140474,0.5232843757416086
1587,0.0006726015125870153,0.5232914400455958
1588,0.0006699785667825519,0.523282893253264
1589,0.0006677862811914469,0.5232775766064969
1590,0.0006654796942447545,0.5232608298542845
1591,0.0006629312565824516,0.5232631162136138
1592,0.0006605977371535907,0.5232756303923926
1593,0.0006582731955511883,0.5232715358796423
1594,0.0006555803348030228,0.5232761706540806
1595,0.0006531643507255167,0.5232753278782646
1596,0.0006505461353144727,0.5232745060619922
1597,0.000648186834989461,0.5232719032771591
1598,0.0006459062948488439,0.5232544560452642
1599,0.0006438028898276978,0.5232580263411851
1600,0.0006414071513523986,0.5232607427779333
1601,0.0006390552242163254,0.5232593170021889
1602,0.0006367087629259011,0.5232743689602612
1603,0.0006344424918100773,0.523271311292592
1604,0.0006322444244198323,0.5232743762181846
1605,0.0006297874964792349,0.5232829964736156
1606,0.0006274296591043237,0.5232874731040198
1607,0.0006248254669353443,0.5233029836206243
1608,0.0006223745789032503,0.5233103094578944
1609,0.0006201032208084681,0.5233061235946241
1610,0.0006178815576353968,0.5233110533500892
1611,0.0006158215718326289,0.5233030506120718
1612,0.0006137312180049694,0.5233088251767646
1613,0.0006112212408270036,0.5233098724822906
1614,0.0006089801182299349,0.5233149074851603
1615,0.0006066707896031636,0.5233214526784365
1616,0.0006042993282699627,0.5233198332380669
1617,0.000601917457780407,0.5233074663576904
1618,0.0005996201582439358,0.5232978780737756
1619,0.0005972981450903205,0.5232945661050182
1620,0.0005953304875599288,0.5232916966954855
1621,0.0005931892958473738,0.523279776869754
1622,0.0005908412480001241,0.5232865859275736
1623,0.0005885357812590219,0.5232635566109054
1624,0.0005865850960757591,0.5232420422880876
1625,0.000584457351528411,0.523256202418332
1626,0.0005820740708500059,0.5232542062304479
1627,0.0005799760474806126,0.523260254168349
1628,0.0005774257727038215,0.5232568104166078
1629,0.0005755382607307565,0.5232542114199213
1630,0.0005734622034717933,0.5232587948504899
1631,0.0005711715074910284,0.5232535264552682
1632,0.0005694034690341873,0.5232543528049666
1633,0.0005674538180431565,0.5232393732808317
1634,0.0005654422140152864,0.5232308757238953
1635,0.0005633177815441187,0.5232127002926881
1636,0.0005610448697571203,0.5232115011581533
1637,0.0005587226322424856,0.5231987136560031
1638,0.0005566204408855385,0.5232041661542703
1639,0.0005547438163741394,0.5232025124209156
1640,0.0005525217957242193,0.523206088390771
1641,0.0005502442059473681,0.5232151166645539
1642,0.0005482449577158346,0.5232150511104052
1643,0.000546362485954582,0.5232179427599608
1644,0.0005441601660410191,0.523217784514247
1645,0.0005419851595014431,0.5232197465543591
1646,0.0005399356206820227,0.5232325150497594
1647,0.0005381676294643556,0.5232200935994241
1648,0.0005361288535340051,0.5232171799871335
1649,0.0005340210864574859,0.5232305817985323
1650,0.0005319846444912512,0.5232402502470778
1651,0.000530222580309512,0.523234089702963
1652,0.0005281545276825678,0.5232394289808289
1653,0.0005259181071342913,0.5232372699882153
1654,0.0005238119711269435,0.5232219547408904
1655,0.0005218867017953387,0.5232259366824098
1656,0.0005199437367644687,0.5232336037785585
1657,0.0005179042452510222,0.5232348681883776
1658,0.0005162099686320735,0.5232342976251859
1659,0.0005143002145567964,0.5232463219513608
1660,0.0005126067608854591,0.5232496980257088
1661,0.0005106565188372587,0.5232441337190749
1662,0.0005088707702392536,0.5232465359478756
1663,0.0005069748124980124,0.5232502218256408
1664,0.000505179631334733,0.5232553215512007
1665,0.000503054626858236,0.523264406632342
1666,0.0005011721062458783,0.5232664148806742
1667,0.0004991477152755981,0.5232642280593017
1668,0.0004972662963028408,0.5232743138265521
1669,0.0004956430436969205,0.5232609536250012
1670,0.0004937618161985733,0.5232621387874362
1671,0.0004921879405868792,0.5232559388681163
1672,0.0004903398174036896,0.5232600806284413
1673,0.0004886496804242822,0.5232481553258895
1674,0.00048686970834064836,0.5232382890921551
1675,0.00048513176845533195,0.5232463908695496
1676,0.0004829920174741495,0.5232499181195316
1677,0.00048134942544074107,0.5232457508584032
1678,0.0004796562727367878,0.5232522251562446
1679,0.0004778650705960925,0.5232600034084786
1680,0.00047588117736520964,0.5232659645699361
1681,0.00047395426744550596,0.5232586160867516
1682,0.0004723731375404867,0.5232592475970823
1683,0.0004706067215295656,0.5232627169541428
1684,0.0004688517204020011,0.5232698532436042
1685,0.000467302374704999,0.5232690544492974
1686,0.0004652003874601202,0.5232833204354316
1687,0.00046352099729227674,0.5232791046742553
1688,0.0004620056558001207,0.523275626491154
1689,0.00046048820968799277,0.5232670912411186
1690,0.0004586660120111638,0.5232657700549371
1691,0.00045716858404460623,0.5232633354199406
1692,0.0004555738165275668,0.5232455484997741
1693,0.0004540818872889608,0.5232457784279777
1694,0.000452342043073726,0.5232312457981056
1695,0.00045067702614721994,0.5232318389425309
1696,0.0004490047721455469,0.5232236774542574
1697,0.0004474535228693846,0.5232160935007003
1698,0.0004458778875479607,0.5232156822416509
1699,0.00044413734690387893,0.5232053558147679
1700,0.00044250383094768876,0.5231952037455665
1701,0.00044084637919272583,0.5231872817749306
1702,0.0004393769137339338,0.5231793164892931
1703,0.0004376903544000336,0.5231774248745291
1704,0.0004360543730109492,0.5231731948057278
1705,0.0004341779245357215,0.5231744380768363
1706,0.0004325899689537915,0.5231837020387977
1707,0.00043092856160345186,0.5231850086026688
1708,0.0004292966153843781,0.5231783004850817
1709,0.00042765894166646543,0.523173474858288
1710,0.0004259294676617948,0.5231650612031541
1711,0.00042441878148410337,0.5231743581162943
1712,0.00042290004351176595,0.5231842709423077
1713,0.0004211377866006708,0.5231839155054152
1714,0.0004197281765953103,0.5231842168320284
1715,0.0004181738738222043,0.5231723293306755
1716,0.000416701983901432,0.5231894421621156
1717,0.0004151260439360286,0.5231775405782864
1718,0.00041346899779083277,0.5231695434647214
1719,0.00041187859488932163,0.5231670925780113
1720,0.0004102655671692089,0.5231613891245357
1721,0.0004086745649023875,0.5231597247685413
1722,0.0004071556173820398,0.5231536526727144
1723,0.00040571937585175697,0.5231367666069607
1724,0.0004041641050962711,0.5231384864972092
1725,0.00040272260933922957,0.5231416014691851
1726,0.00040132808507500726,0.5231416340697559
1727,0.0003997477345847614,0.5231506302454483
1728,0.0003981223667981964,0.5231545008675488
1729,0.0003966889586770399,0.523150764189946
1730,0.0003949221844519581,0.5231451304145447
1731,0.0003934869293758824,0.5231552186076104
1732,0.0003920397293128729,0.5231613746054715
1733,0.00039060059719371083,0.5231525947502413
1734,0.00038906813461501093,0.5231608674950338
1735,0.0003876288129872179,0.5231567174646994
1736,0.000386160298750855,0.523149434975363
1737,0.0003846858667022825,0.523148116959134
1738,0.00038305144778286247,0.5231583959162793
1739,0.0003815721601027484,0.5231636884744495
1740,0.00038022793183565,0.5231676371301918
1741,0.0003786398689733043,0.5231704262117511
1742,0.0003770486570638703,0.5231616966110277
1743,0.0003756408636382669,0.5231599731547064
1744,0.000374158847043049,0.5231463827594223
1745,0.0003728078429574309,0.5231480810453787
1746,0.00037153869453423577,0.5231389470305198
1747,0.00037001947025439133,0.5231430870943692
1748,0.0003685656790176188,0.5231393406045106
1749,0.00036698887000876046,0.5231354789599687
1750,0.0003657321432835267,0.523137972669234
1751,0.00036428740198645517,0.5231426824909698
1752,0.00036295882553979107,0.5231428669256707
1753,0.00036167543082523513,0.5231437742334372
1754,0.0003602994319012135,0.5231410395272894
1755,0.0003588488129750703,0.5231371950258991
1756,0.0003576084628290949,0.5231336242858586
1757,0.0003563192661307724,0.5231359553660634
1758,0.00035518034456629767,0.5231433217624604
1759,0.00035370760425913365,0.523132693241678
1760,0.000352335163852294,0.5231379221264205
1761,0.00035101350999381406,0.5231380906851444
1762,0.00034944209959210284,0.5231317436031702
1763,0.0003482013084554643,0.5231322280558163
1764,0.00034687005724035107,0.5231336750697384
1765,0.0003455438099770421,0.5231302861346478
1766,0.0003443091806964349,0.5231218820550505
1767,0.00034315664854660407,0.5231221591674775
1768,0.0003420006041566953,0.5231244006297039
1769,0.00034065154864518156,0.5231170893542628
1770,0.0003394328424918575,0.5231167232876084
1771,0.0003383094672811674,0.5231149881003827
1772,0.00033686843278160313,0.5231212315404367
1773,0.0003355579774568509,0.5231304661060502
1774,0.0003344531566115975,0.5231312524629026
1775,0.00033346409494468114,0.5231378519467286
1776,0.0003322244363108291,0.5231326802483315
1777,0.00033109731857130636,0.5231312783379778
1778,0.00032971788079436435,0.5231369564783024
1779,0.00032855098836886726,0.5231204569129405
1780,0.0003274984644139635,0.5231191551995701
1781,0.0003263377133148851,0.5231177120589163
1782,0.00032509093781378094,0.5231093678226392
1783,0.00032408945645898677,0.5231066870847549
1784,0.00032268702939067327,0.5230854536525429
1785,0.0003215442245239892,0.5230805241968709
1786,0.00032031462283721294,0.523075254950375
1787,0.00031900023425218205,0.5230814871910638
1788,0.0003177844421540975,0.5230671047080522
1789,0.00031669518290386754,0.5230789458361409
1790,0.00031562138515982974,0.5230811865950645
1791,0.00031447108455495167,0.5230683935874167
1792,0.0003131936008246063,0.5230701909776387
1793,0.00031215188627293453,0.5230664540127581
1794,0.0003109001741391109,0.5230550915414219
1795,0.0003098079490735242,0.5230595304493867
1796,0.00030857998993217146,0.5230466925339127
1797,0.00030746846664918303,0.5230378704720421
1798,0.00030636563133589156,0.5230311701325542
1799,0.00030509952842484097,0.5230417451881341
1800,0.0003039703690730723,0.5230430542361117
1801,0.00030282785077216613,0.5230452378308807
1802,0.00030164497282055003,0.5230489982254146
1803,0.0003005072157271273,0.5230401442810737
1804,0.00029929177005217776,0.523033456205426
1805,0.00029822348019189235,0.5230401350391843
1806,0.00029704694423715296,0.5230409529944369
1807,0.0002958790837848568,0.5230318141580721
1808,0.00029492272160971,0.5230295297941442
1809,0.00029370300944682026,0.5230183598658298
1810,0.0002927335213846447,0.5230188920050691
1811,0.0002917913367438739,0.5230208427205819
1812,0.00029081922527566015,0.5230157912537093
1813,0.0002897049943312869,0.5230195147678952
1814,0.0002887390550233395,0.5230154084970916
1815,0.00028773846500443427,0.5230061805588206
1816,0.0002867715108047871,0.5229973393911216
1817,0.00028588980229616744,0.5230083090366326
1818,0.00028474848914385317,0.5230019621327096
1819,0.0002838269836813251,0.5230019566455651
1820,0.00028270518717535064,0.5229848763786367
1821,0.00028171411649832755,0.5229879849198493
1822,0.00028073826039630114,0.5229971243146027
1823,0.00027979649350158754,0.5229885203891289
1824,0.0002787189569271363,0.5229872858560252
1825,0.00027768806870379884,0.5229929495553582
1826,0.0002766664945601612,0.5229929032459278
1827,0.00027558484157765554,0.5229955443966008
1828,0.0002744719415139692,0.52299476330053
1829,0.0002733625422426532,0.5229906906436356
1830,0.0002724042997729199,0.5229878204533892
1831,0.0002714687175891542,0.5229926661865387
1832,0.00027055913007898434,0.5229888656643444
1833,0.00026949039836802677,0.5229912982981815
1834,0.0002685032392884275,0.5229955854090808
1835,0.00026743610816945394,0.5229973340468823
1836,0.0002663310692908351,0.522994648739917
1837,0.0002653756403996525,0.5229852875037215
1838,0.00026437266387378946,0.522979577954419
1839,0.00026344764565623143,0.5229857568408663
1840,0.00026241797168637153,0.5229893984860485
1841,0.0002615102229183062,0.5229974765874651
1842,0.000260480499413535,0.5229924724026361
1843,0.0002594021276787739,0.52301339066456
1844,0.00025851074836178513,0.5230119457482039
1845,0.0002576153912151194,0.5230129316765323
1846,0.000256589870039473,0.5230067303892311
1847,0.00025572866010820685,0.5230035844582216
1848,0.0002546318643204746,0.5230075861514549
1849,0.0002537005601366019,0.5230105400851129
1850,0.0002527668104296494,0.5230029012464176
1851,0.00025181665423982933,0.5230015249323249
1852,0.0002508426960289221,0.5229997628436055
1853,0.00024980607789058026,0.5229924527082984
1854,0.00024888666327368514,0.5229977597041654
1855,0.00024796871643674516,0.5230009407906103
1856,0.0002470947286384099,0.5230083302440157
1857,0.0002462041503122906,0.5230024753857689
1858,0.0002452335700343399,0.5230015636486783
1859,0.00024430436143405633,0.5229963397934538
1860,0.0002434560538487746,0.5230009715021757
1861,0.00024259280827512692,0.5230071509056555
1862,0.00024148334422860866,0.5230047498615753
1863,0.0002407094110929376,0.523008113263642
1864,0.00023990386907153153,0.5230103838295576
1865,0.0002389093263389699,0.5230058370423851
1866,0.0002380391438009493,0.5230043014418561
1867,0.00023718485003077126,0.5230062848956754
1868,0.00023641335568492356,0.52301613733818
1869,0.0002354549486420713,0.5230050990707183
1870,0.00023462635583205817,0.5230053968029897
1871,0.00023382209700690342,0.5230016918797398
1872,0.00023289472108816627,0.5230039136440986
1873,0.00023204186306911574,0.5230109707681857
1874,0.00023123582860703492,0.5230121265540801
1875,0.00023050470593231423,0.523007348041088
1876,0.00022967489059123907,0.523004765353245
1877,0.00022880128520573245,0.5229953139083814
1878,0.00022797705914858702,0.5230030105970632
1879,0.00022725523802963817,0.5230025094569677
1880,0.00022649238367620738,0.5229959305819616
1881,0.00022562297616336496,0.5230001278029888
1882,0.0002247676530173971,0.5229918846745899
1883,0.0002238581869257799,0.522988529902247
1884,0.0002230843574025045,0.5229898839376537
1885,0.00022232673267711596,0.5229807101805377
1886,0.00022152242875251132,0.5229839029493932
1887,0.0002207255307526417,0.5229803372457654
1888,0.00021997613352261406,0.5229702386185534
1889,0.00021921640964019047,0.5229708769326649
1890,0.00021834603478740143,0.5229709969068916
1891,0.00021757017156901853,0.5229727130157293
1892,0.00021687947706326808,0.5229712750118155
1893,0.00021614132581887737,0.5229736406719255
1894,0.000215329072496635,0.5229753591791196
1895,0.00021460447750991748,0.5229645536965296
1896,0.00021382670132153115,0.5229536497069522
1897,0.00021311505547031058,0.5229482881711215
1898,0.0002124524483290473,0.522946640873026
1899,0.00021173882673951113,0.5229478451162137
1900,0.0002108847952575748,0.522946235316061
1901,0.00021020012480004943,0.5229413806164231
1902,0.00020956361663453555,0.522940352333359
1903,0.0002087135968501576,0.5229467792327677
1904,0.00020796948780981944,0.5229552045235637
1905,0.00020716932781300802,0.5229518019900218
1906,0.00020639300313095556,0.5229550689064099
1907,0.00020569160574561242,0.5229716599101716
1908,0.0002048601759362009,0.5229740147587336
1909,0.00020412348040194304,0.5229573745497338
1910,0.00020352333919059076,0.522958630315341
1911,0.00020287724999015953,0.5229595205746262
1912,0.00020218943906499706,0.5229551446383189
1913,0.00020145247737633998,0.5229564079407824
1914,0.00020077955950827938,0.5229562552993384
1915,0.00019998880326871105,0.522961865109611
1916,0.0001992367473066388,0.5229548167832052
1917,0.0001985049441621689,0.5229516556097806
1918,0.00019772422177975171,0.5229602576777712
1919,0.00019707334041126857,0.5229583532855071
1920,0.00019632548595914683,0.5229553401207544
1921,0.0001955786655993666,0.5229676240091642
1922,0.00019497512376251492,0.5229588746762115
1923,0.00019420073735359588,0.5229539135889841
1924,0.0001934396155573638,0.5229547130387878
1925,0.0001926551189481779,0.5229531364803008
1926,0.00019198816002559985,0.5229487474350094
1927,0.0001913392357898382,0.5229513324159891
1928,0.00019057317872052748,0.5229487996983512
1929,0.00018978010314144633,0.5229509846992485
1930,0.00018916753068719884,0.5229504175575672
1931,0.00018852153568674616,0.5229508512218436
1932,0.0001878790822402305,0.5229522381160369
1933,0.00018727435666780306,0.5229518802012012
1934,0.00018652361117858958,0.5229397996546187
1935,0.0001859060277211432,0.5229435031014087
1936,0.0001852284593065882,0.5229448810341767
1937,0.00018455155590629287,0.5229428548942147
1938,0.00018393264858700261,0.5229426373390306
1939,0.00018322732238141177,0.5229478726813269
1940,0.0001825216739510592,0.5229396927322189
1941,0.00018188777102644128,0.5229362601542247
1942,0.00018117089007787577,0.522934851464762
1943,0.00018059123327034997,0.5229280258726516
1944,0.00017991088033123332,0.5229348034177215
1945,0.00017929399208339644,0.5229360907428601
1946,0.00017862900881982275,0.5229320317039249
1947,0.00017793306572497976,0.522934297885357
1948,0.0001772434980746818,0.5229392602796065
1949,0.00017653595109855187,0.522928779916957
1950,0.0001758133384149972,0.5229261041001918
1951,0.00017513057877933892,0.5229242285688287
1952,0.00017453812866659256,0.5229226037656548
1953,0.00017392187835320986,0.5229222773164754
1954,0.00017321296770049223,0.5229155454791593
1955,0.00017258748708517214,0.5229107477417413
1956,0.00017198313754074145,0.5229117159536011
1957,0.00017137190789949934,0.5228993982475137
1958,0.0001706731707318604,0.5228961725130621
1959,0.00017001117418542655,0.5228943832888214
1960,0.00016934856984365262,0.5228914283817887
1961,0.00016863731136372714,0.5228906862496653
1962,0.00016807846181308343,0.5228908022212977
1963,0.00016745123144540992,0.522886573176622
1964,0.00016687600184098192,0.5228836543202827
1965,0.0001662932604822115,0.5228851285811604
1966,0.00016560681525094794,0.5228846263603378
1967,0.00016497349866688693,0.5228908818893038
1968,0.00016434601889091596,0.5228924244635008
1969,0.0001637417635794726,0.5228852471279614
1970,0.0001630554058482124,0.5228903625591089
1971,0.0001624963338167133,0.5228889377111028
1972,0.00016188647032043754,0.5228885089748314
1973,0.00016134800070740233,0.5228949227319318
1974,0.00016071449141087202,0.5229013191618285
1975,0.00016011227891664538,0.5228959614655991
1976,0.00015946705723977525,0.5228921168079124
1977,0.00015885661392978003,0.5228917409516703
1978,0.00015828664709945548,0.5228933561180551
1979,0.0001576954633805621,0.5228882751360733
1980,0.0001572054151532241,0.5228913951541119
1981,0.0001566735463059318,0.522887837071155
1982,0.0001560690436497021,0.5228835542478072
1983,0.00015550021690844296,0.522889104151858
1984,0.00015484544253007769,0.5228948422040681
1985,0.00015423063090915637,0.522899257185976
1986,0.0001537065147497631,0.5228992430112701
1987,0.0001531721362340588,0.5228957796833936
1988,0.00015257430817124085,0.522903578111711
1989,0.00015203641519502743,0.5229039460169654
1990,0.0001514869043822008,0.5229068615382373
1991,0.00015086562256445322,0.5229076888889815
1992,0.0001503249583018083,0.5229077751840061
1993,0.00014987515687072474,0.5229048209279838
1994,0.000149348371174281,0.5228948729128521
1995,0.00014879403194423965,0.5228991184253353
1996,0.00014830929317961663,0.5228978996196771
1997,0.00014775227441007495,0.5229032044971184
1998,0.0001473086625940752,0.5228987851355077
1999,0.0001467177114231328,0.5228951379662383
2000,0.0001461086671668347,0.5228995866300178
2001,0.00014563678549498884,0.522901979818871
2002,0.00014506387295225453,0.522898208688112
2003,0.00014455632829680245,0.5228976959072498
2004,0.00014399141099622623,0.5228913747722901
2005,0.00014348120211614583,0.5228942242121867
2006,0.00014302333147037406,0.522890732866823
2007,0.00014252697295814295,0.5228851815200614
2008,0.0001419313930147265,0.5228857412122365
2009,0.00014145173045853292,0.5228854968917138
2010,0.00014097540911299494,0.5228830260759215
2011,0.00014042514686579926,0.5228846216854565
2012,0.0001398868440597596,0.5228852559438982
2013,0.00013935020639778745,0.5228858188627079
2014,0.0001388263014452928,0.5228867786612919
2015,0.00013829013397064573,0.5228895211309884
2016,0.00013782020069365343,0.5228905499689587
2017,0.00013738051113653944,0.5228883583416015
2018,0.0001368693101134914,0.5228866556931332
2019,0.00013625957463529934,0.5228824982898801
2020,0.00013575391102813071,0.5228850421168971
2021,0.00013526694695865045,0.5228844727648927
2022,0.00013475728898900915,0.5228798041251069
2023,0.00013427189822050109,0.5228819402269722
2024,0.00013379854436991904,0.5228882763398441
2025,0.00013338396850114494,0.5228893456831174
2026,0.00013287652994319293,0.5228852419406064
2027,0.0001323858664602556,0.5228868742904506
2028,0.00013193352914413656,0.5228806403667255
2029,0.00013140682971729737,0.522877593143762
2030,0.00013094907985324554,0.5228738623875872
2031,0.00013048894431158788,0.5228763334647009
2032,0.00012992442337564708,0.5228831769720722
2033,0.00012944723367391264,0.5228845785682934
2034,0.0001290307115154534,0.5228832964968118
2035,0.00012848597825031402,0.5228890102992793
2036,0.00012797047278236158,0.5228883975834066
2037,0.0001274638617545503,0.5228839526251385
2038,0.00012698951666267018,0.5228845173171053
2039,0.0001265720041129716,0.5228824792721631
2040,0.00012611653698193465,0.5228838319927488
2041,0.0001256280684274563,0.5228844902068917
2042,0.00012511519698128935,0.522880920500513
2043,0.00012462196615393016,0.5228807441485208
2044,0.0001242081215666669,0.522873371985382
2045,0.00012370366596514137,0.5228737174135701
2046,0.00012334014009524521,0.5228746859446587
2047,0.0001228432342909802,0.5228705878745948
2048,0.00012239150959506814,0.5228644497674094
2049,0.00012192085097471968,0.5228601508858731
2050,0.00012145185117104313,0.5228453849027783
2051,0.00012103940346851843,0.5228448668795695
2052,0.0001206113191910382,0.5228430464840411
2053,0.00012014428255448879,0.5228483082682082
2054,0.0001196559183796856,0.5228435128086711
2055,0.00011927091238281149,0.5228378482599075
2056,0.00011889367318470389,0.5228393797727384
2057,0.00011847855039910848,0.5228416243391193
2058,0.0001180382045738233,0.5228367616497726
2059,0.00011764428952106531,0.5228299346700817
2060,0.00011725329149031992,0.5228308839656944
2061,0.0001168364278791588,0.5228314080367567
2062,0.0001164918672126424,0.5228299258810004
2063,0.00011607454734386703,0.5228308061150352
2064,0.00011560829498441977,0.5228359387022601
2065,0.00011511892557592172,0.5228387693238185
2066,0.0001146781407454617,0.5228363648671956
2067,0.00011429168977155057,0.5228312431862925
2068,0.00011386860009871681,0.5228239002212224
2069,0.00011343907343540363,0.5228218452101476
2070,0.00011302071679051086,0.5228225793121447
2071,0.00011260842982500193,0.5228275360200205
2072,0.00011219163454711481,0.5228269794684843
2073,0.00011179322553367835,0.5228280819129045
2074,0.00011136925295124458,0.5228231559248268
2075,0.0001110111891083706,0.522822122697627
2076,0.00011061585829287216,0.5228230513180789
2077,0.00011017837402150184,0.5228169668620763
2078,0.00010974990731563847,0.5228232263420157
2079,0.00010933417265520011,0.5228177621915079
2080,0.0001089354629268783,0.5228176955656829
2081,0.00010855529950151322,0.5228175480103434
2082,0.0001081864523418469,0.5228170652392541
2083,0.00010775118512272755,0.5228157198223414
2084,0.00010734494424852053,0.5228154059062528
2085,0.00010697362973340872,0.5228179256911561
2086,0.00010656542633285222,0.522815802713044
2087,0.00010619638900849325,0.5228176072336083
2088,0.00010582306008655645,0.5228192766014857
2089,0.00010542087747342492,0.5228177906104651
2090,0.00010503185889842897,0.5228163981128604
2091,0.00010463174336646217,0.5228222550513897
2092,0.00010428146228611119,0.5228169191561169
2093,0.00010391070989257299,0.5228189685374472
2094,0.00010352848014063969,0.5228155889534929
2095,0.00010311374540058643,0.5228144553013068
2096,0.00010276896373538821,0.5228125839012456
2097,0.00010238150059683744,0.5228143548041648
2098,0.00010201157731564236,0.5228170834441378
2099,0.00010163840974300816,0.5228190619997609
2100,0.00010127861489602833,0.5228216816542686
2101,0.00010086965178085494,0.5228207213666233
2102,0.0001005488825720163,0.5228175297084335
2103,0.00010020041074660896,0.5228176305616845
2104,9.978814875621325e-05,0.5228124530571641
2105,9.94571616573505e-05,0.5228149911751735
2106,9.907578279801269e-05,0.5228137300402221
2107,9.874051404745232e-05,0.5228185945971585
2108,9.84253319407713e-05,0.5228181932369025
2109,9.807565520147539e-05,0.5228173489977949
2110,9.772037688678065e-05,0.5228200329550426
2111,9.734485490914641e-05,0.5228153768921602
2112,9.697599764308183e-05,0.5228122224792776
2113,9.662868564317038e-05,0.5228121973799272
2114,9.628931876788257e-05,0.5228085629349547
2115,9.598224524386461e-05,0.5228003856573851
2116,9.569182192670232e-05,0.5228018274448542
2117,9.529812896618785e-05,0.5228007395675296
2118,9.491463382867315e-05,0.5227964238993779
2119,9.454728018567566e-05,0.5227969371692722
2120,9.416991494006967e-05,0.5227984652236805
2121,9.383050760502198e-05,0.522793874241613
2122,9.35151861920855e-05,0.5227902103448214
2123,9.317074139146927e-05,0.5227863983483643
2124,9.283214020268543e-05,0.5227871602005972
2125,9.251655924216689e-05,0.5227873066069806
2126,9.212373617388245e-05,0.5227800830209761
2127,9.179233562871933e-05,0.5227813219754116
2128,9.14214472311479e-05,0.5227817764318795
2129,9.106817506250703e-05,0.5227798929726876
2130,9.072968626693342e-05,0.5227753489794698
2131,9.041091846912367e-05,0.5227794785648021
2132,9.008387136626052e-05,0.52278236923156
2133,8.97283534940277e-05,0.5227794756329418
2134,8.936243779270922e-05,0.5227751633364663
2135,8.900309373968168e-05,0.5227695533850293
2136,8.869632731583666e-05,0.5227645527655398
2137,8.838794226529428e-05,0.5227609157706368
2138,8.80666597508989e-05,0.522761428636586
2139,8.774674635565983e-05,0.5227637954352817
2140,8.738569277372878e-05,0.5227645824188127
2141,8.704929355648752e-05,0.5227620270840097
2142,8.677476201689809e-05,0.5227603769649242
2143,8.64659163303753e-05,0.522762096743657
2144,8.621392441491243e-05,0.5227612080479248
2145,8.591519500872045e-05,0.5227638187403499
2146,8.557212513739708e-05,0.5227627310970112
2147,8.529001010976336e-05,0.5227646328544444
2148,8.497862543089442e-05,0.5227601386615479
2149,8.46982888505267e-05,0.522758968799743
2150,8.43839391875355e-05,0.5227552293786484
2151,8.407741185036295e-05,0.5227538556522485
2152,8.374982402089426e-05,0.5227526470151552
2153,8.346064331522191e-05,0.5227476116184213
2154,8.312547480224178e-05,0.5227425678442814
2155,8.279926226788679e-05,0.5227362145105519
2156,8.253260103084594e-05,0.5227337404860439
2157,8.223928228481476e-05,0.5227365821447935
2158,8.199838554554606e-05,0.5227370694928457
2159,8.171245793524707e-05,0.5227314473082467
2160,8.140746546638974e-05,0.5227300323971159
2161,8.115318267946276e-05,0.5227280960831661
2162,8.090951327815135e-05,0.5227310923698746
2163,8.065687548346472e-05,0.522726770061257
2164,8.035622502557471e-05,0.5227268302576997
2165,8.009989323906794e-05,0.5227184738437686
2166,7.979906092102281e-05,0.5227179502429781
2167,7.950262974502288e-05,0.5227126879253838
2168,7.923029647240705e-05,0.5227133804212407
2169,7.892651663649348e-05,0.5227077545572364
2170,7.862143142762853e-05,0.5227104340912331
2171,7.834176896828906e-05,0.5227109616183352
2172,7.807890862443061e-05,0.5227130898272253
2173,7.779993157639775e-05,0.5227089575957593
2174,7.754990128267391e-05,0.522708482305705
2175,7.730892375486074e-05,0.5227128711614792
2176,7.69965348725527e-05,0.5227118579132615
2177,7.668956829219324e-05,0.5227075213895824
2178,7.63922625189541e-05,0.5227075958798667
2179,7.613715763940029e-05,0.5227129954912312
2180,7.587087125198678e-05,0.5227108927504659
2181,7.562601752631476e-05,0.5227059175036713
2182,7.537645596663892e-05,0.5227038795726908
2183,7.511986430495508e-05,0.5227045192441949
2184,7.48392059274112e-05,0.5227071013560689
2185,7.456958546832207e-05,0.5227061993192185
2186,7.42866447269088e-05,0.5227034407398877
2187,7.403560301660944e-05,0.5227068819333114
2188,7.375764872586573e-05,0.5227077154688436
2189,7.352016611827936e-05,0.5227056586442075
2190,7.32595525629656e-05,0.5227039169787796
2191,7.29911384421417e-05,0.5227044506658096
2192,7.276906902381758e-05,0.5227052174736124
2193,7.25099932232829e-05,0.5227042283021055
2194,7.223598065269543e-05,0.5227029225210099
2195,7.198109640296481e-05,0.5226989117596444
2196,7.170361565670268e-05,0.5227000327133473
2197,7.144605363379644e-05,0.5227019937169969
2198,7.120664240651227e-05,0.5227024112239101
2199,7.09858491728754e-05,0.5227012599492217
2200,7.071506500255448e-05,0.5226942794926349
2201,7.04631712539868e-05,0.5226943052834282
2202,7.016464625264242e-05,0.5226915686917559
2203,6.98723830757206e-05,0.5226874982931663
2204,6.962284041357061e-05,0.5226860090756329
2205,6.93504197613878e-05,0.5226916219040446
2206,6.90983496429167e-05,0.5226862796278912
2207,6.88381949581162e-05,0.5226828100896569
2208,6.855899466056315e-05,0.522677629936881
2209,6.830904766528814e-05,0.5226780012887524
2210,6.807967883238924e-05,0.5226767482463168
2211,6.782605515909059e-05,0.5226803303646211
2212,6.757413078012601e-05,0.5226851402711805
2213,6.737920239240318e-05,0.5226877703617785
2214,6.715545059381719e-05,0.522687639836309
2215,6.691510373427085e-05,0.5226856283577884
2216,6.664410862366792e-05,0.5226815771523127
2217,6.638695466051954e-05,0.522683007457538
2218,6.612846807392694e-05,0.5226850684158415
2219,6.586797549832169e-05,0.5226838048299487
2220,6.561064856316969e-05,0.5226861638164629
2221,6.534369495107389e-05,0.5226848706617149
2222,6.510208630112425e-05,0.5226852925453853
2223,6.485907392149727e-05,0.5226834270015491
2224,6.462486431307441e-05,0.5226869595982815
2225,6.438783315535378e-05,0.522686910679205
2226,6.417149739438275e-05,0.5226863671953786
2227,6.390225668891336e-05,0.5226878525204595
2228,6.369899660460907e-05,0.5226868163493803
2229,6.344196955752703e-05,0.5226865005695567
2230,6.321664680793722e-05,0.5226855921835679
2231,6.3024745593594e-05,0.5226851793538096
2232,6.280487616154432e-05,0.522687977800508
2233,6.25887906765302e-05,0.5226895226701396
2234,6.235120577204137e-05,0.5226838616222447
2235,6.212175507186033e-05,0.5226841075596185
2236,6.189589809827164e-05,0.5226852170862739
2237,6.164260951514658e-05,0.5226849585525153
2238,6.142358689722678e-05,0.5226818973044136
2239,6.121838281112279e-05,0.5226810997807001
2240,6.098184616726486e-05,0.522680147447924
2241,6.076492117047534e-05,0.5226732785477619
2242,6.054561485056688e-05,0.5226701821018584
2243,6.033649298425827e-05,0.5226696091062628
2244,6.013359695216304e-05,0.5226731630356243
2245,5.9935336674378434e-05,0.5226725680632491
2246,5.974173454489794e-05,0.5226739463119001
2247,5.950308822235338e-05,0.5226679319059406
2248,5.930227734332603e-05,0.5226626388170833
2249,5.90614748552452e-05,0.5226630915845145
2250,5.8858597269921764e-05,0.5226615688078229
2251,5.8653841133401865e-05,0.5226588772318597
2252,5.844232600658025e-05,0.5226568713690001
2253,5.823466016674619e-05,0.5226579048314308
2254,5.8019940440871744e-05,0.5226622389861698
2255,5.781721366923013e-05,0.5226660805763306
2256,5.7618678215393015e-05,0.5226650110729815
2257,5.742581226763197e-05,0.5226610857031471
2258,5.723282951652126e-05,0.5226597537171355
2259,5.7010499329705314e-05,0.5226577835997989
2260,5.6804446652737616e-05,0.522661428470805
2261,5.661560900892311e-05,0.5226623602752685
2262,5.638706801334337e-05,0.5226598706109418
2263,5.619243716321985e-05,0.5226581938284506
2264,5.597003757697046e-05,0.5226525798445515
2265,5.578186009910684e-05,0.52265205096441
2266,5.558055098897206e-05,0.5226498188993365
2267,5.5359682658766494e-05,0.5226504160202162
2268,5.518211382708539e-05,0.5226514856500325
2269,5.4996926253781255e-05,0.5226496260851383
2270,5.475920625310285e-05,0.5226465402955917
2271,5.45300657929219e-05,0.5226448998814444
2272,5.434282573095409e-05,0.5226436787230649
2273,5.417343177401786e-05,0.5226466853174337
2274,5.3981738670506865e-05,0.5226473247518945
2275,5.380105596960975e-05,0.5226465579703524
2276,5.3621119365512226e-05,0.5226442861665501
2277,5.344097710075117e-05,0.5226463448295444
2278,5.325314948581166e-05,0.5226490160281124
2279,5.304555456344212e-05,0.5226527679513111
2280,5.283600770709971e-05,0.5226550590717541
2281,5.2652037398777594e-05,0.5226540850993334
2282,5.24494093747035e-05,0.5226526834794655
2283,5.226573613580371e-05,0.5226507372328334
2284,5.207430313892006e-05,0.5226513754922518
2285,5.190297583793193e-05,0.5226487788099659
2286,5.17060026139826e-05,0.5226538323946721
2287,5.1514430885764875e-05,0.5226550084392204
2288,5.1336754941677e-05,0.5226505212616694
2289,5.115784096342427e-05,0.5226481412530861
2290,5.0970893585019423e-05,0.5226525954642407
2291,5.0819433609349234e-05,0.5226576144412143
2292,5.0676962819673775e-05,0.5226528166355985
2293,5.049945314986385e-05,0.5226529653696618
2294,5.03433567162372e-05,0.5226541996603018
2295,5.0135543996878245e-05,0.5226576790064835
2296,4.9949055881671936e-05,0.5226541556971165
2297,4.97959296959967e-05,0.5226579733295881
2298,4.963489239559605e-05,0.5226564166575676
2299,4.94431451896132e-05,0.5226540914833063
2300,4.928632553708108e-05,0.5226556217160145
2301,4.9092547810420687e-05,0.5226561250190669
2302,4.892293496120948e-05,0.5226585800839096
2303,4.8745237434157196e-05,0.5226566778869228
2304,4.856319956087891e-05,0.5226582771969637
2305,4.837417648976293e-05,0.5226564445456827
2306,4.8182118363456915e-05,0.5226607309172441
2307,4.8017726888618664e-05,0.522662963256774
2308,4.783083939946142e-05,0.5226649367251979
2309,4.766547520237189e-05,0.5226608952472054
2310,4.752954493625997e-05,0.5226641478250647
2311,4.734611853177535e-05,0.5226635740436851
2312,4.71610932078064e-05,0.5226584486212187
2313,4.700156066683067e-05,0.5226573448536711
2314,4.683934024924053e-05,0.5226581927687791
2315,4.669659117702353e-05,0.522659124188751
2316,4.655821402014394e-05,0.5226588362906
2317,4.639905991287674e-05,0.522656210429732
2318,4.623270494601117e-05,0.522651244884546
2319,4.606330975930202e-05,0.522649727347657
2320,4.588163161030905e-05,0.5226514148482128
2321,4.571536334551262e-05,0.5226461417148667
2322,4.556009198833758e-05,0.522648041468806
2323,4.5382114687707946e-05,0.5226498092781126
2324,4.520853100616702e-05,0.5226493318532299
2325,4.506695879819504e-05,0.5226464451390208
2326,4.4893936575286454e-05,0.5226455300023524
2327,4.47398610974748e-05,0.5226489891752233
2328,4.45633549189737e-05,0.5226465725350136
2329,4.439542595051853e-05,0.5226487846353511
2330,4.422662142594828e-05,0.5226482162268148
2331,4.407461346626288e-05,0.5226472047887856
2332,4.393686537926419e-05,0.5226460084541394
2333,4.37626580228073e-05,0.5226482460214843
2334,4.361648849082139e-05,0.5226468917508816
2335,4.346977142335107e-05,0.5226456540280852
2336,4.331825966427322e-05,0.5226476908784409
2337,4.3188661226009256e-05,0.5226463719621928
2338,4.3020893453869893e-05,0.5226478850107403
2339,4.28699352558595e-05,0.522647825393695
2340,4.2716611430954196e-05,0.5226515155622397
2341,4.2585396287923077e-05,0.5226499754293524
2342,4.243653393421177e-05,0.5226520670919054
2343,4.229096893281826e-05,0.5226528323527484
2344,4.215288782099933e-05,0.5226535770235976
2345,4.200618947680451e-05,0.5226526134707216
2346,4.1857689430242946e-05,0.5226536958499267
2347,4.1705626480416414e-05,0.5226531798899723
2348,4.157295805239138e-05,0.5226527291547625
2349,4.140314416356729e-05,0.5226524031640073
2350,4.125282496773577e-05,0.522654301448744
2351,4.1115743697250215e-05,0.5226515809856047
2352,4.095419057276456e-05,0.5226491436957037
2353,4.0794266326063704e-05,0.5226477534165781
2354,4.065001388928144e-05,0.5226501676603847
2355,4.050394018019873e-05,0.5226517574275188
2356,4.036930841966045e-05,0.5226478935025398
2357,4.020203469959994e-05,0.522648037950122
2358,4.0053407468040995e-05,0.5226443438049976
2359,3.989975996549633e-05,0.5226431647919445
2360,3.976186360045947e-05,0.5226404688602488
2361,3.962579200844984e-05,0.5226345713325592
2362,3.9497902024357156e-05,0.5226338245488803
2363,3.934041310608581e-05,0.5226319697179844
2364,3.918457890800859e-05,0.5226301962064397
2365,3.906048946769588e-05,0.5226302384982442
2366,3.894196124886012e-05,0.5226289108452028
2367,3.879169651887934e-05,0.522636666088699
2368,3.8673100742520344e-05,0.5226402033265247
2369,3.854990678481668e-05,0.5226420549533546
2370,3.8415386060935116e-05,0.5226422092230132
2371,3.8283268979583384e-05,0.5226414507420999
2372,3.8162278771712554e-05,0.5226421571074117
2373,3.801174358653955e-05,0.5226479305435389
2374,3.7877111432107516e-05,0.5226466345179203
2375,3.77357877207021e-05,0.5226491492116505
2376,3.757029722572303e-05,0.5226509239138419
2377,3.743389262396906e-05,0.5226522350518837
2378,3.730711311066079e-05,0.5226550305075247
2379,3.7166954426104545e-05,0.522654622304233
2380,3.7023130662316776e-05,0.5226539228608265
2381,3.687546180933866e-05,0.5226532869721409
2382,3.673853125513912e-05,0.5226534831607442
2383,3.662092861155487e-05,0.5226553075532626
2384,3.650269834282817e-05,0.5226595275035464
2385,3.638411045500375e-05,0.5226554264152369
2386,3.625373322377625e-05,0.522655502577899
2387,3.611321274486864e-05,0.5226551932081572
2388,3.597391536351622e-05,0.5226572743610266
2389,3.584113316624758e-05,0.5226554256250587
2390,3.569997083932392e-05,0.5226542881219073
2391,3.5564579002173904e-05,0.5226550850359404
2392,3.5453150675613094e-05,0.5226545246883889
2393,3.53223512313028e-05,0.5226542239052216
2394,3.521647396202895e-05,0.5226551035279523
2395,3.510161614630092e-05,0.522651848662926
2396,3.4980808940685034e-05,0.5226512255429295
2397,3.486359380566286e-05,0.522648179744086
2398,3.474581141976959e-05,0.5226496781611434
2399,3.4618862224142e-05,0.5226461939052618
2400,3.449301972737437e-05,0.5226450728604011
2401,3.436951469397284e-05,0.5226438930612675
2402,3.4220423572756786e-05,0.5226427511943217
2403,3.4109068559625176e-05,0.5226429704700103
2404,3.3972680450703635e-05,0.5226453583520883
2405,3.385722418739365e-05,0.5226424843721245
2406,3.3719056116898367e-05,0.5226402419320182
2407,3.357781984095113e-05,0.5226440880862873
2408,3.345112349276974e-05,0.5226442798201014
2409,3.334329241996101e-05,0.5226456268111437
2410,3.320231172991648e-05,0.5226447902650502
2411,3.3085928483533106e-05,0.522640381992306
2412,3.2947550162222076e-05,0.5226396951423176
2413,3.282402077984235e-05,0.5226386832285121
2414,3.271497669521185e-05,0.5226349059261319
2415,3.260040910082207e-05,0.5226358631184715
2416,3.2478073386683696e-05,0.5226362141929255
2417,3.238107789847502e-05,0.5226393359616148
2418,3.2251446280738716e-05,0.522640952912768
2419,3.211987393600474e-05,0.5226413010437527
2420,3.199947311336442e-05,0.5226395759556806
2421,3.188408309575386e-05,0.5226392015293265
2422,3.176347555030373e-05,0.5226410801333844
2423,3.164826025880674e-05,0.5226422143240071
2424,3.15389149493433e-05,0.5226435591742766
2425,3.14281368691022e-05,0.5226441563943967
2426,3.130859476339125e-05,0.5226452259182773
2427,3.1178200670416785e-05,0.5226435826152634
2428,3.106291522405094e-05,0.522640382292325
2429,3.096173081096839e-05,0.5226414626493285
2430,3.083986049326347e-05,0.5226377379889116
2431,3.0741638673259965e-05,0.5226382182059435
2432,3.064324900666023e-05,0.5226389498165042
2433,3.052975331815104e-05,0.5226381596110153
2434,3.0419031226639345e-05,0.5226353098791726
2435,3.030791697575561e-05,0.5226339038803574
2436,3.0197813031711422e-05,0.5226330538399804
2437,3.008926427429039e-05,0.5226342280631479
2438,2.9989544713209323e-05,0.5226312257137051
2439,2.9892796505292855e-05,0.5226302011028506
2440,2.97987279739005e-05,0.5226270138651045
2441,2.9680493503272505e-05,0.5226295404150125
2442,2.957889241071691e-05,0.5226298635453601
2443,2.9495784854997184e-05,0.5226285641213586
2444,2.93905659125838e-05,0.5226293009918338
2445,2.929710800371323e-05,0.5226286154163226
2446,2.9188811159798425e-05,0.5226301518190359
2447,2.9086036925229356e-05,0.5226286374379694
2448,2.897341551355345e-05,0.5226291175869636
2449,2.8860759010281267e-05,0.5226310031759268
2450,2.873727915140052e-05,0.5226319613444018
2451,2.864910505136451e-05,0.5226315424143507
2452,2.853944968214488e-05,0.5226296129124809
2453,2.8450606753144313e-05,0.5226304940304282
2454,2.8345417908202656e-05,0.5226320278950802
2455,2.8227898803661627e-05,0.522631942065563
2456,2.8141411348955038e-05,0.5226296420803259
2457,2.8040143990219605e-05,0.5226331914029626
2458,2.7933278023713513e-05,0.5226314357019002
2459,2.7826167389492594e-05,0.5226336512072595
2460,2.7725112790365233e-05,0.5226319102922788
2461,2.762490809947827e-05,0.5226342889196732
2462,2.7528385999364726e-05,0.5226354385113823
2463,2.7421832290774623e-05,0.522631941504748
2464,2.731578783964136e-05,0.5226308284013258
2465,2.7221223516164018e-05,0.5226286980498356
2466,2.713229798722846e-05,0.5226285660425697
2467,2.7037654728403203e-05,0.5226313351498563
2468,2.6950807295100924e-05,0.5226290884813358
2469,2.6846577564209898e-05,0.5226307589333391
2470,2.6748589898075823e-05,0.5226346642574824
2471,2.665223928104636e-05,0.522640198916172
2472,2.656467190083871e-05,0.5226394031273018
2473,2.646991377139559e-05,0.5226402816270062
2474,2.63829138164576e-05,0.5226409455339504
2475,2.629482818121022e-05,0.5226396697663566
2476,2.6202530864829754e-05,0.5226403289784416
2477,2.6101262359224416e-05,0.5226398963571461
2478,2.5996817558045012e-05,0.5226389279546636
2479,2.5898887527102126e-05,0.5226405675158736
2480,2.582070356547767e-05,0.522637722918228
2481,2.573771032702931e-05,0.5226387934802372
2482,2.5634474608787057e-05,0.5226402462807787
2483,2.553835365816662e-05,0.5226403713178129
2484,2.5458950256245865e-05,0.5226434320669063
2485,2.536978261993732e-05,0.5226451074278052
2486,2.5269010589140016e-05,0.5226442214749065
2487,2.518626200745211e-05,0.5226435940949307
2488,2.5099769113027895e-05,0.5226424193466725
2489,2.5011975667547623e-05,0.5226413811686118
2490,2.4924050362737232e-05,0.5226406008895209
2491,2.484492162325864e-05,0.5226433244231774
2492,2.4758606762386628e-05,0.5226413405023005
2493,2.4681405571058128e-05,0.5226407787667195
2494,2.4589867646262184e-05,0.5226407907806221
2495,2.4498430200107496e-05,0.5226418339073238
2496,2.440518668309719e-05,0.5226409796213289
2497,2.4318558979074474e-05,0.5226419239443696
2498,2.4237577504648664e-05,0.5226397558746171
2499,2.415464004270403e-05,0.5226386815878298
2500,2.4079059601241868e-05,0.5226380268269598
2501,2.4004840480923055e-05,0.5226395346185623
2502,2.3921034638583492e-05,0.5226378257814792
2503,2.3830925267842766e-05,0.5226386788164846
2504,2.3738785902189496e-05,0.5226359357375171
2505,2.365774991001784e-05,0.5226351762526951
2506,2.357616395604066e-05,0.522634474900402
2507,2.349298017537729e-05,0.5226319086815087
2508,2.3400198594488917e-05,0.5226341113141975
2509,2.3320026579151444e-05,0.5226342933359981
2510,2.3227278933577058e-05,0.5226340826444614
2511,2.314386529561325e-05,0.5226360110408856
2512,2.3066005314259773e-05,0.5226376053115931
2513,2.2984568156139617e-05,0.5226413375628274
2514,2.2900793457885737e-05,0.5226417920150602
2515,2.28307119102459e-05,0.522644527553041
2516,2.276020083347964e-05,0.5226435062800462
2517,2.2674298262380536e-05,0.5226402229659444
2518,2.260077623760986e-05,0.522642787580334
2519,2.2525320279698676e-05,0.5226407206257232
2520,2.2434738724866576e-05,0.5226401949821318
2521,2.2350490550799943e-05,0.5226383060262186
2522,2.2258003454854874e-05,0.5226396115458889
2523,2.2177075790085055e-05,0.5226388794492999
2524,2.2098729993473954e-05,0.5226384087936493
2525,2.2024564784222893e-05,0.5226375814935899
2526,2.1960028384169384e-05,0.5226383836031224
2527,2.1870934438667685e-05,0.5226338779445843
2528,2.1790522347448952e-05,0.5226337334108282
2529,2.172123500752494e-05,0.522635289746943
2530,2.1632491725163648e-05,0.5226347234915264
2531,2.155951869447972e-05,0.5226387281407768
2532,2.1485326780641133e-05,0.522640903757703
2533,2.142388532384084e-05,0.5226422597823981
2534,2.1347549974073953e-05,0.5226435399409628
2535,2.1261693955321753e-05,0.5226412895231974
2536,2.11820680795809e-05,0.5226409189355392
2537,2.1097003892272313e-05,0.5226407345121132
2538,2.1010077321512847e-05,0.5226413011023875
2539,2.092908068154284e-05,0.5226407481856183
2540,2.085151671953418e-05,0.5226400605062781
