epoch,train_loss,val_loss
1,0.9660709287975632,0.9770335630362911
2,0.936084995527396,0.9490236659638903
3,0.9114628289938628,0.9265557327614379
4,0.885215818003799,0.9018150067141045
5,0.8607910237529659,0.8798557255048901
6,0.83999623705081,0.862467871077964
7,0.8163953721382352,0.8417501039764003
8,0.7945218159482924,0.8228771536799724
9,0.7766667542013233,0.808989046435646
10,0.7601782865709161,0.7953376813568902
11,0.7426521000192791,0.7811167683457897
12,0.7294049760239216,0.7699583539630587
13,0.7155094341692153,0.7581381333052578
14,0.7021191417514034,0.747823499992066
15,0.6891738985265327,0.7381395182524568
16,0.6774259856972051,0.7287051493545684
17,0.6658613848089404,0.7193482216065297
18,0.6550352790860681,0.7104741675070315
19,0.6437329887008388,0.7019776658430991
20,0.6347976641399817,0.6965908401771859
21,0.6254214529918577,0.6897378366377692
22,0.6162004387616008,0.6827012835622955
23,0.6073502897716232,0.677377670696992
24,0.5986422315234932,0.671297808103694
25,0.5911282194249993,0.666317785857313
26,0.5840927806857177,0.6617826796160405
27,0.5772185161831632,0.6571953653944483
28,0.5708856651186891,0.6541503051909174
29,0.5636995029140536,0.64981805034573
30,0.5582844101402674,0.6468634003738593
31,0.55186390033323,0.6425259674291638
32,0.5457955819975061,0.6383068368951601
33,0.539853467179121,0.6348542584444142
34,0.5348372271225839,0.6321519103191728
35,0.5290957646387365,0.62837995861939
36,0.5232979890887186,0.6247988817327598
37,0.5184193449905659,0.6226641899138209
38,0.512863607768445,0.6192938751058465
39,0.5084356647555491,0.617298924730771
40,0.5033406810660656,0.6149194268208846
41,0.4989213603533403,0.6127368818721491
42,0.4942350537972855,0.6102230037577421
43,0.4893709098102828,0.6067384128063514
44,0.4855823346203727,0.6054560723779243
45,0.4815182659874668,0.6042285325322398
46,0.4769691820384403,0.6018491762363547
47,0.47314893499797694,0.5999288243522299
48,0.46896747524775745,0.5976975554314619
49,0.4649052089147838,0.5950837336423178
50,0.4612607523604863,0.5934349236667027
51,0.4572218891963482,0.5914828672246707
52,0.45366316730110273,0.5893889913906688
53,0.4499055450772007,0.5875556433941689
54,0.4463956888782972,0.5860260419682547
55,0.44314571911179357,0.5849177104017802
56,0.4399785974855472,0.5839173394696111
57,0.436798007145153,0.5824936865501724
58,0.4330772733602104,0.5800378474160768
59,0.42982595409684765,0.5784265834899857
60,0.42660495095631645,0.5778755645512691
61,0.423545489574742,0.5767025278985741
62,0.420593121074591,0.5758075216412337
63,0.4176671203763303,0.5740230920636954
64,0.4145924836110289,0.5728636991784484
65,0.4112444602820962,0.5712916297477052
66,0.408091838919989,0.56999861894374
67,0.40483634614513003,0.5685743819996787
68,0.4019599303651097,0.5674025898887287
69,0.3992142600939004,0.5666872976691509
70,0.3963085613945406,0.5652836937717559
71,0.3935507745399278,0.56408550951396
72,0.3908223516393763,0.5627715828177517
73,0.3881232047229856,0.5623544574678777
74,0.3853539954685446,0.5617218256004188
75,0.3828552339881172,0.5604620369158895
76,0.38029436162715247,0.5596185911752006
77,0.37757107713070676,0.5586416340579511
78,0.37497274784942136,0.5580891266461698
79,0.3723843693547147,0.5574201983149268
80,0.36995499718887004,0.5564243586840393
81,0.3674850463292785,0.5556186474395975
82,0.3649415483440829,0.5540462499224331
83,0.36246627324050257,0.5533840462907583
84,0.3598674664532841,0.5525084509858567
85,0.3575414577717292,0.5520130521294707
86,0.3551310774640393,0.5515611877521723
87,0.35283924790237464,0.550418286524074
88,0.3504584485042553,0.5492884705150121
89,0.34817246672007435,0.5483711972274126
90,0.3458749046591099,0.547774739652455
91,0.34356686843619605,0.5474724898621013
92,0.3412970208013245,0.5470312299567451
93,0.3390317415672021,0.5466535238917547
94,0.3369034803177844,0.5462811052205049
95,0.3346220516103272,0.5456762362954561
96,0.33252591408918175,0.5451232137451909
97,0.3305186692289404,0.5442895529498721
98,0.3284896728176534,0.5443446866981164
99,0.3264501043578707,0.5441446274103683
100,0.3244294450184714,0.5430016550632147
101,0.32234955609311977,0.5419936041437198
102,0.3202104291012455,0.5410746421183477
103,0.31823433815868724,0.5408737397011741
104,0.3163884623584365,0.5404894362623796
105,0.31428026009211163,0.5397927354278516
106,0.31246843966122195,0.5391950711834294
107,0.3104323371404142,0.5385159666500607
108,0.308488676567041,0.5375022480183776
109,0.30647400726493307,0.5363857638578204
110,0.3044962968781703,0.5363100250057319
111,0.30265844967208555,0.5360155573855617
112,0.30075398209437426,0.5360513366380901
113,0.2989703305757159,0.5356087038734786
114,0.29712196227341514,0.5352570164244075
115,0.29539020365847923,0.5350589927443907
116,0.2937507597956281,0.5349983196141742
117,0.29198092056224073,0.5347369747455003
118,0.290188665950761,0.534189277935047
119,0.28844449082429124,0.5336330167515613
120,0.28680706581376897,0.5328834831987871
121,0.28505015974091463,0.5320494966316254
122,0.28341740490151573,0.5316447515615387
123,0.2817186509888044,0.5304600595235327
124,0.280068529909921,0.5301096879429344
125,0.27853382407628147,0.5300181258492728
126,0.276976471240084,0.529549286608183
127,0.2753213488835772,0.5299122630747181
128,0.27382943878191845,0.5294342671877952
129,0.2721846095378044,0.5290934037587599
130,0.2706687525202078,0.5288729093939862
131,0.2690420181585503,0.5284722501599045
132,0.2674967219124273,0.5281095468855231
133,0.26591692560669244,0.5279390252428797
134,0.2644504097963028,0.5273150420403134
135,0.2628775263144296,0.5266727955922961
136,0.26136784756925724,0.5263295642190126
137,0.2598621849468129,0.5258870988682014
138,0.25834835389033345,0.5257235440200145
139,0.2568044312652015,0.524921890375138
140,0.25525482465067856,0.524610788945035
141,0.2538070423551739,0.5244623696683134
142,0.2523440988541308,0.5243751129499772
143,0.2509775285170765,0.524276820797265
144,0.24951288005888897,0.5237955972140674
145,0.2481037096333555,0.5236877508796675
146,0.24669439483303746,0.5236763625153921
147,0.2452660185634711,0.5232237259054753
148,0.2438364080511927,0.5229455799492135
149,0.24242345548722327,0.5224788338825982
150,0.2409643198796527,0.5222619049750151
151,0.23960335149026094,0.5219437550213629
152,0.23833828845944507,0.5216775845313846
153,0.2370665218763659,0.5212557638267183
154,0.23570978142385474,0.5213069417035167
155,0.2344007666120778,0.5212112542145061
156,0.23305260243551873,0.5208192574197223
157,0.23164320380932907,0.5205737147066328
158,0.2303127104137088,0.5201480649324911
159,0.22903175704576276,0.5198274272870798
160,0.2277467988672734,0.5196411684936676
161,0.22657085103145916,0.519310324548348
162,0.22521913470797114,0.5190771162475871
163,0.22392876340242135,0.5192736261797278
164,0.22276421284864664,0.5189722643716996
165,0.2215385020217858,0.5188372486430635
166,0.22028779802669732,0.5184907003897914
167,0.21910640719156418,0.5180471336978063
168,0.2179373142888236,0.5178920307325782
169,0.2167975019658187,0.5177647135458111
170,0.21568077463809796,0.5178572116800639
171,0.21452697307195226,0.5177279357660843
172,0.2134449553707634,0.517524398854758
173,0.21231448344704104,0.5171747922887928
174,0.21123427123170993,0.5170729051208599
175,0.21016336892410606,0.5166764899598673
176,0.2089932991331489,0.5162769611564735
177,0.20785140461387178,0.5161290572774486
178,0.20680249561034153,0.5159049955478004
179,0.2056577837532426,0.5152183712911007
180,0.20454634812969233,0.514778003024318
181,0.20360596872681636,0.5145894357384865
182,0.20255802653790683,0.5144537040783627
183,0.20147685978887342,0.5143567418056815
184,0.20047235069544042,0.5145546115569547
185,0.1993637276210114,0.5141430536441488
186,0.19824931787727776,0.5143745303607965
187,0.19725847246864958,0.5138577901106682
188,0.1962521514571535,0.5137941605992389
189,0.1952501113403375,0.5136486593349224
190,0.19417007629693817,0.5138480890644314
191,0.19311111427731895,0.513696890569822
192,0.1921545228364015,0.51346625766234
193,0.19111074976327438,0.5130946153811936
194,0.18994151329749145,0.5132129882530199
195,0.18886516541352447,0.5135235186153007
196,0.1878967336750394,0.5135412596527664
197,0.18696966095755907,0.5136791718713014
198,0.18597250966556186,0.5137097807542954
199,0.18494034315624971,0.5135747166414362
200,0.1840676437238301,0.5133348504976945
201,0.1831373671975645,0.5131710565526121
202,0.18218002833124486,0.5134260759389195
203,0.18116853431245908,0.5129902893376468
204,0.18020637764231193,0.5129726073110905
205,0.1792395144950199,0.5127993454525225
206,0.17831560167602484,0.5129625858179481
207,0.17733875429254567,0.5125237490648776
208,0.17637519668931428,0.5124014431765586
209,0.17554692921155501,0.5122034404542433
210,0.17461405715867634,0.5120625025597387
211,0.1737231613891268,0.5119430822839036
212,0.17271647047404512,0.5112713587520942
213,0.17181039884521512,0.5111307716146439
214,0.17098732128569333,0.5110251046211746
215,0.17007595517544014,0.5110970889420953
216,0.1692687007976401,0.5110330027714461
217,0.16848477663085878,0.5107042003654357
218,0.16761880742594054,0.5102889761444837
219,0.1667253324779075,0.5101168139253333
220,0.16589928636681786,0.5099598354233053
221,0.16505972887964612,0.5096482037075106
222,0.16416209726205053,0.5097371010199154
223,0.16341781146828688,0.5095429791880555
224,0.1625928524173088,0.5089995216907653
225,0.1617088474985218,0.5085820990566624
226,0.16089974164693896,0.5083137657067038
227,0.16000679319708294,0.5083318677657108
228,0.15915691433245127,0.508288370512109
229,0.1584614296391847,0.5080464932409704
230,0.15772088640462031,0.5082655942812632
231,0.15695499396347978,0.5077984005220769
232,0.15602627835532232,0.507449718415212
233,0.15522473065469505,0.5073338782500791
234,0.1544220786344768,0.5072393946807193
235,0.15361358217720433,0.5073893327336886
236,0.1528217811673357,0.5073211418502636
237,0.15208897742195468,0.5072978848558737
238,0.1512546010908477,0.5069633126906481
239,0.15049026206544266,0.507050287938542
240,0.14970445194971743,0.5066330907081903
241,0.14894151944367245,0.5060313052709238
242,0.1482596579510457,0.5061080698654528
243,0.14742096406863242,0.5058685657227469
244,0.14665548310455542,0.5055570866163258
245,0.14588284885027825,0.5053652229210553
246,0.14517446167249473,0.5052965966359481
247,0.1444338171876167,0.5051911576128895
248,0.14370968499624823,0.5049584884584575
249,0.14303111493470175,0.5049354842875619
250,0.1423389833742783,0.504569307730652
251,0.1416123708516223,0.5046842876895481
252,0.14089827099878366,0.5045470560909704
253,0.14019132071269333,0.50441617679656
254,0.13955552648372585,0.5043812879592041
255,0.13886282097141484,0.5041460511290621
256,0.138193517912448,0.5041554917219307
257,0.13744884081042325,0.5039645191158232
258,0.13679720320702737,0.5035813727925139
259,0.1361091556649776,0.5037603507325887
260,0.13546142531169997,0.5036675990899646
261,0.13482438982269326,0.5037693677792087
262,0.1342169819706686,0.5035063844200091
263,0.13352676865461213,0.5037425114521101
264,0.1328965502981267,0.5039084037595788
265,0.13222301428628438,0.5037133443735515
266,0.1315015401695742,0.5036227973150249
267,0.13088494952737728,0.5036836511480469
268,0.13025934273287332,0.503462085792664
269,0.1295725495818724,0.5033079054545045
270,0.12893745231896178,0.5032227481236798
271,0.12829493076980092,0.5032837794233904
272,0.12764730852610648,0.5031382942737413
273,0.12698254274355977,0.5032538982692103
274,0.12641245079795346,0.5030498379551053
275,0.12582930247249313,0.5030669550674968
276,0.12524780243768413,0.5029021376436676
277,0.12460785339524266,0.5025723477751209
278,0.1240428265291186,0.5025332611198859
279,0.12342838535471443,0.5026757963539425
280,0.12284495685415457,0.5026283337362856
281,0.12223791261375629,0.5027122465788747
282,0.12166367583899976,0.5027022766689465
283,0.12108035709203241,0.5023890306343457
284,0.12052060184161904,0.5023522253238195
285,0.11996201542423554,0.5023070657833859
286,0.11939450669593969,0.5022737999094926
287,0.11877166581312812,0.5018880439898612
288,0.11824455192208704,0.501778581514681
289,0.11775231410718479,0.5015456923107638
290,0.1172353496688753,0.50123919073081
291,0.11665324962952897,0.5013026199554436
292,0.11613265719968549,0.5013968873553288
293,0.11552168214181599,0.5010734847118563
294,0.11498681245388746,0.5012028104284231
295,0.11439522944274784,0.5006888616943792
296,0.1138291285449,0.5006530278484894
297,0.1132715672815716,0.500433100018183
298,0.11275654143036502,0.500237332011274
299,0.11223533704197484,0.49995569517145655
300,0.11171282036499502,0.4998790548751272
301,0.11114547214726815,0.4996906392075269
302,0.11059687292408177,0.4996404041786445
303,0.11008765292156765,0.49941407581260444
304,0.109577753994579,0.4994885021231724
305,0.10906293210509656,0.4994056838621436
306,0.10857434440905407,0.4995186243192209
307,0.10803899054612237,0.4995814473213664
308,0.10753793308583166,0.4994595032585125
309,0.1070251794778755,0.4995021072027312
310,0.10646284604832469,0.4992296515480714
311,0.1058848093712503,0.4987593159613286
312,0.10534373481515728,0.4985514875747973
313,0.10484902961778177,0.4984681187280419
314,0.10436501853006502,0.4984971028118463
315,0.10384919109698,0.49837683906583047
316,0.10338409288198586,0.49817608991672535
317,0.10293740105413893,0.49802531651209475
318,0.1024669221805188,0.49771814732207015
319,0.10195515164240694,0.4976971314146522
320,0.1014447818042763,0.4972580280241489
321,0.10094276498869541,0.4972237391299887
322,0.10045262310982297,0.49727166846926485
323,0.09992097014426017,0.4968996826103848
324,0.0994749513061809,0.49680744891945006
325,0.09898016281099822,0.49684684134621904
326,0.09850860240230193,0.49675846774050225
327,0.09805282031779004,0.49675327436857075
328,0.09758147660967474,0.49674286158126696
329,0.09710327152321716,0.496529310663092
330,0.09665644544507263,0.49634630217753456
331,0.09622064257352374,0.49601922810213617
332,0.09574415369960304,0.4958449128886826
333,0.09531783281267997,0.49594104363157254
334,0.09487734799432304,0.4958421424004433
335,0.0943760529265701,0.4956357543231066
336,0.09396099323943208,0.49548584273186647
337,0.09352817608775145,0.49532935084324914
338,0.0931362432814155,0.4952420028507338
339,0.09268393448017544,0.4953263423265657
340,0.09221667796457798,0.49512009628236014
341,0.0917627435831933,0.4952935985255941
342,0.09138990482046197,0.49524268361048407
343,0.09099758507746085,0.4951955452590842
344,0.09053670730925947,0.4950828779039525
345,0.0901357653505499,0.4950424818536294
346,0.08970787570955188,0.4951162347233321
347,0.08934918577951756,0.49518905876241276
348,0.0889618061452399,0.49505182967546174
349,0.08857268254191612,0.4949712636766797
350,0.08814030460650361,0.4949205398953019
351,0.08776702220555498,0.49480937136638187
352,0.08737391231805973,0.49488849543328456
353,0.08690335374429162,0.4947395614347484
354,0.08653982876272164,0.49482507266031744
355,0.08611236506063466,0.4947157058224097
356,0.08574355807382342,0.49458519674753276
357,0.08534815177593877,0.49461011024385354
358,0.08491713065401367,0.4944883801933816
359,0.08449647280452652,0.49462602536463707
360,0.08411894864162502,0.49463736271330944
361,0.08372671131580556,0.49439506927553767
362,0.08332566327942942,0.49430898934216805
363,0.08292718630308259,0.4942719696962315
364,0.08253362350821912,0.4943099070868527
365,0.0821607174984634,0.49434643611714046
366,0.08179825440655117,0.49441101839649754
367,0.08141049162146238,0.49429198038641603
368,0.08103589637149383,0.4943078592692823
369,0.08068429088262961,0.49444480537760566
370,0.08031792732138243,0.49436836879288787
371,0.0798985225803807,0.49419714240407964
372,0.07953109780113186,0.4941348561189772
373,0.07918025578745237,0.4939760867567508
374,0.07879039782862873,0.4939955204292994
375,0.0784185191905312,0.49409519131848495
376,0.07805870434569569,0.49396639537436215
377,0.07767606977500732,0.49401396689893207
378,0.07733198827567517,0.4940799885206039
379,0.076984171160563,0.49401714014864223
380,0.07661282331698017,0.49401670254303803
381,0.07626430470972773,0.4938312763317639
382,0.07592076812582281,0.49365169839566214
383,0.07558872422996697,0.4937798450774067
384,0.07527712031294295,0.4937900496813121
385,0.07491874870220752,0.4938296451745512
386,0.07457243550725509,0.4937386507145013
387,0.07420704873389386,0.493638585245112
388,0.07389414281266622,0.4936483159923852
389,0.07352564428221724,0.49359789343777094
390,0.07318546995588925,0.49352321690437556
391,0.07283996546085048,0.49363289137431066
392,0.07252857248983735,0.4934895664399724
393,0.07221616891059914,0.4933065021173199
394,0.07191321407973011,0.49313643400930735
395,0.07157015089585668,0.4931358604844077
396,0.07128479191468272,0.4930492343021201
397,0.07099737869552217,0.49307120490695444
398,0.07069721814939257,0.4929502266735855
399,0.07037943691293425,0.49282813457106794
400,0.07006001258111305,0.49288566586675253
401,0.06973335624629201,0.49323513068115826
402,0.0693880710055544,0.49327718257247716
403,0.06906901397536915,0.4932100439542658
404,0.06873824495422988,0.4932142913902715
405,0.06845258792394555,0.4932272311295478
406,0.06812304296027168,0.49329645721683235
407,0.06781129368861884,0.49334551624618833
408,0.0674997229497087,0.49327564924700046
409,0.06720937749244156,0.4931276479489601
410,0.06689540376354051,0.49319728477725133
411,0.06661701053397354,0.49318841594445645
412,0.06629560203732955,0.49313028452564245
413,0.06601524774979857,0.4932397519509241
414,0.06572759767929749,0.49328805974914397
415,0.06542071845220115,0.49310742218347514
416,0.06514815815689282,0.49326013905778865
417,0.0648518421083985,0.4933484913055712
418,0.06457905076487222,0.49343048931063815
419,0.06430195019508755,0.49335843171214094
420,0.06400230424570366,0.4933609758822453
421,0.063717892034414,0.4934668900510153
422,0.06343928090525425,0.4935287799503821
423,0.06315515711195203,0.49353462917600444
424,0.06289127725151288,0.49334838699768185
425,0.06260942874444712,0.4932115753546102
426,0.06229816268488973,0.49317505604713097
427,0.0620296275987185,0.4930610725511836
428,0.06173603880808626,0.4930812602850943
429,0.06147064957205015,0.4930171741674532
430,0.06122121382166445,0.49288426938987157
431,0.06094482942972306,0.4927350165361209
432,0.06068345721506433,0.49274689316487275
433,0.06039129495080754,0.4927009516496872
434,0.06011654179912089,0.49279394180540176
435,0.059859153718628905,0.4929529409761776
436,0.0596204084140867,0.49289977345578
437,0.05937581172745029,0.49282933819143837
438,0.05912129893896859,0.4929354021547573
439,0.058862879726095614,0.49296269402357074
440,0.05861020919591486,0.49296201943210166
441,0.05832006169657201,0.49302709524845045
442,0.05807948497635743,0.49297311427778256
443,0.05780815360176303,0.49281869368751596
444,0.05756807876977282,0.4928321648604204
445,0.0572991507526151,0.4927828777251655
446,0.057062791281959624,0.4927149752931618
447,0.05682367195309454,0.4927396503561064
448,0.05658360718709533,0.49279937619198527
449,0.05633849854615784,0.49276119955853254
450,0.056089352235959254,0.4926084110323163
451,0.05587629663585517,0.4924069122515678
452,0.05566998469153681,0.4923647482472773
453,0.05542244417462153,0.49237506836194955
454,0.05517886859524678,0.49225426826776253
455,0.05495680743886251,0.4923170802495437
456,0.05471361338920119,0.49240932100210133
457,0.05447042650647057,0.49245622024003266
458,0.05422124616658569,0.49243404446793604
459,0.053964040093844944,0.49244835711132795
460,0.05372174193339015,0.4923643316968966
461,0.05347799017608667,0.4923607323507383
462,0.053225030599401764,0.49236695302364253
463,0.05300261161342846,0.49238775932249773
464,0.05277292881787318,0.49215788086010875
465,0.05255298620433031,0.4921094751697249
466,0.052329274503943236,0.49221695027990525
467,0.05207154253316139,0.4919891700658587
468,0.051859911880910374,0.4920720707523307
469,0.051644380817218595,0.4919979427808882
470,0.05144829345639029,0.49184863964454273
471,0.051242039731983484,0.4917540251896664
472,0.051018607262561695,0.49174665735915796
473,0.050784871853894756,0.4916110735251582
474,0.050554802513186836,0.49170584836668735
475,0.050337312338831895,0.491779269977997
476,0.05012730872103927,0.4917316319100251
477,0.049880246509473314,0.49165198748518285
478,0.049648240567198715,0.4917577437679727
479,0.04943445621771142,0.4916013941769303
480,0.049238337396016595,0.49160877638444156
481,0.04902219134146525,0.49159697349880527
482,0.04879671581314987,0.4916426390703974
483,0.04857555021080653,0.4915685109787669
484,0.04837771501411597,0.49155860002269425
485,0.04817298476222476,0.49142391611991065
486,0.047981217099899186,0.4913763612281385
487,0.047769406863127986,0.4912695670089914
488,0.04755611578323142,0.49129375595620484
489,0.0473312738299656,0.49121572930297297
490,0.0471471401679699,0.4912768216637248
491,0.046949459576815414,0.4913271040878073
492,0.046776685264498706,0.4912690343851773
493,0.04658855962388261,0.49124993132593503
494,0.04638560816916335,0.49118521262161063
495,0.046216079456723985,0.49125153107396347
496,0.04600977213602136,0.49110563896749815
497,0.0458088537939545,0.49111189241532094
498,0.04559959683380955,0.4909650441010793
499,0.045376191471199236,0.4910099201587104
500,0.04517926136961048,0.4909622065615706
501,0.044960507084998436,0.4908074026156494
502,0.04476264476425645,0.49077449192869427
503,0.04456168285006567,0.4908594815239886
504,0.044351062037155824,0.49091266952381296
505,0.044177313110864355,0.4909086499902509
506,0.04401129964991081,0.4909445004912206
507,0.043844535030631016,0.49096470084430355
508,0.04365126716063037,0.4908448669197271
509,0.04346946916474522,0.4909085041196463
510,0.043263814597688015,0.4908819868181294
511,0.043084305289420484,0.4909721725557982
512,0.04291307014020069,0.4909777051641616
513,0.04274159842834865,0.49107414603226773
514,0.0425804672922661,0.4910704877719306
515,0.04241533605941307,0.49098019343958216
516,0.04223061706204293,0.4910097658035519
517,0.042078007050506565,0.49104430929762133
518,0.041926217370023694,0.49102429283527155
519,0.041763870039916245,0.4909717507181217
520,0.04160015404159005,0.49091139004256845
521,0.041403729974031175,0.49069439961487976
522,0.041217053588147805,0.49069976020003936
523,0.04101973378356498,0.49058457545159734
524,0.04084858940738491,0.49043711134135726
525,0.04067879668355335,0.4903797729000295
526,0.040493533055395166,0.49039253522719606
527,0.040303268318377834,0.4903901379575233
528,0.040115413964980806,0.49034809717820405
529,0.03991193114780979,0.4901986844985686
530,0.03973537234257258,0.49010332730308603
531,0.039566202777351525,0.490083055414989
532,0.039404161070620995,0.4899719530033158
533,0.039254041783133506,0.4898314324332776
534,0.03908108465469241,0.48977017320619864
535,0.038905390003248434,0.4896832896243244
536,0.03871737590358256,0.48986266064454514
537,0.03856324144078243,0.48976805313662347
538,0.038386840874268816,0.48968525868189816
539,0.038216009454534676,0.4894288791626348
540,0.03805757581067842,0.48938642857417913
541,0.0378971032080529,0.4893127178784904
542,0.03773301386887313,0.48928269239150274
543,0.037563825388567396,0.48920618821972867
544,0.03739101953067714,0.4892447612506049
545,0.03723006511662225,0.48932106692333743
546,0.03707993343423895,0.4893027616648892
547,0.03692634070716561,0.48929368912336074
548,0.03676645657522098,0.489239997762256
549,0.03660746941196666,0.48926142135613393
550,0.03645256545157978,0.4892755129802733
551,0.0362806433071974,0.48918178161150433
552,0.03611790850679091,0.48907648623570965
553,0.03596412856180653,0.4889670311025154
554,0.03578894140910194,0.4890817275988186
555,0.035633174835764614,0.48906710276329063
556,0.035475415980349666,0.4889971378173225
557,0.03532261719313966,0.48897002854672883
558,0.0351777522256312,0.488965251696055
559,0.03502334470308734,0.4889371530474128
560,0.034874797107282585,0.4889974766708184
561,0.03471944093845465,0.4889456050666117
562,0.03456258606807273,0.4889942898100815
563,0.0344223133188512,0.4889999913424
564,0.03425807867259647,0.4890075778131097
565,0.03412265989682147,0.4890588640643237
566,0.03396338844246892,0.4889405545874271
567,0.03381310725486566,0.4889787800880105
568,0.033652548453352846,0.4888475691002613
569,0.033506671233034635,0.48881132428435353
570,0.03335313105721072,0.4888050591439041
571,0.0332307645222487,0.48872110623914206
572,0.03308651392690965,0.488650595435692
573,0.03294267916330019,0.4886695608628402
574,0.03280394213759191,0.4886138702728444
575,0.032654534895905564,0.4886356082782061
576,0.03251370533429058,0.48866751409468817
577,0.03238123451400283,0.48851703829220866
578,0.032226743124088714,0.48852716331932006
579,0.032088338499676974,0.4884610763006965
580,0.031957137273065594,0.48835668401855836
581,0.03182368171667161,0.4883740737839089
582,0.03169147171066885,0.48834592548349365
583,0.031559190241731885,0.4883581974886888
584,0.031409245860397894,0.4883361379877129
585,0.03127177378124911,0.4882770248716601
586,0.03114625154255688,0.4881811483465835
587,0.03101499309584308,0.4881507317401596
588,0.030880318753091978,0.4880920394316838
589,0.030764719532986023,0.48802786651969815
590,0.03063857486626821,0.48804199573373447
591,0.030510350951634967,0.48791415481606554
592,0.030383493740568448,0.48785598958392057
593,0.03023302955702505,0.4877169061395088
594,0.030100802542920645,0.4877371431869251
595,0.029984540874894067,0.48769528711864785
596,0.029865309624666554,0.4876517705200875
597,0.02975506411776599,0.48758225431686814
598,0.029632430982528272,0.4875253714666558
599,0.02949606650841221,0.48747704890509636
600,0.029367909942871688,0.4873721171663896
601,0.029250267184688223,0.4874811760618792
602,0.029134362716170138,0.4875384617340006
603,0.028998802412609246,0.4876125290871563
604,0.028871788054891687,0.4874670898388446
605,0.028750318890055693,0.4874232883253051
606,0.0286285333676074,0.4874201962173839
607,0.02851443049505404,0.4872886334760533
608,0.028384585884358417,0.48745258771223915
609,0.02826346918397919,0.48747889270849076
610,0.028138088276884004,0.48742399503428924
611,0.0280317067154714,0.48747911529561544
612,0.027922378859278875,0.48746221096408326
613,0.027817072306126248,0.4875129608400524
614,0.02770388679372158,0.4874806110067739
615,0.027585333716519958,0.48759083144737125
616,0.027469883601606123,0.4874744996487805
617,0.027344067649032945,0.4875169835212426
618,0.027225632346041986,0.4874951864327818
619,0.0271032300039211,0.4875384501046005
620,0.026981653210228957,0.48757558986589433
621,0.02687538170039055,0.48756233442490715
622,0.026770494533240905,0.48748238718999276
623,0.026659161292924692,0.4874045155709934
624,0.026550516964976366,0.4873590989348927
625,0.02643465519242374,0.48732928082811644
626,0.026338124335953443,0.4872491253549035
627,0.026219094258219333,0.48723976993862306
628,0.02610931261731292,0.4872613428706679
629,0.025995524072074786,0.48723715061834444
630,0.025899703772149854,0.48723263532649863
631,0.025792387678466495,0.4871631510403898
632,0.02569653332177399,0.48711863377304493
633,0.025596132046886495,0.48712977211977826
634,0.025483173272226416,0.4871680629917159
635,0.02539253640376611,0.48702287224103896
636,0.02529945614193145,0.48702371771289144
637,0.02519748841763223,0.4870122016158025
638,0.025095232750573602,0.4871085341224022
639,0.02499388016577375,0.4871320940528544
640,0.024888010584601373,0.4872347409139401
641,0.02478314567347505,0.4871909829943799
642,0.024677144184002835,0.4871376742369732
643,0.024587440489629443,0.48711110740959185
644,0.024487158861826216,0.48716987536835604
645,0.02439555084776857,0.4870552453103511
646,0.02428193527503968,0.48703902229014284
647,0.024188176741264156,0.4870047079261599
648,0.024086701149512627,0.48707261668959795
649,0.023985246095522494,0.4871469380517659
650,0.023884343748661895,0.48715057517091587
651,0.0237824407434908,0.48710680893195396
652,0.023678144554967168,0.487058492180845
653,0.023584438385343864,0.48695071906592985
654,0.023489802140991105,0.4869253112848346
655,0.023385009532202943,0.48690651814389674
656,0.023293601759236403,0.48685879253707726
657,0.023205456926520172,0.48693666131014784
658,0.02310577481022856,0.48685080909951906
659,0.022995268913174154,0.4867846632694521
660,0.022898421012108188,0.48680879928629156
661,0.022800613465622704,0.48672860806697615
662,0.02271166157609071,0.4866493032924854
663,0.0226193315942486,0.4865911428063491
664,0.02253277345125969,0.4865961819116295
665,0.022450622597109456,0.4866067861623457
666,0.0223596315339218,0.48662731732661896
667,0.022271518144327797,0.486590775343992
668,0.022183911607219994,0.48657282040086564
669,0.022085950183152826,0.48648491196968097
670,0.021998301377349566,0.48660907625179334
671,0.021909774209674132,0.48662282347452684
672,0.021824605536455523,0.4866441510310261
673,0.02173055141541329,0.48664959332957164
674,0.02163576718961331,0.48668005383910834
675,0.021551784333475495,0.48665381276471226
676,0.021457069535149087,0.4866973335255136
677,0.02136304809237863,0.48669388253584933
678,0.021260185435466997,0.4866450133735031
679,0.021170170728163618,0.4866620223449017
680,0.02109197938194019,0.486630769652562
681,0.021011160262671563,0.4866073730851861
682,0.020918167430283116,0.4866146278066871
683,0.020824367415447142,0.4866143995979687
684,0.020733977781642893,0.4865889598090204
685,0.0206461279761841,0.4865740152625242
686,0.020553001907035615,0.48656211978349717
687,0.02046631725842391,0.4866379479346545
688,0.020376175483738622,0.48668068006826043
689,0.020280896108938556,0.4867811963111002
690,0.020196498716406434,0.48681171969665255
691,0.020105006835345596,0.4867767676829529
692,0.020025301020590622,0.4868252139074487
693,0.01994516279962539,0.4867547002068465
694,0.019866259161231654,0.48671376183245724
695,0.019791804644146763,0.48670536286673377
696,0.019699514496132754,0.48671895352846567
697,0.019619978179105345,0.48677119173702427
698,0.01953564891397741,0.48683837407554187
699,0.019451623600297372,0.4867352760438685
700,0.01937516481428352,0.4867820737770094
701,0.01929522403327484,0.4867387600694108
702,0.01921210755056542,0.48678300677301084
703,0.01913559159394734,0.4868165534923804
704,0.01906350672248344,0.48669230342620756
705,0.01898628820549761,0.48668766422394283
706,0.01891672951753295,0.48669416495520945
707,0.01883507669997514,0.48670485475221853
708,0.018764977276859572,0.48667714399311396
709,0.01868480605838452,0.48656936422443364
710,0.018606016543439585,0.48653760718213135
711,0.018531313898383445,0.4865112906309722
712,0.018455286728837377,0.48644814908650336
713,0.018374479430347687,0.48644952510509126
714,0.01830285972153548,0.48645330125230746
715,0.018229157722582795,0.4864470955039762
716,0.018151063543382567,0.4865165317446419
717,0.018076825123570436,0.4864394268234474
718,0.01800732717964032,0.4864020258790878
719,0.017931478064833948,0.4863594264069017
720,0.01784826206425807,0.48635756266414987
721,0.01777688157372224,0.4863512236052583
722,0.017704095546391692,0.4863792084757816
723,0.017634059837332024,0.4864187271987482
724,0.01756269169222449,0.48645409399740086
725,0.017499577723070366,0.486469804001306
726,0.017421181690712512,0.486430592956666
727,0.017349857413589995,0.48644466842248685
728,0.017272414989638992,0.48640039063391577
729,0.017198958719422733,0.4863938285798297
730,0.017131283760880727,0.48631825623362324
731,0.01706202259939233,0.4862024425077738
732,0.016984015164295714,0.4863008150523928
733,0.016911539847739018,0.4863200780378025
734,0.016836206475887006,0.48625696670458235
735,0.01675968891214315,0.4862453733370086
736,0.016683751139915798,0.48619999793464236
737,0.01660989885098656,0.4860963699361047
738,0.016533348518565413,0.486187093779926
739,0.016462467754603374,0.48612582022609424
740,0.01639387169588915,0.4861112509600754
741,0.016330305607335303,0.4861114123741103
742,0.016257819329981518,0.486012080916834
743,0.016192909535882056,0.48605317085258826
744,0.016127350143170256,0.48600414579602214
745,0.016061042340654794,0.4859703895482293
746,0.015986670386836703,0.4858469815085987
747,0.015916116745627585,0.4858183321813328
748,0.01585356492934065,0.48579575654813195
749,0.015784050004220545,0.4858487950731051
750,0.015723592040808212,0.4858510114384932
751,0.01565947893639226,0.4859197345079932
752,0.015598741051067415,0.48596034826824575
753,0.015534834025865257,0.485952172808605
754,0.015468628292458063,0.48587799705080276
755,0.015404745345360132,0.4858550039967587
756,0.01534301490048924,0.48586756262868963
757,0.0152854470286614,0.4857834215815753
758,0.015227693736105134,0.48575704120486785
759,0.015160836968124416,0.4856985898715799
760,0.015098618083048543,0.4857266056993182
761,0.015047122684107376,0.48566358161597073
762,0.0149847202815171,0.4857239868581039
763,0.014918515334911502,0.4857125396904906
764,0.014857061285400442,0.48580787178930895
765,0.014796791699613596,0.48583609430377966
766,0.01473460491945828,0.48587707971574956
767,0.014669005266829785,0.48572371072507
768,0.014609886909329883,0.4856577356308629
769,0.014552856124270678,0.48565480004913
770,0.014485560675471632,0.4856274857217886
771,0.014427244094847212,0.48565254346299824
772,0.014364760096925298,0.4856182346439691
773,0.01430660785694839,0.4856051069783377
774,0.014245111037594373,0.4856027234748878
775,0.01418379947595954,0.48561562337911185
776,0.01412370690315444,0.4855909721815965
777,0.014065994309020212,0.4855838891388321
778,0.014007970892421541,0.4855906694439063
779,0.013949281267835791,0.48561332792954043
780,0.013890977381505883,0.48561366435884973
781,0.013822385136337774,0.48565325466069836
782,0.013765609504354813,0.48562887022500234
783,0.013704715762226252,0.4856168974294527
784,0.01365443217451481,0.4856340724968582
785,0.013594842164246446,0.48564388058520064
786,0.013540087127339404,0.48557859477044446
787,0.013485818969758347,0.4855566571199757
788,0.013439917463962765,0.4855301570498652
789,0.0133868529123195,0.4855573616015728
790,0.013334290994241159,0.48558655941932133
791,0.013277873428589377,0.48564276614052104
792,0.013227302003127819,0.48569037155749667
793,0.013172862728119806,0.48572072922040194
794,0.013118885112969653,0.48564215745947087
795,0.013071886315096952,0.48566571322394286
796,0.013017322734089566,0.4856846127293011
797,0.012962847582885148,0.4856594747727076
798,0.01290519324489858,0.48559204009107326
799,0.012845589705449665,0.4855636666987967
800,0.012788553977102457,0.4854750145359475
801,0.012734529382464964,0.48544907148226746
802,0.01268778590241354,0.4853497722162372
803,0.01264027428852146,0.48530555489761096
804,0.012578989524051263,0.4852914166801946
805,0.01252825990613478,0.48512952757614297
806,0.012478411206957613,0.48517378637102826
807,0.01242582986740294,0.4851220012186435
808,0.012380437685227862,0.4850889531609397
809,0.012323892103096118,0.485115576545789
810,0.01227718066081926,0.4851231294432623
811,0.01222630130215328,0.4850993405300236
812,0.012179000895954098,0.48506915860988625
813,0.012122879345179673,0.48514904148700566
814,0.012072888200188217,0.48513226053540975
815,0.012027881609687508,0.4850885405989583
816,0.011980162320384107,0.4851244260262113
817,0.011937949688865503,0.4851232123612613
818,0.011882002287729437,0.48509920817161845
819,0.011835766384836436,0.4850645391421984
820,0.011794659469425513,0.48509023260350903
821,0.011752529420319464,0.48504602481634446
822,0.011705614967602014,0.4850548519830938
823,0.011659716047615247,0.485078110094029
824,0.011615263873170396,0.48502401903669257
825,0.011570313462603598,0.48497936873429914
826,0.011519536630321976,0.48500403793545743
827,0.011479049250921042,0.4850106363988319
828,0.011435627763275039,0.485035656546149
829,0.011385038894959789,0.4850109118906117
830,0.01133858428689417,0.48498625489094754
831,0.011285177669023498,0.4850046189876143
832,0.01123762038293579,0.48499674574937385
833,0.011188546671646477,0.48497846531297534
834,0.011141902802412479,0.48496909644623865
835,0.01109864094550237,0.4848987664669041
836,0.011052286597716053,0.48492472851245494
837,0.01100851120421064,0.4848895018235228
838,0.010964502477532967,0.484911360909064
839,0.010920818661932336,0.4849346322897925
840,0.010871238994429017,0.4849312365655066
841,0.010833929506979534,0.4849089603696373
842,0.010792129368840176,0.4849650453576215
843,0.01075024336670977,0.4850120872592458
844,0.010702485300459851,0.48500477751112997
845,0.010657542336190368,0.4849960221304446
846,0.01061317070899185,0.48490661099167404
847,0.010570322373489616,0.48486099499607227
848,0.010527106991060088,0.48481974002343853
849,0.010480827468200487,0.48483253512565194
850,0.010434301181657307,0.4848264589932427
851,0.010390901663720344,0.4848052589704825
852,0.010341574933570576,0.48473528767961405
853,0.010302200272302447,0.4847369960554298
854,0.010258603720232639,0.4847071029199522
855,0.010216081183111833,0.4846963238024606
856,0.010175016198205065,0.48464527020698256
857,0.01013185615662582,0.4846643834776443
858,0.010086916857382716,0.4847043574337977
859,0.010049518697243678,0.48471504657476633
860,0.010009543182801861,0.48465846138993146
861,0.00997196519424696,0.4846907803379222
862,0.009929991875379704,0.4846345336460032
863,0.00987926424175267,0.48456812273553684
864,0.009840116617300759,0.4845835315267006
865,0.009800839720688685,0.4845652966666184
866,0.00976181317342299,0.4845578216633373
867,0.009718558386812673,0.48458917967563647
868,0.00967996447498538,0.48459513398736676
869,0.00964739051927381,0.4846061337681714
870,0.009604780147457389,0.4845935948038882
871,0.009568612139083282,0.48457281723185225
872,0.009530827083797115,0.4846294208782849
873,0.009488611627921025,0.484613040542707
874,0.009449412876631744,0.484642297406022
875,0.009413008383002424,0.48470057273238426
876,0.009371695323871209,0.4846985440224142
877,0.009332910316808142,0.48465918850729484
878,0.009298595311586735,0.48469796317935687
879,0.009255975135884487,0.48467321378674844
880,0.009216354027699719,0.4846669781857602
881,0.009182701938724447,0.48461510717425543
882,0.009146376891103527,0.48456702876613506
883,0.009108937070158836,0.4846137058209364
884,0.009073933019020066,0.4845742515564436
885,0.009037746305122179,0.4845961101391799
886,0.009002178595134141,0.4845721120591633
887,0.008965397060024104,0.48457310216975796
888,0.008931834738306879,0.48458347506193883
889,0.008896677285389053,0.48454049012404526
890,0.008863702694259474,0.4845613894809085
891,0.008823381167947984,0.4845015650243135
892,0.008787280650644816,0.48450140220673554
893,0.008752586490696858,0.4845196695185801
894,0.008717813486746337,0.48452968997443835
895,0.008687069596112963,0.4845108424520706
896,0.008647290356845453,0.4845139547800494
897,0.008612393889571704,0.4844904377064666
898,0.008578347498351667,0.48445395112650963
899,0.00854554139481128,0.48442925039708906
900,0.008509999748159547,0.48443929126580104
901,0.008477275267535016,0.4844389092674236
902,0.00844210819768353,0.4844766941735694
903,0.008407490118660028,0.48448514066292286
904,0.008377181638154695,0.4844417697606006
905,0.00834308630510836,0.48449844502427986
906,0.008308991419673565,0.4845170411053344
907,0.0082729962976966,0.4844767345379504
908,0.008239179862650367,0.484402645443497
909,0.008208092767607046,0.4843960959820164
910,0.008175469111816948,0.48437994494923714
911,0.008139906716711486,0.4843225237373566
912,0.008110509770106113,0.48429048532653685
913,0.008077922510512517,0.4842680456274052
914,0.008045779757832897,0.48425929555145303
915,0.008012406967749956,0.4842275795580157
916,0.007978336165755663,0.4842263436498166
917,0.007949738893807595,0.48422032535624765
918,0.007918570379198483,0.48426116255266993
919,0.007886713125661925,0.48430094913721844
920,0.00785490824698576,0.4843198457362237
921,0.007823153964310645,0.48435654059820427
922,0.007794047331369372,0.4843918768778489
923,0.007763310956394889,0.4843731590471631
924,0.0077297703113044305,0.48436598493165156
925,0.007699353605695073,0.4843505427794236
926,0.007667266014701207,0.4843527860081616
927,0.0076372569962135295,0.48437643300876976
928,0.007606884268798705,0.48434434401599236
929,0.007575568741964097,0.48438752711156297
930,0.007545221202387905,0.48442927966622207
931,0.007514780813364078,0.48441646856470516
932,0.007488580040808104,0.4843938687631081
933,0.007457029151465026,0.484364886724842
934,0.007421723545671821,0.4843258179316487
935,0.007389695950509486,0.48431404100524
936,0.007360136011374674,0.48435093257783046
937,0.007333964720416685,0.48438148840400524
938,0.007307245104720916,0.4844130993656691
939,0.007277453306937945,0.484444420101495
940,0.007246044412955294,0.48444185915823007
941,0.007219005554774094,0.48440574376874923
942,0.007190979133403331,0.4843985529431438
943,0.007162656574283969,0.4843928433753711
944,0.007132704152259659,0.48435726941101614
945,0.00710100315266037,0.48431901176009023
946,0.007072536096805888,0.48431363168288527
947,0.0070444192370711835,0.4842989645672163
948,0.007016861319531822,0.4842561545433937
949,0.006988925717922034,0.4842210816868691
950,0.006958815914578367,0.4842171152770931
951,0.006932792491248581,0.4841538900533539
952,0.006901478647510481,0.48422037105450416
953,0.006876185248628441,0.484267507872511
954,0.006848087384359826,0.48419974596156995
955,0.006823874965256164,0.4841753577569978
956,0.006795172098270082,0.4841519057059802
957,0.006767433681642897,0.4841153275427652
958,0.006739731947649752,0.4841172546050765
959,0.0067138437625362864,0.48411726617367923
960,0.006688716292564035,0.48415697729677737
961,0.006659930359770589,0.4841555993825401
962,0.006630272808618281,0.4841418321310381
963,0.006604255105443003,0.4841946364918302
964,0.00657641077856649,0.48424024110608094
965,0.006552507536318733,0.4841881814484738
966,0.00652582618098063,0.4841271969279758
967,0.006499737326016744,0.4841834951929998
968,0.0064755414974121345,0.48420133817502026
969,0.006449360580186823,0.4842173607656107
970,0.006420095754121718,0.4842443610790363
971,0.006392488853637403,0.4842157855949654
972,0.006367982138094292,0.48424972208530964
973,0.0063403022305326875,0.4843015610757823
974,0.006316607439551442,0.4843030546312426
975,0.00629421873832678,0.48436483245114376
976,0.006273192696333548,0.48429144369008315
977,0.006247617323760007,0.48429012336656335
978,0.00622553672664199,0.4843078941101801
979,0.006200230834411757,0.4843252512912659
980,0.006176232438639539,0.48428458530495216
981,0.006149278146269774,0.4842627845947446
982,0.006125458044248559,0.4842883354276174
983,0.006100305445714693,0.48423832428821384
984,0.006075756522207815,0.4842482650849355
985,0.006052049694178769,0.48422418438721304
986,0.006025877504904147,0.4842060401731615
987,0.0060009954149436735,0.48416940881847775
988,0.005977874815678991,0.48418205229564637
989,0.005955353763437092,0.48418768297921216
990,0.005931702275393848,0.4841861432397238
991,0.005911297649987004,0.48414591808340895
992,0.005887299126238232,0.4841484265243017
993,0.005862262618663046,0.48411145429623953
994,0.005838036089394283,0.4840761434933986
995,0.005812922954623477,0.4841307760743428
996,0.005789525686244791,0.48414189331827684
997,0.005766151437071461,0.4841388612446264
998,0.0057451037240496845,0.48413976453866187
999,0.005722983162715302,0.4841825275977377
1000,0.005698886700399905,0.48416375871134204
1001,0.005674508660357729,0.4841301824213958
1002,0.0056516459175884465,0.4841511671927684
1003,0.005630304412966301,0.48414020130894925
1004,0.0056076616839748055,0.484088139680482
1005,0.005581880640375151,0.4840527990852352
1006,0.005560883678453189,0.4840002745421443
1007,0.0055408346679101704,0.4840348668572372
1008,0.005517827615882203,0.48397488258220256
1009,0.005494229678900571,0.48396311265410275
1010,0.005471013980666158,0.4839506637618225
1011,0.005448054329103959,0.4839184242211583
1012,0.005427520963957649,0.4839282872480339
1013,0.005408182930904845,0.48396572284898276
1014,0.005388483825339781,0.4840042945406828
1015,0.005368895788651126,0.48397096961686276
1016,0.005349826807072461,0.4840166076045751
1017,0.005328386878688276,0.4840086339368724
1018,0.005307593286542616,0.4840079002935132
1019,0.0052881821931512,0.48400448450649
1020,0.005266863652622835,0.48398157517792906
1021,0.00524941975386091,0.48401024971576506
1022,0.005231235688775861,0.48403566870357745
1023,0.0052121198285379165,0.4840215033435032
1024,0.0051904056027277014,0.4840042961948072
1025,0.005169783852932777,0.48402116939043516
1026,0.005147456470047174,0.48401691418153603
1027,0.005126559809207799,0.483979498494274
1028,0.005104793035861835,0.48396593343067
1029,0.005084513046702176,0.48396549735912875
1030,0.00506220378943382,0.48394614444689027
1031,0.005044242991702875,0.48396418103411804
1032,0.005023502483467097,0.4839505681699283
1033,0.00500196754295229,0.48395160439794116
1034,0.004984152126012225,0.4838900956945657
1035,0.004966834838212598,0.4839009088982404
1036,0.004948168311651868,0.4839030494136589
1037,0.004932379676897604,0.48387978884763594
1038,0.004913822847962967,0.48383348507923324
1039,0.004896031601139022,0.48379314481697266
1040,0.004875711840593402,0.4837410911380575
1041,0.0048552061336905854,0.483742952209068
1042,0.004834754014586704,0.4837246356160654
1043,0.004814888057153795,0.4837115185333609
1044,0.004793542088569406,0.4837436924957921
1045,0.0047730910044069715,0.48374839236242284
1046,0.004753947261221659,0.4837514838813345
1047,0.004734638156646775,0.48373061352411467
1048,0.004717416737677589,0.48369018516558393
1049,0.004699665039775861,0.48366904995637683
1050,0.0046800575760705,0.4836769653664041
1051,0.00466104765210671,0.4837027504675191
1052,0.004643000496227575,0.48367716161903895
1053,0.004626825955815878,0.48369298890367873
1054,0.004609055546458723,0.48366251683736816
1055,0.004591656494629978,0.4837151453991033
1056,0.004572558986248795,0.483771636188166
1057,0.004555878141123223,0.4837666083422452
1058,0.004535634793142096,0.48375038354435346
1059,0.0045162820365552,0.4837210831706003
1060,0.004499288053043978,0.48374023126695476
1061,0.004481919458184729,0.48376768710711215
1062,0.0044628855258604565,0.48374832447746696
1063,0.004446040846269852,0.48373304459188016
1064,0.004429502113624816,0.48376021200254654
1065,0.004411895845545719,0.48376547492688987
1066,0.004394941769154993,0.48377475500763306
1067,0.00437817881074196,0.48375387842555784
1068,0.004360639910332923,0.48373329008838223
1069,0.004343964920800783,0.48369246109766895
1070,0.0043256908524433955,0.48370219645742957
1071,0.004306044663241326,0.4836956802978343
1072,0.004287124700383049,0.4837330431737628
1073,0.004268958157161462,0.4837461404540363
1074,0.004252456925517308,0.48373111005984737
1075,0.004234802006610448,0.4837305193457438
1076,0.004216284688030577,0.48371462202256843
1077,0.004198008213116629,0.4837157250871405
1078,0.004180149738191705,0.48374644214139473
1079,0.004161514675571065,0.48376932149274915
1080,0.004143815677827074,0.48374776858488594
1081,0.0041260682799868515,0.4837669109471397
1082,0.004110280802919811,0.4837681014849555
1083,0.00409556658308607,0.4837711578052955
1084,0.0040778922446882155,0.48373770323689425
1085,0.004061986633128258,0.4837132074442842
1086,0.004046374451028738,0.48371923831642005
1087,0.004028069614673989,0.48369890312112696
1088,0.004012589208714498,0.48366490202409484
1089,0.0039981900556076205,0.4836621230346193
1090,0.003982606236855957,0.48366903389847743
1091,0.0039652260930946774,0.48365291707926966
1092,0.003951362792720766,0.4836691131247159
1093,0.003934498675166271,0.48363044737692357
1094,0.003920011775354574,0.4836106748862347
1095,0.0039024231054406965,0.48361588656021093
1096,0.003888324893108875,0.48361696509810087
1097,0.0038734180056233963,0.48359437123204235
1098,0.003858353709840058,0.4836086973388746
1099,0.0038417082049689794,0.4836172009149693
1100,0.003827310064884249,0.483625606969349
1101,0.003813587981664768,0.4836173853642287
1102,0.00380000567936821,0.483591022335702
1103,0.0037858167466719673,0.4835669075962338
1104,0.0037719343950042045,0.48353471388990454
1105,0.003755296066355326,0.48355175229934777
1106,0.0037425955990538595,0.4835754080266936
1107,0.0037280855663370323,0.4836029769403701
1108,0.003714442614680023,0.48364193603986305
1109,0.003697972745149208,0.4836574247219387
1110,0.003684566836521073,0.4836713488857909
1111,0.0036717933587710663,0.48365116287672694
1112,0.0036577999668608702,0.4836417445115494
1113,0.0036449738762229606,0.48362817367809513
1114,0.0036301057303889757,0.48360452721477654
1115,0.0036163832173623216,0.4836441681893172
1116,0.0036017713471192697,0.4836286314654363
1117,0.003588434029636842,0.4836041985231465
1118,0.003574799518448597,0.4836020073695547
1119,0.0035635388225746857,0.4836048273935491
1120,0.0035483372243524844,0.48359569880446945
1121,0.0035345241234306427,0.4835698115780326
1122,0.003522363916396975,0.483570497810805
1123,0.0035092770684425345,0.483614128541581
1124,0.003495386929500794,0.4835874345381862
1125,0.00348286809457871,0.48358145085845194
1126,0.0034687213862859318,0.48356231287919
1127,0.0034563316659347756,0.4835391455572282
1128,0.0034437670686972067,0.4835376741231732
1129,0.0034288878639926754,0.4835593252596374
1130,0.0034155466208603906,0.4835322676249496
1131,0.003402276045680551,0.4835344606595458
1132,0.003389417953011882,0.48355210652749714
1133,0.0033771813374958745,0.4835743970911193
1134,0.0033656319834256573,0.48356320410037545
1135,0.0033540475292019763,0.48354929156730514
1136,0.0033395801778431274,0.4835256689107035
1137,0.0033248659079342688,0.4835065058537526
1138,0.0033125207288965406,0.48352780222615427
1139,0.003299206072317669,0.483520715596314
1140,0.003285948987571229,0.4835049492558203
1141,0.003271851736094743,0.4834864298451348
1142,0.003257906840249104,0.48348205850434883
1143,0.003247185454819198,0.48343794358620434
1144,0.00323475999152323,0.4834650760381366
1145,0.003222094729339533,0.48344419540255074
1146,0.003210312196684274,0.48344162893411907
1147,0.0031984829134104015,0.48342632653075296
1148,0.0031858030058833134,0.48342718776946314
1149,0.003175203223609634,0.48340547244933885
1150,0.0031638594369298133,0.48342215436081815
1151,0.0031512012438968937,0.4834421668780315
1152,0.003138529508223914,0.4834541883542235
1153,0.003126071422712104,0.48345142834366067
1154,0.0031141554668152956,0.48346798637961447
1155,0.0031011822430406107,0.48350552084938103
1156,0.0030887931815937863,0.48349034566386084
1157,0.0030766340642477464,0.4834607431626217
1158,0.003065582342700306,0.48346437956646293
1159,0.003053659988030981,0.4834758988343772
1160,0.0030416464343064483,0.4834668361473073
1161,0.003030274242392654,0.4834522062189757
1162,0.0030201405086645516,0.4834480637000261
1163,0.0030088430734168626,0.4834357389376184
1164,0.0029971566428788066,0.4834082458513341
1165,0.0029855755419867618,0.4833820055872917
1166,0.002973176493654628,0.48336731592250853
1167,0.0029608988144207526,0.4833309589774732
1168,0.002950031590608681,0.48330198082570275
1169,0.0029377283960977953,0.483288872172894
1170,0.0029262333476573715,0.4833062591967146
1171,0.0029148351493157314,0.4833136245457875
1172,0.002904105848705185,0.48329911250702307
1173,0.0028931987228134823,0.48327741888015885
1174,0.0028808841963239495,0.4832658230202293
1175,0.0028697321314056974,0.48324156013635283
1176,0.0028590910206612013,0.4832351603176213
1177,0.00284880014393175,0.4832644305846862
1178,0.002838311026592942,0.48328533883021135
1179,0.002827064518852317,0.4833284207821383
1180,0.002815938579729895,0.48332139465107415
1181,0.002804129592509254,0.4833544642947732
1182,0.0027934699490458482,0.4833427734327428
1183,0.0027826064995230084,0.4833158577486521
1184,0.002771906112052462,0.483311974953034
1185,0.0027607415291954836,0.4833015444191225
1186,0.0027495430286379177,0.4833036526040654
1187,0.0027386349946777583,0.48332657888175007
1188,0.002726881316700245,0.483309767575798
1189,0.0027161625727138332,0.48330768070574653
1190,0.002705263310296126,0.48332911408744356
1191,0.0026947819288175427,0.48336193778836445
1192,0.0026839212933400212,0.4833272731700198
1193,0.0026739422495644883,0.48331086787552824
1194,0.0026639306340843208,0.4833071499471366
1195,0.002654733113046244,0.48330219883467607
1196,0.0026436077991980533,0.483276751969754
1197,0.0026333415710536883,0.4833117004443044
1198,0.002622901013749587,0.48332565816080997
1199,0.0026120354966472224,0.48331184806423316
1200,0.002602291256852099,0.48332118325582013
1201,0.0025925954087368665,0.4833243899743097
1202,0.0025822242966942566,0.4833130248956
1203,0.0025721816181415746,0.4833168087222788
1204,0.0025619962590158656,0.4833121520884968
1205,0.002552402950087495,0.48332106228064026
1206,0.002542331595970191,0.483326988118451
1207,0.00253188483824772,0.48331365862569264
1208,0.00252031175690541,0.48332170676721076
1209,0.00251189691163898,0.48330692888711113
1210,0.0025031019412169015,0.483316703988102
1211,0.002494787567837997,0.48328102512087096
1212,0.002486197557390888,0.4832832120305588
1213,0.002475192074325206,0.4832671025444145
1214,0.002466290942273225,0.4832480832741851
1215,0.002455762582507138,0.48325517393373374
1216,0.002446828789120112,0.48325311011627364
1217,0.0024367166673356627,0.48325015222744594
1218,0.0024265291282479316,0.4831875875827597
1219,0.002417039114725559,0.48319327366195425
1220,0.0024071010544256992,0.4831954720994252
1221,0.0023968740618334756,0.48320319784074306
1222,0.002388358898161735,0.4832183133915842
1223,0.0023789070864538527,0.48321435970851
1224,0.002369589807674481,0.48319833968268916
1225,0.0023605673388136027,0.4831701970326749
1226,0.0023507896545591216,0.4831709809029854
1227,0.002340940140172291,0.4831570424516068
1228,0.002331773363532197,0.4831436026450951
1229,0.0023232813734949762,0.48313222627150315
1230,0.002314388439970406,0.4831391064552656
1231,0.0023060898834662267,0.48313353166679623
1232,0.002296320156633521,0.4831137214596821
1233,0.0022876989773808506,0.483098680488315
1234,0.002278979094494364,0.4831081222676866
1235,0.002269911944616479,0.4830920395597012
1236,0.002260549753156631,0.4830810049802728
1237,0.002252003002505219,0.48310275952721704
1238,0.002242785971790069,0.4830849491297874
1239,0.0022348118548958045,0.4830617744839653
1240,0.0022253651283233805,0.483049453025159
1241,0.0022177026705786345,0.4830650239210989
1242,0.002209327729760807,0.48304710233603415
1243,0.002199941222927112,0.4830402228851776
1244,0.00219173932360312,0.4830486572436007
1245,0.002182208115587303,0.4830267684472952
1246,0.0021735795364461346,0.4830260827556282
1247,0.002165298836229154,0.4830003066766789
1248,0.002157918140003948,0.48299695256958125
1249,0.0021480272804256656,0.48300284050727427
1250,0.002140902831745313,0.48304178718214946
1251,0.002133156795676317,0.4830213557236468
1252,0.002124976318229252,0.48301635876319166
1253,0.002116288389600202,0.48300803704583833
1254,0.002107256185372971,0.4829907077218915
1255,0.0020984178627798866,0.48297866053826743
1256,0.002089614650666695,0.4830091436731416
1257,0.002082337291335385,0.48296495225056596
1258,0.0020745565073511684,0.4829718136546333
1259,0.0020664910093702252,0.4830070472118745
1260,0.002058696871262019,0.48299037265372485
1261,0.002050633286691346,0.4829646424948709
1262,0.0020418623779521407,0.4829472788248174
1263,0.0020330513593837638,0.48293911494599606
1264,0.0020256090354981,0.482925631276822
1265,0.002018730786083502,0.48291910511655656
1266,0.0020105289412824874,0.48293555443737235
1267,0.0020018400367740716,0.4829337575265324
1268,0.001993119675563536,0.4829401430283551
1269,0.0019864062191396457,0.4829557964862062
1270,0.0019791081292189847,0.48297039977427225
1271,0.0019715043672408213,0.48294509317664147
1272,0.0019627170107975505,0.4829457954017325
1273,0.001955224093219178,0.48294971866633696
1274,0.0019480705276235751,0.4829279923758921
1275,0.001939373925557143,0.48292595270349564
1276,0.001931333583509171,0.4829295999403115
1277,0.001924219495851765,0.48291130456497694
1278,0.0019166011632625669,0.482912753784141
1279,0.0019094026667096967,0.4829169301437106
1280,0.0019016041498057393,0.4829192913677164
1281,0.0018942688568746179,0.48292500867583044
1282,0.00188709808261359,0.48292451096832756
1283,0.0018797733315887456,0.48291446697531104
1284,0.001872207556744174,0.4829164545238272
1285,0.001864904330714068,0.4829049003807014
1286,0.0018576326235062869,0.4829013823143758
1287,0.0018496044713960462,0.4829071357348769
1288,0.0018413374020417525,0.4828809133163719
1289,0.001833936256366419,0.48285671347019304
1290,0.0018264040884955414,0.4828642566842669
1291,0.0018194767784496214,0.4828715971910061
1292,0.001813218786554869,0.4828657229929313
1293,0.001806402003619721,0.48288032347213167
1294,0.0018001467967830131,0.482898901253631
1295,0.0017930386960171292,0.4828901834492804
1296,0.0017856691406225706,0.48286100712707825
1297,0.0017788168720917314,0.4828690028282079
1298,0.0017731853005574353,0.48286269034840174
1299,0.001766748194752672,0.4828765799411755
1300,0.0017596535715763517,0.48290004793067365
1301,0.0017518625409015697,0.48289285917059654
1302,0.0017460196362263215,0.4828543746126121
1303,0.0017386306654213137,0.48286217680658516
1304,0.0017315942905891358,0.4828534199418412
1305,0.0017240176294784388,0.48284928909665
1306,0.001716810401907989,0.48287594242866366
1307,0.0017106623711547044,0.48286172442145375
1308,0.0017038516987313078,0.4828575477609432
1309,0.0016976371386989103,0.4828443213577502
1310,0.0016899101469513029,0.4828714361142513
1311,0.0016830949512688334,0.482869641940655
1312,0.0016766233487345707,0.4828477878225112
1313,0.0016698445822452904,0.48284410410261785
1314,0.0016631011802941506,0.482834886779044
1315,0.0016579996105487984,0.4828338894038016
1316,0.0016514947960918143,0.482850814094885
1317,0.0016439529047771234,0.4828323332458267
1318,0.0016377134586621498,0.48283948770671103
1319,0.0016315404017417212,0.48286059913813256
1320,0.0016250204668312297,0.48287345479734134
1321,0.0016176853758882927,0.48286972140337214
1322,0.0016111657239066249,0.48289545914197046
1323,0.0016051367348570136,0.48288112962370916
1324,0.001599340921045323,0.4828846794438563
1325,0.0015924913181807573,0.4829076396421239
1326,0.0015856478019569205,0.48289486862407205
1327,0.001579951099531406,0.48289711391998896
1328,0.0015736925396463758,0.4829272462382335
1329,0.0015673034965104208,0.48295744277750796
1330,0.0015609420803856695,0.482965404686763
1331,0.0015550989526588923,0.4829636143780157
1332,0.0015495999412608902,0.48297085202488105
1333,0.0015434026348560435,0.4829660610471064
1334,0.0015376125843222252,0.48293569728884095
1335,0.001531952300084026,0.48292972458320615
1336,0.0015257460958939379,0.482945837229871
1337,0.0015197539772861715,0.48292487908511167
1338,0.00151396061654332,0.4829246910224126
1339,0.0015085128670052125,0.48290552392290387
1340,0.0015019847406576162,0.48289754881806213
1341,0.0014961465007497703,0.4829147190314935
1342,0.001491288675861829,0.48290496653282533
1343,0.0014853654112885882,0.48289626620862974
1344,0.0014802570397171966,0.4829026981161191
1345,0.0014753326267293366,0.48289825321841223
1346,0.001469400474762602,0.48289229906490605
1347,0.001463899397355947,0.48290173503127476
1348,0.0014578747830390135,0.48289656184820734
1349,0.0014520996292569984,0.48289168767657525
1350,0.0014471830489632238,0.48287637939916594
1351,0.001441605465795293,0.4828961261949803
1352,0.0014362362200893391,0.48288928182347524
1353,0.001430687698118202,0.48288324382893827
1354,0.0014255657104232438,0.48287885900673555
1355,0.0014204848253981876,0.4828763041827525
1356,0.0014156622339031877,0.48285910467812526
1357,0.0014097089473725818,0.4828544580139229
1358,0.0014047001870456397,0.4828824137130719
1359,0.0013991463886355406,0.4828648090951533
1360,0.0013942852658619356,0.4828721515403713
1361,0.0013893350550711644,0.48289066039276796
1362,0.0013839108140205547,0.4828885983236522
1363,0.0013784051588676615,0.48288515412623845
1364,0.0013735075922227849,0.4828519257657803
1365,0.0013677719735147513,0.48285547518022026
1366,0.0013626875351662989,0.48286827379549163
1367,0.0013571124391497812,0.4828840087245485
1368,0.001352116454319776,0.4829106089657991
1369,0.0013476436822728263,0.4829053451452027
1370,0.0013428141075710954,0.4829037402178111
1371,0.0013375522916218526,0.48289924850022936
1372,0.0013325301111332304,0.4829012202646638
1373,0.0013278508757314574,0.48290368689419694
1374,0.0013231612834359425,0.48288525305404245
1375,0.0013179259842165543,0.48289075087523103
1376,0.0013126492234798123,0.48290457450623714
1377,0.0013076649601454807,0.4829211800587014
1378,0.0013020258191169618,0.48291832986662225
1379,0.001296209408740381,0.48291237014812594
1380,0.0012906663501334318,0.4829123745818441
1381,0.0012852928128354705,0.482908794164876
1382,0.0012799317529261706,0.482937726900062
1383,0.0012758609890162293,0.4829135938251715
1384,0.0012711999667699672,0.48290334496982795
1385,0.0012665958291730578,0.48290050263042517
1386,0.00126226046212769,0.4829198462729009
1387,0.0012571981504367559,0.48291913188212005
1388,0.001252862288489513,0.4829228622060262
1389,0.0012484282615087025,0.48293769365910666
1390,0.0012441111701915605,0.48291625880505423
1391,0.0012386924181012492,0.48291439955907023
1392,0.0012336312404141174,0.4828896739798813
1393,0.0012293169758441792,0.4828748417062217
1394,0.0012246634782657677,0.482876124666477
1395,0.0012203290436738224,0.4828857634702889
1396,0.0012152253675731298,0.48286761671254824
1397,0.00121038500505015,0.4828652757572228
1398,0.0012058221685246416,0.48286162944879885
1399,0.001201048501741196,0.48284502777612875
1400,0.0011963690355406846,0.48284875732693894
1401,0.0011912940377977166,0.48286405420809664
1402,0.0011863662585812017,0.48284971369574736
1403,0.0011818009371926336,0.4828363125998748
1404,0.0011769629436247035,0.48282891408313816
1405,0.0011723942440271017,0.48283751744606107
1406,0.0011682563195611771,0.4828384740488554
1407,0.0011629844654128792,0.48286068493671574
1408,0.001157930180760016,0.4828703541916376
1409,0.0011537158389531782,0.4828640926433244
1410,0.0011489121680060405,0.482845836679446
1411,0.0011439390335771437,0.48282970454904983
1412,0.0011387452727070282,0.4828134964391265
1413,0.001134200645623658,0.482808819399301
1414,0.0011296535360881882,0.4828052164527538
1415,0.0011252948789467652,0.48280329819740775
1416,0.0011210686835878686,0.4828072496702563
1417,0.0011169652020099926,0.4827994229975862
1418,0.0011127485344408971,0.48279365761995446
1419,0.0011086268359986945,0.48276878862951017
1420,0.0011038971145872062,0.48278571127637304
1421,0.001100045892417171,0.4827922472055499
1422,0.0010954365422226379,0.48279634696515256
1423,0.0010912305566095756,0.48280010188350697
1424,0.001086843104253601,0.482799880493194
1425,0.0010827465126954977,0.4828025887657491
1426,0.001078570900676505,0.48280712705119455
1427,0.001074473206271736,0.4828086741255688
1428,0.0010704383869972478,0.4828030734666443
1429,0.0010659334017485817,0.48279683165646975
1430,0.001061532317822242,0.48278127072601484
1431,0.0010570738737933562,0.4827902896208216
1432,0.001052968996656778,0.4827957429878693
1433,0.0010490722870859024,0.48279894196642764
1434,0.0010444824742709452,0.4827913128635197
1435,0.001040346907411419,0.48278088843212374
1436,0.0010367575478752162,0.48279013851494756
1437,0.0010326061317185223,0.4827843902574981
1438,0.0010288468134820065,0.4827855366671671
1439,0.001024972318622585,0.4827818099164087
1440,0.0010211492678527763,0.48277969781862506
1441,0.001017268750897448,0.48276516265707614
1442,0.0010130772570297658,0.48275395686526074
1443,0.0010090462188056563,0.4827662194400427
1444,0.0010054147400183795,0.48274919705542685
1445,0.0010013899937777136,0.48274955853668544
1446,0.0009979908952069392,0.482759834936945
1447,0.0009939840687118245,0.48276676089709714
1448,0.0009904318832803032,0.48276876874588115
1449,0.0009871446759939782,0.48277203630778603
1450,0.000982796207661167,0.48275714918933366
1451,0.0009790341324432293,0.4827643882078392
1452,0.0009752008447402818,0.4827815314763639
1453,0.0009712492464432091,0.48279035112282437
1454,0.000967504999303015,0.4827917211674237
1455,0.0009638700002485099,0.48281005737665383
1456,0.0009599239361271866,0.48279592320544185
1457,0.0009562346909805322,0.4827851513111298
1458,0.000952572550934576,0.4827841065806368
1459,0.0009483989949849685,0.4827619398191504
1460,0.0009449381860171202,0.48277138152591387
1461,0.0009415782840309405,0.48276532423609303
1462,0.0009383848337811458,0.4827788984116288
1463,0.0009348752168195991,0.4827833071876737
1464,0.0009309631929612301,0.4827818071962988
1465,0.0009275484629436551,0.48278809000206846
1466,0.0009237294255841754,0.48278254804123844
1467,0.0009200344732762329,0.4827895008768743
1468,0.000916841882805962,0.4827914833455123
1469,0.0009136924040258447,0.4827939272684587
1470,0.0009105193298592542,0.4827812441524361
1471,0.0009066106176188767,0.48279156585338917
1472,0.0009028557257474402,0.48281017444242025
1473,0.0008999092524691897,0.4827953638450331
1474,0.0008965878072113565,0.48280231435596394
1475,0.0008931102611591827,0.48280604586032283
1476,0.0008897049996512115,0.48279907988146714
1477,0.0008862562660671046,0.4827960582208032
1478,0.0008826009772845269,0.48278764022511167
1479,0.0008788045344648237,0.4828019055782339
1480,0.0008748558358912186,0.48280790223389203
1481,0.0008716833325872026,0.48280604613252864
1482,0.000868751772152554,0.48280550999506433
1483,0.0008657800949229356,0.4827938081747569
1484,0.0008622546589954615,0.4827880915881817
1485,0.0008587265719209462,0.48279446031849965
1486,0.0008557656329679519,0.4827934256969701
1487,0.0008528557469458578,0.4827848351854648
1488,0.0008500725687957775,0.482790237492574
1489,0.0008473020935659102,0.4828129667844718
1490,0.0008442138573871155,0.4828138888862588
1491,0.000840881393770492,0.48279955022080606
1492,0.000837510990282969,0.4827944549616977
1493,0.0008346089960741006,0.4827971787727507
1494,0.0008312976277524711,0.482809312638095
1495,0.0008277772155921564,0.48281995053667914
1496,0.0008249470245262948,0.48280605876559424
1497,0.0008219795528255246,0.4828082344168139
1498,0.0008187295109416641,0.4828047850180598
1499,0.0008156349419749041,0.4828060696762687
1500,0.0008129751007844216,0.4828082200577785
1501,0.0008098855820931101,0.4828089696825836
1502,0.0008065854663761124,0.48281597762034506
1503,0.0008034423078003167,0.4828187796203767
1504,0.0008005514086652133,0.48281743711392466
1505,0.0007972204767140465,0.4828198338254431
1506,0.0007946064424919987,0.4828201960970079
1507,0.000791897987674808,0.48280966607361414
1508,0.0007890219488274203,0.4828201919535863
1509,0.0007858762420318433,0.4828146546940753
1510,0.0007836250090299587,0.4828150143178501
1511,0.0007810503170341403,0.4828215436864524
1512,0.0007783390951256078,0.4828242660379098
1513,0.0007751380998812633,0.48281075593381256
1514,0.0007723268249680016,0.4828311206859441
1515,0.0007693043027918922,0.48281319603492506
1516,0.0007659502149185493,0.48282987089516477
1517,0.0007628756648502121,0.4828227764963742
1518,0.0007599050973462369,0.48281911733557753
1519,0.0007575135409454755,0.48282115686501
1520,0.000754476217461263,0.4828232830164057
1521,0.0007515512284183224,0.48282182655700934
1522,0.0007483569394309959,0.48280141217866923
1523,0.0007453507122169598,0.48280388576683875
1524,0.0007426095771965182,0.4828187764656994
1525,0.000739694545020854,0.482830676680037
1526,0.0007371116386574459,0.4828392334169422
1527,0.0007347793766505075,0.4828138047395063
1528,0.0007322469605456182,0.482802612430634
1529,0.000729659328601729,0.48282599903006157
1530,0.0007263994278807589,0.4828239699060708
1531,0.0007236326572484015,0.4828182992322771
1532,0.000720638235843217,0.4828027743056245
1533,0.0007180565655261252,0.4827904182866176
1534,0.0007153237718884375,0.48278440264635497
1535,0.0007124112467743243,0.4827844377028319
1536,0.0007095273560858622,0.4827653432798013
1537,0.000707016924886164,0.4827494059443766
1538,0.0007046340363935486,0.48273835798978926
1539,0.000701902067098071,0.48273267819572035
1540,0.0006994674737850306,0.4827395599956521
1541,0.0006968518274367288,0.4827431264487742
1542,0.0006944822616645203,0.4827452663494036
1543,0.0006919695950407043,0.482737982304294
1544,0.0006892359802614309,0.4827308838379222
1545,0.0006868483289417669,0.4827323889374013
1546,0.0006840633694400275,0.4827247841342842
1547,0.000681725205682629,0.4827209716774313
1548,0.0006790604902441248,0.48271295824631183
1549,0.0006766118084391708,0.48269831838269456
1550,0.0006737693912252838,0.48270144141405646
1551,0.0006712245879625805,0.4826902314993033
1552,0.000668573965668825,0.48268297112498443
1553,0.0006661039788045901,0.48266416870953044
1554,0.0006636935956508959,0.4826504224180637
1555,0.0006611385009197209,0.48265245196398315
1556,0.0006584697955663339,0.4826419351644677
1557,0.0006557753960877525,0.48263935544355396
1558,0.0006533616602055445,0.4826247745825919
1559,0.0006510113487666416,0.4826161999302783
1560,0.0006485403234925978,0.4826031296368424
1561,0.0006459795966494897,0.4825995838746044
1562,0.0006436058241696096,0.4825876185410372
1563,0.0006411100204715197,0.482583114964453
1564,0.0006388640650692511,0.48258224867563626
1565,0.0006366416128946321,0.48257635603248655
1566,0.0006339675148529731,0.4825676865248219
1567,0.0006315945799001697,0.482561268018388
1568,0.0006289744370781388,0.4825609237622753
1569,0.0006265896688691093,0.48255039477623796
1570,0.0006244420307379292,0.48253320605902095
1571,0.0006222312796882942,0.48253462869499203
1572,0.0006196557825772098,0.48252087272959054
1573,0.0006171311880112985,0.4825318763151345
1574,0.000614663736611972,0.4825376815031468
1575,0.0006120500214219952,0.4825143062766596
1576,0.0006095632442445502,0.4825274111391748
1577,0.0006074614296639007,0.4825265022826099
1578,0.0006052964941689839,0.482548711154013
1579,0.0006027954779507481,0.4825630384164028
1580,0.0006004716216239476,0.4825515757145411
1581,0.0005982688299792737,0.4825436283778959
1582,0.0005960824635783059,0.4825682599834317
1583,0.0005937700359126565,0.4825721087867526
1584,0.0005914710454467383,0.48256103458748184
1585,0.0005891402080241987,0.4825521123201695
1586,0.0005870218075301736,0.4825542464130253
1587,0.0005848046696043106,0.482565945357246
1588,0.0005824527862893043,0.48255179560960476
1589,0.0005804172186288435,0.48255767456090826
1590,0.0005782212586273767,0.48256343481230185
1591,0.000576151884829838,0.48254644943786285
1592,0.0005737531945215407,0.4825461116742768
1593,0.0005715143535145438,0.4825418247435307
1594,0.00056944476869644,0.48254483335612314
1595,0.0005675127066992765,0.4825598622645065
1596,0.000565247199815222,0.48255019108479313
1597,0.0005627805985230456,0.4825397826260781
1598,0.0005608895019718584,0.48254405407532497
1599,0.0005587469132079915,0.482544043302025
1600,0.0005565148691326279,0.4825357227011489
1601,0.0005543760937637287,0.4825289420870352
1602,0.0005521747680585461,0.48252668641516194
1603,0.0005500654404194508,0.48253479212922734
1604,0.000548005213175958,0.4825460627866971
1605,0.0005458427438693893,0.4825403973820984
1606,0.0005437873500208461,0.4825275685392051
1607,0.0005418447364904028,0.48252584356304873
1608,0.00053987703792126,0.48252705390951145
1609,0.0005377150634099134,0.482514030451953
1610,0.0005357486668254843,0.4825138436541256
1611,0.0005338121985563373,0.4825197539946421
1612,0.0005318547087258212,0.482524184464523
1613,0.0005300351978657711,0.48252166378119343
1614,0.0005280867348513169,0.48252057354298006
1615,0.0005260278618031551,0.48252406846100165
1616,0.0005240566775071964,0.48253283116846
1617,0.0005220733190929441,0.4825393854056114
1618,0.0005199779942037737,0.48254606713817166
1619,0.0005179826085064753,0.48253652771894107
1620,0.000516109602470705,0.48252823260632627
1621,0.0005141421380070618,0.48252771879306144
1622,0.0005119984502972193,0.4825150590398288
1623,0.0005102682795660828,0.4825189283852447
1624,0.0005082167981555873,0.4825123966247921
1625,0.0005062255839156221,0.4825120700064234
1626,0.0005044409477236474,0.48252096630725444
1627,0.000502337566532112,0.4825138413072724
1628,0.0005006086204308063,0.48251256660075914
1629,0.0004987001422958649,0.4825149874269709
1630,0.0004965955155275229,0.48249839181926923
1631,0.0004944913070493589,0.48250860836323406
1632,0.0004927491984223507,0.48250036241936173
1633,0.0004907532382027275,0.4824910447896952
1634,0.0004890530975268632,0.48249856928400875
1635,0.00048753211143153907,0.4825158296657292
1636,0.0004857856545542106,0.48251227655764356
1637,0.0004837368059194162,0.48252263790326244
1638,0.0004817198252035718,0.48252246741724175
1639,0.00047991956110212726,0.48251963905291373
1640,0.0004778214041220593,0.48251578846036985
1641,0.0004761239327165173,0.482530503647397
1642,0.0004743276877663744,0.48253871446945484
1643,0.00047236138158227194,0.4825288154505409
1644,0.0004704703544367186,0.4825374837324627
1645,0.0004686946061893346,0.4825421882715838
1646,0.0004668682104212695,0.4825540806034168
1647,0.0004649882944411279,0.4825582259414825
1648,0.00046323292737772084,0.4825533173533863
1649,0.0004617952404869884,0.4825553925065086
1650,0.00045973480116049894,0.48254154001611754
1651,0.00045804974317856326,0.4825337403864597
1652,0.00045630294874142137,0.4825306415676914
1653,0.00045442537082333493,0.4825228971258477
1654,0.000452795608490805,0.48252234765153457
1655,0.00045085842993594085,0.48252286085910806
1656,0.0004490513708301504,0.4825306356120068
1657,0.00044736308252222586,0.4825374348893233
1658,0.00044573517541349455,0.4825463991725066
1659,0.0004442542932512465,0.48255627609913665
1660,0.00044263089307499065,0.4825523110636029
1661,0.0004408886860782848,0.482547403924981
1662,0.00043919265053784986,0.4825553448563249
1663,0.000437570313806363,0.48256512205742025
1664,0.00043588321688350175,0.4825626002049955
1665,0.00043428072499914974,0.48256310316215667
1666,0.00043266637516547004,0.48256183352270404
1667,0.00043091683132775115,0.4825683981135215
1668,0.00042963063606387254,0.4825515110842077
1669,0.0004278789422834956,0.48253823523439665
1670,0.0004263254298430999,0.4825274137658998
1671,0.0004249535774571818,0.4825120594401883
1672,0.0004232424126478478,0.4825039226238774
1673,0.0004218321853042939,0.4824907680331823
1674,0.000420216869538424,0.48249449545678746
1675,0.0004185920434962998,0.48250005952112063
1676,0.00041711813686974044,0.48249667999446627
1677,0.00041560324322277846,0.48249455068043284
1678,0.00041415526167276444,0.48249534925243465
1679,0.00041226555436041514,0.4825010796264919
1680,0.00041070434721476406,0.48250509706683026
1681,0.00040904766368867336,0.4825047319912536
1682,0.0004076172832073619,0.48250553899331217
1683,0.0004063014606158226,0.4825000468864128
1684,0.0004046909499482113,0.4824819667282574
1685,0.0004030876566906825,0.4824917542248537
1686,0.00040158677920637336,0.4825003161444277
1687,0.0003999555425430288,0.48250586189438677
1688,0.0003984248188299766,0.4825106028388135
1689,0.00039680605560985405,0.4825106199793233
1690,0.00039539873586383925,0.48250476609136356
1691,0.0003938639455038096,0.482511946926074
1692,0.0003925080388059541,0.4825094735320212
1693,0.0003910508769861557,0.48249763233981074
1694,0.0003895230558789603,0.4824960465863767
1695,0.0003877281620495964,0.48249861300512964
1696,0.00038632642282088403,0.4824922401116956
1697,0.0003847162720544172,0.48249984515010136
1698,0.0003833944576297321,0.4824984344177783
1699,0.00038188347665263947,0.4824856178452773
1700,0.00038049573060307485,0.48248524530190795
1701,0.0003792364545446223,0.4824821595358574
1702,0.0003776965296549276,0.482480261855454
1703,0.0003763923106182978,0.4824784973428774
1704,0.00037508853487197016,0.4824708002035644
1705,0.00037346466578600863,0.4824765929566528
1706,0.0003722202741725106,0.48248451443696333
1707,0.00037087993074050535,0.48249228652092596
1708,0.00036938651994609923,0.4824833326843796
1709,0.0003680096380586494,0.48247537240503147
1710,0.000366444340693279,0.4824804092307582
1711,0.0003650627297439359,0.48247894653607093
1712,0.0003637244357876156,0.48247247954341826
1713,0.00036229740642881566,0.48247013337237704
1714,0.0003608878507950306,0.482462438367331
1715,0.00035971464141423153,0.4824638595264692
1716,0.0003585630486561615,0.4824617903580976
1717,0.0003571853265097284,0.4824620881500526
1718,0.0003560561899049776,0.4824579560035574
1719,0.0003547495024397993,0.48245862013601276
1720,0.00035335236950974976,0.48246495261414557
1721,0.0003519463917587271,0.48246310046275587
1722,0.0003506723355162258,0.48246019575120536
1723,0.00034951132279177236,0.4824506756953809
1724,0.000348161472726785,0.48244292670879074
1725,0.0003470963004096769,0.48243768742637144
1726,0.0003458210745799515,0.48242678502517583
1727,0.00034426380280181524,0.48243619765388035
1728,0.00034299986012900564,0.4824416198292289
1729,0.00034169906596570127,0.48243947797358855
1730,0.00034047907643229596,0.48244008902964025
1731,0.0003391898468950588,0.48244453129435577
1732,0.00033804739979574605,0.4824454943197086
1733,0.0003366457507136879,0.4824465599147906
1734,0.00033520664673543403,0.4824472354249286
1735,0.0003338358941553694,0.482444146754771
1736,0.00033247065425931564,0.4824265988907063
1737,0.0003311593714759376,0.48242582879026696
1738,0.0003297464220898358,0.4824332590234393
1739,0.0003285590692640947,0.48243584261121514
1740,0.0003273073420016269,0.48242787107933244
1741,0.00032601339415115366,0.4824323162281784
1742,0.00032474901266246156,0.48243087454958555
1743,0.0003233721424451915,0.4824299395822779
1744,0.00032220608927829565,0.4824284502584336
1745,0.0003210482723068484,0.48244712196322154
1746,0.00031995951447566284,0.48244579714129876
1747,0.0003188532569465936,0.48244190915705043
1748,0.0003176550115676113,0.48243216205261336
1749,0.00031630586893909496,0.48242116598859763
1750,0.0003150974090206872,0.4824131235065023
1751,0.000313873318535313,0.48242046726336246
1752,0.00031269613393751614,0.48242706242993194
1753,0.0003116861254876443,0.48243586067505634
1754,0.00031061677460382124,0.48242853971923894
1755,0.0003092787914287192,0.48242994733530675
1756,0.000308066235574484,0.48240798657127915
1757,0.00030690976801512655,0.48239941927639746
1758,0.00030564344208431244,0.48238219361355056
1759,0.00030441216744649157,0.48237470564411744
1760,0.0003032871504946869,0.4823683861900736
1761,0.00030207226406957086,0.4823707351567719
1762,0.0003009862924235254,0.48236752669815647
1763,0.00029988904680274155,0.4823589235761543
1764,0.00029888321370869967,0.4823625461764385
1765,0.00029788096703021983,0.48234785892021426
1766,0.0002966642676343623,0.48234011408845223
1767,0.0002957113037519305,0.48234410529531857
1768,0.0002945712083490817,0.48234386076045316
1769,0.00029340449804664807,0.48234191598726806
1770,0.0002923391399597786,0.4823389927885693
1771,0.00029138058185734523,0.48232732599192935
1772,0.0002901818084106977,0.48232516310151435
1773,0.00028915809531055575,0.4823254226288727
1774,0.000288089311215252,0.4823231236703175
1775,0.00028712489567662096,0.4823161584961471
1776,0.000286184894674533,0.48231286775637416
1777,0.000285152764418748,0.482311000122874
1778,0.0002840920878979248,0.48231009620679166
1779,0.0002831137532147302,0.4823003823740639
1780,0.0002819741691667155,0.48230438261135833
1781,0.0002808155210073921,0.4822999888373894
1782,0.0002798038988766256,0.4822874639058751
1783,0.00027870262334393086,0.4822873584279933
1784,0.0002776109660024931,0.48228864797992804
1785,0.0002766510084976704,0.48228902633146625
1786,0.00027559048551554957,0.4822992768590842
1787,0.00027462365643366626,0.48229248173558337
1788,0.0002735730361910478,0.4822921527600532
1789,0.000272494132986051,0.48229311943141484
1790,0.00027141874983807303,0.4822896419613697
1791,0.0002704042360009017,0.4822780371231609
1792,0.00026934655084404795,0.4822794277506585
1793,0.00026835120037381195,0.48227744491859115
1794,0.00026717074653147125,0.4822748629256457
1795,0.0002660471718408492,0.48226914208016436
1796,0.00026496081290517764,0.48226173937821926
1797,0.0002639402456674878,0.4822693265243187
1798,0.0002629686408916178,0.4822618981933768
1799,0.00026197002854586846,0.48225818157741407
1800,0.0002610220155995457,0.48226476013568964
1801,0.0002600367693596495,0.4822516922677563
1802,0.00025907516474795757,0.4822483812688707
1803,0.0002581128949801209,0.48225268119623776
1804,0.00025716358776712504,0.4822548949244619
1805,0.0002561443663469921,0.4822466928749084
1806,0.0002552908865665903,0.48223934110156985
1807,0.0002542823427418649,0.48224500685704874
1808,0.00025328719089181737,0.48224120034394036
1809,0.0002523386294716391,0.48223589983377213
1810,0.00025144669148480676,0.48224161619823336
1811,0.00025053601602973287,0.4822344236248158
1812,0.000249579499523208,0.48223586918035666
1813,0.0002486290424028794,0.4822302162515289
1814,0.0002478626054085788,0.4822327974576679
1815,0.00024685973292005564,0.48222606640495624
1816,0.00024586134564669155,0.48222727822270306
1817,0.0002448945693591556,0.4822126812940544
1818,0.0002439449141072095,0.4822102251864496
1819,0.00024307944608478448,0.48220492942764503
1820,0.00024212225893987534,0.4822036049220568
1821,0.00024118668231547764,0.48220022220590847
1822,0.00024029654501088774,0.48220811766146376
1823,0.00023960516624182027,0.48221058642291714
1824,0.00023871394515599296,0.4822103147114067
1825,0.00023779504432547337,0.48221451074492483
1826,0.0002368766347340468,0.4822126019262554
1827,0.0002360318763490468,0.48221647074575513
1828,0.00023515526929668762,0.4822167828660081
1829,0.0002343007920173204,0.48221749235813804
1830,0.00023327490708236438,0.4822175868426308
1831,0.00023237210656513872,0.48222631749895517
1832,0.00023159412401001754,0.4822197738665811
1833,0.00023069926615694147,0.48221648147155816
1834,0.00022980640599518692,0.4822164393346571
1835,0.00022896298395247547,0.48221806978305054
1836,0.00022803733984030233,0.48221275024550164
1837,0.0002272460642144346,0.48222102260708716
1838,0.00022639657423420036,0.48222739162040545
1839,0.00022561323237670788,0.48222067828536996
1840,0.00022461366941032996,0.4822188486721427
1841,0.000223711323344727,0.48222438103092125
1842,0.00022295879536422556,0.4822152714753384
1843,0.0002221048625462805,0.4822253431126155
1844,0.0002211511156590557,0.48221842346574867
1845,0.00022039848913756253,0.48221791021035126
1846,0.0002196610709504039,0.48222007926941407
1847,0.00021891295080694458,0.48222489712475947
1848,0.00021809753182106697,0.4822181439752924
1849,0.0002173307774182185,0.4822119709221891
1850,0.00021653578649633706,0.482209190814796
1851,0.00021576963343034747,0.48220727859337315
1852,0.00021487906197494532,0.48221104491852546
1853,0.0002141648278059096,0.4822117754327451
1854,0.00021328906216213478,0.48220333284880657
1855,0.00021239387065385173,0.4822009448189949
1856,0.0002116791789221926,0.48219614567028657
1857,0.0002109497947379889,0.4821913699684302
1858,0.0002100344616155895,0.4821860659471795
1859,0.00020923316085997055,0.4821912219427838
1860,0.00020849982245643597,0.48218662123256106
1861,0.00020767656127280583,0.4821863147749441
1862,0.00020691375823116248,0.48219029912077865
1863,0.000206168742297335,0.48219605778229446
1864,0.00020531587830717858,0.48219544611078996
1865,0.00020454606532242382,0.4821929414715976
1866,0.00020373544095588582,0.4821886909253299
1867,0.00020295797945998559,0.48219090407703097
1868,0.00020225661062229613,0.4821924656795982
1869,0.00020141439521069026,0.48220118567317793
1870,0.0002004864852801027,0.4822103774321275
1871,0.00019979241216483578,0.48220059313290337
1872,0.00019897603423844212,0.48219050014685116
1873,0.00019819249911101503,0.48219133129597735
1874,0.00019752719372370921,0.4821899278342812
1875,0.0001967909116797533,0.4822036275138995
1876,0.00019606509212527403,0.48219976744102694
1877,0.0001952687161260183,0.48219769759261677
1878,0.00019444781239852605,0.48219720209442657
1879,0.00019368664959284497,0.48219229443703804
1880,0.00019297688595768856,0.48219175780559587
1881,0.00019221329193072975,0.48219410696568493
1882,0.00019150679530658757,0.48219051582990585
1883,0.00019071240574827778,0.48219187203954345
1884,0.00019002704690865055,0.48219041128507767
1885,0.00018938939301501833,0.4821845410157442
1886,0.0001887137942685005,0.4821866154146186
1887,0.00018798276872508123,0.48219844577397203
1888,0.00018738402517664754,0.48219820098860766
1889,0.00018668464931907033,0.4821922146920107
1890,0.0001860427893776006,0.48219561406892847
1891,0.00018543997789583847,0.4821956225578287
1892,0.0001847809371097676,0.4822005569019447
1893,0.00018405574786089447,0.4821952768637355
1894,0.00018340397834475865,0.48220141697584284
1895,0.00018279933313676927,0.4822068618974016
1896,0.0001820650427206343,0.48221261580241137
1897,0.00018144828287304537,0.48221668699413694
1898,0.00018081713744245,0.4822245195518904
1899,0.00018017018124919778,0.4822323709286115
1900,0.0001794632041186483,0.48222374507082766
1901,0.00017879397395828455,0.4822248991585701
1902,0.00017810670786406972,0.48222551773594174
1903,0.0001774695080182714,0.4822177696366797
1904,0.00017687284562548376,0.482223626220769
1905,0.0001762605708435784,0.48221853901681216
1906,0.0001755774673880926,0.4822218981016924
1907,0.00017488267986610423,0.48221934970583
1908,0.00017426544871814023,0.4822211998290275
1909,0.00017373558165214925,0.4822241501250988
1910,0.00017300598301246323,0.48222130709388783
1911,0.00017239117201588343,0.48221715620180045
1912,0.00017184416419635054,0.4822143818027031
1913,0.0001711436348571201,0.4822047012237896
1914,0.00017055868553815865,0.48220950299601256
1915,0.00016989989255438722,0.48220717772178695
1916,0.00016936177482698592,0.482206964368903
1917,0.00016874358952465775,0.48220528269032087
1918,0.00016818325713508216,0.4822018442582662
1919,0.00016751697608550288,0.48220785207171657
1920,0.00016684747140763086,0.4822000390416214
1921,0.00016619775877305454,0.4822033799233503
1922,0.00016559172020362914,0.4822062924025907
1923,0.000164885183987751,0.4822041153400814
1924,0.00016426079881609875,0.4822053249889213
1925,0.00016365195515830028,0.4822061476371588
1926,0.0001630581253014662,0.4822110378154459
1927,0.000162379337846574,0.48221192767259974
1928,0.0001618568761134272,0.4822089578064226
1929,0.00016118892273159143,0.4822113633753665
1930,0.00016061263780151603,0.4822139613305839
1931,0.00016006853488342588,0.4822179809240494
1932,0.00015950877749784255,0.4822149777749209
1933,0.0001588911093226192,0.48221361542309515
1934,0.0001583325743679005,0.48220769385793893
1935,0.00015771331807620272,0.4822047332241772
1936,0.0001571643484950117,0.48220352379411896
1937,0.00015654655663123175,0.4822030291684283
1938,0.0001558914554460881,0.48220814369143566
1939,0.00015533507242325846,0.482209411301772
1940,0.00015474205361100117,0.48220410576911105
1941,0.0001542058003751735,0.4822027860358758
1942,0.0001536815293077118,0.4821996284235362
1943,0.0001531248923191013,0.48220314430682243
1944,0.00015255735394738987,0.48221122834277896
1945,0.00015198662836792096,0.48221457296089815
1946,0.0001513890689154583,0.4822058651194281
1947,0.0001508618343097145,0.482211734892595
1948,0.00015026637395388275,0.48220263863044216
1949,0.00014974733841005726,0.48220461723715774
1950,0.00014924049978613685,0.4822006313828597
1951,0.00014872481477168863,0.48220279158208545
1952,0.00014818856629393633,0.4821964720670555
1953,0.0001476969177615192,0.4821908385322306
1954,0.00014719835081355997,0.48218336565180125
1955,0.0001467563103657713,0.4821777391387305
1956,0.00014622427344970957,0.4821721213674781
1957,0.00014565968140976566,0.48217068803219226
1958,0.00014515498896406354,0.4821692600125845
1959,0.00014467529697016784,0.48216251593149334
1960,0.00014408926346352917,0.4821603881303553
1961,0.00014359467532619054,0.4821529853514906
1962,0.00014309992597313776,0.4821592654930276
1963,0.00014256257169901603,0.4821556625891973
1964,0.00014198888334638552,0.4821612608862422
1965,0.0001415185003575854,0.4821693010675943
1966,0.00014093351230697995,0.4821693623502349
1967,0.00014048424135329184,0.4821621899722485
1968,0.00013997584185581228,0.4821581078573616
1969,0.0001394306500616346,0.4821610204330792
1970,0.00013897648322284042,0.4821648840917135
1971,0.0001384835136376545,0.48215868683853524
1972,0.0001380397734894202,0.4821579559849643
1973,0.0001374820051891817,0.48214601354455816
1974,0.00013695302676929995,0.4821420132801932
1975,0.00013643854390140196,0.4821390520207658
1976,0.00013591758579450524,0.4821355078600312
1977,0.00013541674063008674,0.482133824377321
1978,0.0001349885146430354,0.48213415060425074
1979,0.0001344597687560937,0.4821348409377727
1980,0.00013397247554070805,0.482130882267055
1981,0.00013350473850403337,0.4821348219825644
1982,0.0001329749906238973,0.48213151928585485
1983,0.00013243363065854017,0.48212825707366463
1984,0.0001319935589008051,0.48213020675493196
1985,0.00013149952896095854,0.48213847678429556
1986,0.00013101479255805046,0.4821415302376639
1987,0.00013051810197691068,0.4821403776128283
1988,0.00013009668003662744,0.48213565078638243
1989,0.00012966138640971652,0.4821353938890287
1990,0.00012922759677414506,0.4821338135079091
1991,0.00012878054353975639,0.4821326109747103
1992,0.00012828059415500792,0.48212956291233094
1993,0.00012778065724318354,0.482130725404235
1994,0.00012731365210936026,0.48213412372148806
1995,0.00012681947294247364,0.48213587128039814
1996,0.0001263781472539995,0.4821377603684076
1997,0.00012597023521377984,0.48213406395612934
1998,0.00012543312331884802,0.48212917435037034
1999,0.00012503136669392398,0.4821270323698088
2000,0.0001246540464199767,0.4821252531439001
2001,0.00012418539914500466,0.482121114683891
2002,0.00012373338897081707,0.48212412852072056
2003,0.00012327061468158322,0.48211429081736257
2004,0.000122869568104277,0.4821131840309353
2005,0.00012241915619870902,0.4821103414952605
2006,0.00012199966639891364,0.4821118211369929
2007,0.00012153170094103561,0.48211677745094444
2008,0.00012108989812048245,0.48211477930080976
2009,0.00012066148744042814,0.48210989426921147
2010,0.0001202244636498709,0.48210679386971816
2011,0.00011981852255267735,0.4821037982249952
2012,0.0001193266844436602,0.48209664042822375
2013,0.00011886107363124136,0.48210104046616586
2014,0.00011845065228114669,0.48210180387999724
2015,0.00011804851768658615,0.48209816361347646
2016,0.0001176371433662508,0.48209909982526894
2017,0.00011724101902570283,0.4821036560277935
2018,0.00011674112472061036,0.48210207255496657
2019,0.00011632073372845245,0.48209973794080635
2020,0.0001159362957685039,0.482107681557234
2021,0.00011552871184328725,0.482108728278582
2022,0.00011513500695831194,0.48210208539522453
2023,0.00011472728563078956,0.48210089342024215
2024,0.00011426244312098107,0.48209857292652075
2025,0.00011376830878955915,0.48210109981640337
2026,0.00011338870151936837,0.48210322416952806
2027,0.00011301841868773564,0.4821015690446208
2028,0.0001126126771073095,0.48211051943422445
2029,0.00011219251871700376,0.4821060344010258
2030,0.00011178821119699603,0.4821072556252657
2031,0.000111370826554492,0.4821078136710178
2032,0.000111014954915163,0.48211229608344736
2033,0.00011057812221341868,0.48210901727560396
2034,0.00011020394530920638,0.48210529624292753
2035,0.00010981394971939346,0.48211170144117255
2036,0.0001094409906080442,0.48210782906400074
2037,0.00010900743829917695,0.482112485461315
2038,0.00010861703678140477,0.48211246750187386
2039,0.00010823974139984147,0.4821145751795162
2040,0.00010788361967756428,0.4821155825817474
2041,0.00010750063155524678,0.4821144715468074
2042,0.00010716534290051565,0.4821189104030306
2043,0.00010679765661404898,0.4821141827152657
2044,0.00010642846891748365,0.48210963816720614
2045,0.00010605806097671575,0.48211120654195383
2046,0.00010566897140074476,0.4821190135059403
2047,0.00010529121864044918,0.48211509044476836
2048,0.00010485368523335679,0.48211210745225413
2049,0.0001044169633701162,0.4821112748062779
2050,0.00010405975926171829,0.48211588581077225
2051,0.00010369638255937302,0.482116587428922
2052,0.00010327162003100066,0.4821145859659364
2053,0.00010288250335554981,0.4821181619662342
2054,0.0001024676829177503,0.4821211783692274
2055,0.00010205014054833554,0.48212117704747864
2056,0.00010169961985343921,0.4821136844040041
2057,0.00010135496066318246,0.48211352761478277
2058,0.00010102539159215313,0.4821140097422156
2059,0.00010059851762906339,0.4821135364086018
2060,0.00010026796989385798,0.48211332708050203
2061,9.990570021027319e-05,0.4821112234101912
2062,9.95897703855777e-05,0.4821079768137547
2063,9.924461941447909e-05,0.48210748934392933
2064,9.893990683516853e-05,0.48210513638120994
2065,9.856367759665931e-05,0.48210285057625246
2066,9.827192507718104e-05,0.48210042804797326
2067,9.792064465455727e-05,0.482097671616633
2068,9.75692854864486e-05,0.4820954253433586
2069,9.717602491675382e-05,0.48208832028267495
2070,9.685453310541458e-05,0.48208718434209213
2071,9.652022223674516e-05,0.48208436220662454
2072,9.61531492124045e-05,0.48208509578332887
2073,9.579495722999802e-05,0.48208249400513115
2074,9.546605683962037e-05,0.482080935011925
2075,9.510274843744316e-05,0.48207732963376065
2076,9.476280595298049e-05,0.48208107630970815
2077,9.440611858955504e-05,0.4820817406488829
2078,9.411458201668393e-05,0.48208150206687655
2079,9.380543908611454e-05,0.4820814412829703
2080,9.342611994724022e-05,0.4820895966945387
2081,9.309383398169333e-05,0.4820879246488115
2082,9.267446017365217e-05,0.4820910582864718
2083,9.234834438558743e-05,0.4820904326828446
2084,9.197844689456953e-05,0.48208936949395326
2085,9.167507030482383e-05,0.4820869321154876
2086,9.132925536058636e-05,0.4820846785870949
2087,9.09747246816592e-05,0.4820831681888959
2088,9.065131831310707e-05,0.48208640810441133
2089,9.033584049761166e-05,0.48209254582029576
2090,8.998061735224181e-05,0.4820942193109107
2091,8.96394337351547e-05,0.482092914672028
2092,8.93365598342011e-05,0.48209046812197714
2093,8.899411031979336e-05,0.4820905321291351
2094,8.866990757719452e-05,0.4820893031924846
2095,8.835915595802296e-05,0.48208880701456025
2096,8.799865993924132e-05,0.4820912781723646
2097,8.773062001534308e-05,0.48208690496550927
2098,8.742491550446856e-05,0.4820895993221428
2099,8.709936362599149e-05,0.48208457569691404
2100,8.6745765072511e-05,0.48207739880966344
2101,8.641833056356506e-05,0.4820781403165854
2102,8.612587898792183e-05,0.4820777345507934
2103,8.58418068946355e-05,0.48207630237600846
2104,8.555092683579751e-05,0.4820724847826425
2105,8.520243369234979e-05,0.4820742048555421
2106,8.489260132291635e-05,0.4820700954172361
2107,8.458703110137921e-05,0.48206752565392375
2108,8.427730547722016e-05,0.48205560650922125
2109,8.392246901176054e-05,0.4820575138476449
2110,8.36427809181813e-05,0.482057237115728
2111,8.330207425154467e-05,0.48205507068342024
2112,8.29550881188388e-05,0.48205823861596814
2113,8.26151150665101e-05,0.4820523454006102
2114,8.231190020318405e-05,0.4820487361506684
2115,8.201618901722961e-05,0.4820473935593026
2116,8.172589710024365e-05,0.48204511652828824
2117,8.144710733044168e-05,0.48204255593101986
2118,8.112744867225856e-05,0.4820397986733336
2119,8.083789673966245e-05,0.4820317113246492
2120,8.05519134170684e-05,0.48203518672509305
2121,8.023932201305281e-05,0.482039530249188
2122,7.990907126544023e-05,0.4820366038050489
2123,7.959266559155811e-05,0.48203454585981964
2124,7.934752183412734e-05,0.48203422090292136
2125,7.910395981860184e-05,0.48203424227481906
2126,7.87685565035358e-05,0.48202913370991923
2127,7.848438614997407e-05,0.48203003038417314
2128,7.819987713785448e-05,0.4820251720464139
2129,7.79395706674859e-05,0.4820285876638135
2130,7.762357175675694e-05,0.4820260177268592
2131,7.741269981093947e-05,0.4820253929357685
2132,7.714553280295317e-05,0.4820216848994028
2133,7.682281074094629e-05,0.4820232352880182
2134,7.651584113092021e-05,0.48202296482237256
2135,7.627862461804593e-05,0.4820225864669717
2136,7.601990915011265e-05,0.48202031713032284
2137,7.572705685104408e-05,0.48202978594595075
2138,7.54302356088432e-05,0.48202710917083635
2139,7.515928376020327e-05,0.482019042375492
2140,7.488529926238195e-05,0.482025685216584
2141,7.45999397992498e-05,0.4820209755220447
2142,7.433942685305e-05,0.4820218315338932
2143,7.408348729812735e-05,0.4820212162780398
2144,7.384745116140913e-05,0.4820208423548618
2145,7.356754731879365e-05,0.48201974818247856
2146,7.326758211177084e-05,0.4820193376064618
2147,7.30287118684927e-05,0.48202436936917237
2148,7.270024896877953e-05,0.48202536433913945
2149,7.244215883855038e-05,0.48202787341433956
2150,7.214409558719729e-05,0.48202976790891994
2151,7.183048061631432e-05,0.48202905617207664
2152,7.154709302515516e-05,0.48202619883037207
2153,7.127799114805591e-05,0.4820300178852276
2154,7.104458430652259e-05,0.48202970992163424
2155,7.077247854347724e-05,0.48202441395645335
2156,7.054412913945966e-05,0.4820222956070604
2157,7.028154370028678e-05,0.4820200957501198
2158,7.004719976606797e-05,0.48201911028619165
2159,6.976980369909507e-05,0.4820168224551773
2160,6.954046906028458e-05,0.4820192458767373
2161,6.93182121108068e-05,0.4820210559210776
2162,6.905210422047271e-05,0.4820197632985049
2163,6.880260311887073e-05,0.4820167643701288
2164,6.857642067817611e-05,0.4820145518197059
2165,6.82947561694874e-05,0.4820089079816405
2166,6.804322338006144e-05,0.4820086196265224
2167,6.776909611452776e-05,0.4820035194875449
2168,6.752701332507388e-05,0.4820082160158258
2169,6.727367191843236e-05,0.48200861885035806
2170,6.704551711423128e-05,0.48201259638887584
2171,6.680638248354166e-05,0.4820140588849799
2172,6.655082182613757e-05,0.48201558231729535
2173,6.63208245019751e-05,0.48201352123355257
2174,6.609255673336358e-05,0.48200973553279164
2175,6.584361176343548e-05,0.48200978502723824
2176,6.556959544233203e-05,0.4820095995198252
2177,6.530545797484293e-05,0.48201101754205883
2178,6.50970431102396e-05,0.48201015724226653
2179,6.48590576884745e-05,0.48200525239029146
2180,6.458956083562925e-05,0.48200406011509334
2181,6.438491444900603e-05,0.48200417723264843
2182,6.418075602548749e-05,0.48200227271357643
2183,6.394396553573567e-05,0.48200159263151604
2184,6.368163674439144e-05,0.4819979283804067
2185,6.344644820561347e-05,0.48200031558136397
2186,6.32138906287977e-05,0.4819978544414575
2187,6.299689348892786e-05,0.4819960087954614
2188,6.279281166487102e-05,0.4819945172348473
2189,6.256145728672854e-05,0.48199618019360346
2190,6.234571770714046e-05,0.48199792907120376
2191,6.21061321898584e-05,0.48199347026116446
2192,6.187526947145123e-05,0.48199337201099535
2193,6.16505480699274e-05,0.48198879576272796
2194,6.14501638885114e-05,0.481988257304806
2195,6.125310236361517e-05,0.48199079915015675
2196,6.100011706215166e-05,0.48199052678654586
2197,6.07784149792867e-05,0.48199009784380403
2198,6.0529494167496206e-05,0.4819871289873015
2199,6.0303773001151405e-05,0.48198767312133245
2200,6.010684480176097e-05,0.4819891075903332
2201,5.991589252638507e-05,0.48199138564267313
2202,5.969838715771054e-05,0.4819923132824448
2203,5.947833680973545e-05,0.4819905587051153
2204,5.925104613182041e-05,0.4819938268797758
2205,5.9037687185468296e-05,0.4819924482747987
2206,5.884290126792627e-05,0.48199506671171666
2207,5.864990980896923e-05,0.4819932889828351
2208,5.8444090596085936e-05,0.4819909002689903
2209,5.821708042822413e-05,0.48198961641047405
2210,5.800076141741673e-05,0.4819870272313056
2211,5.7783329180116486e-05,0.48198441539800935
2212,5.756927289790515e-05,0.48198353372596653
2213,5.738224641787076e-05,0.4819828245986463
2214,5.715113724909718e-05,0.48198454381203026
2215,5.690351216003614e-05,0.48198669085397555
2216,5.671911614463496e-05,0.4819864479786401
2217,5.64992164739494e-05,0.48198473083518945
2218,5.630839462264997e-05,0.4819797653642784
2219,5.610765873982844e-05,0.48198004391686516
2220,5.5911391340117444e-05,0.4819806492287239
2221,5.5669347784982174e-05,0.4819835242761482
2222,5.5456435778014794e-05,0.4819834684732355
2223,5.524386561611401e-05,0.48198287401815404
2224,5.50393017550898e-05,0.4819860478391898
2225,5.482455885662479e-05,0.4819828554058679
2226,5.463544589378987e-05,0.48198145352344857
2227,5.438896200846092e-05,0.48198237802289845
2228,5.417029879573637e-05,0.48198624564709364
2229,5.3961663906808565e-05,0.4819864356080914
2230,5.375668466310388e-05,0.48197789519216033
2231,5.355127480665255e-05,0.48197770199783707
2232,5.3334296641630606e-05,0.48197824703800674
2233,5.3134510521571533e-05,0.4819766314578503
2234,5.291794654646018e-05,0.48197664403071294
2235,5.273414445621662e-05,0.4819764972210488
2236,5.253300541037209e-05,0.48197492652235524
2237,5.232779950986962e-05,0.48197626882551553
2238,5.209530353349199e-05,0.48197597914219026
2239,5.1912245609452224e-05,0.4819781805222057
2240,5.172435599943538e-05,0.48198138159479964
2241,5.1533330990333926e-05,0.4819803811603749
2242,5.134845364435719e-05,0.48197687031240455
2243,5.119167379530443e-05,0.48197809535519326
2244,5.097873717194385e-05,0.4819778280265736
2245,5.0802344420284596e-05,0.48197949898719794
2246,5.061755410261066e-05,0.4819825812944818
2247,5.043449865240496e-05,0.48197738967544784
2248,5.0227191387244044e-05,0.4819761750410066
2249,5.0036432973583866e-05,0.48197311810522864
2250,4.987088233956953e-05,0.48197189083420267
2251,4.9709868552484506e-05,0.48197560704481823
2252,4.9510183749134e-05,0.4819707047211937
2253,4.9324933718745616e-05,0.4819728564794042
2254,4.916219618061252e-05,0.4819715590687233
2255,4.900313142283382e-05,0.48197005235446205
2256,4.879095696556175e-05,0.481969008633272
2257,4.8621987912246035e-05,0.48196789587948374
2258,4.8465711766660894e-05,0.48196353063001296
2259,4.829348566646477e-05,0.48196077292604794
2260,4.811098568871775e-05,0.48195949871224963
2261,4.796236836465564e-05,0.4819595943442644
2262,4.777683053132038e-05,0.48196021468209527
2263,4.7626987243029203e-05,0.48195973449088636
2264,4.745411236634226e-05,0.4819581569355516
2265,4.72546575221275e-05,0.4819589950455894
2266,4.7083396805513614e-05,0.4819603489140791
2267,4.6923700576483366e-05,0.4819620953061403
2268,4.6739178561902244e-05,0.48196473262730943
2269,4.655030493640382e-05,0.48196163267339887
2270,4.637828818642305e-05,0.48196326856431276
2271,4.619026294465428e-05,0.48196166539998364
2272,4.6013189861249316e-05,0.48196165974866845
2273,4.585727075574892e-05,0.4819573783372934
2274,4.5675203463980824e-05,0.48195688531522046
2275,4.5480960656709595e-05,0.48195533108356625
2276,4.5335310669578454e-05,0.4819531295931352
2277,4.517048546743691e-05,0.4819468735204747
2278,4.501384099905549e-05,0.48194610274838773
2279,4.4869989140341086e-05,0.481946918957065
2280,4.471132752985948e-05,0.4819490466683877
2281,4.45256681553014e-05,0.48194636174019245
2282,4.435442506269002e-05,0.48194262379887687
2283,4.417486311523098e-05,0.4819449654219634
2284,4.402229226303849e-05,0.4819441292666752
2285,4.385776975675106e-05,0.4819518887349115
2286,4.371614854221031e-05,0.4819523921298931
2287,4.355840461614405e-05,0.4819527623514477
2288,4.337899641779883e-05,0.4819528907904379
2289,4.319856572877582e-05,0.4819545709193927
2290,4.304169795596456e-05,0.4819545801756036
2291,4.287059654282291e-05,0.4819552774922796
2292,4.2729704562640845e-05,0.48195525211279383
2293,4.2561835309141864e-05,0.4819559405916008
2294,4.239592396067026e-05,0.4819564936051775
2295,4.2240056352656444e-05,0.481956505209691
2296,4.207989227798431e-05,0.4819577542297827
2297,4.194579240685492e-05,0.4819549600847042
2298,4.179345542704704e-05,0.4819555431234997
2299,4.1640597397233123e-05,0.48195229738420853
2300,4.148986130315158e-05,0.48195442801032445
2301,4.134243622807111e-05,0.481955979400885
2302,4.11891378897081e-05,0.4819537811400068
2303,4.103499571536501e-05,0.4819531731776505
2304,4.0871832729838754e-05,0.48195085931933523
2305,4.072737556603192e-05,0.4819473230066067
2306,4.059170261600124e-05,0.48195101852960365
2307,4.046665431595845e-05,0.4819519883874334
2308,4.0308605649972876e-05,0.48195430236954706
2309,4.016584668591034e-05,0.48195247066414965
2310,4.004890839000316e-05,0.4819513362690521
2311,3.988563112496256e-05,0.48195247552081644
2312,3.9735443272066634e-05,0.48195362295265537
2313,3.957102993116222e-05,0.4819549013125066
2314,3.941960592034969e-05,0.4819510828671312
2315,3.926968836935861e-05,0.4819516339763235
2316,3.9136757015248704e-05,0.48195032402280324
2317,3.9010788096214374e-05,0.4819486828096985
2318,3.8872836145554965e-05,0.48194941207891323
2319,3.873266894283312e-05,0.481949399160123
2320,3.8578353533890106e-05,0.48194876566646916
2321,3.8417413786809824e-05,0.48194498444535566
2322,3.827260136215178e-05,0.48194224955060627
2323,3.8135423813010545e-05,0.4819428475889856
2324,3.801244686146899e-05,0.4819412525990824
2325,3.787697541159341e-05,0.48194078420383324
2326,3.77469501835661e-05,0.48193950293972315
2327,3.759930071968971e-05,0.4819359902567667
2328,3.745880653698127e-05,0.48193365376587827
2329,3.73176504749042e-05,0.48193411931384245
2330,3.716890461889205e-05,0.48193239119533887
2331,3.7053691882698485e-05,0.48193101897328344
2332,3.695037291579656e-05,0.48193091987561076
2333,3.679945356680934e-05,0.4819324314985312
2334,3.668093369457659e-05,0.4819305377416751
2335,3.65443192161269e-05,0.4819338655486108
2336,3.6424538150143496e-05,0.4819318076632137
2337,3.6303753304931794e-05,0.48193056043541654
2338,3.614741264168178e-05,0.4819325493553961
2339,3.600841615360455e-05,0.4819345448333229
2340,3.5855504804047726e-05,0.4819333773479476
2341,3.57324200129801e-05,0.48193357602365394
2342,3.5618396366640874e-05,0.4819303984771155
2343,3.548071811462826e-05,0.48193089555065677
2344,3.533515560337925e-05,0.4819314590673451
2345,3.520610760816789e-05,0.4819299981751129
2346,3.5072440718667004e-05,0.48192896003524444
2347,3.494502196386454e-05,0.48192922576056635
2348,3.481656663783413e-05,0.4819317066291839
2349,3.469391942046501e-05,0.4819345171937565
2350,3.455984786067437e-05,0.4819344794217908
2351,3.4448758112773675e-05,0.48193250904051466
2352,3.4321968641013765e-05,0.4819341555834146
2353,3.42006135141724e-05,0.48193783347405744
2354,3.406625324701106e-05,0.48194072007551547
2355,3.393249260462299e-05,0.48194236573275234
2356,3.3797444150092215e-05,0.48194397525543775
2357,3.36594126878205e-05,0.48194172019315257
2358,3.3551813546818336e-05,0.4819416650022153
2359,3.3434483584353895e-05,0.4819407642565856
2360,3.3310254797931754e-05,0.4819384626169959
2361,3.317541302572477e-05,0.48193913045180053
2362,3.302070437846066e-05,0.4819445938385238
2363,3.287472388035848e-05,0.4819447538024672
2364,3.277547475992301e-05,0.481945206484382
2365,3.266619373183316e-05,0.4819447048688262
2366,3.255400932673759e-05,0.4819433664233873
2367,3.245152454544558e-05,0.4819450614082756
2368,3.234144372755449e-05,0.4819439333290863
2369,3.223628274286692e-05,0.4819461809928501
2370,3.212685405554494e-05,0.48194709356595683
2371,3.201201472370739e-05,0.48194837787966427
2372,3.188723266901379e-05,0.4819477436343424
2373,3.1759031859992846e-05,0.4819443849771762
2374,3.163678903547679e-05,0.4819445421274218
2375,3.150583611597071e-05,0.481943641215573
2376,3.140916264636065e-05,0.4819442430458909
2377,3.129433528757476e-05,0.48194490885057756
2378,3.11850336914892e-05,0.4819441544280408
2379,3.106220378221038e-05,0.48194333606134554
2380,3.09609204878754e-05,0.48194619950837536
2381,3.0852787346457483e-05,0.48194517342707205
2382,3.075339758881129e-05,0.48194832729195347
2383,3.064230896950051e-05,0.4819463115372202
2384,3.0529106431657147e-05,0.48194811847491387
2385,3.0417507659878545e-05,0.4819468010600398
2386,3.030477905959231e-05,0.4819441081833302
2387,3.0181174133416424e-05,0.4819428004188134
2388,3.0070241899474086e-05,0.48194259665964356
2389,2.9966428970025836e-05,0.48194419129584215
2390,2.9864318325150826e-05,0.48194295419522004
2391,2.9758563633096496e-05,0.48194291465489036
2392,2.9632591977716738e-05,0.48193909952736086
2393,2.9517371338519205e-05,0.4819404806952109
2394,2.9412483117292403e-05,0.4819405746354787
2395,2.9308720205517224e-05,0.4819410752869123
2396,2.9205205726440897e-05,0.4819418909882734
2397,2.909573252677543e-05,0.48194011416274857
2398,2.9000532448668282e-05,0.48193993232623156
2399,2.8897139496248108e-05,0.4819445873314525
2400,2.8789538921225773e-05,0.48194523859936644
2401,2.867347098405465e-05,0.4819458002139323
2402,2.8556727247746936e-05,0.48194533144534957
2403,2.846229976359545e-05,0.48194438813698637
2404,2.8362280279275646e-05,0.481944225935125
2405,2.8251270436022857e-05,0.4819449028558459
2406,2.8146422519942076e-05,0.4819444895355915
2407,2.8040809832605488e-05,0.4819516987079874
2408,2.794166448434263e-05,0.48195210731575167
2409,2.786124979221642e-05,0.4819548734147157
2410,2.777261421264456e-05,0.48195470381196076
2411,2.7649459165799006e-05,0.4819537990290015
2412,2.7558880961664755e-05,0.48195611201031374
2413,2.745476804047265e-05,0.48195508128685055
2414,2.7354824779595674e-05,0.4819548737077295
2415,2.7256401769517383e-05,0.4819548620916271
2416,2.7157794146856726e-05,0.4819576094534292
2417,2.7066557348081293e-05,0.481959657300521
2418,2.6990417810236265e-05,0.4819592197823447
2419,2.688698069850133e-05,0.48195991326310916
2420,2.6787987470656045e-05,0.4819586224878057
2421,2.6703547434969485e-05,0.4819573416253235
2422,2.6609085994005633e-05,0.4819590947211177
2423,2.6522367576518822e-05,0.48195646212933313
2424,2.640510986973163e-05,0.4819538424937185
2425,2.6306565140845662e-05,0.4819579675952367
2426,2.6225823271597704e-05,0.48195766307358384
2427,2.6145528778447923e-05,0.48195574603250435
2428,2.605975016037102e-05,0.4819530622786292
2429,2.596560321598098e-05,0.48195368240161657
2430,2.5872450602910788e-05,0.48195419096240905
2431,2.578867821179588e-05,0.48195406364594506
2432,2.5686438344279027e-05,0.4819539790330611
2433,2.5594507353714175e-05,0.4819546748853314
2434,2.549666447163349e-05,0.48195261271537215
2435,2.540662957066377e-05,0.4819532107449815
2436,2.5324832507780066e-05,0.48195331491132076
2437,2.5224116197064192e-05,0.48195380789310766
2438,2.512480672087472e-05,0.4819539998051047
2439,2.5037893772849816e-05,0.48195617114165223
2440,2.4943551098688275e-05,0.48195433723633924
2441,2.4852726752301143e-05,0.48195376382417554
2442,2.476872973701975e-05,0.4819535560887371
2443,2.4685769638520736e-05,0.4819527103650326
2444,2.4598020126222768e-05,0.4819559305633826
2445,2.4501157468790494e-05,0.4819595809686602
2446,2.4417115897161795e-05,0.48196001385745035
