epoch,train_loss,val_loss
1,0.9655166102202402,0.9794849326526722
2,0.9328031462204879,0.9500995060760152
3,0.9037285368983716,0.9252252567293349
4,0.8765509063821084,0.9016580272162737
5,0.8512666589877828,0.8800086606831211
6,0.827623323652034,0.860450529410006
7,0.8057926726521389,0.843004746916129
8,0.7873344444358675,0.828468630008439
9,0.7679519775610228,0.8126623148889339
10,0.7500989978734388,0.7974157668099465
11,0.732054521999202,0.7820435549397684
12,0.7159052501371334,0.7683526906841732
13,0.7002887055880223,0.7555903915144718
14,0.6866382816330119,0.7449406616433412
15,0.674241945434723,0.7353031659623341
16,0.6613109947746909,0.7255672376677245
17,0.6482249071164504,0.715983784391085
18,0.6375795111821331,0.7080226011008155
19,0.6275372796256288,0.6999213572962804
20,0.616943203181272,0.6913333570655155
21,0.6072059093395603,0.6835329600954919
22,0.5980018977067859,0.6770179620211795
23,0.5901401582884434,0.6710551015143805
24,0.5826289577851617,0.6656814801446947
25,0.5744335244814549,0.6598890907948864
26,0.5671812815557705,0.6533957849805363
27,0.5593807902639276,0.6474306504853371
28,0.5518528398851782,0.6417306814080569
29,0.5447514665000255,0.6369657893645808
30,0.5387789502291006,0.6329195896143157
31,0.532582620323052,0.6288234784574716
32,0.5265144335032679,0.6247545994180347
33,0.5210344969845591,0.6213537496140958
34,0.5155259477866309,0.6174021047007205
35,0.5095527833859085,0.6140870571160917
36,0.5040164310015887,0.610564709774163
37,0.49834997984189466,0.6064689316380514
38,0.4936649244003146,0.6038910007292859
39,0.48846137478193485,0.6009920393912072
40,0.48355152378009664,0.5979361309580394
41,0.4791954152891709,0.5952971610836861
42,0.47491193987241237,0.5932965012124034
43,0.4703905535275905,0.590895044045553
44,0.4659186430110073,0.5890754321350367
45,0.4619448374018477,0.5874228660035843
46,0.4579497257258879,0.5849386981330171
47,0.45388333836894823,0.5822279731963846
48,0.45020271779513643,0.5803195188169875
49,0.4463042061519379,0.5780005852694762
50,0.44253244248996276,0.5760290367619796
51,0.43863197354606426,0.574320029181679
52,0.4347748949948186,0.5719696244714998
53,0.43108974187244237,0.5702334241985283
54,0.4277015937541338,0.56862623195308
55,0.4242670957467549,0.5676367732304702
56,0.42082823894048194,0.5661691208484607
57,0.41744281063904404,0.5647895977810518
58,0.4138859929067859,0.5631577714488234
59,0.41055846727001255,0.5617169905939475
60,0.4072204693975523,0.5599307574935388
61,0.40424541697129757,0.558480885394262
62,0.4011214350663512,0.557336963434947
63,0.3981851689875578,0.5559094205373892
64,0.3951451329763972,0.5543245845564049
65,0.39203517269737,0.5529707838478484
66,0.388985940386258,0.5513838834938826
67,0.38600235888928586,0.5493932667233895
68,0.38308816562110704,0.54860986662934
69,0.3802995897807065,0.5475661746446213
70,0.3776274186587715,0.5458707618569275
71,0.37475306640247974,0.5441039535010895
72,0.37199058575512567,0.543635567154205
73,0.36935572512152426,0.5434699139592488
74,0.3667506798581434,0.5426740295616634
75,0.3642789740481076,0.5420972499665871
76,0.36149367643877023,0.5408646110628363
77,0.35900603770533845,0.53978301763849
78,0.3564463967487573,0.538874190464313
79,0.3538605617297673,0.5377547247517792
80,0.3513635719145022,0.5370061804713516
81,0.34898536795263063,0.5363170490253719
82,0.3464244627492778,0.5348050014598088
83,0.3437987200887553,0.5334454074768391
84,0.34127381596993345,0.5315163656699848
85,0.338909164248187,0.5304807661079134
86,0.33647418863121953,0.5294602290474324
87,0.33426986241149087,0.5292443727354521
88,0.33205626496520757,0.5278920310882033
89,0.3297534236038114,0.5272737395937857
90,0.32750313416731247,0.5264132250958801
91,0.3254401211201871,0.5259120379462118
92,0.32333311640158385,0.5253747017352185
93,0.3211399882424497,0.5247209342976773
94,0.3188125934186436,0.5245411806978671
95,0.3167052602914834,0.5236014468646507
96,0.3146101957796594,0.5234649571653801
97,0.3125465407393482,0.523105791743222
98,0.3105213051795516,0.5222074902759734
99,0.30857670372774854,0.522026345481226
100,0.3065903646730756,0.5212908256039176
101,0.3046026098201098,0.5204907874099035
102,0.3026735817110805,0.5197647084712493
103,0.30071630777103625,0.5194248995869943
104,0.2987168919948707,0.5188109750006847
105,0.2967416278780926,0.5183231978797821
106,0.29476529742339513,0.5173409779332931
107,0.2929496982533353,0.5167600003493505
108,0.29101477386324737,0.5156215336231869
109,0.28915980201322855,0.5151779409651511
110,0.28728970303135454,0.5142809879068044
111,0.28539773112377886,0.5136127924093076
112,0.28368044042655627,0.5130800767238881
113,0.2819649226089827,0.5125812958186192
114,0.2801878871674267,0.512043997518605
115,0.27830991608946093,0.5113892315726682
116,0.2766635313997696,0.5109427667830504
117,0.2750310166378455,0.5106781837771424
118,0.2733489488322132,0.5101261615068889
119,0.27164855742709326,0.5088804435689454
120,0.2698853040267551,0.5080925582051524
121,0.26820470955206954,0.5077925265858461
122,0.2665074164505362,0.5071765789191618
123,0.2647617230813788,0.506846075943947
124,0.2631485365100512,0.5066629463311999
125,0.26148316402777094,0.506196649305308
126,0.25991223809278546,0.5058304968234748
127,0.25835635290403514,0.5056467983151339
128,0.2567248285098635,0.5046314304551363
129,0.255216206788048,0.5042288955335683
130,0.2537171062936217,0.5033338174928853
131,0.25224654069757974,0.5025088671636575
132,0.250644154850819,0.5022712481016782
133,0.24925416359511102,0.5016472351524558
134,0.24769157062873542,0.5007381613870718
135,0.24622161720860428,0.5002653837735441
136,0.24476807656792604,0.4996976129434326
137,0.24331431858730487,0.4994049885851076
138,0.24188038869913875,0.4993818493651407
139,0.24038694930318621,0.4990815912629667
140,0.23887664358428307,0.49865436998258816
141,0.2374347438425377,0.49853543350391666
142,0.23603634123224185,0.49813723303076224
143,0.23467832836437927,0.4978005650308067
144,0.23321746848501093,0.4975692737678423
145,0.23182886377730133,0.49741884399785047
146,0.23045709210130788,0.49698790993634234
147,0.22925338108691673,0.4966148749181303
148,0.22794855295156646,0.49607142228074363
149,0.22668354705672883,0.49568751950552165
150,0.22536506157856867,0.4953268312866594
151,0.2240198278461929,0.495183027840199
152,0.22268670651965108,0.4949997102557338
153,0.2213838178287718,0.494785317715449
154,0.22010133386688405,0.4944140534946488
155,0.21881599762260454,0.49401315226437204
156,0.2174550474680509,0.49338927997229426
157,0.216115438013393,0.4930268672353195
158,0.21487693764581947,0.4928471579657051
159,0.21356414622311712,0.49251484171824994
160,0.21229139119430102,0.49176186382958714
161,0.21106915386364367,0.49152443099229776
162,0.20987299508530458,0.4911372836558379
163,0.20873551658252554,0.491010378083473
164,0.2075506912906398,0.4903470351853256
165,0.20632920568833873,0.4902343128338676
166,0.205171055777227,0.4900630446364578
167,0.20404957966670112,0.4896806686094375
168,0.2028709233356996,0.4892136930746922
169,0.201656772092735,0.4886755639206266
170,0.20053464451340006,0.4880450395855386
171,0.1993719293139329,0.4876412511166593
172,0.19831240069910244,0.487247043786681
173,0.19715168407112546,0.48725916284375564
174,0.1960213633736364,0.4871871765114884
175,0.1948468408864143,0.48688974591489786
176,0.19377631601136328,0.4862781433790398
177,0.1927687717787235,0.48611443490967826
178,0.19166198916502813,0.48611925977522685
179,0.19053469234431386,0.4855082269274408
180,0.18950987061467556,0.4854154550684658
181,0.1884335138025067,0.4852017276273753
182,0.18741491011934153,0.48485723873679915
183,0.18633028260331413,0.48471625554566383
184,0.1852732054537954,0.4844571970166943
185,0.18426249505016323,0.4844439781459679
186,0.18341939420351774,0.4842202256948114
187,0.18250478258145295,0.4838789060126431
188,0.18151329128460011,0.4837061275626434
189,0.1805275080762375,0.48341804488123974
190,0.17959578350977048,0.4830173059992504
191,0.1785820618451452,0.48269208612278963
192,0.17764091412083954,0.4825716185224734
193,0.1766308696724795,0.48210013487597425
194,0.1756566813780361,0.48196786310325107
195,0.17468115281524366,0.48150052251145087
196,0.17375403779693185,0.48131451017585175
197,0.1727743864977345,0.48117444526303593
198,0.17175132293907883,0.480890396044313
199,0.1708513871338641,0.48068705458626687
200,0.16991386764593047,0.4806989875602855
201,0.16901676044120528,0.4804139763484679
202,0.16816110852147345,0.48015728351138837
203,0.16727767080824815,0.48000487601438213
204,0.16644686421107738,0.47990771014890615
205,0.16556051614863074,0.47979848558911226
206,0.1646266154079313,0.47922753475559504
207,0.16384247302906282,0.47906772841394724
208,0.16300034614018974,0.4791400171815509
209,0.16211074132618195,0.4787287311612071
210,0.16127210754251625,0.4784116194467809
211,0.16037501008404184,0.47812083625276636
212,0.15955365206048638,0.4778180902341625
213,0.1587411167300896,0.4777632820545808
214,0.15792313295724741,0.47758843032599974
215,0.15716738892546378,0.4773170013937655
216,0.1563556286966875,0.47710399169846934
217,0.15561819538081137,0.4765504947239293
218,0.15479082796490384,0.4765114378306602
219,0.15397415591545413,0.47647417756145855
220,0.1531904442509724,0.476317801737917
221,0.15237123272706055,0.47585660835808663
222,0.151573112625773,0.4758585206796379
223,0.1507749849612073,0.4759280605012752
224,0.15001775737934958,0.4759411920280141
225,0.1493007565799631,0.4759360143996984
226,0.14853407030029814,0.4758375940220582
227,0.14776976097056088,0.47539912487843505
228,0.14705078699848395,0.4751075318581533
229,0.14626427589690266,0.4750755137358656
230,0.14550644013429354,0.4749121510066134
231,0.144797224115078,0.4748981022782914
232,0.14406205468873687,0.4750575437021017
233,0.1433207136543589,0.4745484843579492
234,0.1425512902724513,0.4744352652094419
235,0.1418157943243528,0.4740618287557048
236,0.14114520244151577,0.4738447386263202
237,0.14035972964453003,0.4733295956119758
238,0.13958705018321718,0.47285431969426317
239,0.13892333437549553,0.4727904850468295
240,0.13814969903659377,0.47257898698847106
241,0.13747668488559148,0.47247860440861206
242,0.13677862105342972,0.4722631535710182
243,0.13608394361871537,0.47219148588000304
244,0.1353775604308614,0.4721010464790252
245,0.13464934542865645,0.4717903647344523
246,0.13396258684097473,0.4717696848126208
247,0.13330062533420797,0.4717764710958864
248,0.132621677482917,0.4717222750718589
249,0.13197578731939388,0.4714892261175777
250,0.1313355409511446,0.4714691480360534
251,0.13066735983783226,0.4711922593681304
252,0.12996704868847644,0.4710642458536795
253,0.12928594950198508,0.4711658507398927
254,0.12859814373915804,0.47098543652930686
255,0.1280176223878185,0.4711365516115089
256,0.12737293863860696,0.4709049907466252
257,0.12670165974678496,0.4705852727821814
258,0.12603261864315882,0.4706115706658806
259,0.1253749844789707,0.47029531352780335
260,0.1247781170091891,0.4698273432250177
261,0.1241037922200982,0.4695820247911046
262,0.12353562099542133,0.46950970550973353
263,0.12296583096072106,0.46926599617558357
264,0.12244269713312188,0.4691326202721405
265,0.1217916946251411,0.4685421874167266
266,0.12115359455510456,0.4682277035782521
267,0.12055245894850634,0.46809588613849135
268,0.11998013966399988,0.4678976786390484
269,0.11938315036287964,0.46742647485307776
270,0.11879632376898742,0.46738877564799564
271,0.11822207747838145,0.46734723598559147
272,0.11761720514852042,0.46738681444558056
273,0.11703807330802897,0.46728459964933317
274,0.116450692771561,0.4673508843339664
275,0.11589952398936483,0.46727150427664366
276,0.11534216428036546,0.4672512166068836
277,0.11477411898972319,0.467240740751761
278,0.11421930231490986,0.4671767323207639
279,0.11367674272619102,0.4669937662578607
280,0.11309356216258101,0.46693652305302447
281,0.1124745568360952,0.46660526723877604
282,0.11196362442349572,0.46654819330515745
283,0.11142680907154685,0.4664400752964017
284,0.11085931792482352,0.4659215256689754
285,0.11034783482577958,0.465871964425134
286,0.10977999595760626,0.4657962609432539
287,0.10918669751068519,0.465775636185427
288,0.108659620717948,0.4657885525984773
289,0.10814444382603715,0.4655202813536002
290,0.10765214776629409,0.4654210438650719
291,0.10715273262085832,0.4652535108056868
292,0.10663038872126801,0.46513271857128136
293,0.10612007581043431,0.4650499021395536
294,0.10557321711105619,0.4648261388172121
295,0.10507433103886128,0.4647703029302403
296,0.10458597921923857,0.46455614475525947
297,0.10402335226258183,0.46428508232690163
298,0.10352705761428176,0.4641608114415755
299,0.10298608043154005,0.4640255215206729
300,0.10249146516007923,0.46402419077686363
301,0.10199738381129027,0.46402853067011907
302,0.10150695562524066,0.4637893043291754
303,0.10104373960284488,0.4636847910036768
304,0.10058242599031592,0.4635587761811698
305,0.10005507065568568,0.4634671241556175
306,0.09954708309216599,0.46346740831867456
307,0.09913518506483132,0.46346692476310125
308,0.09865507270100535,0.46331304770106874
309,0.09815590318618687,0.4633962515462378
310,0.09768055142272583,0.46318620433031893
311,0.09716372934375421,0.4631137088559475
312,0.09666368286641332,0.4630373698649533
313,0.09617993082231249,0.4630053273666417
314,0.09567327712481223,0.46293692198941483
315,0.09521061148420633,0.46290620565516305
316,0.09478395344948129,0.46292949125271027
317,0.09427681801701132,0.4626592798438764
318,0.09383044220148593,0.46262898896293003
319,0.09340720115333113,0.46263598423382346
320,0.09299128335150174,0.462815474038911
321,0.09254771435080712,0.46251390689372157
322,0.09212920442776529,0.4624074521007939
323,0.09170896800566372,0.4622702389757331
324,0.0912773670537734,0.46225424284733346
325,0.09084413855707184,0.46198257847924995
326,0.090381181764455,0.4616677468037217
327,0.08996230470338441,0.46144607252591746
328,0.0895016552742569,0.4615406038749694
329,0.08907492897521933,0.46145009014156546
330,0.08865949869925828,0.4613394285329511
331,0.08824204809987657,0.4615590648918125
332,0.08783350794974434,0.46153593590278286
333,0.08745732253213157,0.46133849335846255
334,0.08704184243280652,0.4612961975608222
335,0.0866379660750442,0.4612581861425002
336,0.08622925145438755,0.4610728371271814
337,0.08581547658644627,0.4609808810352739
338,0.08541420242563864,0.4609201593574762
339,0.08500350279616145,0.4609559157880161
340,0.08460415573434925,0.46078499733644057
341,0.0841988102976353,0.4608174303887009
342,0.08378082177139512,0.4608872594606526
343,0.08337711910824794,0.4607732845829645
344,0.08298822466777116,0.4607137543346476
345,0.082602352879626,0.4605979688318941
346,0.08224484447362375,0.4604285389592804
347,0.08188416619271854,0.46031985806089076
348,0.08147567129029046,0.4603463755344547
349,0.08110242840293093,0.46015014154772993
350,0.08070372182410451,0.46031552059301417
351,0.08035523888041964,0.46024054863047414
352,0.07998649558155448,0.46021489070417365
353,0.07958059753909417,0.4602715589494942
354,0.07923262294184226,0.460131503179615
355,0.078872642565596,0.4601542213217849
356,0.07852212182953862,0.4600408471157934
357,0.07820996855615839,0.45992981887479567
358,0.07789511418211306,0.4598033695438909
359,0.07751635192512812,0.4597423905605316
360,0.0771874126163468,0.45950168106754613
361,0.0768370964188816,0.4593020613396724
362,0.07648874349418322,0.4591331708691814
363,0.07612123596077078,0.45907004327837436
364,0.07575657683585156,0.458942462172131
365,0.07538450886226228,0.4589118419077792
366,0.07502813895942256,0.4586256231154458
367,0.07469131608308267,0.45853140128996017
368,0.07435102702799329,0.4584376954358496
369,0.07399129907857264,0.45829536703839585
370,0.0736539025532314,0.4582933475300958
371,0.07329514334266483,0.4581706313620633
372,0.07292330057397159,0.4580454134037675
373,0.07254234014747908,0.45802718637502077
374,0.07217929573780217,0.45801938580518575
375,0.0718732735019647,0.45795180788865847
376,0.07151851238284383,0.45797032511442454
377,0.07119566479850928,0.4577923949486306
378,0.07086448760256558,0.4576429887010998
379,0.07053822653595669,0.45772703597700676
380,0.07022215106006385,0.45781181636898544
381,0.06989753474210354,0.4577156249643119
382,0.06955527158321792,0.45757024112310857
383,0.06922262778349611,0.4576220425633248
384,0.06889187849152438,0.4575817118917519
385,0.06855490570965181,0.4574652090056879
386,0.06824246145246957,0.4573660385866393
387,0.0679609913539056,0.457350054527486
388,0.06767255067955381,0.45728685313113693
389,0.06739641666266906,0.4571764394994307
390,0.06708819097784383,0.4570629827700646
391,0.06680410293623404,0.45694938482559766
392,0.06648205027476807,0.456881031520108
393,0.06615749200585729,0.45693125008207486
394,0.0658563166798588,0.4568929585896273
395,0.06556428831224534,0.4568518290275536
396,0.06526617713212005,0.4568712526202648
397,0.06496459212970353,0.4567582895399718
398,0.06470462960960728,0.45665292153632653
399,0.06437140651871104,0.4564294605536048
400,0.06408585991025374,0.4562335670501796
401,0.06379724095966985,0.4562815252203644
402,0.0635088086622777,0.4562237810688607
403,0.06322412527044075,0.45627985603586474
404,0.06291124137289662,0.4562790587291295
405,0.06265530488784635,0.4562647304939312
406,0.06237107543939284,0.45611385522409553
407,0.06209442226778164,0.45584192248933575
408,0.06178832813946449,0.45592436949327086
409,0.0614934029543435,0.4560041177119963
410,0.061207963533350854,0.45607774052122146
411,0.06095650132197509,0.45611198742754827
412,0.06065742010367524,0.4560423621507845
413,0.060406142113447636,0.45593862725291023
414,0.06012011864929149,0.4560182723986179
415,0.05986667758763853,0.4558303183830323
416,0.05957477099311706,0.4558356577351806
417,0.059342194804604904,0.4558160225316618
418,0.05908570970551531,0.45582643400194883
419,0.05882855762488189,0.45575203173788026
420,0.05852967447304421,0.45590713481056805
421,0.058255582505091365,0.4558668630304086
422,0.05799574847795647,0.45578457758593166
423,0.057749843256158076,0.45558451860676374
424,0.057468792639248846,0.4554336446450332
425,0.05723914851566275,0.455399947649386
426,0.05697827066276604,0.4553626753835039
427,0.05673301178055579,0.4553276403397626
428,0.05647687640442075,0.45523044625274245
429,0.05624253530294365,0.4551572343312511
430,0.05600523667525344,0.4549680808551952
431,0.05577560512589938,0.4550874566362236
432,0.0555480824681959,0.45513188117793557
433,0.055269662206824104,0.4551371702784262
434,0.05502498802890861,0.45523665056756496
435,0.054811465392479476,0.455262580006826
436,0.05457422709430976,0.45515234985962694
437,0.05433242724992312,0.45502106846664697
438,0.05407491868603693,0.45495820167256457
439,0.053829091816731095,0.45490856465434326
440,0.053586770481438534,0.4549902778131835
441,0.053313434227572336,0.4549342566284313
442,0.053071605690212964,0.4550133431859548
443,0.052828920397294886,0.45496962603633445
444,0.052620310333330235,0.4549921550268667
445,0.052369176677065574,0.45478899103303855
446,0.05215067586413454,0.4548611297886066
447,0.0519236794153131,0.45475806983485223
448,0.05169383082273684,0.45476909330687765
449,0.05145132051293659,0.4546615496363572
450,0.05121394230589885,0.4547597504542374
451,0.05100261390505862,0.45475800077703926
452,0.05080399602948991,0.45459209233512576
453,0.05057728448733413,0.45458881656585237
454,0.05035992219791243,0.45469768107666253
455,0.050148269925666525,0.45451177838573087
456,0.04991807967353166,0.45458911599866825
457,0.049682954446926254,0.45455124832260646
458,0.049457950416466646,0.45450477872305456
459,0.049261713520520174,0.4543238943671391
460,0.04905268495784848,0.4543638345743854
461,0.04882205910647341,0.4543318067259294
462,0.04858837090618633,0.4542893806448447
463,0.04835679704210516,0.45408991528480147
464,0.048134053679888884,0.45418613367944155
465,0.04792756111003107,0.454134764143473
466,0.04771682902300319,0.4541559847695239
467,0.047493560099841785,0.4540444917353695
468,0.047284031001020105,0.4540810674242401
469,0.04705744539817347,0.4541237467035795
470,0.04684290542861966,0.4542450816000542
471,0.04662997399967176,0.45418110699730957
472,0.046438547805932276,0.4541696802446275
473,0.04622235179321083,0.45406509668486394
474,0.046014083866957475,0.4540942195691644
475,0.04579515727538884,0.4542436328583497
476,0.04558397240626396,0.4541171144876624
477,0.045402435806892294,0.4541815041558105
478,0.04522473732065339,0.45417720452349725
479,0.04501687639872289,0.45423370125681767
480,0.0448124292096033,0.45426133315899553
481,0.044615709064374766,0.4541607517104659
482,0.044436611875987644,0.45413146940524035
483,0.044271028893433775,0.45413835996448765
484,0.044101655775362666,0.45409419973291537
485,0.04391527093804933,0.4541220450710511
486,0.04370881814632643,0.4542179857818751
487,0.04352326917582388,0.4541364121144139
488,0.04332399809350665,0.4540217033247946
489,0.04313908923174273,0.45404129908668583
490,0.042959285607678414,0.4539390210908491
491,0.04275979981429288,0.4538955745026177
492,0.042566967819910914,0.453770199260083
493,0.04236535602579966,0.45358353978617133
494,0.04218099762100414,0.4536003023155601
495,0.042003395616066974,0.45343898003987504
496,0.04181610646914989,0.453402274179981
497,0.041628536190118734,0.45335427905774056
498,0.041460090274045146,0.45330396238062115
499,0.04127388971657516,0.4531668244072458
500,0.04109032040554877,0.45310107341279615
501,0.04092027029111569,0.4530418130396213
502,0.04072310810508523,0.45297124168223935
503,0.04054943229534231,0.4529444484512299
504,0.040368478119865416,0.452875198709512
505,0.040196108555477554,0.4528816375683751
506,0.04002471598177426,0.4527550611116479
507,0.03984903400677685,0.45269164406218493
508,0.039674243512500346,0.4527615871233285
509,0.039504711292950474,0.4526257414606039
510,0.039322439320233694,0.4526706777374371
511,0.03915590261828226,0.4525703735291234
512,0.03899773325091741,0.4525947704801047
513,0.038823030288446754,0.4525000484288973
514,0.03865120355464954,0.45244467256294485
515,0.03847023359634352,0.45244126315014094
516,0.03832312910338749,0.452350146457928
517,0.03814581202606928,0.45227963642668617
518,0.03797089855629851,0.45231034011568744
519,0.037808199652582496,0.4522137062150085
520,0.03766878224262955,0.4521912427771705
521,0.03749841731468555,0.452228756288212
522,0.03734687941337063,0.452144718460784
523,0.03719261337303222,0.4522804679790733
524,0.03702988265463506,0.45220674404564726
525,0.03689186233787791,0.4521407786917885
526,0.036727760557995655,0.4522055281993556
527,0.036564552579513444,0.4522285238185466
528,0.036411698258561935,0.45229320835497805
529,0.03624839090105542,0.4521433563518622
530,0.03608632030240466,0.4520015423651113
531,0.035938774206060425,0.4519263633664688
532,0.03578962629503196,0.4518565752945433
533,0.035636430041815347,0.4517756291415937
534,0.03549694095988021,0.451760401839013
535,0.03535339888331556,0.4518137593339171
536,0.03519092842907874,0.45180255286000126
537,0.03503765809972875,0.45170554373836136
538,0.034896236717294374,0.4517003009907558
539,0.03474739298829836,0.4516805678250401
540,0.03459735448374115,0.45152501800664
541,0.034437290706341654,0.4515051132796463
542,0.03428517335599386,0.45150348825996306
543,0.03411976839971417,0.4514652338889292
544,0.03395553632066628,0.4513892758826898
545,0.03380349898609246,0.4513814876875514
546,0.03365631592758054,0.4514339564228824
547,0.03352985131041413,0.4513692979309761
548,0.033384733268232374,0.45131663597979405
549,0.033230000606950055,0.4513254270309884
550,0.03309052805794517,0.4512841716178317
551,0.032950647195791216,0.45121455439207303
552,0.03281921822188029,0.4512179711436578
553,0.03268262906220635,0.4512309364220563
554,0.03252930542258147,0.4511712524386547
555,0.03238192631991751,0.4510973353580213
556,0.03225467766315617,0.45115371830374
557,0.032112616405481804,0.45114772091890476
558,0.031984147190882765,0.4512132516198231
559,0.03184867785457596,0.4512668902704212
560,0.03171095511487386,0.451220829019007
561,0.03158506835882363,0.4511877324041599
562,0.0314419984276418,0.45116284669287127
563,0.03131266535887405,0.45107449885319495
564,0.03118895896537366,0.45109084077081874
565,0.031042458678989228,0.4510645030450289
566,0.03090937030481511,0.4510890319401622
567,0.03078032334048366,0.45107093377916835
568,0.030646222661426734,0.45096344988232534
569,0.030498253985542418,0.4508844913949318
570,0.030367230341420515,0.4508532743377801
571,0.030232782882112865,0.4507804728715237
572,0.030107838408558463,0.45076631755951924
573,0.029981883802229926,0.4506582422025521
574,0.02986231293546803,0.45064105360321066
575,0.02973378410868298,0.45062903197314774
576,0.029600184643825928,0.45065356265146
577,0.029477808989444472,0.45054750751188244
578,0.029354457185211593,0.45054206186544865
579,0.029228978721573,0.4504495099319036
580,0.029102150152534277,0.45044531659725284
581,0.028975439280612986,0.4504183679185082
582,0.02885453664584685,0.4502899962666405
583,0.028736114452814567,0.4503004293168573
584,0.028620458255973688,0.45022362139828853
585,0.02849288698044583,0.45012662292314554
586,0.028369610377031944,0.4499754775719454
587,0.028248398899413815,0.4500591213129223
588,0.028125630462672795,0.45005469508839735
589,0.02799385777886211,0.4499755705004616
590,0.027867590060382006,0.44999651387141226
591,0.02773546664362573,0.4499898045744973
592,0.027616969845832815,0.44988595314359336
593,0.027487385126299675,0.4497635879736326
594,0.027378062395668073,0.4497290981665545
595,0.02726497916319505,0.44978635765433006
596,0.027148510575932826,0.44968319407906815
597,0.027037673294860794,0.44973776190728165
598,0.026939338612643117,0.44976559896990587
599,0.026830987417726833,0.4497112729496346
600,0.026728479471828704,0.4496908018899285
601,0.026618842001339908,0.44967050571508455
602,0.02651049540746082,0.44960397553127524
603,0.026414487183252344,0.449618095758847
604,0.026306639781677053,0.44957807523657395
605,0.026204712606236358,0.4494846977988288
606,0.026098466313643733,0.4494502847600419
607,0.02599759099817388,0.44944758798318907
608,0.025887458710345736,0.44942496417004646
609,0.025785235516663042,0.4494578074169797
610,0.02568248344309719,0.44943084357681673
611,0.025577955807702852,0.4493882148480179
612,0.025470189211172223,0.44937917598243204
613,0.025369591831075695,0.44947463405599664
614,0.02525094889517343,0.44951262510321777
615,0.025130575070229724,0.4495301545629202
616,0.025034599963853526,0.44949158024514146
617,0.02492074224091438,0.44931016382281214
618,0.024820975992340292,0.44925879542311586
619,0.02471456497544089,0.4492494130110181
620,0.024615710845758698,0.44920835947622517
621,0.024519202361315166,0.44916393493944423
622,0.024424108070323636,0.44915113775462856
623,0.024320658761199116,0.4490724827854373
624,0.024217366244345197,0.44904562645137985
625,0.02411036959244324,0.4491354789378805
626,0.02401116865727456,0.44911091358467353
627,0.02390666910700529,0.4491073258865151
628,0.023800772599886603,0.44908355012049456
629,0.023716650685335627,0.4490074337427588
630,0.023617397983248873,0.4489636517700881
631,0.023511541762040775,0.4489505487202253
632,0.023410061135171602,0.44895790041315875
633,0.023304948764465736,0.44893015381665113
634,0.023199668721548335,0.4489277494796319
635,0.02310672505732349,0.4489252209315295
636,0.02300839817197685,0.4488795287655387
637,0.022918508382627076,0.4487516132800059
638,0.022821075797938684,0.44865770185609816
639,0.022727587210767453,0.4486823626239429
640,0.022640255460271392,0.4486609845396702
641,0.022536461317347482,0.44863870110470894
642,0.02245122990562059,0.4486620434906289
643,0.02235252236038427,0.44861374727424186
644,0.02225635069506035,0.44855997421872396
645,0.022160072304902013,0.44864924616479923
646,0.022076806871201414,0.44869519781858214
647,0.02199007073173181,0.4487107989487511
648,0.02190847753472872,0.44871180559935503
649,0.021825866824547683,0.4486741909284665
650,0.02174715887271201,0.44875438798234973
651,0.021654551889582683,0.448735803913354
652,0.021559928316067643,0.44873080910773105
653,0.021474119808927855,0.44870064564565487
654,0.021384322479074194,0.4486594537445937
655,0.02128316573036993,0.44869891065587547
656,0.021196488400779083,0.4486453532571341
657,0.02109867161769084,0.44867622879489344
658,0.021012411812325632,0.44856550416809376
659,0.02092289141716172,0.4485357975496709
660,0.020827298467209206,0.44852053224059835
661,0.02074369305412315,0.4484662128135293
662,0.020648165994446202,0.448420916491353
663,0.02055998875920952,0.44841216051205834
664,0.020470607888214334,0.4484363324267686
665,0.020379466772396947,0.4485093220212329
666,0.020293004631454305,0.44846244785687006
667,0.020206991112060316,0.44857109712260806
668,0.020127558680825507,0.4486021425789331
669,0.020051383923537173,0.44853068554903036
670,0.019975991737317105,0.4483980083666166
671,0.019898052038434855,0.4483919025074609
672,0.019812587817998353,0.44838273853858607
673,0.019716648161444437,0.44840485117495577
674,0.0196193073098891,0.44836127897957784
675,0.019536372170799572,0.4483240286753235
676,0.019448313983544685,0.448230186256528
677,0.01936272829530355,0.44812424788423627
678,0.019282503785083508,0.4481543077595878
679,0.01920893273968388,0.44812443529997525
680,0.019126234615919908,0.448137698159357
681,0.01904911845703211,0.44808114638615454
682,0.018970804750504652,0.4480872857666727
683,0.018901565835508057,0.44802868868172774
684,0.018828203457628045,0.44803415961243587
685,0.018748948143602194,0.448000546895337
686,0.018673417809417153,0.4479668275034505
687,0.01859556174276219,0.44795169208661606
688,0.01851663114634634,0.4479325358526553
689,0.018433865208041644,0.4479126658304573
690,0.018359177038158748,0.4479119961943392
691,0.01828312742775752,0.44784949774005645
692,0.018210162560946465,0.44786070159955005
693,0.018148426180701345,0.4478471705978138
694,0.018076738976791473,0.44779558885969095
695,0.01799951127482544,0.4477829558385324
696,0.017917239289799807,0.4477192214461209
697,0.017838115736843244,0.4477533176640847
698,0.017761425546954132,0.44775105288493317
699,0.017680959442626067,0.4476927997373218
700,0.017601448067388226,0.4476589024109263
701,0.017523267044053704,0.4476969685419848
702,0.017459434847268897,0.447663668216519
703,0.017391559878883765,0.44760381890406703
704,0.017322310714747127,0.44761718709638265
705,0.017256348382810694,0.44755063548511176
706,0.017186256859491558,0.44760785190612346
707,0.017116253748550202,0.44758740782089285
708,0.017050245122607662,0.4475451735758959
709,0.01698605540636175,0.4475001301963675
710,0.016911430053679333,0.44747718259488595
711,0.016842257490240303,0.44747514766136465
712,0.016776162435017627,0.4474193402968899
713,0.0167038894173405,0.44742893444546145
714,0.016636786333679886,0.44742363776835975
715,0.01657591968654659,0.44741915265757165
716,0.01650889388815702,0.44743567625402286
717,0.016437504836060306,0.44744807490303345
718,0.016364943862138295,0.4474201837705587
719,0.01629424879667394,0.4474356808474098
720,0.016231294079972234,0.4473768656138713
721,0.016156558700058513,0.44734308257365607
722,0.016090982457744245,0.4473726179648398
723,0.016029361190132485,0.4474677678381844
724,0.015968972173288177,0.44746930544580354
725,0.015898566195035616,0.4474951577102272
726,0.015830039272744297,0.4475575243769548
727,0.01576634660390012,0.4474872205722129
728,0.01569981301396866,0.44750733934482445
729,0.015640379693025244,0.4475254614608287
730,0.015576865645453589,0.44749745092518095
731,0.015513655160980813,0.4474994565990542
732,0.01544577053022421,0.44747242596404896
733,0.015379358544112058,0.4474128063095675
734,0.015317101673905634,0.4474385542565823
735,0.015255341788826886,0.44742092905299374
736,0.01519399037171212,0.44747366194325305
737,0.015131493946597274,0.4473967872533568
738,0.015070049534633348,0.4473993068123831
739,0.0150147374792397,0.44736840852841864
740,0.0149436791162058,0.4474069095824781
741,0.014884840896189036,0.44733952952441836
742,0.01482976668317493,0.44725852930766746
743,0.01477063189536377,0.4472721857548345
744,0.014712742231873724,0.4472070145790465
745,0.014657453473909147,0.44727813939506206
746,0.01460107883142607,0.4472740374284385
747,0.01453997289711465,0.44727339366809954
748,0.014475878804196141,0.4472256648580248
749,0.014423099036970198,0.4472783221851613
750,0.014360948476729,0.4473069944052708
751,0.014305713416894137,0.44732000884772416
752,0.014249692076483892,0.44728956201822084
753,0.01419030413131139,0.44727310866956277
754,0.014131989830121384,0.44735717209094866
755,0.014081071290705212,0.4473249209053239
756,0.01402990098987779,0.44728441676811753
757,0.01398006559333262,0.44728408886805815
758,0.013930954776593308,0.4472129760799751
759,0.013878088589575673,0.44713431494796585
760,0.01383000958037713,0.44711070357385835
761,0.013774261529730937,0.44710536673332346
762,0.013710641227439539,0.44713349231290095
763,0.01365268620272127,0.44707951737744694
764,0.013589567987111742,0.4471109990949963
765,0.013531738708552777,0.4470659677771328
766,0.013476638521086921,0.4470242495353868
767,0.013421760352818985,0.44697669888384733
768,0.013359716260772533,0.4469277425913243
769,0.013297963236712625,0.4468999660533302
770,0.013245111841865184,0.4468599157788964
771,0.01319192575856765,0.446847086969284
772,0.01313785292747289,0.44672551164604535
773,0.013080726531511773,0.4466913241535753
774,0.013026894295466575,0.4465994333383402
775,0.012974045009623214,0.44652234861812645
776,0.012917613264856203,0.44650376429041877
777,0.012858578828805327,0.4464457346031697
778,0.012805530601816592,0.44639262391552453
779,0.012749637505482742,0.44637304082629875
780,0.012701945136865126,0.44635678277667334
781,0.012651146157241043,0.4463264057799243
782,0.012599343763061502,0.4463109239956582
783,0.012550107567200344,0.44625113842039216
784,0.012492599928469373,0.4462340189060472
785,0.012437855338388282,0.44618471976488716
786,0.01239109907913233,0.4461149018564308
787,0.012346379745645661,0.4461721290714571
788,0.012286642286085694,0.4461957505402417
789,0.01223311172053912,0.4461931413547664
790,0.012185648612746042,0.44616743369059286
791,0.012141121630694307,0.4461640529804417
792,0.012087764812270951,0.4461824319291254
793,0.012044205702993062,0.4461394160007367
794,0.012000574025158259,0.44618328370917937
795,0.011947149797353307,0.44618661112568103
796,0.011897357206874052,0.44617254737654266
797,0.011851946951969164,0.4461832943685571
798,0.011795094758475755,0.4462080899790055
799,0.011745519212924016,0.4461960166278483
800,0.011700054694623613,0.4461895915163333
801,0.011649546111563183,0.4461730746066062
802,0.011601701174547063,0.4461279061771376
803,0.01155625693631218,0.44618870787276643
804,0.011511927546841867,0.44610482489071196
805,0.011468146228442659,0.4460396764499768
806,0.01142013577813026,0.44607658526195215
807,0.011371384668846973,0.4460681892447507
808,0.011323804244143103,0.44603135141020583
809,0.011275347373431699,0.44598496326527254
810,0.011225686092068506,0.4460767779200951
811,0.01118297103042765,0.44602762539228136
812,0.011135185654406311,0.4460156203284174
813,0.011088404450185066,0.4459445590799775
814,0.011040922304419741,0.44589543876248844
815,0.010998687632062123,0.445919127937624
816,0.010955946138977617,0.44587917597202764
817,0.01091477504669623,0.44584323100083745
818,0.010866577686949406,0.4458426827829787
819,0.010822103353377232,0.4458791773322949
820,0.010783573411029625,0.44591194567307896
821,0.010741837628137992,0.44593034743860044
822,0.010697706795949958,0.44592168006433325
823,0.01065558562414421,0.44590689241107684
824,0.01061409553040214,0.4458876322764662
825,0.010573601810335884,0.4459166851828352
826,0.010530926135684564,0.4458742156931409
827,0.010492116160345314,0.4458791909496841
828,0.01044561454091901,0.4459110600149331
829,0.01039712418550576,0.44592225484757725
830,0.010356278576695249,0.4459189955900291
831,0.010314138508512816,0.44597473588421205
832,0.010278937636953707,0.4459545392983715
833,0.010232888137270002,0.44595857867142735
834,0.010190905680233009,0.44589545066634256
835,0.01015063708084136,0.4459009803074894
836,0.010109300124853875,0.44589786919134006
837,0.010062937239446384,0.4458438568355911
838,0.010024212635887757,0.4457664859163629
839,0.009982577142706823,0.4457607892706764
840,0.009940512520069746,0.4457730217030407
841,0.009900556906810833,0.44571845024719525
842,0.009862298408203159,0.4456716443550621
843,0.009818029738069717,0.4457046617313388
844,0.009781494167030473,0.44568918879266256
845,0.009741663550812818,0.44564796884747376
846,0.009703050397868788,0.44566295096941067
847,0.009656061431730149,0.44565831219316665
848,0.00961386182004872,0.44565444569639734
849,0.009576671779485955,0.44568066452904626
850,0.009541257287265176,0.4456681675687168
851,0.009505073165371688,0.44567990400671986
852,0.00946505565272934,0.4456587339134065
853,0.009423998915213928,0.44565897061235327
854,0.009388261212371504,0.4456736543805498
855,0.009355150970977064,0.4456686119103357
856,0.009318524799504069,0.4456507690614256
857,0.009282969173826325,0.4456551879096413
858,0.009247052303745153,0.44563033795928564
859,0.00920837568569176,0.445594516666973
860,0.00916863292486302,0.4456212191043549
861,0.009130350077860993,0.4456621539206023
862,0.009093051860523452,0.44568225617074
863,0.00905495976161653,0.4456403185231879
864,0.009015438780785534,0.4456559104083611
865,0.008978250378265204,0.44568367632349537
866,0.00894256239305125,0.4456721342934364
867,0.008906063095636973,0.4456248940166223
868,0.008871585470762507,0.4456566989128957
869,0.008836723279383164,0.44563737152412697
870,0.008805430067249827,0.4456681151396751
871,0.008766311317241217,0.44566093592813544
872,0.008729176325180433,0.44566003218732486
873,0.00869556720724404,0.44561429246668355
874,0.008660521835072994,0.4456104744284696
875,0.008627495333214136,0.4455899594767216
876,0.008593991314091384,0.4455500723550504
877,0.008561275177606627,0.4455474170355999
878,0.00852953505419706,0.44550906100779164
879,0.008495234053098483,0.44552446093122816
880,0.00846067933973248,0.4454978555281403
881,0.008424912503329107,0.44544367964973425
882,0.008393333939903888,0.4454571672752787
883,0.008358272985904748,0.4455002012008934
884,0.008325717425381293,0.44541338273190884
885,0.008293246872562308,0.4454581376904786
886,0.00826152146348896,0.4454316396282498
887,0.008231392238354155,0.44544285435488384
888,0.008200538058528337,0.44542150705287703
889,0.008165904372751769,0.4454161550124249
890,0.008129674165964298,0.44545415629714447
891,0.008096797340118344,0.44546228322697845
892,0.008061159747112525,0.4454970929274092
893,0.008034473617446242,0.44549238311162814
894,0.007999448979175374,0.4454613610829914
895,0.007967373288949085,0.44540474943215796
896,0.00793437293320949,0.44542280106822296
897,0.007903226862633766,0.4454264967873132
898,0.00786971093396834,0.44543239288838804
899,0.007837558603766035,0.4454175325738454
900,0.00781041722344769,0.44542099551130726
901,0.00777987843732944,0.44537326881846095
902,0.007749358366622003,0.4453822300526829
903,0.007717258320793149,0.44539212370653875
904,0.007684058787684364,0.4453803975035684
905,0.007654245780127581,0.4453309591128772
906,0.007625763861594299,0.4453146014442832
907,0.007596688498539302,0.4452851359596066
908,0.007563921335455115,0.4453187055244635
909,0.007531777541311146,0.4452424904262185
910,0.007503642533085334,0.44522337701342546
911,0.0074743744888285096,0.44522711128728704
912,0.007445659024506821,0.4452305503418385
913,0.007415902688087198,0.44518418276854316
914,0.007385886094913663,0.4451775848937561
915,0.0073551869938376846,0.44515490505999544
916,0.0073297155957695375,0.44514962656741064
917,0.0072989983926442055,0.4451741138371112
918,0.007272867826948129,0.4451998778681746
919,0.0072420042538375974,0.4452348415521027
920,0.007213571110300046,0.4453071983923891
921,0.0071829886426869015,0.44533462437916016
922,0.007151107924960113,0.4453061319067774
923,0.007119775677867168,0.4452898818757636
924,0.007094322701701977,0.4453119176421565
925,0.007068414337311081,0.44532730011272914
926,0.007043151851377766,0.44532564058648605
927,0.0070154030316687144,0.44530282433963825
928,0.006986934641868116,0.4453091861816799
929,0.006958247207472404,0.4453275661447915
930,0.006927916461408802,0.44529710190439886
931,0.0068986484665131366,0.44532641499811326
932,0.006866316459791664,0.44529903527744263
933,0.006834761872059084,0.4453005135554864
934,0.006809098467780516,0.4452990777741594
935,0.006783550882779962,0.44531759001272186
936,0.006753857353393511,0.44527557853225186
937,0.006728312108208695,0.4452665303169699
938,0.0067027505552548425,0.44519932758992253
939,0.006676144900168888,0.44517066005250605
940,0.006649419551567016,0.4451366348359852
941,0.006622474874916778,0.4450927550912234
942,0.006597654953559034,0.445111134271579
943,0.0065702020330266064,0.4451185277081561
944,0.006543664509973207,0.4450995543586536
945,0.006518247644200904,0.44513241090808503
946,0.00649232449168169,0.445112165970189
947,0.006467005102239984,0.4451084168508586
948,0.006442160490252026,0.4451185861867238
949,0.006416427432041255,0.4451843145128312
950,0.006391995397664377,0.4451439670130562
951,0.006368159609187963,0.4451453022115212
952,0.006341918257844407,0.4451408882102062
953,0.006314048264921595,0.4450903980190416
954,0.006284795441958071,0.44508428558320545
955,0.006260909702889861,0.44509071199995776
956,0.0062347697855729325,0.44511154257140395
957,0.006212667691523724,0.4451328090783927
958,0.006189170385303405,0.4451475006271129
959,0.0061659097954634146,0.44510284092564534
960,0.006143309233773002,0.4450993671170527
961,0.006116272695782404,0.44508424651174516
962,0.006091951420690444,0.4450798152703641
963,0.006066928156480768,0.44505970261474437
964,0.006041943857575884,0.44502806406923634
965,0.006017716207974282,0.4450128617049613
966,0.00599259432893303,0.4449775316748365
967,0.005968849575735893,0.4449858761440973
968,0.005947980467639682,0.44501374711148056
969,0.005923833432664943,0.44498787576377924
970,0.005899718067934011,0.444955234090606
971,0.005874017791747936,0.44493645014931255
972,0.005849920947433249,0.4449304413060719
973,0.005825109255298975,0.44499915132659407
974,0.005803831074715051,0.4450282275192283
975,0.005780976722723548,0.44501514556484956
976,0.005761050157520051,0.4450181945632679
977,0.005738665880341293,0.4449633344314344
978,0.0057167713031089215,0.4449500660755215
979,0.005695058627109818,0.444934537843077
980,0.005673127746846585,0.44489538731536393
981,0.005650488009961881,0.4449010888682119
982,0.005629293551412855,0.4448705069526891
983,0.00560754255664704,0.4449119564718172
984,0.0055840418679526105,0.44488871904681465
985,0.005563670495432824,0.4448774525415424
986,0.005541333567582187,0.4448935117912869
987,0.005519197687990739,0.44488372041658464
988,0.005495554311240005,0.4448695035850249
989,0.0054731722313421955,0.44481023419104937
990,0.0054494550825483065,0.44478567704027916
991,0.005428161592786971,0.4448199818666662
992,0.005408997343703069,0.4447462191109851
993,0.005387617975843665,0.4447276706060286
994,0.005367300910783716,0.44472924767597954
995,0.005346526407394028,0.4446776480639715
996,0.005323675429613849,0.4447104260481363
997,0.005301641766316488,0.4447121104382341
998,0.005283290511141513,0.4447218529423345
999,0.005262640934868463,0.4447020267413306
1000,0.005242936888903065,0.44469599308702495
1001,0.005219111387266864,0.4447002116785671
1002,0.00519763612897681,0.44470134226337105
1003,0.005179115527044482,0.44472325629517173
1004,0.005158582963389234,0.4447047753403718
1005,0.005137704853077563,0.44469032348785564
1006,0.005115789730370138,0.4447021437720749
1007,0.005095522171549449,0.44471056660323105
1008,0.005075335392319792,0.4446757005559376
1009,0.005055382273998173,0.4447064126226788
1010,0.005034544965049792,0.4446996631647273
1011,0.005011332841599708,0.44469597755898593
1012,0.004991163010362249,0.4447064943039084
1013,0.00497236816613607,0.4446881508867312
1014,0.004953447308679781,0.4446097530952082
1015,0.00493309061110759,0.44459949398674714
1016,0.004913872048385933,0.44462330083779467
1017,0.004895826529202044,0.44463542167907477
1018,0.00487822942507367,0.4445825331489099
1019,0.004859187793014376,0.4445609376047241
1020,0.0048373997165944175,0.4445207018738997
1021,0.004815874657963955,0.4445612761373409
1022,0.004795667321508087,0.44457044076247326
1023,0.004777409913838854,0.4445484880604704
1024,0.004755347894691663,0.4444783942014446
1025,0.004740358748187583,0.44446041862450003
1026,0.004723047081747784,0.44444711980255164
1027,0.0047051780765085035,0.4444524434114091
1028,0.004686465376132304,0.4444324306436716
1029,0.004669407275233167,0.44440990696692545
1030,0.004650057912758615,0.4444201536641758
1031,0.004631722491118586,0.44442529283260146
1032,0.004613123691945828,0.444504835964147
1033,0.004594070890008676,0.44445060514189705
1034,0.004577255298630331,0.4444322305972941
1035,0.00455746141427102,0.4444241737443492
1036,0.004539906165771995,0.4444058464293586
1037,0.0045214362341202,0.44440813643211347
1038,0.004505537345556678,0.4444185239972111
1039,0.0044877141725036054,0.4444230293360374
1040,0.004467637294800945,0.44446754748583894
1041,0.004450514337041244,0.444503619817523
1042,0.004430700132629739,0.44447756293181595
1043,0.004413519850125123,0.4444748607116935
1044,0.004396198621900012,0.4444647750314741
1045,0.004375627885365075,0.44449124210848706
1046,0.004357844267571605,0.4444881171405355
1047,0.004342740874179443,0.44449598586305905
1048,0.004328081902904458,0.44452186882834516
1049,0.004310565053196988,0.4445170070215941
1050,0.004294006221936137,0.444547259145043
1051,0.004276261992986478,0.44456456339542966
1052,0.004258613515897107,0.4445639881447879
1053,0.004243440230655604,0.44455420214354285
1054,0.004225076731808029,0.4445485380465235
1055,0.004205250246907459,0.4445669946388094
1056,0.004187288262586755,0.44455835500460367
1057,0.004171030809807756,0.4445240788087388
1058,0.004156596174319726,0.44454490800317026
1059,0.004140133537227331,0.4445189063958834
1060,0.0041217661558684456,0.44452469227302294
1061,0.004106223181434599,0.4445082324117784
1062,0.004091398833232876,0.44454040028633074
1063,0.004074871623375804,0.4445275209831185
1064,0.004058699321001909,0.44450464625880537
1065,0.004043514051749179,0.4445182704274441
1066,0.004030496366324986,0.44452455253742756
1067,0.0040140882786257855,0.44451404430504116
1068,0.003998079244294103,0.4444640086451876
1069,0.003981442787770879,0.4444788371961591
1070,0.003963960197417169,0.44447805817418085
1071,0.0039480654550181635,0.444493269867955
1072,0.003930640147543444,0.444495905926864
1073,0.003914405156896874,0.4444853651191194
1074,0.0039001593708304413,0.4445031605596252
1075,0.003883532986540833,0.4444952854965734
1076,0.003869515851156819,0.44450343710367346
1077,0.003852671440808778,0.4444685349639605
1078,0.0038382090892892487,0.44447899058800877
1079,0.003822570554087684,0.44449345600119594
1080,0.0038092780372970298,0.4445074961667244
1081,0.003796058347607198,0.44452269095495994
1082,0.003781084139912746,0.44450194521028175
1083,0.00376319983704398,0.44450189181567695
1084,0.003749332889904141,0.44450971581109233
1085,0.0037334714272328883,0.4445205250225546
1086,0.003717947517820026,0.4445059272432186
1087,0.003704289097812018,0.44448688856481655
1088,0.0036895676394471636,0.4444689529952022
1089,0.003677838902858094,0.4444509278390595
1090,0.0036653616735092347,0.4444709909803868
1091,0.003650467687420342,0.44443456068204135
1092,0.0036365324839527074,0.44442874687534545
1093,0.003624948546558111,0.44444860585041207
1094,0.003610796246581252,0.444419816180751
1095,0.0035972415826524924,0.4443887203592804
1096,0.0035818319945008347,0.4443936645829473
1097,0.003566474801320696,0.4443805146543357
1098,0.003552717756442577,0.4443577099667675
1099,0.0035386166075499033,0.4443617712874551
1100,0.0035239715903427763,0.4443735829638922
1101,0.0035092367252844026,0.44437041428114277
1102,0.0034952295869492707,0.44437368337611854
1103,0.0034817971501978546,0.4443319733913733
1104,0.003467158610153893,0.44432116755626505
1105,0.003453768237202671,0.44431624949857684
1106,0.003440423359511329,0.44431984535127544
1107,0.0034299180840842475,0.4443141560038795
1108,0.003414984776356452,0.44427472694004716
1109,0.003400870018601403,0.4442660673686063
1110,0.003387586732420261,0.444322067262144
1111,0.003372534872118888,0.44432752789947155
1112,0.0033603396823128386,0.4443399012052866
1113,0.0033457110609215993,0.44429665774652005
1114,0.003332678389223558,0.4442691046857128
1115,0.003320173974610783,0.44427447218931637
1116,0.0033079955961432175,0.4442613834345542
1117,0.0032967084851504586,0.444264681169895
1118,0.003282031488869461,0.44423821160662763
1119,0.0032694178357759104,0.444229200397829
1120,0.0032565606016388667,0.44421047672525715
1121,0.003242686170458124,0.44419209324600384
1122,0.003231282253566079,0.44417152145933625
1123,0.0032193065585781446,0.44416416944516973
1124,0.0032078563665492023,0.44412952439431247
1125,0.0031955508943331636,0.4441354979286962
1126,0.003183775046193481,0.44415533350364095
1127,0.0031715508363297437,0.4441064702882594
1128,0.003158499982031921,0.4440964045149265
1129,0.003144971593169524,0.4441076114723414
1130,0.0031338265000773633,0.4441162555687073
1131,0.0031215068063622227,0.4441215090221101
1132,0.003108661278390862,0.4441134135541584
1133,0.0030976038065090054,0.44408131848784094
1134,0.0030848699893261155,0.44410528289062007
1135,0.003072038551668743,0.4441344950240269
1136,0.00306101181984695,0.4441331752059565
1137,0.003049109419515518,0.4441419248474634
1138,0.003036705097381464,0.44415928651006426
1139,0.0030255149757154503,0.4441412708791485
1140,0.0030138961713321805,0.4441512356059141
1141,0.003000526451346132,0.44413400111094553
1142,0.002988486857514438,0.444124878735924
1143,0.0029752168162467244,0.44413040303582163
1144,0.0029624392052439398,0.44413489193767014
1145,0.0029514643283776367,0.44413719601585866
1146,0.0029401356453393848,0.4440909832058809
1147,0.0029305145694541058,0.4441032742425782
1148,0.0029188330942054056,0.44408885818420357
1149,0.0029082405667739774,0.44409876134730747
1150,0.0028982487747374504,0.44411184550697064
1151,0.0028877355795229303,0.44410816061766656
1152,0.002876312978232782,0.44412135503040334
1153,0.0028640068494944445,0.444106104800552
1154,0.0028541898398896665,0.44412183906004626
1155,0.00284323519569256,0.4441279720393222
1156,0.0028322828716271127,0.4441099495791934
1157,0.0028215683251394358,0.44412517299338455
1158,0.002812717859351611,0.4441254609200747
1159,0.002801130414553919,0.4441532203998589
1160,0.0027902592031386086,0.4441395177856295
1161,0.0027809930073277355,0.4441073670631619
1162,0.002771367655193164,0.4441209935806727
1163,0.002759501454657138,0.44411817903468537
1164,0.002748079203731454,0.4441249779285334
1165,0.0027375258152224904,0.4441317459445128
1166,0.0027268254408120765,0.4441489646781793
1167,0.0027164176732648645,0.444168103316713
1168,0.0027068280519624336,0.4441698076531835
1169,0.0026962534411129613,0.444162093438576
1170,0.002686009610832006,0.44416112217772297
1171,0.0026751879413851355,0.4441441757192647
1172,0.002663769819660568,0.44416074382113835
1173,0.002653341216228273,0.44416789256253353
1174,0.0026434070955476644,0.4441569113501231
1175,0.0026329447077019868,0.4441191117473045
1176,0.0026215054365830767,0.44411553426238903
1177,0.0026108133071905933,0.44413750050497647
1178,0.0026005104516718803,0.4441230071394928
1179,0.002590060837605533,0.444129280135209
1180,0.0025777901348956883,0.4441300170357668
1181,0.0025686865787736095,0.4441512748160803
1182,0.002557267085553211,0.444122570487488
1183,0.0025464021837704625,0.4441296555800616
1184,0.002535548452626831,0.44411916512808414
1185,0.002526461114928726,0.4441559309397886
1186,0.0025171752204512002,0.44415668876214043
1187,0.0025072573679167705,0.44417107108176074
1188,0.002497156983477421,0.44415108579042906
1189,0.002487631291019842,0.44415025032493827
1190,0.0024794297061492996,0.4441462561226588
1191,0.002469304092812589,0.44413306614731374
1192,0.0024592892512834436,0.4441367018339014
1193,0.002450526986698348,0.44413614536415535
1194,0.0024412204692684145,0.44411767418851167
1195,0.0024305568531296667,0.4441119618335493
1196,0.002422230394082739,0.4441238523956815
1197,0.002413513653886383,0.44410006812802844
1198,0.0024046471730793557,0.44411195041233437
1199,0.0023948747924391676,0.4440952528626353
1200,0.0023844103705700135,0.4441012814821233
1201,0.0023761970700788755,0.44410733314478124
1202,0.002367190495061471,0.444095225288867
1203,0.0023575103688463876,0.44409677502284844
1204,0.002348177504595261,0.4440975938114902
1205,0.002338655010253658,0.44407761902406023
1206,0.0023288488147335373,0.4440582158559209
1207,0.0023200823838195,0.4440584554186589
1208,0.0023112279307543906,0.44403835990468105
1209,0.002302000009702795,0.44403107909025546
1210,0.002292703213102709,0.44401890538595296
1211,0.0022836228356018255,0.4440193311256826
1212,0.0022744678613832495,0.4440037904800429
1213,0.0022663181942908675,0.444002914644876
1214,0.0022581892672154332,0.4439811909283608
1215,0.0022489664349425167,0.4439862122618616
1216,0.002241031032205658,0.4439889121651467
1217,0.0022315608284856924,0.44397952363358634
1218,0.002222738094007432,0.4439679825149932
1219,0.0022151843068171665,0.4439645812019153
1220,0.00220673487333622,0.4439524176206695
1221,0.002198648814052057,0.44395570515211324
1222,0.002190218125003074,0.44392478683759956
1223,0.0021811104876579153,0.4439376186614716
1224,0.002173791071428365,0.4439241415116534
1225,0.0021654381218307035,0.44390722002838645
1226,0.0021566060151625775,0.44393346561912056
1227,0.002149019337238631,0.44393187532018913
1228,0.0021414161123949633,0.44394524945745795
1229,0.0021335540392273733,0.44393714265101997
1230,0.0021253929170552462,0.44392982093509625
1231,0.0021169589801689533,0.443915919269475
1232,0.0021088143933480803,0.4439218967930144
1233,0.0021006249488739036,0.44390646518852156
1234,0.002092768306583685,0.44390474361698223
1235,0.002084480970593206,0.4439124161171162
1236,0.0020763013675078002,0.44394279052056573
1237,0.0020681945351664574,0.443946571144565
1238,0.0020595586858515725,0.4439517777299428
1239,0.002051548994272366,0.4439106002292145
1240,0.0020442803412163745,0.4439061360305938
1241,0.002036321737130897,0.44389850933760777
1242,0.002027961387940064,0.4438901181034005
1243,0.0020202738297298538,0.4439012127143711
1244,0.0020123453515455626,0.4438940063811237
1245,0.0020057692123085415,0.4439032546675903
1246,0.001997931967573223,0.44390140689391866
1247,0.001990420359454849,0.44390422203142627
1248,0.0019824169298792893,0.4438799926045712
1249,0.0019739276822260854,0.44388082085301495
1250,0.0019660917629813466,0.44387435373191847
1251,0.0019585725397529303,0.4438769762990889
1252,0.001950810494698802,0.443860269345102
1253,0.0019428587001634912,0.44384402656055005
1254,0.0019355135737700749,0.4438638197616819
1255,0.001928045905922112,0.44383848219917255
1256,0.0019197659625727463,0.44383492812963554
1257,0.0019114625547325607,0.44383089420848465
1258,0.0019036657770537422,0.443810009282175
1259,0.0018958077592241965,0.4438006243152167
1260,0.0018885763177655488,0.4437952031373924
1261,0.0018813491689538425,0.44381847116702494
1262,0.0018734892553169083,0.4438353911710099
1263,0.0018671593221583434,0.4438183203719514
1264,0.0018608163648034957,0.4438156545585659
1265,0.0018539864344299484,0.4438104320978292
1266,0.0018474994464098018,0.4438160018365836
1267,0.0018394756183207535,0.4438038735895029
1268,0.0018314747874823057,0.443791280789456
1269,0.0018245406961811706,0.443772090846978
1270,0.0018173358650056498,0.44373481602652837
1271,0.0018107930778391314,0.44372673148936714
1272,0.0018043530660818714,0.44373236914576575
1273,0.001796732093988493,0.4437130590881167
1274,0.0017891024960690026,0.4437086868309277
1275,0.0017831264639117195,0.44366900952438254
1276,0.001776255711958486,0.4436814095323809
1277,0.0017685088954888424,0.4436891478185458
1278,0.001761914707672744,0.44370398534960137
1279,0.001754567104472614,0.44371360043141206
1280,0.0017478173453368854,0.4437113255922403
1281,0.001741206550634028,0.44372413177778547
1282,0.0017344292764115493,0.4437418454653261
1283,0.0017278630942631635,0.4437183791497841
1284,0.001720650131178256,0.44370599340724287
1285,0.0017141695910755461,0.4437067663931188
1286,0.0017084896731965706,0.44370681470876344
1287,0.0017019895952736289,0.4436873081675964
1288,0.001695510095966656,0.44368840164680734
1289,0.0016888792679045654,0.4436800177801255
1290,0.0016826866529836633,0.44366060269778945
1291,0.0016769806907154826,0.44365742620362575
1292,0.001671068696940878,0.44364718654808727
1293,0.001665509079343343,0.443643746793212
1294,0.0016588643490184807,0.4436375107892343
1295,0.0016512895849319755,0.4436454270141447
1296,0.0016457418871492942,0.44365364255695605
1297,0.001638144275814259,0.4436566037061349
1298,0.0016321200012290764,0.44364695978531393
1299,0.0016263113042262129,0.4436177272104718
1300,0.0016206324284800534,0.4436099909281204
1301,0.0016149273229702297,0.44361859192922887
1302,0.0016085068981166572,0.44361441246504174
1303,0.0016015102651012144,0.4436096656350577
1304,0.0015952342467486739,0.4435967227907511
1305,0.001589598872617334,0.44358079096675
1306,0.0015840087407674472,0.4435755260408182
1307,0.0015772211644675114,0.4435663916208158
1308,0.0015712850753178342,0.44357307255115924
1309,0.0015662366423822454,0.4435763420233704
1310,0.0015595499276330434,0.4435658835414275
1311,0.0015533542573222471,0.44358889203081403
1312,0.0015474451689306966,0.44359279512810507
1313,0.0015419345606253057,0.44358419320040704
1314,0.0015350849999388554,0.4435657430320508
1315,0.0015285532484476034,0.44358675870733344
1316,0.001522751409356412,0.44357094104014033
1317,0.001517676628428533,0.44357230520955115
1318,0.001511985157241323,0.44357968228673134
1319,0.0015064607790029412,0.443559189885724
1320,0.0015008971665887664,0.4435617944198445
1321,0.0014955841464758346,0.4435828178708963
1322,0.0014902195416713624,0.44355748924526894
1323,0.0014851419476288022,0.44356745009695014
1324,0.001480465411853353,0.44355164043937056
1325,0.0014756609367823858,0.44355742992930136
1326,0.0014701231866621422,0.44354301427200604
1327,0.0014650301780519924,0.4435397928196042
1328,0.0014593417879174492,0.44352769033046324
1329,0.001453679009378921,0.443544527211148
1330,0.0014483475767954565,0.44354565499762766
1331,0.0014430639788271533,0.44355157324463146
1332,0.0014370228584339344,0.443545217582531
1333,0.0014313900311433455,0.4435304526334137
1334,0.0014259056723303994,0.4435348022957557
1335,0.0014202346471710219,0.44353918397214137
1336,0.0014144215076374376,0.4435333417764592
1337,0.001408972198299309,0.4435239691761599
1338,0.0014042846668307284,0.44352476396334495
1339,0.0013985958531410306,0.4435076180682831
1340,0.001392919364057051,0.4434938130880066
1341,0.0013877840754505783,0.4435053861345533
1342,0.0013832095056928169,0.44349883515527755
1343,0.001377560309606327,0.4434755704622073
1344,0.001373185119829409,0.4434650793098153
1345,0.001368257140200988,0.4434568645694655
1346,0.0013636749703887152,0.4434778130059893
1347,0.0013588588496043657,0.44348313051486654
1348,0.0013526704541321093,0.44348056476708797
1349,0.0013473648071159084,0.44348095422411343
1350,0.0013415211909756082,0.4434649337274752
1351,0.001336419715910368,0.44347907904314193
1352,0.0013310257067504611,0.44348340471732667
1353,0.0013262713039427602,0.44346588751290045
1354,0.001321182484382035,0.443452580873956
1355,0.0013166390368818228,0.44346830723910047
1356,0.0013115754934181396,0.44347137110551743
1357,0.0013061404152246935,0.4434598655588405
1358,0.0013013754339257508,0.44347836869803137
1359,0.001297169599735372,0.44345935821703125
1360,0.0012927183020154799,0.4434248139810812
1361,0.0012882579792545988,0.44342309794271945
1362,0.0012832733491349667,0.4434081256710196
1363,0.0012794511214032811,0.44341012794146784
1364,0.0012753178572098788,0.4434251253756041
1365,0.0012705160900200808,0.4434223449927733
1366,0.001265601743298474,0.44344772749111894
1367,0.0012611867573766949,0.4434211470756742
1368,0.0012567134675991317,0.4434297247994094
1369,0.001252462949932623,0.4434208811435714
1370,0.0012478739829703846,0.44339714861282553
1371,0.0012430207144961067,0.4433887994307706
1372,0.00123844366253155,0.4433942052246413
1373,0.0012340646337757892,0.44339354221889304
1374,0.0012300833746883885,0.443394835726025
1375,0.0012263263648923783,0.44338673978184073
1376,0.0012217793804204515,0.4433963611801831
1377,0.0012167522409576388,0.44340133302852097
1378,0.00121230928095456,0.44339549104829074
1379,0.0012077059422573727,0.44340104036809747
1380,0.0012029820746366651,0.443382642626791
1381,0.0011989585902111403,0.44338667033033813
1382,0.0011942482060855167,0.4433974246424114
1383,0.0011900232301338182,0.44339879957368294
1384,0.0011857600415111703,0.44341349011770675
1385,0.0011819442323900214,0.44342427200282025
1386,0.0011777804971469159,0.44342087017484244
1387,0.0011735115884830766,0.4434079470230525
1388,0.0011687814535139686,0.44341322449192017
1389,0.0011647173091731454,0.443390131570935
1390,0.0011604813569844699,0.4433818054624335
1391,0.0011560945345384906,0.4433836343488054
1392,0.0011512572422459845,0.4433793595257311
1393,0.0011472913709684085,0.4433590442189061
1394,0.001143032909865632,0.4433518392541354
1395,0.0011390968462525067,0.4433433627930671
1396,0.001134589474579214,0.4433444695373849
1397,0.0011304020216600826,0.44333557230477366
1398,0.0011266504178944247,0.44334068176098307
1399,0.0011229433661390411,0.4433439930880101
1400,0.001118588996219839,0.44334649245739866
1401,0.001113940906006969,0.4433416414674332
1402,0.001109913589631392,0.44333193969389734
1403,0.0011051479664350146,0.44332584894236693
1404,0.0011013844139030856,0.44332103304906745
1405,0.0010973411929037342,0.4433223351777558
1406,0.0010931801333940155,0.4433294781936206
1407,0.0010884498318492087,0.44332328521701114
1408,0.0010843799965159168,0.44331789419436696
1409,0.001080428452630913,0.4433310692824387
1410,0.0010760697185846187,0.44335601970362637
1411,0.0010716058354023048,0.4433452230533721
1412,0.0010665699248897274,0.4433564560803724
1413,0.001062376481326848,0.44334220921560535
1414,0.0010585313782734537,0.4433398500219412
1415,0.0010543313712441113,0.4433473740269354
1416,0.0010506710408225086,0.4433332007767113
1417,0.001047031224088962,0.44332940662062964
1418,0.001043010089231029,0.4433105577079106
1419,0.0010390888628211596,0.44329556377159807
1420,0.0010347905122508093,0.44328494639493493
1421,0.0010307254667522468,0.4432692709742834
1422,0.0010262934991515152,0.4432619117464573
1423,0.0010221272984797696,0.44327604032159723
1424,0.0010181714900039083,0.44328677319242876
1425,0.0010141542049422567,0.4432833153535948
1426,0.0010103234086541045,0.44329712618115896
1427,0.0010064381955601266,0.4432921339832603
1428,0.0010031899623161983,0.44328469121041736
1429,0.000999567311164104,0.44328813492751584
1430,0.0009953803228367941,0.4432761234494532
1431,0.0009917002496869225,0.4432579455996738
1432,0.0009879860256382846,0.44323640182939145
1433,0.0009843826239156464,0.44323496398376505
1434,0.0009803303118339967,0.44323462878185294
1435,0.0009758574009891629,0.44322288572527646
1436,0.0009722063896676141,0.4432202755872395
1437,0.0009690918734180031,0.4432172339122576
1438,0.0009651799749799424,0.44320877893930327
1439,0.0009615546309954837,0.4431927407717865
1440,0.0009577007500715287,0.4431780169926096
1441,0.0009538142270336715,0.4431810235038647
1442,0.0009503573646833601,0.44319116550685295
1443,0.0009469604353426731,0.44320466326238184
1444,0.0009431778714837611,0.44319478523383554
1445,0.0009397445738170224,0.44320392346628873
1446,0.0009366426123597417,0.4431977729519482
1447,0.0009334236467359773,0.44319380735239017
1448,0.0009298558081823507,0.4431723992125536
1449,0.0009264512463515213,0.4431863749368255
1450,0.000922786330457023,0.44319581889883547
1451,0.0009194371374119905,0.4431887014249469
1452,0.0009163343075401833,0.44319265595282664
1453,0.0009129636037785281,0.4431913912435723
1454,0.0009095181041477398,0.44319296070723246
1455,0.0009056596848290385,0.4431955761088305
1456,0.0009019927248595929,0.44319361202628443
1457,0.0008991408438476525,0.44319198047471386
1458,0.000895819171181689,0.4431907905114953
1459,0.0008925851238882797,0.4431962607223722
1460,0.0008886602087532731,0.4431962337033935
1461,0.0008858198213590616,0.44319788822301026
1462,0.0008825868618467613,0.4432051414812937
1463,0.0008796747909553969,0.44321076992174324
1464,0.0008762279315329089,0.44321463343914735
1465,0.0008728179326025003,0.44321644799146426
1466,0.0008696479216806119,0.4432135889186029
1467,0.0008664351333651367,0.44320959846551783
1468,0.0008631968451958674,0.443217198484871
1469,0.0008598679535585948,0.4432077720699461
1470,0.0008567025667825442,0.4432109103347326
1471,0.0008535218315902356,0.44320844596304604
1472,0.0008504654686149862,0.44321800159867536
1473,0.0008470325427456593,0.4432262321389213
1474,0.0008434921001175172,0.44322059286816107
1475,0.0008404974710081613,0.4432165421658995
1476,0.000837060633501244,0.44321214560288025
1477,0.0008335850329892612,0.44321637888066323
1478,0.0008304188167136307,0.4432259669456752
1479,0.000827170999325825,0.44321629074525176
1480,0.0008237362244836989,0.443199167917596
1481,0.0008204349929750152,0.44320770580434077
1482,0.0008173922276381249,0.44320904540479444
1483,0.0008140630556931398,0.44320990913035946
1484,0.0008109350087995124,0.4432133940775555
1485,0.0008077809895431451,0.4432181815872703
1486,0.0008042225196022965,0.4432278858343098
1487,0.0008014016842075646,0.443201197507252
1488,0.0007983582151495242,0.44319483942038873
1489,0.0007948962111969515,0.4432012952670585
1490,0.0007915927755979447,0.44319737987975416
1491,0.0007886899152402602,0.4431948779190883
1492,0.0007856005327452094,0.44321281313082395
1493,0.0007823841923997125,0.44321357838473824
1494,0.0007794220854220896,0.44320229460610194
1495,0.0007769256856542575,0.4432061459032233
1496,0.0007739264049818628,0.44320645698048455
1497,0.0007711971234782291,0.44321501983282924
1498,0.0007683587199911789,0.4432054563952034
1499,0.0007652919691672481,0.4432029341596417
1500,0.0007622478055555701,0.44320384725807294
1501,0.0007594420061193616,0.44319797176256104
1502,0.0007564613875130562,0.4431911572528855
1503,0.0007537664210641817,0.4431940285458855
1504,0.0007510518061582086,0.4431902808484716
1505,0.0007483647311569168,0.4431912726076403
1506,0.0007457903574044425,0.44318727469521196
1507,0.0007432634241298299,0.4431860063031586
1508,0.000740204729849149,0.4431773072594681
1509,0.000737609170835445,0.44318504282154936
1510,0.0007349461922945969,0.4431916216379177
1511,0.0007323850837912339,0.4432056559368245
1512,0.000729664617089464,0.4431843823550318
1513,0.0007268346595984704,0.44317975287955985
1514,0.0007242734819275682,0.4431828409066753
1515,0.000721756374102018,0.44318239694003814
1516,0.0007190770504348062,0.44317993074720397
1517,0.0007162507221708371,0.4431703519854488
1518,0.0007134569901975882,0.44315990231481833
1519,0.000710880568277648,0.44315090079239366
1520,0.0007079859061899469,0.44315363757919013
1521,0.0007055714578420491,0.4431593065516598
1522,0.0007029522628330003,0.4431521636949329
1523,0.0007000055259162782,0.44316792360175056
1524,0.0006970588667644103,0.4431698413119397
1525,0.0006943262437600218,0.4431639557739751
1526,0.0006914970969866257,0.44314953128448026
1527,0.0006892185907254227,0.44314896844754315
1528,0.0006866654682565189,0.44314156864082305
1529,0.0006836816642947542,0.4431326704217477
1530,0.0006811113350897363,0.44312385362141155
1531,0.0006789095024545563,0.4431285844723814
1532,0.0006761011554253374,0.4431100326823353
1533,0.0006732995497388065,0.4431043499323714
1534,0.0006710923856847753,0.4431002390464981
1535,0.0006685294040833101,0.4431176826962191
1536,0.0006660930808246488,0.44312136367219557
1537,0.0006636101341241182,0.4431061828498819
1538,0.0006616023019927326,0.4431108815047307
1539,0.0006591107074701974,0.4431165587470618
1540,0.0006565144887229633,0.4431047310671236
1541,0.0006541110644978861,0.4431026823421673
1542,0.0006518637897907283,0.4431156231683611
1543,0.0006494374711695676,0.4431098443645207
1544,0.0006470640633560612,0.4431047245400403
1545,0.0006449396248809224,0.44310946298458953
1546,0.0006426604781634294,0.44310956750720126
1547,0.0006404624087759834,0.4431192137324779
1548,0.0006384142724268377,0.4431114243666967
1549,0.0006362134409051922,0.44310322396531854
1550,0.0006335136715361761,0.44310870062214075
1551,0.0006313150321921625,0.4431221681075775
1552,0.0006290045950960286,0.44313148593593216
1553,0.0006267375988176305,0.44312679337344535
1554,0.0006244243055085981,0.44311872350107845
1555,0.0006221887626410084,0.44311314763516835
1556,0.000619800553643917,0.4431096651659053
1557,0.0006178000667396992,0.4431088242178137
1558,0.0006153840472643148,0.44310179017627366
1559,0.0006130383633075702,0.44310789466383144
1560,0.0006105420116535069,0.44311201772975234
1561,0.0006080682075466284,0.4431188760373427
1562,0.0006058066742979279,0.44312813890340214
1563,0.000603714315588814,0.44312473143896614
1564,0.0006011490403636457,0.4431137318525461
1565,0.000598632092600385,0.4431296844536801
1566,0.0005966333072432166,0.44311750574193537
1567,0.000594201287662563,0.44311669437617623
1568,0.000591955007943573,0.44310754661730034
1569,0.0005898501150393386,0.44310440602690004
1570,0.000587663497770719,0.44311059944993453
1571,0.0005851246376103302,0.44309747765441915
1572,0.000582886931823634,0.4431092066272253
1573,0.0005808520796653436,0.4431121204487582
1574,0.000578454495786414,0.44311344148979415
1575,0.0005763192769821152,0.4431235756207571
1576,0.0005738877268022928,0.44313123630883267
1577,0.0005716424518877877,0.44313230167003953
1578,0.0005697665897386024,0.4431193353203712
1579,0.0005675157996655333,0.4431356750172962
1580,0.0005653707992067158,0.44313390935660385
1581,0.0005631239839477041,0.44312997052250147
1582,0.0005611644401852119,0.44312913471091536
1583,0.0005590167310258528,0.4431235238474737
1584,0.0005568037429999628,0.44311705129828555
1585,0.0005547852555501701,0.4431149126946603
1586,0.0005528306732883355,0.44311926149579745
1587,0.000551109891101098,0.443130678032339
1588,0.0005490488118829267,0.44313070257874565
1589,0.0005470385310152602,0.4431344161370434
1590,0.0005450837872252275,0.4431206283166362
1591,0.0005432822559379238,0.4431063212739771
1592,0.0005414169888389125,0.4431043976705633
1593,0.000539403645767135,0.44309694597597005
1594,0.000537148717003749,0.443096015445996
1595,0.0005351725166597159,0.4430950082298041
1596,0.0005327967093003142,0.44308286852643447
1597,0.0005308381578933819,0.4430874201489596
1598,0.0005285262290925713,0.4430848200372336
1599,0.0005264676870927063,0.44307305751184656
1600,0.0005248173763413942,0.4430763129172947
1601,0.0005224864197259164,0.44307067986177723
1602,0.0005206211277889488,0.4430780331779744
1603,0.0005186332548785369,0.4430707261280329
1604,0.0005165775177667315,0.4430634739501817
1605,0.0005147840232249763,0.44305197329674245
1606,0.0005125438877598199,0.4430513184818796
1607,0.0005106714720134349,0.4430617151925718
1608,0.0005086802433344883,0.4430557802191081
1609,0.0005068282578691433,0.44306187873033637
1610,0.000504982712492759,0.44306605945558775
1611,0.0005030279785302278,0.44306008800424534
1612,0.0005009983525981887,0.4430574839699828
1613,0.0004991547170254203,0.4430523256019045
1614,0.0004973794444867472,0.443042401835883
1615,0.0004953775306392779,0.44303618037764264
1616,0.0004933422808014475,0.4430304982186257
1617,0.0004914581959490327,0.44303452759704587
1618,0.0004896882716996205,0.4430321121032389
1619,0.00048776021420922003,0.44301903240252377
1620,0.0004857658212060503,0.4430220658586335
1621,0.00048397392141290817,0.4430203525454617
1622,0.00048211536334486394,0.4430086612603672
1623,0.0004805626886964273,0.44300261178112776
1624,0.00047881408616804507,0.4429924814420973
1625,0.00047708699557283104,0.44299357106814147
1626,0.0004751400343642137,0.4429808260468643
1627,0.000473352027469144,0.4429853619949533
1628,0.00047178911412111866,0.4430012125288108
1629,0.0004699461072896808,0.4429939082941793
1630,0.00046813777831611797,0.44299822039316816
1631,0.00046637011769499814,0.44299848515070195
1632,0.0004644112436888426,0.4430061368970909
1633,0.0004627075393481443,0.44300684996021095
1634,0.00046099980486001926,0.44300124308751937
1635,0.0004591955622329731,0.44300095845523324
1636,0.00045752702064091394,0.44298187555969254
1637,0.0004557245070862272,0.4429839051877662
1638,0.0004540334774898365,0.4429856792423055
1639,0.0004521272675785436,0.4429849522370428
1640,0.0004504864238738292,0.4429822842008316
1641,0.0004488212901195174,0.44298109443829276
1642,0.00044718325259045417,0.44298748854636755
1643,0.00044548181068594563,0.44298137504212237
1644,0.00044371264385426057,0.44297947010712074
1645,0.0004420206448089653,0.44296656695452996
1646,0.00044047578128559396,0.4429669529912171
1647,0.0004388709122018607,0.4429614899493427
1648,0.0004372273604736154,0.4429558886680312
1649,0.0004354796420302683,0.4429580835725874
1650,0.0004340400206110643,0.44294467503868296
1651,0.0004323831006248437,0.4429406693934125
1652,0.00043061903300301474,0.44292554770068804
1653,0.0004289373448569102,0.44292782250079765
1654,0.0004271538787630453,0.44292155575068504
1655,0.00042543857295489174,0.4429043840415284
1656,0.00042395085450038915,0.4429016737677397
1657,0.00042231203210122114,0.4429122729998152
1658,0.00042085856696143144,0.44290960104256444
1659,0.0004192251415610406,0.4429086426048002
1660,0.0004175570523893992,0.4429051619551132
1661,0.0004161463720065646,0.44289689189661463
1662,0.0004144647614654829,0.4428899110184234
1663,0.00041302588737730816,0.44289167562762344
1664,0.0004114170346333061,0.4428841508476743
1665,0.00041008965547583787,0.4428832351469036
1666,0.0004086878088554956,0.44288052183771676
1667,0.00040709860232107154,0.4428783644905653
1668,0.00040551680073004886,0.4428788808771031
1669,0.00040424129094244083,0.44287522945668123
1670,0.00040269355020494137,0.442870103784974
1671,0.0004011366905994756,0.4428638747697887
1672,0.0003997584640134421,0.4428809787997861
1673,0.00039836317805889385,0.44288470145838205
1674,0.0003969379318179803,0.4428845159514657
1675,0.0003955750850135514,0.4428832677897269
1676,0.0003941689388847327,0.4428755841718782
1677,0.000392745107726203,0.4428736704546282
1678,0.00039110920334685254,0.4428787011399501
1679,0.00038953275326881315,0.4428787613973396
1680,0.0003880868827252577,0.4428703819205407
1681,0.0003864090669201829,0.44286576325486393
1682,0.00038488415785920677,0.4428552605064998
1683,0.0003835478536171367,0.44284930306230624
1684,0.00038222925070853915,0.44284941615478196
1685,0.0003807392572546258,0.4428430150464786
1686,0.00037925775408601144,0.442839691576268
1687,0.00037779232386053984,0.4428376603379252
1688,0.000376276832819555,0.4428537905213805
1689,0.0003748908060042701,0.44285486830986753
1690,0.0003733881261688835,0.44285325991753505
1691,0.0003719236550350435,0.44285936401854836
1692,0.0003703651332345379,0.44285801047846285
1693,0.0003689968013575897,0.4428563363674773
1694,0.0003676198152734044,0.4428547269891225
1695,0.0003661486017290125,0.44284552176033454
1696,0.0003648245869850376,0.4428487926459943
1697,0.0003634677014155893,0.44285289073137374
1698,0.0003621004605321807,0.44284826872441607
1699,0.0003606498909060126,0.44284024553627405
1700,0.00035934281920160446,0.4428416685291509
1701,0.00035810045644439723,0.44283806477748
1702,0.0003567534568455802,0.44283313420709214
1703,0.0003554388125745172,0.44283399603117335
1704,0.0003541410342012056,0.442824783889456
1705,0.00035295014378328155,0.44282489472507514
1706,0.00035171801594174586,0.4428254326572576
1707,0.00035044418506705765,0.4428258536447203
1708,0.00034934536654140084,0.44282273499377833
1709,0.0003479958415926232,0.4428334900060776
1710,0.00034675751518019375,0.4428369869226406
1711,0.0003455002446083118,0.44281987064255696
1712,0.00034411293162247766,0.44282129689850935
1713,0.00034280718820732205,0.44281784567190824
1714,0.0003415437691800504,0.44281311511854
1715,0.0003401328466247404,0.4428151629286528
1716,0.00033886714698228514,0.442810992472113
1717,0.00033768334561542395,0.44280773014742597
1718,0.0003366401715916345,0.4428029966534772
1719,0.0003351745243592468,0.4428041147684325
1720,0.00033408538523631737,0.44280170382453915
1721,0.00033298510174366823,0.4427971719866563
1722,0.00033179760892559527,0.44279402061874634
1723,0.0003305875126944967,0.4428015960974272
1724,0.00032934896784664775,0.4427963358314825
1725,0.00032805644707304744,0.442805260530245
1726,0.00032686342447290045,0.44281381760609917
1727,0.00032571777307048306,0.44281265480680837
1728,0.00032444212369582814,0.44282027296317394
1729,0.00032332428785977215,0.44282079421585413
1730,0.00032210769683783366,0.4428205135697188
1731,0.0003210521467618318,0.44281474269574983
1732,0.00031993720161036676,0.4428195935793997
1733,0.00031886265180825174,0.4428122165827968
1734,0.00031749810553214394,0.4428104988076004
1735,0.00031654525116348974,0.4428164455967903
1736,0.0003155740339122337,0.44281562401392877
1737,0.0003145614355136863,0.442817921432051
1738,0.0003134559092560832,0.4428120777364442
1739,0.00031217512837630767,0.4428136416266131
1740,0.0003110053066055987,0.4428247361244733
1741,0.0003097970044032635,0.44281311831167874
1742,0.0003085248090704888,0.4428133836999002
1743,0.0003075046184529386,0.44280796197439165
1744,0.0003063117519253385,0.442809810962392
1745,0.00030530959081652534,0.44280405041562765
1746,0.0003042559236259679,0.4427985510503038
1747,0.0003031897355792299,0.44280518835880434
1748,0.00030202075146165724,0.44280577324721904
1749,0.00030086025193918844,0.4428009686631237
1750,0.00029976622251097826,0.44280642075441096
1751,0.0002988401566092796,0.44280104657511854
1752,0.00029778449507545534,0.44279437505050323
1753,0.00029679023993399336,0.4427986279289824
1754,0.00029561347716420926,0.442792689072847
1755,0.00029470811958501526,0.4427912121772717
1756,0.0002936844100566318,0.442790207103137
1757,0.00029244728437540494,0.44278472764386534
1758,0.0002913388183145428,0.4427797861931559
1759,0.00029033440382485924,0.4427839258157089
1760,0.00028935384430270783,0.4427778759879261
1761,0.00028842122528923423,0.44278659854203684
1762,0.0002874865613924653,0.4428007288938907
1763,0.00028644907466619525,0.44280828093886254
1764,0.0002853403504011071,0.4428082178646135
1765,0.00028449682604159984,0.44280900337838525
1766,0.00028344868237909214,0.44281042297734985
1767,0.0002824248307083158,0.44279581693349945
1768,0.00028133566434498556,0.4427871629708915
1769,0.0002803486434145771,0.44278722733683584
1770,0.000279216017435211,0.4427897596608191
1771,0.0002781843554368659,0.4427817774854484
1772,0.0002772205659358903,0.44278053983321086
1773,0.00027629399723772983,0.4427888358415159
1774,0.0002752798052193535,0.4427862374267429
1775,0.00027426161049936556,0.44279220017857435
1776,0.00027324161935195353,0.4427872537784784
1777,0.0002722767400808756,0.44279007446760016
1778,0.00027136335615432847,0.4427924617701325
1779,0.0002704002866388732,0.4427901188615634
1780,0.00026936333956304343,0.44279418835347745
1781,0.00026841356666554056,0.4427917021897224
1782,0.00026736550990928226,0.4427950721935537
1783,0.0002662878405383227,0.442805198950459
1784,0.0002653709660067442,0.4427979361234437
1785,0.0002643706679106425,0.4427888937073941
1786,0.0002632961486121913,0.44279077410704903
1787,0.0002622621260840279,0.4427909270722891
1788,0.0002611548377305877,0.4427961046876324
1789,0.00026022912238461536,0.4427933953992181
1790,0.0002593573313285895,0.4427903640871096
1791,0.0002582174483253594,0.4427862484608176
1792,0.00025724208544698003,0.4427869086110748
1793,0.00025639434908940654,0.4427856944374616
1794,0.0002555527189092242,0.4427858109478021
1795,0.0002545029396892118,0.4427747137435051
1796,0.0002535187253878234,0.44276671466912104
1797,0.0002526146125976838,0.4427762572042332
1798,0.00025169986946222474,0.44277229305221344
1799,0.00025069244433689123,0.4427766915776775
1800,0.00024969767425962665,0.44276643079671746
1801,0.0002487548776544727,0.44276985376222455
1802,0.00024789722991777754,0.4427666485041032
1803,0.00024699745006694383,0.4427649724623064
1804,0.0002459164588152019,0.4427628804884509
1805,0.0002451073669291425,0.4427669631626313
1806,0.00024416434347727934,0.4427728324155658
1807,0.00024332259371106807,0.4427769678752569
1808,0.00024243403019021435,0.442771533554501
1809,0.00024157103417783214,0.4427676111563998
1810,0.00024068023888479,0.44276684260928534
1811,0.00023974359292868545,0.44275529343787307
1812,0.0002388020233586457,0.4427526072307718
1813,0.00023788920501543938,0.44274406855286597
1814,0.00023706889553903884,0.44274339049282935
1815,0.00023610958048913365,0.4427410955678583
1816,0.00023522921028377834,0.44274514677364785
1817,0.00023452685403943125,0.4427465445407141
1818,0.0002336454071970533,0.44275222208606496
1819,0.00023283613794111647,0.44274999228006284
1820,0.0002319967383364227,0.44275653180095736
1821,0.00023121903406384296,0.44275107334198444
1822,0.00023031648216111653,0.44274433059679075
1823,0.00022949061354779422,0.44274597948103894
1824,0.00022861196150499418,0.4427448147177166
1825,0.00022780981560466599,0.4427524363842455
1826,0.00022687998700503741,0.4427510061565955
1827,0.00022606966747719617,0.4427520509165195
1828,0.00022530554887624128,0.44274767739756604
1829,0.0002244370283346537,0.4427374867884816
1830,0.00022358623158793398,0.4427430530294776
1831,0.00022259859433119798,0.4427450539544504
1832,0.00022171447047759875,0.4427297740970079
1833,0.0002208059458590802,0.4427227013493612
1834,0.0002199064230599558,0.44272684956689634
1835,0.00021918233799747086,0.44272844547755824
1836,0.00021840093915756278,0.44272846536825766
1837,0.00021748630281429702,0.4427240247047551
1838,0.00021671432441579873,0.44272304323465744
1839,0.00021583780213056114,0.44271811376910575
1840,0.00021505082422181937,0.4427169551806436
1841,0.0002141806477556961,0.4427132976975233
1842,0.00021341384102774026,0.44270558040980534
1843,0.00021251295159663736,0.44270104631516605
1844,0.00021188638089153863,0.44270414623472887
1845,0.00021104496567410225,0.442703548260532
1846,0.00021036477459856738,0.44269892555577917
1847,0.0002096264311802926,0.442698361673266
1848,0.0002088008278560124,0.44269731605030926
1849,0.000208037827178932,0.44270040223416945
1850,0.0002072079333656751,0.44269973341325575
1851,0.00020642509108478074,0.4426978638779206
1852,0.00020555698329211401,0.44270390150624894
1853,0.0002048023502328037,0.4427076226339162
1854,0.00020398381599331155,0.44271510163011535
1855,0.00020315690291242074,0.44271285034818053
1856,0.00020249128803065636,0.44271590365110763
1857,0.0002017597094318785,0.4427120055116197
1858,0.00020100605860417345,0.44271342992100726
1859,0.00020028816516103328,0.4427126663295072
1860,0.0001995729314035937,0.4427097788355069
1861,0.00019882824989056984,0.44270808347076557
1862,0.0001981651466979947,0.44270708736683845
1863,0.0001974332261579074,0.44270651630806995
1864,0.0001966680996123857,0.44269542131200096
1865,0.00019586668018904436,0.4426996215682174
1866,0.00019515346993082474,0.44270113514870496
1867,0.00019447276562410497,0.44270454969205897
1868,0.00019368586271263562,0.4427067799602287
1869,0.00019297171949763455,0.44270333859961636
1870,0.0001923134558591649,0.4427019891990851
1871,0.00019151195216259365,0.44270929227622496
1872,0.00019078580696923756,0.442712556497328
1873,0.0001901182258034953,0.4427112280523265
1874,0.00018939463946079314,0.4427122060941697
1875,0.00018862224899201678,0.4427213872692085
1876,0.0001879490018728398,0.4427189013363934
1877,0.0001872388572547773,0.4427217662243423
1878,0.0001864986932959626,0.44271602960213396
1879,0.00018574501408794199,0.4427143062037446
1880,0.000185004477540065,0.44271092476175194
1881,0.00018436667794411723,0.44271224229041556
1882,0.00018367280168543132,0.4427105227199544
1883,0.00018286265867722084,0.4427124400361828
1884,0.00018219897576636236,0.4427121090031639
1885,0.00018159779019096667,0.44271051844740983
1886,0.0001809244455558806,0.44270964045256955
1887,0.00018019241688757744,0.44270114764240537
1888,0.000179477713693014,0.4426969003005105
1889,0.0001788162123255021,0.4426928668680199
1890,0.00017814519752988082,0.4426860248217734
1891,0.00017746638344236023,0.4426900287513103
1892,0.0001767851013029583,0.44269312219959855
1893,0.00017625241352091622,0.44269147529001435
1894,0.0001755586209239146,0.4426922526485011
1895,0.0001748449088883607,0.44268859467884275
1896,0.00017423898851620884,0.4426840798883391
1897,0.00017354485257756882,0.4426821926840241
1898,0.00017281553963367427,0.4426927373698366
1899,0.000172140009648362,0.4426938804826327
1900,0.00017150122605314496,0.44269578748618477
1901,0.00017088951621045697,0.44268806311734843
1902,0.00017027702787119524,0.44268558215306103
1903,0.00016967455025932603,0.4426733240008732
1904,0.00016905958287842117,0.44267404909890923
1905,0.00016847778863681722,0.44266752317765495
1906,0.00016784312660509168,0.4426736793483964
1907,0.00016722082558795321,0.44267582515321585
1908,0.00016656387730390275,0.44268095281215214
1909,0.0001658734472498178,0.4426797984177488
1910,0.00016525673465840544,0.4426785258964935
1911,0.0001646282934990518,0.44267938851693234
1912,0.00016411310985867448,0.4426710038425287
1913,0.0001634713420513654,0.44267070111096796
1914,0.00016290200010699574,0.4426699806595901
1915,0.0001622152301343693,0.44266344434379284
1916,0.0001616351593127325,0.44265305507531477
1917,0.00016108730555017975,0.4426557888495356
1918,0.00016043144736744967,0.4426556868249172
1919,0.0001597897597564839,0.44265047697326276
1920,0.00015914296165562148,0.442658686435068
1921,0.0001586085069035804,0.4426597145237374
1922,0.00015798677662542525,0.4426649843032131
1923,0.00015737496245070163,0.44265820207975415
1924,0.00015672508237982003,0.44266104573162585
1925,0.00015611713775354668,0.4426578438050689
1926,0.00015548753474660848,0.44265124798497535
1927,0.00015486049764021313,0.4426537025328817
1928,0.0001542858334973465,0.44264943318789696
1929,0.0001537300163543416,0.4426455024345924
1930,0.00015317508728183827,0.4426439246035434
1931,0.00015258308049568423,0.44264181445836487
1932,0.0001520478547488561,0.4426422871795113
1933,0.00015141795919267452,0.4426439496389729
1934,0.00015089120053067394,0.4426416004483721
1935,0.00015031643268800893,0.4426490414111142
1936,0.00014979129497790715,0.442644363594407
1937,0.0001492702507440534,0.4426463586349467
1938,0.00014863173957031746,0.44265026726281176
1939,0.0001480291076649791,0.44265059345835334
1940,0.00014740135976681258,0.4426427549294589
1941,0.00014683439770791595,0.44264295553944216
1942,0.0001462259651248162,0.4426402476398848
1943,0.00014562917384285587,0.44263550420850445
1944,0.0001450822385158306,0.4426294772919524
1945,0.00014458157791147442,0.44263223357816506
1946,0.00014401549015195258,0.44262839996634484
1947,0.0001434634185101379,0.4426266628682992
1948,0.00014300398152835108,0.4426202827345424
1949,0.0001425576087085879,0.44262235687204465
1950,0.00014210542116574652,0.4426214497332724
1951,0.00014162945076206723,0.4426185850362697
1952,0.0001410745609198771,0.44261939630465047
1953,0.00014056991423413645,0.4426132058995031
1954,0.00014003787039122183,0.4426160605923029
1955,0.00013955165854661215,0.44261507371414555
1956,0.00013906171774665275,0.44261161618776534
1957,0.0001385985427147067,0.44261349896598734
1958,0.000138101593360982,0.44262020621173787
1959,0.00013751974102746832,0.4426204507285898
1960,0.0001369533167147689,0.44261843313320176
1961,0.00013647010192589464,0.4426200565744779
1962,0.00013593539474558472,0.4426183032480432
1963,0.00013535533887057047,0.4426217853636068
1964,0.0001348239799540263,0.44261896198503486
1965,0.0001343222672686926,0.44261749688305807
1966,0.0001337616473939087,0.4426153304196389
1967,0.00013325228346446142,0.44261152499821343
1968,0.00013276889233325117,0.4426196863962739
1969,0.00013224099678870818,0.4426151995283296
1970,0.0001317420009374236,0.44261768269706325
1971,0.00013123577503472647,0.44261783136505534
1972,0.00013076998215132366,0.4426122969717676
1973,0.00013027083295098822,0.4426054278912985
1974,0.0001296890905200738,0.4426077884590933
1975,0.0001291706196263915,0.4426071836061118
1976,0.00012868052734771795,0.44260255526018244
1977,0.00012814674694180633,0.4425998302868384
1978,0.00012764877134285196,0.4425932067791037
1979,0.0001271748203541394,0.44259374860183204
1980,0.0001267026140897508,0.4425959086087814
1981,0.00012620858842810512,0.44258886976153006
1982,0.00012575501545403255,0.442591149449121
1983,0.00012535893668308372,0.4425978685541009
1984,0.00012491268020520314,0.4425972453521323
1985,0.0001244393042944758,0.4426017650276431
1986,0.00012393330088256046,0.44259819038383025
1987,0.00012354227231761752,0.44260113558167313
1988,0.00012300675275626367,0.442600895565785
1989,0.00012258469599995438,0.4426009884932114
1990,0.00012218081008012716,0.44259807615404806
1991,0.00012171040775436841,0.44259796966697473
1992,0.00012119048547604715,0.4425972654288235
1993,0.00012078018111941849,0.44259587508413
1994,0.00012032194678601294,0.442595908345159
1995,0.00011996072025524383,0.44259503251661275
1996,0.00011945882830424531,0.4425947907174072
1997,0.0001189853414434707,0.4425928552964845
1998,0.00011852787565609794,0.44259376405163425
1999,0.00011812093128089245,0.44259467427127813
2000,0.00011769917098803738,0.44259237892197967
2001,0.00011723027815579443,0.4425914241422648
2002,0.00011682469538571505,0.4425904738939572
2003,0.00011637494667856049,0.44258507161663985
2004,0.00011596767473875636,0.44258132820339235
2005,0.00011554637624500715,0.4425831501250012
2006,0.00011509517357080818,0.44258614952742575
2007,0.00011468864002032013,0.44257876509019034
2008,0.00011423404073004994,0.4425786535970824
2009,0.0001138155137041093,0.44257639715830616
2010,0.0001134370945175561,0.44258217565222036
2011,0.00011303430750582709,0.4425787337732756
2012,0.00011259262773509488,0.4425823396407544
2013,0.0001122039785271389,0.4425797233903384
2014,0.00011181474729799574,0.44257464398801183
2015,0.00011139650150532856,0.44257965005462285
2016,0.00011104655772738651,0.44257753339174394
2017,0.00011062003192209955,0.4425851266281538
2018,0.00011017472450786678,0.44258464016085075
2019,0.00010978340882666018,0.4425786317385436
2020,0.00010939712443368933,0.4425722047278404
2021,0.00010897498132333754,0.4425689314381235
2022,0.00010860027028596151,0.4425676495159583
2023,0.00010825298646645956,0.4425686872601527
2024,0.0001078078978996316,0.44256361008094686
2025,0.00010741446049800247,0.44256189886331454
2026,0.00010701580292177589,0.4425605692109371
2027,0.00010661762327319735,0.4425595932355859
2028,0.00010620247693329173,0.4425552826955537
2029,0.00010584127203028972,0.4425535840433425
2030,0.00010544606336619342,0.4425562325980167
2031,0.00010509667279637007,0.4425550362126465
2032,0.00010466764127351947,0.44255332027194927
2033,0.0001042599227636338,0.4425538261763056
2034,0.00010390034289988452,0.44256342885444633
2035,0.00010355876817287882,0.4425638392272284
2036,0.00010316645193546314,0.44256097203073397
2037,0.00010279354192998299,0.44256007319875773
2038,0.00010243340379812227,0.4425624254811493
2039,0.00010197291472953546,0.44256683375837735
2040,0.00010156665079258354,0.4425706318221395
2041,0.0001011648641957545,0.4425658264235683
2042,0.0001007860665337182,0.4425602995121459
2043,0.00010042941055240529,0.4425606133152989
2044,0.00010004946807211968,0.4425643392493929
2045,9.97163908349888e-05,0.4425626772525811
2046,9.928346802319403e-05,0.4425657890323837
2047,9.886865500238125e-05,0.44256592901693786
2048,9.85488745098133e-05,0.44255926562024994
2049,9.824025428233298e-05,0.44256158272010715
2050,9.787701036641153e-05,0.4425568530347494
2051,9.750467505715481e-05,0.4425561273258049
2052,9.712287744918136e-05,0.4425495368229764
2053,9.673568860390282e-05,0.4425505848036847
2054,9.641007914492593e-05,0.4425488155689527
2055,9.606100794637233e-05,0.44254852524545846
2056,9.571605951950853e-05,0.4425498343241586
2057,9.533801404573976e-05,0.4425487880611446
2058,9.50104785652626e-05,0.44254990858288856
2059,9.465529361261655e-05,0.44255032359385305
2060,9.434244420704032e-05,0.44255681980851735
2061,9.400993118114054e-05,0.44255810270325996
2062,9.370491453592709e-05,0.4425537579677539
2063,9.330388090522799e-05,0.44254849733202933
2064,9.293801261869162e-05,0.4425479019547108
2065,9.257812794967609e-05,0.44254677014256866
2066,9.225724129514117e-05,0.4425487818835695
2067,9.193437128694213e-05,0.4425487388752274
2068,9.159775733411054e-05,0.4425489566577117
2069,9.125034391874562e-05,0.44255263202941436
2070,9.093488898213623e-05,0.44255359206148726
2071,9.06096019546048e-05,0.44254756686090335
2072,9.028175876353093e-05,0.44254643722326303
2073,8.99642151728358e-05,0.442545830701439
2074,8.968929799007005e-05,0.44254824233525697
2075,8.937571398316348e-05,0.4425513540709347
2076,8.908089507399812e-05,0.44254681924698264
2077,8.87425217631335e-05,0.4425443444646842
2078,8.84227975192999e-05,0.4425435096968072
2079,8.805699677422056e-05,0.4425390860749903
2080,8.771367757588519e-05,0.4425306406793354
2081,8.739962339965082e-05,0.442526871320816
2082,8.706100516203864e-05,0.4425278762032861
2083,8.678303768013572e-05,0.4425267474736708
2084,8.645825038668036e-05,0.44252762485668884
2085,8.61056715633094e-05,0.4425261992833257
2086,8.585790795643768e-05,0.44252585884910034
2087,8.553675872862206e-05,0.4425232662973532
2088,8.525465293596745e-05,0.44252595450841875
2089,8.492347829219632e-05,0.4425251832059916
2090,8.46123008155606e-05,0.442522788554065
2091,8.425878880346493e-05,0.4425206235160536
2092,8.395134019290813e-05,0.44252654370567296
2093,8.364600896026222e-05,0.44252622388731755
2094,8.337286288963914e-05,0.442518797141911
2095,8.307301542473938e-05,0.44251630913947443
2096,8.276007941496399e-05,0.4425111376556752
2097,8.245082361224179e-05,0.44250946932356416
2098,8.21209587009065e-05,0.4425152182095192
2099,8.182317376153266e-05,0.44250713076434156
2100,8.14915575736705e-05,0.4425079031716554
2101,8.122038114202099e-05,0.442504560480445
2102,8.095077553496565e-05,0.4425014160192472
2103,8.065425644241515e-05,0.442502362036779
2104,8.030946668815178e-05,0.4425062388075734
2105,8.001578647590057e-05,0.44250320672218235
2106,7.974346836911034e-05,0.4425005170047506
2107,7.942593181839567e-05,0.4425036416715384
2108,7.915019614137786e-05,0.44250476327209903
2109,7.883514892465498e-05,0.4425027988437249
2110,7.85846892788391e-05,0.44250571790079757
2111,7.828463304759095e-05,0.4425051387983101
2112,7.803377612166917e-05,0.4425027989052339
2113,7.773945570855024e-05,0.44250164265588704
2114,7.742924393159699e-05,0.4425067279568867
2115,7.713991070676825e-05,0.44250940662138505
2116,7.683396234662588e-05,0.44251152927576803
2117,7.654500210026992e-05,0.4425100117724734
2118,7.6275237795274e-05,0.44250687941133116
2119,7.601149626725875e-05,0.44251094334408203
2120,7.5723480858568e-05,0.4425062641315496
2121,7.547894232419364e-05,0.4425124383061352
2122,7.522402451955644e-05,0.4425154208570458
2123,7.490958332501422e-05,0.4425184897083029
2124,7.465280126777728e-05,0.442517883415168
2125,7.435560744878007e-05,0.4425205050339776
2126,7.407616764191249e-05,0.4425149391809511
2127,7.379229794610401e-05,0.44251794102043
2128,7.35004729658576e-05,0.4425155842160783
2129,7.32516742361474e-05,0.4425098313657401
2130,7.30032010059542e-05,0.4425083925644381
2131,7.271513648882318e-05,0.44250675757777563
2132,7.24312200151844e-05,0.44250927340758434
2133,7.215791320141713e-05,0.44250982210835105
2134,7.186825047880101e-05,0.44251175693076017
2135,7.162170200617485e-05,0.44250897715130516
2136,7.134284353888719e-05,0.44250699376257024
2137,7.107361307751156e-05,0.4425084250711061
2138,7.080471126766787e-05,0.44250875464017964
2139,7.053035468690703e-05,0.4425076406202295
2140,7.032243420718293e-05,0.4425064063908297
2141,7.006236924666582e-05,0.4425038033715902
2142,6.983217811275566e-05,0.4425047870931484
2143,6.95911784795496e-05,0.44250270824329285
2144,6.932101589855977e-05,0.4425060573280393
2145,6.903152165055191e-05,0.4425090862936869
2146,6.87443853707219e-05,0.4425090847574175
2147,6.847782844518229e-05,0.44250670356006316
2148,6.82608167396629e-05,0.44250336198579154
2149,6.798625957297173e-05,0.44250151854855974
2150,6.773619720222493e-05,0.44250126822094316
2151,6.749127561711829e-05,0.44250685739011186
2152,6.72544279941372e-05,0.44251061505525324
2153,6.699923602513965e-05,0.44250868140586413
2154,6.674397452006173e-05,0.4425062849968624
2155,6.654384942013372e-05,0.4425038076945325
2156,6.628847379445731e-05,0.4425003520481119
2157,6.603960467230213e-05,0.4424985865350777
2158,6.581592016379564e-05,0.44249871464499246
2159,6.55841961419029e-05,0.4424978386466411
2160,6.533194380519234e-05,0.44249288938159254
2161,6.510106558792688e-05,0.44249415157531796
2162,6.487696518254273e-05,0.44249474379281756
2163,6.46490666422217e-05,0.44249619606631685
2164,6.43942677974716e-05,0.44249847993167735
2165,6.416186014959585e-05,0.4424964708787653
2166,6.392028135854429e-05,0.44249815729893394
2167,6.367479608316979e-05,0.44250431470747836
2168,6.347323106366147e-05,0.44250030798267814
2169,6.324686490059663e-05,0.4425041199153208
2170,6.299072563576932e-05,0.4425057308770365
2171,6.273719810255009e-05,0.44250168604969403
2172,6.248975410330746e-05,0.44250408337143227
2173,6.223589158867602e-05,0.44250239884832854
2174,6.203796725034136e-05,0.44250182369386243
2175,6.179310405763107e-05,0.44250488820062084
2176,6.158373291679592e-05,0.44250889480773337
2177,6.13414220325508e-05,0.4425090717484243
2178,6.109844314433345e-05,0.4425074133762614
2179,6.088080580882992e-05,0.44250461021418075
2180,6.069857582010444e-05,0.44250147926714517
2181,6.048139717208364e-05,0.44250148039037374
2182,6.024876834914271e-05,0.4425001338275575
2183,6.00311160825259e-05,0.4424974318796822
2184,5.9813921312766906e-05,0.44249535007844265
2185,5.961232790933515e-05,0.4424964020539228
2186,5.9396055998969545e-05,0.4424928222690909
2187,5.9180624060958847e-05,0.44249044307823904
2188,5.894857844326976e-05,0.4424853894024896
2189,5.874806958159539e-05,0.4424829055179105
2190,5.855020173807649e-05,0.44247977764922375
2191,5.83227104146298e-05,0.4424790285163571
2192,5.81316117007217e-05,0.4424795926413719
2193,5.791890772710966e-05,0.4424815236521114
2194,5.7691577609383196e-05,0.4424807470501422
2195,5.7472573452898565e-05,0.4424853570173464
2196,5.727189904873454e-05,0.4424848231360832
2197,5.7035447779994384e-05,0.44248663232155644
2198,5.680863327738003e-05,0.4424877378960958
2199,5.660789096055714e-05,0.44248967361820507
2200,5.6410836027319154e-05,0.4424920671805688
2201,5.623825266017042e-05,0.4424886285220062
2202,5.604126003487042e-05,0.4424928075081041
2203,5.5861971394280605e-05,0.44248636974136446
2204,5.5669252584520016e-05,0.4424826264867812
2205,5.5442088005385296e-05,0.4424813675055552
2206,5.5237977025795276e-05,0.4424828595165577
2207,5.5032789171586394e-05,0.4424811902451017
2208,5.48171434860595e-05,0.44247840389621623
2209,5.462181739755261e-05,0.44247817791057265
2210,5.444706496617121e-05,0.4424754363928704
2211,5.4235775824455e-05,0.4424738567064498
2212,5.40499524584185e-05,0.44247991452180013
2213,5.3859185137771894e-05,0.44248177276245865
2214,5.368501209094531e-05,0.4424805540682071
2215,5.3516713975342214e-05,0.4424844848560558
2216,5.335499973982452e-05,0.4424825992766141
2217,5.315069458810769e-05,0.44248294002454513
2218,5.29406622490456e-05,0.4424788170519109
2219,5.276651878691464e-05,0.4424798974531078
2220,5.259187584007953e-05,0.44247898118121487
2221,5.240063027624213e-05,0.442475445899007
2222,5.2212826667255477e-05,0.44247794404028196
2223,5.2007314501191934e-05,0.44247540944633684
2224,5.1791217303007815e-05,0.4424742156053175
2225,5.1607952018945674e-05,0.4424779677749236
2226,5.1406278181909476e-05,0.44248158534532533
2227,5.121396387037266e-05,0.44248073955197903
2228,5.1027572149696366e-05,0.44248419799113564
2229,5.081663469710681e-05,0.4424788317503163
2230,5.064982930003007e-05,0.4424773735795343
2231,5.045716576527897e-05,0.44248300499101156
2232,5.028214765772214e-05,0.4424814329576075
2233,5.0105865278184134e-05,0.44247978566438206
2234,4.9922228347586276e-05,0.44248010446772046
2235,4.970965208852426e-05,0.4424781708619929
2236,4.952534288967498e-05,0.44247713676012185
2237,4.932468807162668e-05,0.4424758436854926
2238,4.916029417563649e-05,0.4424742976973388
2239,4.896398613869175e-05,0.44247571804174884
2240,4.879074316022213e-05,0.4424784343250727
2241,4.859675742632769e-05,0.4424764466569398
2242,4.8416530527692224e-05,0.44247498596632584
2243,4.821930768318974e-05,0.4424754651505095
2244,4.804183605154616e-05,0.4424751187227348
2245,4.7868642886207095e-05,0.4424766973305384
2246,4.7684170730085817e-05,0.4424811818991997
2247,4.7527459510240555e-05,0.44248305901003626
2248,4.736143780183493e-05,0.442484636325677
2249,4.719133998546273e-05,0.44248296351646715
2250,4.7021698141441395e-05,0.44248083221215023
2251,4.6869149034231667e-05,0.44247799466945853
2252,4.670469961892695e-05,0.4424783024729631
2253,4.656438955694992e-05,0.4424781531116939
2254,4.63746279116461e-05,0.44247759544527926
2255,4.621530181313936e-05,0.44247596871371253
2256,4.606327721553886e-05,0.442477542497464
2257,4.5913475559235755e-05,0.4424776829770785
2258,4.576655990217038e-05,0.442479913458212
2259,4.559704700989159e-05,0.44248088905380145
2260,4.543668071300436e-05,0.4424789601486661
2261,4.527595706014704e-05,0.4424763941113482
2262,4.5105746893969255e-05,0.4424755528970221
2263,4.494550588705141e-05,0.44247133398802685
2264,4.4791949597570524e-05,0.4424712441115254
2265,4.4633936194786304e-05,0.44247135605228455
2266,4.4473597984214255e-05,0.4424723900941474
2267,4.429656101013978e-05,0.44247327788373647
2268,4.4146903373537136e-05,0.44247225293258263
2269,4.3995016013496594e-05,0.4424746196138795
2270,4.386460599789247e-05,0.4424747102599381
2271,4.370975202412523e-05,0.442475014652693
2272,4.356591812257547e-05,0.44247699285625547
2273,4.3417268921464566e-05,0.4424784412671233
2274,4.327682967683998e-05,0.4424791213579098
2275,4.309469915129765e-05,0.4424784712856066
2276,4.29438862695646e-05,0.4424839459865871
2277,4.278093409727669e-05,0.4424851305791708
2278,4.262854402496261e-05,0.442484180348806
2279,4.247484148556347e-05,0.4424817879927036
2280,4.233654609713294e-05,0.44248302879370116
2281,4.2170805006190855e-05,0.4424847597076223
2282,4.200753840902238e-05,0.4424844054034804
2283,4.186080599785691e-05,0.4424855233606428
2284,4.1714729342531635e-05,0.44248492585280585
2285,4.1571106706353564e-05,0.4424825849235935
2286,4.1424643597087464e-05,0.442481597064861
2287,4.1256230886436854e-05,0.44248361097548816
2288,4.1110117038989365e-05,0.4424838120626664
2289,4.0960623490615935e-05,0.4424832382264803
2290,4.0782380709994024e-05,0.4424864041928225
2291,4.062249127390456e-05,0.44248744582367555
2292,4.046493416540773e-05,0.44248502369754505
2293,4.030891741365011e-05,0.4424879608024967
2294,4.015923526011539e-05,0.44248621221895684
2295,3.997518401185535e-05,0.4424857262256329
2296,3.981663682729176e-05,0.4424851462466739
2297,3.964504605629526e-05,0.4424861361669304
2298,3.949134315207862e-05,0.4424841967222339
2299,3.9327669418538015e-05,0.4424810099263581
2300,3.9197265068212155e-05,0.44247896934474373
2301,3.906501159649412e-05,0.44247858061757195
2302,3.891423570247141e-05,0.442477583234618
2303,3.8775708393585186e-05,0.4424809162164853
2304,3.862365745987627e-05,0.4424821876187833
2305,3.848621276648816e-05,0.4424792378571713
2306,3.83390199789611e-05,0.44248057606673513
2307,3.819975891625771e-05,0.4424818346518144
2308,3.807654202674787e-05,0.44248388199158356
2309,3.793262869845264e-05,0.44248433916678725
2310,3.7782682389035616e-05,0.4424827909680514
2311,3.764287583658261e-05,0.4424821105166102
2312,3.752603211296772e-05,0.44248251036064906
2313,3.7407131252598006e-05,0.44247977771860764
2314,3.724006631892769e-05,0.44247827573865495
2315,3.710722774086565e-05,0.44247662468098814
2316,3.6977541710870844e-05,0.4424739068533156
2317,3.685319467652356e-05,0.44247174272317485
2318,3.670530503267631e-05,0.4424717460178662
2319,3.656584055505799e-05,0.44247148661089025
2320,3.6445409622073275e-05,0.4424727902653344
2321,3.6326239129918684e-05,0.4424713251598778
2322,3.619458302759894e-05,0.4424663302071552
2323,3.606594340976831e-05,0.4424657789060431
2324,3.5917487933154535e-05,0.4424689168901338
2325,3.578874524125409e-05,0.44246706316410844
2326,3.5654069840180197e-05,0.44246803500975057
2327,3.5530668904827294e-05,0.4424666334296086
2328,3.539041135691207e-05,0.44246425757749275
2329,3.527199651437555e-05,0.4424615834397468
2330,3.513499994401682e-05,0.4424597921323203
2331,3.499746197571982e-05,0.442459693793561
2332,3.488253263774431e-05,0.442461407011208
2333,3.47421932895853e-05,0.44246275477562197
2334,3.4613696499927695e-05,0.4424607791551054
2335,3.450795876500924e-05,0.4424581478728711
2336,3.438186747227424e-05,0.44245257834323826
2337,3.425837325058246e-05,0.4424528242192443
2338,3.414047650836175e-05,0.44245417104132534
2339,3.4018026878377554e-05,0.442455388289605
2340,3.3891694188669145e-05,0.44245488602297706
2341,3.376148319172114e-05,0.4424570704393827
2342,3.365668925757049e-05,0.4424573315980307
2343,3.3529366811221524e-05,0.4424589058361826
2344,3.3418271884086795e-05,0.4424607961890097
2345,3.330977395380606e-05,0.4424579776864494
2346,3.319280914966318e-05,0.4424596497318248
2347,3.307315661540179e-05,0.44246240169656414
2348,3.2952193365409065e-05,0.44246138842186056
2349,3.283343908218862e-05,0.4424626904074107
2350,3.2711510815742426e-05,0.442466382345672
2351,3.2596905292614274e-05,0.44246385709957203
2352,3.248250985793546e-05,0.4424633916934985
2353,3.2364031527674504e-05,0.4424631772592703
2354,3.224503065081583e-05,0.442463064423613
2355,3.213054447005357e-05,0.4424631284044558
2356,3.202770786636226e-05,0.44246662770467104
2357,3.191938267487135e-05,0.4424629714255188
2358,3.1814119319416764e-05,0.4424633309701084
2359,3.170253834265903e-05,0.4424641614473716
2360,3.157448978511201e-05,0.44246373424066
2361,3.144941330972279e-05,0.44246187999194625
2362,3.133612406387202e-05,0.44246267699645075
2363,3.123078814018703e-05,0.44245964458362946
2364,3.112374532214075e-05,0.4424576143854881
2365,3.1003576747471716e-05,0.44245780215267677
2366,3.0914072460456935e-05,0.4424574536609333
2367,3.080050534349047e-05,0.4424595349966263
2368,3.0706168134357925e-05,0.44245895121908335
2369,3.0599172291137286e-05,0.442458277868105
2370,3.0490907821045714e-05,0.44245642269546603
2371,3.037586341408483e-05,0.44245278613080496
2372,3.0265873623593625e-05,0.4424560181755339
2373,3.0155640858871265e-05,0.4424581149437369
2374,3.0054261680682732e-05,0.44245897444930005
2375,2.9942084590909044e-05,0.442459019934064
2376,2.9830431603155963e-05,0.44245655232294673
2377,2.9720290540924026e-05,0.4424574110000944
2378,2.9637785968771797e-05,0.4424573961931582
2379,2.9513530282689636e-05,0.4424587993243769
2380,2.9411394126369202e-05,0.4424568197570456
2381,2.9320216525781653e-05,0.44245312095762257
2382,2.920356142645918e-05,0.4424537279326218
2383,2.909044323986145e-05,0.4424558510714492
2384,2.8998673391084558e-05,0.44245341059619836
2385,2.890582298246407e-05,0.4424517023486197
2386,2.879983855171547e-05,0.4424521326470403
2387,2.868658431119988e-05,0.44245098709734687
2388,2.8582647325207267e-05,0.44245096214961704
2389,2.8468166969352602e-05,0.44245087834602936
2390,2.83617077220132e-05,0.4424457206394677
2391,2.8255939968652508e-05,0.4424449652368325
2392,2.8162024039411963e-05,0.4424448260211953
2393,2.806162771837855e-05,0.4424423401592928
2394,2.79505482464387e-05,0.4424388150410295
2395,2.7856919008417013e-05,0.44244075662188953
2396,2.773776864761236e-05,0.44244029628727966
2397,2.7645674841600814e-05,0.442438241301041
2398,2.7548077822250175e-05,0.4424378253545854
2399,2.7445750024388563e-05,0.44244036903089073
2400,2.7337344610945373e-05,0.44244053600891187
2401,2.723812044104322e-05,0.44243883865459466
2402,2.713734523830792e-05,0.4424406648220095
2403,2.7041163117028356e-05,0.4424399869230536
2404,2.694154139694793e-05,0.4424448058730278
2405,2.6843410436235316e-05,0.44244605384538216
2406,2.6755200776971546e-05,0.4424444979560914
2407,2.6656322747870445e-05,0.44244367498520815
2408,2.65608705596655e-05,0.44244247066824055
2409,2.6464081052587564e-05,0.4424409615271159
2410,2.6378698404231742e-05,0.44244191385762016
2411,2.6289065090714494e-05,0.44244011401303457
2412,2.619969160759054e-05,0.4424399620345934
2413,2.6096642581566962e-05,0.44243875499080226
2414,2.6007539479968558e-05,0.44243723206069907
2415,2.5915382621085496e-05,0.4424383162481339
2416,2.5830315376349068e-05,0.44243654118039294
2417,2.575634528438482e-05,0.4424355427460539
2418,2.567334117774187e-05,0.442434882877955
2419,2.5593566368567294e-05,0.4424350035371276
2420,2.5490825147253898e-05,0.44243482667896256
2421,2.539927869217781e-05,0.4424338499683479
2422,2.5309271113091393e-05,0.442434918308236
2423,2.5223970506613573e-05,0.44243584833156996
2424,2.5135176436366005e-05,0.44243220087150703
2425,2.5035986649011278e-05,0.4424284266613837
2426,2.494965031209046e-05,0.44243036060327495
2427,2.4848398773413277e-05,0.44242940450609486
2428,2.4764990392842917e-05,0.4424258985667845
2429,2.468238867751087e-05,0.4424251519697667
2430,2.4572670709591878e-05,0.4424260725130881
2431,2.4487681007450438e-05,0.44242580073783033
2432,2.439434395164681e-05,0.44242699772801836
2433,2.4296712394565884e-05,0.44242707147597315
2434,2.419583295898806e-05,0.44242426732444595
2435,2.410972331832842e-05,0.4424215307073282
2436,2.401763053721298e-05,0.44242551340696623
2437,2.3922024003769762e-05,0.44242388130307997
2438,2.382338459145535e-05,0.44242351130110713
2439,2.3733986767682557e-05,0.44242458193715456
2440,2.3647985539578907e-05,0.442420217942077
2441,2.3564969260650057e-05,0.44242023792935037
2442,2.3487050010423937e-05,0.44241962430254544
2443,2.3405186686394188e-05,0.4424195194947249
2444,2.3314766214597362e-05,0.4424209450889296
2445,2.3242079003025654e-05,0.4424210799784896
2446,2.3153006767819188e-05,0.4424212698961064
2447,2.306970490835146e-05,0.4424198138141633
2448,2.2983376514951314e-05,0.4424227783937948
2449,2.290106420923153e-05,0.44241980991626567
2450,2.2819255491918156e-05,0.4424202256600771
2451,2.2728002750871898e-05,0.4424203726767698
2452,2.265861657215794e-05,0.4424203567291802
2453,2.2572016998934934e-05,0.4424189906545006
2454,2.2502080743656223e-05,0.4424201201909584
2455,2.2415546030274538e-05,0.44241903699645085
2456,2.233542230117317e-05,0.442418828971186
2457,2.2252732665154874e-05,0.4424160125399641
2458,2.218223785664683e-05,0.442414465480818
2459,2.2100024277423718e-05,0.4424145217433552
2460,2.2026738764966193e-05,0.44241377078535676
2461,2.194562468355563e-05,0.4424150319596585
2462,2.186861385297792e-05,0.44241303656300746
2463,2.1789814956981284e-05,0.44241415774782145
2464,2.1704642898722405e-05,0.4424122226318964
2465,2.1635604430834663e-05,0.44241276495107384
2466,2.1555538547763645e-05,0.4424113237735026
2467,2.1497472235743698e-05,0.44241167439073936
2468,2.1421221019380898e-05,0.44241026478992995
2469,2.1338674850033966e-05,0.44240781674697
2470,2.126091241944141e-05,0.4424084058354229
2471,2.1180546197632476e-05,0.44240723958506495
2472,2.1095589142494464e-05,0.44240312520033387
2473,2.1017005693458938e-05,0.44240003592648885
2474,2.0941243608441645e-05,0.44240224905107284
2475,2.0869601751671187e-05,0.4424020764819112
2476,2.0795310426758328e-05,0.4424013898892169
2477,2.072335779102723e-05,0.44239998970486955
2478,2.064256997555999e-05,0.4423994020983208
2479,2.0579896115682544e-05,0.4424003407620882
2480,2.0509497774028932e-05,0.44240026670900073
2481,2.0431762511381962e-05,0.44239936268510915
2482,2.0357734115337176e-05,0.4423984991898678
2483,2.0285957084881803e-05,0.44239889954299677
2484,2.0210228215015395e-05,0.4423982534170917
2485,2.0139136177914643e-05,0.4423967334472703
2486,2.006931660536838e-05,0.4423978054422883
2487,1.999418424961772e-05,0.4423988895789426
2488,1.992437694172019e-05,0.442399790593736
2489,1.9842079147287656e-05,0.44240147086866927
2490,1.9767018370724225e-05,0.4424009684854923
2491,1.970629911592394e-05,0.442402819539683
2492,1.9632109655880924e-05,0.4424006068633397
2493,1.956147686074496e-05,0.44240129714701215
2494,1.9498584649277333e-05,0.44240020416489195
2495,1.9426883996468142e-05,0.442398104665401
2496,1.9357337381724444e-05,0.4423989879538912
2497,1.9289518228742174e-05,0.4423981737291751
2498,1.922069350281685e-05,0.4423975572883277
2499,1.915415726617308e-05,0.4423966289680398
2500,1.9087573141016674e-05,0.44239653540740853
2501,1.901745005022088e-05,0.4423965621876421
2502,1.895357549693708e-05,0.44239580471066636
2503,1.8878544447624223e-05,0.44239895226928216
2504,1.881337271329529e-05,0.44239718880001705
2505,1.873372417049491e-05,0.4423973569768632
2506,1.8676098293217233e-05,0.44239954775996354
2507,1.8606361758608188e-05,0.44239890349329375
2508,1.8533520223653262e-05,0.4423991244476939
2509,1.8457323673837142e-05,0.4423991837487676
2510,1.839488261988971e-05,0.4423983229169877
2511,1.833901373860695e-05,0.4423992611066366
2512,1.8273658516480785e-05,0.4423995784099917
2513,1.8216279192601055e-05,0.44240104930000845
2514,1.8139676304273563e-05,0.4424028748222453
2515,1.8069267503535943e-05,0.4424044461663275
2516,1.8001469219113277e-05,0.4424043859238452
2517,1.7934591133572672e-05,0.44240121658175574
2518,1.785490874538714e-05,0.4424026732177685
2519,1.7794888328619797e-05,0.442401943825145
2520,1.7726656515355476e-05,0.4424032651324509
2521,1.7671176068877584e-05,0.4424023198036295
2522,1.759967924008166e-05,0.4424008733380068
2523,1.752895333178184e-05,0.44240182600142064
2524,1.746197113471631e-05,0.44240231581543843
2525,1.7392308078804027e-05,0.4424016416962356
2526,1.732591810617929e-05,0.44240202362221276
2527,1.7272373728620198e-05,0.44240141493826285
2528,1.720516700653042e-05,0.44240013755028784
2529,1.7140820660282086e-05,0.442400937416996
2530,1.7076978088477893e-05,0.44240240471960257
2531,1.7018606667806813e-05,0.4424026292302096
2532,1.6944962418250894e-05,0.44240206406478483
2533,1.68885492100016e-05,0.44240340462041605
2534,1.6828342723748922e-05,0.4424021387918178
2535,1.6772034336795707e-05,0.4424019897920222
2536,1.670632807632177e-05,0.4424033125953443
2537,1.6654060688202588e-05,0.44240448638786367
2538,1.6591781865667364e-05,0.4424044423102794
2539,1.6529088962324883e-05,0.442406575937487
2540,1.646390892506567e-05,0.4424067286500107
2541,1.639473989583709e-05,0.442405898173682
2542,1.634079197211186e-05,0.44240882394984643
2543,1.628145204285612e-05,0.4424084802362406
2544,1.6229604136446524e-05,0.44241023223786774
2545,1.616323794871515e-05,0.44240749392232437
2546,1.6105440706993355e-05,0.4424069828096545
2547,1.6049256096526657e-05,0.4424062037089751
2548,1.599002881226757e-05,0.44240648337949673
2549,1.592967408211199e-05,0.44240638589527637
2550,1.5878753535259343e-05,0.4424055755074093
2551,1.5823470593885577e-05,0.4424062473181387
2552,1.5773802615895037e-05,0.4424050573143769
2553,1.57160520085947e-05,0.44240427995993514
2554,1.5650717140284827e-05,0.4424047996537666
2555,1.560325999673078e-05,0.44240462866496977
2556,1.5548777356675714e-05,0.4424042250048439
2557,1.549296745221208e-05,0.44240526752719966
2558,1.54263097192868e-05,0.44240541363463093
2559,1.537091493068088e-05,0.442406628952674
2560,1.5309908981493877e-05,0.44240736588842416
2561,1.5250091464864875e-05,0.44240803023364417
2562,1.519179969963039e-05,0.44240939883261265
2563,1.5143375552050096e-05,0.4424087263472001
2564,1.509327391836138e-05,0.44240816016377393
2565,1.5043146351027034e-05,0.44240572191454364
2566,1.499566360395608e-05,0.4424068529128363
2567,1.494315328594008e-05,0.4424082985208328
2568,1.4895887146546173e-05,0.44240729183970684
2569,1.4846723066646503e-05,0.4424078294299254
2570,1.4787449177743973e-05,0.44240741217808177
2571,1.4736447741259835e-05,0.44240659996758125
2572,1.4676121160983317e-05,0.4424077259924839
2573,1.4618452996700248e-05,0.44240887369218407
2574,1.4570587155943948e-05,0.44240746748218157
2575,1.4513685352709053e-05,0.44240776426316497
2576,1.4465863736966129e-05,0.4424067737508352
2577,1.4415800052647008e-05,0.44240806411479633
2578,1.4364523132551951e-05,0.4424087208611074
2579,1.4313782519964921e-05,0.4424070508514842
2580,1.4263528801629191e-05,0.44240525499601707
2581,1.4209095268803145e-05,0.4424072126138709
2582,1.4158661401747428e-05,0.4424070207625842
2583,1.411187647070039e-05,0.442406728855567
2584,1.4057764344008997e-05,0.4424051789458385
2585,1.4010992684635462e-05,0.44240404284917983
2586,1.395937409494718e-05,0.44240519634723
2587,1.3911350839408912e-05,0.4424070092012103
2588,1.386914253115599e-05,0.4424050594506205
2589,1.3812079697935421e-05,0.4424042126099402
2590,1.3766169156049338e-05,0.4424019505917211
2591,1.3715729420104123e-05,0.44240239336143666
2592,1.3673784367977254e-05,0.44240257426238727
2593,1.3628308504789042e-05,0.4424030112116725
2594,1.3581967528213227e-05,0.44240397532016
2595,1.3532403083120611e-05,0.44240534550775723
2596,1.347784845239459e-05,0.44240399188533835
2597,1.3432643196774875e-05,0.4424035476722743
2598,1.3380668280405397e-05,0.44240534319691244
2599,1.3333807485972667e-05,0.44240673482578596
2600,1.3284344870308684e-05,0.4424079866748881
2601,1.3238373111997466e-05,0.44240891202286786
2602,1.3188194073482338e-05,0.4424097065653367
